    0 KSP Residual norm 2.143159513720e-03
    0 KSP preconditioned resid norm 2.143159513720e-03 true resid norm 2.143159513720e-03 ||r(i)||/||b|| 1.000000000000e+00
    1 KSP Residual norm 2.133716440426e-03
    1 KSP preconditioned resid norm 2.133716440426e-03 true resid norm 2.133716440426e-03 ||r(i)||/||b|| 9.955938541981e-01
    2 KSP Residual norm 2.124049853058e-03
    2 KSP preconditioned resid norm 2.124049853058e-03 true resid norm 2.124049853058e-03 ||r(i)||/||b|| 9.910834165448e-01
    3 KSP Residual norm 2.114163233182e-03
    3 KSP preconditioned resid norm 2.114163233182e-03 true resid norm 2.114163233182e-03 ||r(i)||/||b|| 9.864703115414e-01
    4 KSP Residual norm 2.104060404952e-03
    4 KSP preconditioned resid norm 2.104060404952e-03 true resid norm 2.104060404952e-03 ||r(i)||/||b|| 9.817563235411e-01
    5 KSP Residual norm 2.093745524115e-03
    5 KSP preconditioned resid norm 2.093745524115e-03 true resid norm 2.093745524115e-03 ||r(i)||/||b|| 9.769433916196e-01
    6 KSP Residual norm 2.083223079263e-03
    6 KSP preconditioned resid norm 2.083223079263e-03 true resid norm 2.083223079263e-03 ||r(i)||/||b|| 9.720336101568e-01
    7 KSP Residual norm 2.072498172172e-03
    7 KSP preconditioned resid norm 2.072498172172e-03 true resid norm 2.072498172172e-03 ||r(i)||/||b|| 9.670293596462e-01
    8 KSP Residual norm 2.061583052235e-03
    8 KSP preconditioned resid norm 2.061583052235e-03 true resid norm 2.061583052235e-03 ||r(i)||/||b|| 9.619363556644e-01
    9 KSP Residual norm 2.050646555072e-03
    9 KSP preconditioned resid norm 2.050646555072e-03 true resid norm 2.050646555072e-03 ||r(i)||/||b|| 9.568333770511e-01
   10 KSP Residual norm 2.042035532227e-03
   10 KSP preconditioned resid norm 2.042035532227e-03 true resid norm 2.042035532227e-03 ||r(i)||/||b|| 9.528154666763e-01
   11 KSP Residual norm 2.034916809594e-03
   11 KSP preconditioned resid norm 2.034916809594e-03 true resid norm 2.034916809594e-03 ||r(i)||/||b|| 9.494938648138e-01
   12 KSP Residual norm 2.024607324361e-03
   12 KSP preconditioned resid norm 2.024607324361e-03 true resid norm 2.024607324361e-03 ||r(i)||/||b|| 9.446834504853e-01
   13 KSP Residual norm 2.017573231395e-03
   13 KSP preconditioned resid norm 2.017573231395e-03 true resid norm 2.017573231395e-03 ||r(i)||/||b|| 9.414013368951e-01
   14 KSP Residual norm 2.008196636431e-03
   14 KSP preconditioned resid norm 2.008196636431e-03 true resid norm 2.008196636431e-03 ||r(i)||/||b|| 9.370262099367e-01
   15 KSP Residual norm 1.999380435824e-03
   15 KSP preconditioned resid norm 1.999380435824e-03 true resid norm 1.999380435824e-03 ||r(i)||/||b|| 9.329125634488e-01
   16 KSP Residual norm 1.991462566954e-03
   16 KSP preconditioned resid norm 1.991462566954e-03 true resid norm 1.991462566954e-03 ||r(i)||/||b|| 9.292180792913e-01
   17 KSP Residual norm 1.981508459491e-03
   17 KSP preconditioned resid norm 1.981508459491e-03 true resid norm 1.981508459491e-03 ||r(i)||/||b|| 9.245734845243e-01
   18 KSP Residual norm 1.974079933604e-03
   18 KSP preconditioned resid norm 1.974079933604e-03 true resid norm 1.974079933604e-03 ||r(i)||/||b|| 9.211073282068e-01
   19 KSP Residual norm 1.963930814776e-03
   19 KSP preconditioned resid norm 1.963930814776e-03 true resid norm 1.963930814776e-03 ||r(i)||/||b|| 9.163717409755e-01
   20 KSP Residual norm 1.956068204722e-03
   20 KSP preconditioned resid norm 1.956068204722e-03 true resid norm 1.956068204722e-03 ||r(i)||/||b|| 9.127030406275e-01
   21 KSP Residual norm 1.946331450497e-03
   21 KSP preconditioned resid norm 1.946331450497e-03 true resid norm 1.946331450497e-03 ||r(i)||/||b|| 9.081598630605e-01
   22 KSP Residual norm 1.937648576850e-03
   22 KSP preconditioned resid norm 1.937648576850e-03 true resid norm 1.937648576850e-03 ||r(i)||/||b|| 9.041084270425e-01
   23 KSP Residual norm 1.928521097341e-03
   23 KSP preconditioned resid norm 1.928521097341e-03 true resid norm 1.928521097341e-03 ||r(i)||/||b|| 8.998495375612e-01
   24 KSP Residual norm 1.919053726846e-03
   24 KSP preconditioned resid norm 1.919053726846e-03 true resid norm 1.919053726846e-03 ||r(i)||/||b|| 8.954320546653e-01
   25 KSP Residual norm 1.910416730856e-03
   25 KSP preconditioned resid norm 1.910416730856e-03 true resid norm 1.910416730856e-03 ||r(i)||/||b|| 8.914020251996e-01
   26 KSP Residual norm 1.900401443718e-03
   26 KSP preconditioned resid norm 1.900401443718e-03 true resid norm 1.900401443718e-03 ||r(i)||/||b|| 8.867288839453e-01
   27 KSP Residual norm 1.891996104734e-03
   27 KSP preconditioned resid norm 1.891996104734e-03 true resid norm 1.891996104734e-03 ||r(i)||/||b|| 8.828069458304e-01
   28 KSP Residual norm 1.881708220629e-03
   28 KSP preconditioned resid norm 1.881708220629e-03 true resid norm 1.881708220629e-03 ||r(i)||/||b|| 8.780066106060e-01
   29 KSP Residual norm 1.873275684306e-03
   29 KSP preconditioned resid norm 1.873275684306e-03 true resid norm 1.873275684306e-03 ||r(i)||/||b|| 8.740719821896e-01
   30 KSP Residual norm 1.862949056466e-03
   30 KSP preconditioned resid norm 1.862949056466e-03 true resid norm 1.862949056466e-03 ||r(i)||/||b|| 8.692535691069e-01
   31 KSP Residual norm 1.858235526549e-03
   31 KSP preconditioned resid norm 1.858235526549e-03 true resid norm 1.858235526549e-03 ||r(i)||/||b|| 8.670542321525e-01
   32 KSP Residual norm 1.853526125124e-03
   32 KSP preconditioned resid norm 1.853526125124e-03 true resid norm 1.853526125124e-03 ||r(i)||/||b|| 8.648568215563e-01
   33 KSP Residual norm 1.848778363559e-03
   33 KSP preconditioned resid norm 1.848778363559e-03 true resid norm 1.848778363559e-03 ||r(i)||/||b|| 8.626415120872e-01
   34 KSP Residual norm 1.844067922135e-03
   34 KSP preconditioned resid norm 1.844067922135e-03 true resid norm 1.844067922135e-03 ||r(i)||/||b|| 8.604436162265e-01
   35 KSP Residual norm 1.839288555092e-03
   35 KSP preconditioned resid norm 1.839288555092e-03 true resid norm 1.839288555092e-03 ||r(i)||/||b|| 8.582135596148e-01
   36 KSP Residual norm 1.834589306114e-03
   36 KSP preconditioned resid norm 1.834589306114e-03 true resid norm 1.834589306114e-03 ||r(i)||/||b|| 8.560208861589e-01
   37 KSP Residual norm 1.829771195950e-03
   37 KSP preconditioned resid norm 1.829771195950e-03 true resid norm 1.829771195950e-03 ||r(i)||/||b|| 8.537727519750e-01
   38 KSP Residual norm 1.825107920715e-03
   38 KSP preconditioned resid norm 1.825107920715e-03 true resid norm 1.825107920715e-03 ||r(i)||/||b|| 8.515968638971e-01
   39 KSP Residual norm 1.820228781188e-03
   39 KSP preconditioned resid norm 1.820228781188e-03 true resid norm 1.820228781188e-03 ||r(i)||/||b|| 8.493202533623e-01
   40 KSP Residual norm 1.815640016912e-03
   40 KSP preconditioned resid norm 1.815640016912e-03 true resid norm 1.815640016912e-03 ||r(i)||/||b|| 8.471791321592e-01
   41 KSP Residual norm 1.810669323557e-03
   41 KSP preconditioned resid norm 1.810669323557e-03 true resid norm 1.810669323557e-03 ||r(i)||/||b|| 8.448598025323e-01
   42 KSP Residual norm 1.806192105645e-03
   42 KSP preconditioned resid norm 1.806192105645e-03 true resid norm 1.806192105645e-03 ||r(i)||/||b|| 8.427707289552e-01
   43 KSP Residual norm 1.801119812020e-03
   43 KSP preconditioned resid norm 1.801119812020e-03 true resid norm 1.801119812020e-03 ||r(i)||/||b|| 8.404039925585e-01
   44 KSP Residual norm 1.796751475584e-03
   44 KSP preconditioned resid norm 1.796751475584e-03 true resid norm 1.796751475584e-03 ||r(i)||/||b|| 8.383657231678e-01
   45 KSP Residual norm 1.791633648737e-03
   45 KSP preconditioned resid norm 1.791633648737e-03 true resid norm 1.791633648737e-03 ||r(i)||/||b|| 8.359777409324e-01
   46 KSP Residual norm 1.787285568714e-03
   46 KSP preconditioned resid norm 1.787285568714e-03 true resid norm 1.787285568714e-03 ||r(i)||/||b|| 8.339489232009e-01
   47 KSP Residual norm 1.782268052913e-03
   47 KSP preconditioned resid norm 1.782268052913e-03 true resid norm 1.782268052913e-03 ||r(i)||/||b|| 8.316077461821e-01
   48 KSP Residual norm 1.777786492778e-03
   48 KSP preconditioned resid norm 1.777786492778e-03 true resid norm 1.777786492778e-03 ||r(i)||/||b|| 8.295166465199e-01
   49 KSP Residual norm 1.773015657467e-03
   49 KSP preconditioned resid norm 1.773015657467e-03 true resid norm 1.773015657467e-03 ||r(i)||/||b|| 8.272905708216e-01
   50 KSP Residual norm 1.768392593738e-03
   50 KSP preconditioned resid norm 1.768392593738e-03 true resid norm 1.768392593738e-03 ||r(i)||/||b|| 8.251334454656e-01
   51 KSP Residual norm 1.763735278139e-03
   51 KSP preconditioned resid norm 1.763735278139e-03 true resid norm 1.763735278139e-03 ||r(i)||/||b|| 8.229603381586e-01
   52 KSP Residual norm 1.759290976877e-03
   52 KSP preconditioned resid norm 1.759290976877e-03 true resid norm 1.759290976877e-03 ||r(i)||/||b|| 8.208866235175e-01
   53 KSP Residual norm 1.754426020145e-03
   53 KSP preconditioned resid norm 1.754426020145e-03 true resid norm 1.754426020145e-03 ||r(i)||/||b|| 8.186166306865e-01
   54 KSP Residual norm 1.750093199234e-03
   54 KSP preconditioned resid norm 1.750093199234e-03 true resid norm 1.750093199234e-03 ||r(i)||/||b|| 8.165949328694e-01
   55 KSP Residual norm 1.745629616742e-03
   55 KSP preconditioned resid norm 1.745629616742e-03 true resid norm 1.745629616742e-03 ||r(i)||/||b|| 8.145122215900e-01
   56 KSP Residual norm 1.740928743306e-03
   56 KSP preconditioned resid norm 1.740928743306e-03 true resid norm 1.740928743306e-03 ||r(i)||/||b|| 8.123187901604e-01
   57 KSP Residual norm 1.736462819988e-03
   57 KSP preconditioned resid norm 1.736462819988e-03 true resid norm 1.736462819988e-03 ||r(i)||/||b|| 8.102349866500e-01
   58 KSP Residual norm 1.731876878555e-03
   58 KSP preconditioned resid norm 1.731876878555e-03 true resid norm 1.731876878555e-03 ||r(i)||/||b|| 8.080951825882e-01
   59 KSP Residual norm 1.727625780125e-03
   59 KSP preconditioned resid norm 1.727625780125e-03 true resid norm 1.727625780125e-03 ||r(i)||/||b|| 8.061116165478e-01
   60 KSP Residual norm 1.723099557443e-03
   60 KSP preconditioned resid norm 1.723099557443e-03 true resid norm 1.723099557443e-03 ||r(i)||/||b|| 8.039996773047e-01
   61 KSP Residual norm 1.720918928723e-03
   61 KSP preconditioned resid norm 1.720918928723e-03 true resid norm 1.720918928723e-03 ||r(i)||/||b|| 8.029821941418e-01
   62 KSP Residual norm 1.718738342185e-03
   62 KSP preconditioned resid norm 1.718738342185e-03 true resid norm 1.718738342185e-03 ||r(i)||/||b|| 8.019647306616e-01
   63 KSP Residual norm 1.716554446408e-03
   63 KSP preconditioned resid norm 1.716554446408e-03 true resid norm 1.716554446408e-03 ||r(i)||/||b|| 8.009457230876e-01
   64 KSP Residual norm 1.714276467384e-03
   64 KSP preconditioned resid norm 1.714276467384e-03 true resid norm 1.714276467384e-03 ||r(i)||/||b|| 7.998828161926e-01
   65 KSP Residual norm 1.711783510534e-03
   65 KSP preconditioned resid norm 1.711783510534e-03 true resid norm 1.711783510534e-03 ||r(i)||/||b|| 7.987196004663e-01
   66 KSP Residual norm 1.708441166492e-03
   66 KSP preconditioned resid norm 1.708441166492e-03 true resid norm 1.708441166492e-03 ||r(i)||/||b|| 7.971600599746e-01
   67 KSP Residual norm 1.704540510377e-03
   67 KSP preconditioned resid norm 1.704540510377e-03 true resid norm 1.704540510377e-03 ||r(i)||/||b|| 7.953400106083e-01
   68 KSP Residual norm 1.700457301431e-03
   68 KSP preconditioned resid norm 1.700457301431e-03 true resid norm 1.700457301431e-03 ||r(i)||/||b|| 7.934347819398e-01
   69 KSP Residual norm 1.697087122496e-03
   69 KSP preconditioned resid norm 1.697087122496e-03 true resid norm 1.697087122496e-03 ||r(i)||/||b|| 7.918622536639e-01
   70 KSP Residual norm 1.693142001549e-03
   70 KSP preconditioned resid norm 1.693142001549e-03 true resid norm 1.693142001549e-03 ||r(i)||/||b|| 7.900214569705e-01
   71 KSP Residual norm 1.689763394450e-03
   71 KSP preconditioned resid norm 1.689763394450e-03 true resid norm 1.689763394450e-03 ||r(i)||/||b|| 7.884449961061e-01
   72 KSP Residual norm 1.686465456764e-03
   72 KSP preconditioned resid norm 1.686465456764e-03 true resid norm 1.686465456764e-03 ||r(i)||/||b|| 7.869061756570e-01
   73 KSP Residual norm 1.683075021199e-03
   73 KSP preconditioned resid norm 1.683075021199e-03 true resid norm 1.683075021199e-03 ||r(i)||/||b|| 7.853241956206e-01
   74 KSP Residual norm 1.679513687739e-03
   74 KSP preconditioned resid norm 1.679513687739e-03 true resid norm 1.679513687739e-03 ||r(i)||/||b|| 7.836624744857e-01
   75 KSP Residual norm 1.676120407382e-03
   75 KSP preconditioned resid norm 1.676120407382e-03 true resid norm 1.676120407382e-03 ||r(i)||/||b|| 7.820791670672e-01
   76 KSP Residual norm 1.672426696995e-03
   76 KSP preconditioned resid norm 1.672426696995e-03 true resid norm 1.672426696995e-03 ||r(i)||/||b|| 7.803556787484e-01
   77 KSP Residual norm 1.668902243732e-03
   77 KSP preconditioned resid norm 1.668902243732e-03 true resid norm 1.668902243732e-03 ||r(i)||/||b|| 7.787111659435e-01
   78 KSP Residual norm 1.665119589432e-03
   78 KSP preconditioned resid norm 1.665119589432e-03 true resid norm 1.665119589432e-03 ||r(i)||/||b|| 7.769461763217e-01
   79 KSP Residual norm 1.661608881274e-03
   79 KSP preconditioned resid norm 1.661608881274e-03 true resid norm 1.661608881274e-03 ||r(i)||/||b|| 7.753080769943e-01
   80 KSP Residual norm 1.657803557387e-03
   80 KSP preconditioned resid norm 1.657803557387e-03 true resid norm 1.657803557387e-03 ||r(i)||/||b|| 7.735325097242e-01
   81 KSP Residual norm 1.654248629259e-03
   81 KSP preconditioned resid norm 1.654248629259e-03 true resid norm 1.654248629259e-03 ||r(i)||/||b|| 7.718737773221e-01
   82 KSP Residual norm 1.650579350909e-03
   82 KSP preconditioned resid norm 1.650579350909e-03 true resid norm 1.650579350909e-03 ||r(i)||/||b|| 7.701616890120e-01
   83 KSP Residual norm 1.646959090070e-03
   83 KSP preconditioned resid norm 1.646959090070e-03 true resid norm 1.646959090070e-03 ||r(i)||/||b|| 7.684724723133e-01
   84 KSP Residual norm 1.643267339785e-03
   84 KSP preconditioned resid norm 1.643267339785e-03 true resid norm 1.643267339785e-03 ||r(i)||/||b|| 7.667498985800e-01
   85 KSP Residual norm 1.639616649902e-03
   85 KSP preconditioned resid norm 1.639616649902e-03 true resid norm 1.639616649902e-03 ||r(i)||/||b|| 7.650464836638e-01
   86 KSP Residual norm 1.635873493237e-03
   86 KSP preconditioned resid norm 1.635873493237e-03 true resid norm 1.635873493237e-03 ||r(i)||/||b|| 7.632999236708e-01
   87 KSP Residual norm 1.632184550170e-03
   87 KSP preconditioned resid norm 1.632184550170e-03 true resid norm 1.632184550170e-03 ||r(i)||/||b|| 7.615786597877e-01
   88 KSP Residual norm 1.628442203382e-03
   88 KSP preconditioned resid norm 1.628442203382e-03 true resid norm 1.628442203382e-03 ||r(i)||/||b|| 7.598324776842e-01
   89 KSP Residual norm 1.624736947141e-03
   89 KSP preconditioned resid norm 1.624736947141e-03 true resid norm 1.624736947141e-03 ||r(i)||/||b|| 7.581036020602e-01
   90 KSP Residual norm 1.621040132526e-03
   90 KSP preconditioned resid norm 1.621040132526e-03 true resid norm 1.621040132526e-03 ||r(i)||/||b|| 7.563786653064e-01
   91 KSP Residual norm 1.618299832819e-03
   91 KSP preconditioned resid norm 1.618299832819e-03 true resid norm 1.618299832819e-03 ||r(i)||/||b|| 7.551000391988e-01
   92 KSP Residual norm 1.615384995813e-03
   92 KSP preconditioned resid norm 1.615384995813e-03 true resid norm 1.615384995813e-03 ||r(i)||/||b|| 7.537399738433e-01
   93 KSP Residual norm 1.612569622673e-03
   93 KSP preconditioned resid norm 1.612569622673e-03 true resid norm 1.612569622673e-03 ||r(i)||/||b|| 7.524263184098e-01
   94 KSP Residual norm 1.609674217084e-03
   94 KSP preconditioned resid norm 1.609674217084e-03 true resid norm 1.609674217084e-03 ||r(i)||/||b|| 7.510753197694e-01
   95 KSP Residual norm 1.606743231414e-03
   95 KSP preconditioned resid norm 1.606743231414e-03 true resid norm 1.606743231414e-03 ||r(i)||/||b|| 7.497077194341e-01
   96 KSP Residual norm 1.603519198867e-03
   96 KSP preconditioned resid norm 1.603519198867e-03 true resid norm 1.603519198867e-03 ||r(i)||/||b|| 7.482033831834e-01
   97 KSP Residual norm 1.600042165001e-03
   97 KSP preconditioned resid norm 1.600042165001e-03 true resid norm 1.600042165001e-03 ||r(i)||/||b|| 7.465809963084e-01
   98 KSP Residual norm 1.596723524025e-03
   98 KSP preconditioned resid norm 1.596723524025e-03 true resid norm 1.596723524025e-03 ||r(i)||/||b|| 7.450325156867e-01
   99 KSP Residual norm 1.593467435539e-03
   99 KSP preconditioned resid norm 1.593467435539e-03 true resid norm 1.593467435539e-03 ||r(i)||/||b|| 7.435132221089e-01
  100 KSP Residual norm 1.590280185494e-03
  100 KSP preconditioned resid norm 1.590280185494e-03 true resid norm 1.590280185494e-03 ||r(i)||/||b|| 7.420260486044e-01
  101 KSP Residual norm 1.587145074061e-03
  101 KSP preconditioned resid norm 1.587145074061e-03 true resid norm 1.587145074061e-03 ||r(i)||/||b|| 7.405632030188e-01
  102 KSP Residual norm 1.584398175168e-03
  102 KSP preconditioned resid norm 1.584398175168e-03 true resid norm 1.584398175168e-03 ||r(i)||/||b|| 7.392814977257e-01
  103 KSP Residual norm 1.581377297910e-03
  103 KSP preconditioned resid norm 1.581377297910e-03 true resid norm 1.581377297910e-03 ||r(i)||/||b|| 7.378719539009e-01
  104 KSP Residual norm 1.578521365608e-03
  104 KSP preconditioned resid norm 1.578521365608e-03 true resid norm 1.578521365608e-03 ||r(i)||/||b|| 7.365393735291e-01
  105 KSP Residual norm 1.575445023197e-03
  105 KSP preconditioned resid norm 1.575445023197e-03 true resid norm 1.575445023197e-03 ||r(i)||/||b|| 7.351039496180e-01
  106 KSP Residual norm 1.572567779691e-03
  106 KSP preconditioned resid norm 1.572567779691e-03 true resid norm 1.572567779691e-03 ||r(i)||/||b|| 7.337614254208e-01
  107 KSP Residual norm 1.569416856691e-03
  107 KSP preconditioned resid norm 1.569416856691e-03 true resid norm 1.569416856691e-03 ||r(i)||/||b|| 7.322912021452e-01
  108 KSP Residual norm 1.566396332230e-03
  108 KSP preconditioned resid norm 1.566396332230e-03 true resid norm 1.566396332230e-03 ||r(i)||/||b|| 7.308818229360e-01
  109 KSP Residual norm 1.563543364841e-03
  109 KSP preconditioned resid norm 1.563543364841e-03 true resid norm 1.563543364841e-03 ||r(i)||/||b|| 7.295506259950e-01
  110 KSP Residual norm 1.560598223430e-03
  110 KSP preconditioned resid norm 1.560598223430e-03 true resid norm 1.560598223430e-03 ||r(i)||/||b|| 7.281764205790e-01
  111 KSP Residual norm 1.557429473750e-03
  111 KSP preconditioned resid norm 1.557429473750e-03 true resid norm 1.557429473750e-03 ||r(i)||/||b|| 7.266978793600e-01
  112 KSP Residual norm 1.554602486634e-03
  112 KSP preconditioned resid norm 1.554602486634e-03 true resid norm 1.554602486634e-03 ||r(i)||/||b|| 7.253788048355e-01
  113 KSP Residual norm 1.551389156577e-03
  113 KSP preconditioned resid norm 1.551389156577e-03 true resid norm 1.551389156577e-03 ||r(i)||/||b|| 7.238794623757e-01
  114 KSP Residual norm 1.548281029453e-03
  114 KSP preconditioned resid norm 1.548281029453e-03 true resid norm 1.548281029453e-03 ||r(i)||/||b|| 7.224292076915e-01
  115 KSP Residual norm 1.545374335920e-03
  115 KSP preconditioned resid norm 1.545374335920e-03 true resid norm 1.545374335920e-03 ||r(i)||/||b|| 7.210729420873e-01
  116 KSP Residual norm 1.543016788392e-03
  116 KSP preconditioned resid norm 1.543016788392e-03 true resid norm 1.543016788392e-03 ||r(i)||/||b|| 7.199729084627e-01
  117 KSP Residual norm 1.540769461100e-03
  117 KSP preconditioned resid norm 1.540769461100e-03 true resid norm 1.540769461100e-03 ||r(i)||/||b|| 7.189243036909e-01
  118 KSP Residual norm 1.538601464855e-03
  118 KSP preconditioned resid norm 1.538601464855e-03 true resid norm 1.538601464855e-03 ||r(i)||/||b|| 7.179127148518e-01
  119 KSP Residual norm 1.536437911944e-03
  119 KSP preconditioned resid norm 1.536437911944e-03 true resid norm 1.536437911944e-03 ||r(i)||/||b|| 7.169031992759e-01
  120 KSP Residual norm 1.534341482095e-03
  120 KSP preconditioned resid norm 1.534341482095e-03 true resid norm 1.534341482095e-03 ||r(i)||/||b|| 7.159250033759e-01
  121 KSP Residual norm 1.532621083847e-03
  121 KSP preconditioned resid norm 1.532621083847e-03 true resid norm 1.532621083847e-03 ||r(i)||/||b|| 7.151222641318e-01
  122 KSP Residual norm 1.530852970660e-03
  122 KSP preconditioned resid norm 1.530852970660e-03 true resid norm 1.530852970660e-03 ||r(i)||/||b|| 7.142972610579e-01
  123 KSP Residual norm 1.529100598242e-03
  123 KSP preconditioned resid norm 1.529100598242e-03 true resid norm 1.529100598242e-03 ||r(i)||/||b|| 7.134796026397e-01
  124 KSP Residual norm 1.527276602427e-03
  124 KSP preconditioned resid norm 1.527276602427e-03 true resid norm 1.527276602427e-03 ||r(i)||/||b|| 7.126285246850e-01
  125 KSP Residual norm 1.525310095228e-03
  125 KSP preconditioned resid norm 1.525310095228e-03 true resid norm 1.525310095228e-03 ||r(i)||/||b|| 7.117109508011e-01
  126 KSP Residual norm 1.522775115929e-03
  126 KSP preconditioned resid norm 1.522775115929e-03 true resid norm 1.522775115929e-03 ||r(i)||/||b|| 7.105281273654e-01
  127 KSP Residual norm 1.519889909171e-03
  127 KSP preconditioned resid norm 1.519889909171e-03 true resid norm 1.519889909171e-03 ||r(i)||/||b|| 7.091818875083e-01
  128 KSP Residual norm 1.516934278600e-03
  128 KSP preconditioned resid norm 1.516934278600e-03 true resid norm 1.516934278600e-03 ||r(i)||/||b|| 7.078027878413e-01
  129 KSP Residual norm 1.514390157104e-03
  129 KSP preconditioned resid norm 1.514390157104e-03 true resid norm 1.514390157104e-03 ||r(i)||/||b|| 7.066156986493e-01
  130 KSP Residual norm 1.511528433732e-03
  130 KSP preconditioned resid norm 1.511528433732e-03 true resid norm 1.511528433732e-03 ||r(i)||/||b|| 7.052804161592e-01
  131 KSP Residual norm 1.508997542137e-03
  131 KSP preconditioned resid norm 1.508997542137e-03 true resid norm 1.508997542137e-03 ||r(i)||/||b|| 7.040995000498e-01
  132 KSP Residual norm 1.506621873019e-03
  132 KSP preconditioned resid norm 1.506621873019e-03 true resid norm 1.506621873019e-03 ||r(i)||/||b|| 7.029910108761e-01
  133 KSP Residual norm 1.504098730178e-03
  133 KSP preconditioned resid norm 1.504098730178e-03 true resid norm 1.504098730178e-03 ||r(i)||/||b|| 7.018137103416e-01
  134 KSP Residual norm 1.501495170743e-03
  134 KSP preconditioned resid norm 1.501495170743e-03 true resid norm 1.501495170743e-03 ||r(i)||/||b|| 7.005988873579e-01
  135 KSP Residual norm 1.498986913128e-03
  135 KSP preconditioned resid norm 1.498986913128e-03 true resid norm 1.498986913128e-03 ||r(i)||/||b|| 6.994285322822e-01
  136 KSP Residual norm 1.496291883613e-03
  136 KSP preconditioned resid norm 1.496291883613e-03 true resid norm 1.496291883613e-03 ||r(i)||/||b|| 6.981710292839e-01
  137 KSP Residual norm 1.493685726376e-03
  137 KSP preconditioned resid norm 1.493685726376e-03 true resid norm 1.493685726376e-03 ||r(i)||/||b|| 6.969549941634e-01
  138 KSP Residual norm 1.490895706163e-03
  138 KSP preconditioned resid norm 1.490895706163e-03 true resid norm 1.490895706163e-03 ||r(i)||/||b|| 6.956531684266e-01
  139 KSP Residual norm 1.488373999455e-03
  139 KSP preconditioned resid norm 1.488373999455e-03 true resid norm 1.488373999455e-03 ||r(i)||/||b|| 6.944765379929e-01
  140 KSP Residual norm 1.485578890082e-03
  140 KSP preconditioned resid norm 1.485578890082e-03 true resid norm 1.485578890082e-03 ||r(i)||/||b|| 6.931723376498e-01
  141 KSP Residual norm 1.482906777846e-03
  141 KSP preconditioned resid norm 1.482906777846e-03 true resid norm 1.482906777846e-03 ||r(i)||/||b|| 6.919255278727e-01
  142 KSP Residual norm 1.480169211728e-03
  142 KSP preconditioned resid norm 1.480169211728e-03 true resid norm 1.480169211728e-03 ||r(i)||/||b|| 6.906481772599e-01
  143 KSP Residual norm 1.477461884998e-03
  143 KSP preconditioned resid norm 1.477461884998e-03 true resid norm 1.477461884998e-03 ||r(i)||/||b|| 6.893849363709e-01
  144 KSP Residual norm 1.474646179954e-03
  144 KSP preconditioned resid norm 1.474646179954e-03 true resid norm 1.474646179954e-03 ||r(i)||/||b|| 6.880711260704e-01
  145 KSP Residual norm 1.471894528741e-03
  145 KSP preconditioned resid norm 1.471894528741e-03 true resid norm 1.471894528741e-03 ||r(i)||/||b|| 6.867872033409e-01
  146 KSP Residual norm 1.469195678626e-03
  146 KSP preconditioned resid norm 1.469195678626e-03 true resid norm 1.469195678626e-03 ||r(i)||/||b|| 6.855279176473e-01
  147 KSP Residual norm 1.466491320490e-03
  147 KSP preconditioned resid norm 1.466491320490e-03 true resid norm 1.466491320490e-03 ||r(i)||/||b|| 6.842660619063e-01
  148 KSP Residual norm 1.463788094561e-03
  148 KSP preconditioned resid norm 1.463788094561e-03 true resid norm 1.463788094561e-03 ||r(i)||/||b|| 6.830047344543e-01
  149 KSP Residual norm 1.461051510702e-03
  149 KSP preconditioned resid norm 1.461051510702e-03 true resid norm 1.461051510702e-03 ||r(i)||/||b|| 6.817278421642e-01
  150 KSP Residual norm 1.458439002771e-03
  150 KSP preconditioned resid norm 1.458439002771e-03 true resid norm 1.458439002771e-03 ||r(i)||/||b|| 6.805088438051e-01
  151 KSP Residual norm 1.456150727482e-03
  151 KSP preconditioned resid norm 1.456150727482e-03 true resid norm 1.456150727482e-03 ||r(i)||/||b|| 6.794411326641e-01
  152 KSP Residual norm 1.453746326772e-03
  152 KSP preconditioned resid norm 1.453746326772e-03 true resid norm 1.453746326772e-03 ||r(i)||/||b|| 6.783192373064e-01
  153 KSP Residual norm 1.451393826029e-03
  153 KSP preconditioned resid norm 1.451393826029e-03 true resid norm 1.451393826029e-03 ||r(i)||/||b|| 6.772215585155e-01
  154 KSP Residual norm 1.449020357759e-03
  154 KSP preconditioned resid norm 1.449020357759e-03 true resid norm 1.449020357759e-03 ||r(i)||/||b|| 6.761140962594e-01
  155 KSP Residual norm 1.446637667101e-03
  155 KSP preconditioned resid norm 1.446637667101e-03 true resid norm 1.446637667101e-03 ||r(i)||/||b|| 6.750023308296e-01
  156 KSP Residual norm 1.444109337796e-03
  156 KSP preconditioned resid norm 1.444109337796e-03 true resid norm 1.444109337796e-03 ||r(i)||/||b|| 6.738226102869e-01
  157 KSP Residual norm 1.441461365385e-03
  157 KSP preconditioned resid norm 1.441461365385e-03 true resid norm 1.441461365385e-03 ||r(i)||/||b|| 6.725870641718e-01
  158 KSP Residual norm 1.438913556688e-03
  158 KSP preconditioned resid norm 1.438913556688e-03 true resid norm 1.438913556688e-03 ||r(i)||/||b|| 6.713982545286e-01
  159 KSP Residual norm 1.436387460228e-03
  159 KSP preconditioned resid norm 1.436387460228e-03 true resid norm 1.436387460228e-03 ||r(i)||/||b|| 6.702195758331e-01
  160 KSP Residual norm 1.433919778580e-03
  160 KSP preconditioned resid norm 1.433919778580e-03 true resid norm 1.433919778580e-03 ||r(i)||/||b|| 6.690681535371e-01
  161 KSP Residual norm 1.431465704527e-03
  161 KSP preconditioned resid norm 1.431465704527e-03 true resid norm 1.431465704527e-03 ||r(i)||/||b|| 6.679230805561e-01
  162 KSP Residual norm 1.429284400694e-03
  162 KSP preconditioned resid norm 1.429284400694e-03 true resid norm 1.429284400694e-03 ||r(i)||/||b|| 6.669052823852e-01
  163 KSP Residual norm 1.426908742248e-03
  163 KSP preconditioned resid norm 1.426908742248e-03 true resid norm 1.426908742248e-03 ||r(i)||/||b|| 6.657967981915e-01
  164 KSP Residual norm 1.424648869196e-03
  164 KSP preconditioned resid norm 1.424648869196e-03 true resid norm 1.424648869196e-03 ||r(i)||/||b|| 6.647423395580e-01
  165 KSP Residual norm 1.422260289242e-03
  165 KSP preconditioned resid norm 1.422260289242e-03 true resid norm 1.422260289242e-03 ||r(i)||/||b|| 6.636278261778e-01
  166 KSP Residual norm 1.419993654763e-03
  166 KSP preconditioned resid norm 1.419993654763e-03 true resid norm 1.419993654763e-03 ||r(i)||/||b|| 6.625702126568e-01
  167 KSP Residual norm 1.417577379768e-03
  167 KSP preconditioned resid norm 1.417577379768e-03 true resid norm 1.417577379768e-03 ||r(i)||/||b|| 6.614427767474e-01
  168 KSP Residual norm 1.415207713303e-03
  168 KSP preconditioned resid norm 1.415207713303e-03 true resid norm 1.415207713303e-03 ||r(i)||/||b|| 6.603370884172e-01
  169 KSP Residual norm 1.413006139530e-03
  169 KSP preconditioned resid norm 1.413006139530e-03 true resid norm 1.413006139530e-03 ||r(i)||/||b|| 6.593098322755e-01
  170 KSP Residual norm 1.410711616682e-03
  170 KSP preconditioned resid norm 1.410711616682e-03 true resid norm 1.410711616682e-03 ||r(i)||/||b|| 6.582392060183e-01
  171 KSP Residual norm 1.408244824757e-03
  171 KSP preconditioned resid norm 1.408244824757e-03 true resid norm 1.408244824757e-03 ||r(i)||/||b|| 6.570881988678e-01
  172 KSP Residual norm 1.406034160431e-03
  172 KSP preconditioned resid norm 1.406034160431e-03 true resid norm 1.406034160431e-03 ||r(i)||/||b|| 6.560567010667e-01
  173 KSP Residual norm 1.403549694663e-03
  173 KSP preconditioned resid norm 1.403549694663e-03 true resid norm 1.403549694663e-03 ||r(i)||/||b|| 6.548974472865e-01
  174 KSP Residual norm 1.401122759786e-03
  174 KSP preconditioned resid norm 1.401122759786e-03 true resid norm 1.401122759786e-03 ||r(i)||/||b|| 6.537650374678e-01
  175 KSP Residual norm 1.398877364900e-03
  175 KSP preconditioned resid norm 1.398877364900e-03 true resid norm 1.398877364900e-03 ||r(i)||/||b|| 6.527173343585e-01
  176 KSP Residual norm 1.397024200998e-03
  176 KSP preconditioned resid norm 1.397024200998e-03 true resid norm 1.397024200998e-03 ||r(i)||/||b|| 6.518526465503e-01
  177 KSP Residual norm 1.395265980267e-03
  177 KSP preconditioned resid norm 1.395265980267e-03 true resid norm 1.395265980267e-03 ||r(i)||/||b|| 6.510322593044e-01
  178 KSP Residual norm 1.393550928664e-03
  178 KSP preconditioned resid norm 1.393550928664e-03 true resid norm 1.393550928664e-03 ||r(i)||/||b|| 6.502320148095e-01
  179 KSP Residual norm 1.391840381893e-03
  179 KSP preconditioned resid norm 1.391840381893e-03 true resid norm 1.391840381893e-03 ||r(i)||/||b|| 6.494338722728e-01
  180 KSP Residual norm 1.390193579264e-03
  180 KSP preconditioned resid norm 1.390193579264e-03 true resid norm 1.390193579264e-03 ||r(i)||/||b|| 6.486654728053e-01
  181 KSP Residual norm 1.388721481406e-03
  181 KSP preconditioned resid norm 1.388721481406e-03 true resid norm 1.388721481406e-03 ||r(i)||/||b|| 6.479785907284e-01
  182 KSP Residual norm 1.387215497139e-03
  182 KSP preconditioned resid norm 1.387215497139e-03 true resid norm 1.387215497139e-03 ||r(i)||/||b|| 6.472758972251e-01
  183 KSP Residual norm 1.385712280306e-03
  183 KSP preconditioned resid norm 1.385712280306e-03 true resid norm 1.385712280306e-03 ||r(i)||/||b|| 6.465744950085e-01
  184 KSP Residual norm 1.384167296254e-03
  184 KSP preconditioned resid norm 1.384167296254e-03 true resid norm 1.384167296254e-03 ||r(i)||/||b|| 6.458536041730e-01
  185 KSP Residual norm 1.382510712459e-03
  185 KSP preconditioned resid norm 1.382510712459e-03 true resid norm 1.382510712459e-03 ||r(i)||/||b|| 6.450806408056e-01
  186 KSP Residual norm 1.380450637339e-03
  186 KSP preconditioned resid norm 1.380450637339e-03 true resid norm 1.380450637339e-03 ||r(i)||/||b|| 6.441194080526e-01
  187 KSP Residual norm 1.378157062035e-03
  187 KSP preconditioned resid norm 1.378157062035e-03 true resid norm 1.378157062035e-03 ||r(i)||/||b|| 6.430492239203e-01
  188 KSP Residual norm 1.375807118084e-03
  188 KSP preconditioned resid norm 1.375807118084e-03 true resid norm 1.375807118084e-03 ||r(i)||/||b|| 6.419527381312e-01
  189 KSP Residual norm 1.373745523960e-03
  189 KSP preconditioned resid norm 1.373745523960e-03 true resid norm 1.373745523960e-03 ||r(i)||/||b|| 6.409907966093e-01
  190 KSP Residual norm 1.371453045977e-03
  190 KSP preconditioned resid norm 1.371453045977e-03 true resid norm 1.371453045977e-03 ||r(i)||/||b|| 6.399211244881e-01
  191 KSP Residual norm 1.369394375915e-03
  191 KSP preconditioned resid norm 1.369394375915e-03 true resid norm 1.369394375915e-03 ||r(i)||/||b|| 6.389605473359e-01
  192 KSP Residual norm 1.367449096120e-03
  192 KSP preconditioned resid norm 1.367449096120e-03 true resid norm 1.367449096120e-03 ||r(i)||/||b|| 6.380528781765e-01
  193 KSP Residual norm 1.365379945358e-03
  193 KSP preconditioned resid norm 1.365379945358e-03 true resid norm 1.365379945358e-03 ||r(i)||/||b|| 6.370874107210e-01
  194 KSP Residual norm 1.363261049585e-03
  194 KSP preconditioned resid norm 1.363261049585e-03 true resid norm 1.363261049585e-03 ||r(i)||/||b|| 6.360987322026e-01
  195 KSP Residual norm 1.361218678113e-03
  195 KSP preconditioned resid norm 1.361218678113e-03 true resid norm 1.361218678113e-03 ||r(i)||/||b|| 6.351457599859e-01
  196 KSP Residual norm 1.359038279487e-03
  196 KSP preconditioned resid norm 1.359038279487e-03 true resid norm 1.359038279487e-03 ||r(i)||/||b|| 6.341283841857e-01
  197 KSP Residual norm 1.356925000268e-03
  197 KSP preconditioned resid norm 1.356925000268e-03 true resid norm 1.356925000268e-03 ||r(i)||/||b|| 6.331423263559e-01
  198 KSP Residual norm 1.354684824943e-03
  198 KSP preconditioned resid norm 1.354684824943e-03 true resid norm 1.354684824943e-03 ||r(i)||/||b|| 6.320970586980e-01
  199 KSP Residual norm 1.352631692769e-03
  199 KSP preconditioned resid norm 1.352631692769e-03 true resid norm 1.352631692769e-03 ||r(i)||/||b|| 6.311390655291e-01
  200 KSP Residual norm 1.350387130109e-03
  200 KSP preconditioned resid norm 1.350387130109e-03 true resid norm 1.350387130109e-03 ||r(i)||/||b|| 6.300917507372e-01
  201 KSP Residual norm 1.348210402892e-03
  201 KSP preconditioned resid norm 1.348210402892e-03 true resid norm 1.348210402892e-03 ||r(i)||/||b|| 6.290760880191e-01
  202 KSP Residual norm 1.345995610662e-03
  202 KSP preconditioned resid norm 1.345995610662e-03 true resid norm 1.345995610662e-03 ||r(i)||/||b|| 6.280426641345e-01
  203 KSP Residual norm 1.343801790475e-03
  203 KSP preconditioned resid norm 1.343801790475e-03 true resid norm 1.343801790475e-03 ||r(i)||/||b|| 6.270190258226e-01
  204 KSP Residual norm 1.341534267289e-03
  204 KSP preconditioned resid norm 1.341534267289e-03 true resid norm 1.341534267289e-03 ||r(i)||/||b|| 6.259609976305e-01
  205 KSP Residual norm 1.339289922088e-03
  205 KSP preconditioned resid norm 1.339289922088e-03 true resid norm 1.339289922088e-03 ||r(i)||/||b|| 6.249137843049e-01
  206 KSP Residual norm 1.337076815040e-03
  206 KSP preconditioned resid norm 1.337076815040e-03 true resid norm 1.337076815040e-03 ||r(i)||/||b|| 6.238811467279e-01
  207 KSP Residual norm 1.334844382448e-03
  207 KSP preconditioned resid norm 1.334844382448e-03 true resid norm 1.334844382448e-03 ||r(i)||/||b|| 6.228394918359e-01
  208 KSP Residual norm 1.332605636624e-03
  208 KSP preconditioned resid norm 1.332605636624e-03 true resid norm 1.332605636624e-03 ||r(i)||/||b|| 6.217948911842e-01
  209 KSP Residual norm 1.330339933623e-03
  209 KSP preconditioned resid norm 1.330339933623e-03 true resid norm 1.330339933623e-03 ||r(i)||/||b|| 6.207377122918e-01
  210 KSP Residual norm 1.328180738730e-03
  210 KSP preconditioned resid norm 1.328180738730e-03 true resid norm 1.328180738730e-03 ||r(i)||/||b|| 6.197302301705e-01
  211 KSP Residual norm 1.326200051962e-03
  211 KSP preconditioned resid norm 1.326200051962e-03 true resid norm 1.326200051962e-03 ||r(i)||/||b|| 6.188060400882e-01
  212 KSP Residual norm 1.324135795720e-03
  212 KSP preconditioned resid norm 1.324135795720e-03 true resid norm 1.324135795720e-03 ||r(i)||/||b|| 6.178428564196e-01
  213 KSP Residual norm 1.322103700957e-03
  213 KSP preconditioned resid norm 1.322103700957e-03 true resid norm 1.322103700957e-03 ||r(i)||/||b|| 6.168946793244e-01
  214 KSP Residual norm 1.320070818136e-03
  214 KSP preconditioned resid norm 1.320070818136e-03 true resid norm 1.320070818136e-03 ||r(i)||/||b|| 6.159461345204e-01
  215 KSP Residual norm 1.318044633837e-03
  215 KSP preconditioned resid norm 1.318044633837e-03 true resid norm 1.318044633837e-03 ||r(i)||/||b|| 6.150007152520e-01
  216 KSP Residual norm 1.315939770558e-03
  216 KSP preconditioned resid norm 1.315939770558e-03 true resid norm 1.315939770558e-03 ||r(i)||/||b|| 6.140185843066e-01
  217 KSP Residual norm 1.313784460308e-03
  217 KSP preconditioned resid norm 1.313784460308e-03 true resid norm 1.313784460308e-03 ||r(i)||/||b|| 6.130129147632e-01
  218 KSP Residual norm 1.311696291869e-03
  218 KSP preconditioned resid norm 1.311696291869e-03 true resid norm 1.311696291869e-03 ||r(i)||/||b|| 6.120385736442e-01
  219 KSP Residual norm 1.309611772163e-03
  219 KSP preconditioned resid norm 1.309611772163e-03 true resid norm 1.309611772163e-03 ||r(i)||/||b|| 6.110659350269e-01
  220 KSP Residual norm 1.307575365229e-03
  220 KSP preconditioned resid norm 1.307575365229e-03 true resid norm 1.307575365229e-03 ||r(i)||/||b|| 6.101157458686e-01
  221 KSP Residual norm 1.305541127388e-03
  221 KSP preconditioned resid norm 1.305541127388e-03 true resid norm 1.305541127388e-03 ||r(i)||/||b|| 6.091665688115e-01
  222 KSP Residual norm 1.303701420932e-03
  222 KSP preconditioned resid norm 1.303701420932e-03 true resid norm 1.303701420932e-03 ||r(i)||/||b|| 6.083081602586e-01
  223 KSP Residual norm 1.301722942006e-03
  223 KSP preconditioned resid norm 1.301722942006e-03 true resid norm 1.301722942006e-03 ||r(i)||/||b|| 6.073850003572e-01
  224 KSP Residual norm 1.299829896133e-03
  224 KSP preconditioned resid norm 1.299829896133e-03 true resid norm 1.299829896133e-03 ||r(i)||/||b|| 6.065017035884e-01
  225 KSP Residual norm 1.297850337155e-03
  225 KSP preconditioned resid norm 1.297850337155e-03 true resid norm 1.297850337155e-03 ||r(i)||/||b|| 6.055780397339e-01
  226 KSP Residual norm 1.295961990181e-03
  226 KSP preconditioned resid norm 1.295961990181e-03 true resid norm 1.295961990181e-03 ||r(i)||/||b|| 6.046969354753e-01
  227 KSP Residual norm 1.293970331066e-03
  227 KSP preconditioned resid norm 1.293970331066e-03 true resid norm 1.293970331066e-03 ||r(i)||/||b|| 6.037676256864e-01
  228 KSP Residual norm 1.292008812066e-03
  228 KSP preconditioned resid norm 1.292008812066e-03 true resid norm 1.292008812066e-03 ||r(i)||/||b|| 6.028523793003e-01
  229 KSP Residual norm 1.290179633913e-03
  229 KSP preconditioned resid norm 1.290179633913e-03 true resid norm 1.290179633913e-03 ||r(i)||/||b|| 6.019988832625e-01
  230 KSP Residual norm 1.288283414422e-03
  230 KSP preconditioned resid norm 1.288283414422e-03 true resid norm 1.288283414422e-03 ||r(i)||/||b|| 6.011141056812e-01
  231 KSP Residual norm 1.286242499062e-03
  231 KSP preconditioned resid norm 1.286242499062e-03 true resid norm 1.286242499062e-03 ||r(i)||/||b|| 6.001618128879e-01
  232 KSP Residual norm 1.284407632798e-03
  232 KSP preconditioned resid norm 1.284407632798e-03 true resid norm 1.284407632798e-03 ||r(i)||/||b|| 5.993056627728e-01
  233 KSP Residual norm 1.282360990855e-03
  233 KSP preconditioned resid norm 1.282360990855e-03 true resid norm 1.282360990855e-03 ||r(i)||/||b|| 5.983506979513e-01
  234 KSP Residual norm 1.280359365072e-03
  234 KSP preconditioned resid norm 1.280359365072e-03 true resid norm 1.280359365072e-03 ||r(i)||/||b|| 5.974167377070e-01
  235 KSP Residual norm 1.278503826599e-03
  235 KSP preconditioned resid norm 1.278503826599e-03 true resid norm 1.278503826599e-03 ||r(i)||/||b|| 5.965509419224e-01
  236 KSP Residual norm 1.276946638826e-03
  236 KSP preconditioned resid norm 1.276946638826e-03 true resid norm 1.276946638826e-03 ||r(i)||/||b|| 5.958243568205e-01
  237 KSP Residual norm 1.275472022941e-03
  237 KSP preconditioned resid norm 1.275472022941e-03 true resid norm 1.275472022941e-03 ||r(i)||/||b|| 5.951362998303e-01
  238 KSP Residual norm 1.274022946922e-03
  238 KSP preconditioned resid norm 1.274022946922e-03 true resid norm 1.274022946922e-03 ||r(i)||/||b|| 5.944601597623e-01
  239 KSP Residual norm 1.272582922048e-03
  239 KSP preconditioned resid norm 1.272582922048e-03 true resid norm 1.272582922048e-03 ||r(i)||/||b|| 5.937882429660e-01
  240 KSP Residual norm 1.271189980755e-03
  240 KSP preconditioned resid norm 1.271189980755e-03 true resid norm 1.271189980755e-03 ||r(i)||/||b|| 5.931382954078e-01
  241 KSP Residual norm 1.269902568816e-03
  241 KSP preconditioned resid norm 1.269902568816e-03 true resid norm 1.269902568816e-03 ||r(i)||/||b|| 5.925375879335e-01
  242 KSP Residual norm 1.268591571015e-03
  242 KSP preconditioned resid norm 1.268591571015e-03 true resid norm 1.268591571015e-03 ||r(i)||/||b|| 5.919258752759e-01
  243 KSP Residual norm 1.267277149137e-03
  243 KSP preconditioned resid norm 1.267277149137e-03 true resid norm 1.267277149137e-03 ||r(i)||/||b|| 5.913125649419e-01
  244 KSP Residual norm 1.265935505374e-03
  244 KSP preconditioned resid norm 1.265935505374e-03 true resid norm 1.265935505374e-03 ||r(i)||/||b|| 5.906865528531e-01
  245 KSP Residual norm 1.264503206002e-03
  245 KSP preconditioned resid norm 1.264503206002e-03 true resid norm 1.264503206002e-03 ||r(i)||/||b|| 5.900182407828e-01
  246 KSP Residual norm 1.262761348904e-03
  246 KSP preconditioned resid norm 1.262761348904e-03 true resid norm 1.262761348904e-03 ||r(i)||/||b|| 5.892054888218e-01
  247 KSP Residual norm 1.260850384437e-03
  247 KSP preconditioned resid norm 1.260850384437e-03 true resid norm 1.260850384437e-03 ||r(i)||/||b|| 5.883138312222e-01
  248 KSP Residual norm 1.258892667115e-03
  248 KSP preconditioned resid norm 1.258892667115e-03 true resid norm 1.258892667115e-03 ||r(i)||/||b|| 5.874003587022e-01
  249 KSP Residual norm 1.257153922179e-03
  249 KSP preconditioned resid norm 1.257153922179e-03 true resid norm 1.257153922179e-03 ||r(i)||/||b|| 5.865890588782e-01
  250 KSP Residual norm 1.255232562323e-03
  250 KSP preconditioned resid norm 1.255232562323e-03 true resid norm 1.255232562323e-03 ||r(i)||/||b|| 5.856925507819e-01
  251 KSP Residual norm 1.253492424438e-03
  251 KSP preconditioned resid norm 1.253492424438e-03 true resid norm 1.253492424438e-03 ||r(i)||/||b|| 5.848806010069e-01
  252 KSP Residual norm 1.251832293346e-03
  252 KSP preconditioned resid norm 1.251832293346e-03 true resid norm 1.251832293346e-03 ||r(i)||/||b|| 5.841059824674e-01
  253 KSP Residual norm 1.250073687610e-03
  253 KSP preconditioned resid norm 1.250073687610e-03 true resid norm 1.250073687610e-03 ||r(i)||/||b|| 5.832854155778e-01
  254 KSP Residual norm 1.248275895556e-03
  254 KSP preconditioned resid norm 1.248275895556e-03 true resid norm 1.248275895556e-03 ||r(i)||/||b|| 5.824465643202e-01
  255 KSP Residual norm 1.246545742695e-03
  255 KSP preconditioned resid norm 1.246545742695e-03 true resid norm 1.246545742695e-03 ||r(i)||/||b|| 5.816392735653e-01
  256 KSP Residual norm 1.244704559574e-03
  256 KSP preconditioned resid norm 1.244704559574e-03 true resid norm 1.244704559574e-03 ||r(i)||/||b|| 5.807801759999e-01
  257 KSP Residual norm 1.242919096314e-03
  257 KSP preconditioned resid norm 1.242919096314e-03 true resid norm 1.242919096314e-03 ||r(i)||/||b|| 5.799470773674e-01
  258 KSP Residual norm 1.241038807417e-03
  258 KSP preconditioned resid norm 1.241038807417e-03 true resid norm 1.241038807417e-03 ||r(i)||/||b|| 5.790697330142e-01
  259 KSP Residual norm 1.239296231553e-03
  259 KSP preconditioned resid norm 1.239296231553e-03 true resid norm 1.239296231553e-03 ||r(i)||/||b|| 5.782566456765e-01
  260 KSP Residual norm 1.237409726659e-03
  260 KSP preconditioned resid norm 1.237409726659e-03 true resid norm 1.237409726659e-03 ||r(i)||/||b|| 5.773764009339e-01
  261 KSP Residual norm 1.235572812189e-03
  261 KSP preconditioned resid norm 1.235572812189e-03 true resid norm 1.235572812189e-03 ||r(i)||/||b|| 5.765192951245e-01
  262 KSP Residual norm 1.233702703050e-03
  262 KSP preconditioned resid norm 1.233702703050e-03 true resid norm 1.233702703050e-03 ||r(i)||/||b|| 5.756467006550e-01
  263 KSP Residual norm 1.231857482327e-03
  263 KSP preconditioned resid norm 1.231857482327e-03 true resid norm 1.231857482327e-03 ||r(i)||/||b|| 5.747857191407e-01
  264 KSP Residual norm 1.229954297153e-03
  264 KSP preconditioned resid norm 1.229954297153e-03 true resid norm 1.229954297153e-03 ||r(i)||/||b|| 5.738976913659e-01
  265 KSP Residual norm 1.228054110883e-03
  265 KSP preconditioned resid norm 1.228054110883e-03 true resid norm 1.228054110883e-03 ||r(i)||/||b|| 5.730110628824e-01
  266 KSP Residual norm 1.226163396861e-03
  266 KSP preconditioned resid norm 1.226163396861e-03 true resid norm 1.226163396861e-03 ||r(i)||/||b|| 5.721288541574e-01
  267 KSP Residual norm 1.224250210494e-03
  267 KSP preconditioned resid norm 1.224250210494e-03 true resid norm 1.224250210494e-03 ||r(i)||/||b|| 5.712361598174e-01
  268 KSP Residual norm 1.222324966770e-03
  268 KSP preconditioned resid norm 1.222324966770e-03 true resid norm 1.222324966770e-03 ||r(i)||/||b|| 5.703378395050e-01
  269 KSP Residual norm 1.220381510120e-03
  269 KSP preconditioned resid norm 1.220381510120e-03 true resid norm 1.220381510120e-03 ||r(i)||/||b|| 5.694310210263e-01
  270 KSP Residual norm 1.218522896457e-03
  270 KSP preconditioned resid norm 1.218522896457e-03 true resid norm 1.218522896457e-03 ||r(i)||/||b|| 5.685637903555e-01
  271 KSP Residual norm 1.216780319576e-03
  271 KSP preconditioned resid norm 1.216780319576e-03 true resid norm 1.216780319576e-03 ||r(i)||/||b|| 5.677507025428e-01
  272 KSP Residual norm 1.214974217488e-03
  272 KSP preconditioned resid norm 1.214974217488e-03 true resid norm 1.214974217488e-03 ||r(i)||/||b|| 5.669079738165e-01
  273 KSP Residual norm 1.213189548137e-03
  273 KSP preconditioned resid norm 1.213189548137e-03 true resid norm 1.213189548137e-03 ||r(i)||/||b|| 5.660752456223e-01
  274 KSP Residual norm 1.211413315519e-03
  274 KSP preconditioned resid norm 1.211413315519e-03 true resid norm 1.211413315519e-03 ||r(i)||/||b|| 5.652464540150e-01
  275 KSP Residual norm 1.209650122080e-03
  275 KSP preconditioned resid norm 1.209650122080e-03 true resid norm 1.209650122080e-03 ||r(i)||/||b|| 5.644237464996e-01
  276 KSP Residual norm 1.207847613922e-03
  276 KSP preconditioned resid norm 1.207847613922e-03 true resid norm 1.207847613922e-03 ||r(i)||/||b|| 5.635826947036e-01
  277 KSP Residual norm 1.206025984722e-03
  277 KSP preconditioned resid norm 1.206025984722e-03 true resid norm 1.206025984722e-03 ||r(i)||/||b|| 5.627327210136e-01
  278 KSP Residual norm 1.204258159974e-03
  278 KSP preconditioned resid norm 1.204258159974e-03 true resid norm 1.204258159974e-03 ||r(i)||/||b|| 5.619078525255e-01
  279 KSP Residual norm 1.202479501872e-03
  279 KSP preconditioned resid norm 1.202479501872e-03 true resid norm 1.202479501872e-03 ||r(i)||/||b|| 5.610779291856e-01
  280 KSP Residual norm 1.200747040133e-03
  280 KSP preconditioned resid norm 1.200747040133e-03 true resid norm 1.200747040133e-03 ||r(i)||/||b|| 5.602695611066e-01
  281 KSP Residual norm 1.199007225023e-03
  281 KSP preconditioned resid norm 1.199007225023e-03 true resid norm 1.199007225023e-03 ||r(i)||/||b|| 5.594577619386e-01
  282 KSP Residual norm 1.197416300120e-03
  282 KSP preconditioned resid norm 1.197416300120e-03 true resid norm 1.197416300120e-03 ||r(i)||/||b|| 5.587154350644e-01
  283 KSP Residual norm 1.195719136523e-03
  283 KSP preconditioned resid norm 1.195719136523e-03 true resid norm 1.195719136523e-03 ||r(i)||/||b|| 5.579235371274e-01
  284 KSP Residual norm 1.194090956875e-03
  284 KSP preconditioned resid norm 1.194090956875e-03 true resid norm 1.194090956875e-03 ||r(i)||/||b|| 5.571638271582e-01
  285 KSP Residual norm 1.192396276779e-03
  285 KSP preconditioned resid norm 1.192396276779e-03 true resid norm 1.192396276779e-03 ||r(i)||/||b|| 5.563730880253e-01
  286 KSP Residual norm 1.190778685883e-03
  286 KSP preconditioned resid norm 1.190778685883e-03 true resid norm 1.190778685883e-03 ||r(i)||/||b|| 5.556183187766e-01
  287 KSP Residual norm 1.189078574906e-03
  287 KSP preconditioned resid norm 1.189078574906e-03 true resid norm 1.189078574906e-03 ||r(i)||/||b|| 5.548250455897e-01
  288 KSP Residual norm 1.187406011339e-03
  288 KSP preconditioned resid norm 1.187406011339e-03 true resid norm 1.187406011339e-03 ||r(i)||/||b|| 5.540446260476e-01
  289 KSP Residual norm 1.185836058094e-03
  289 KSP preconditioned resid norm 1.185836058094e-03 true resid norm 1.185836058094e-03 ||r(i)||/||b|| 5.533120845660e-01
  290 KSP Residual norm 1.184219191745e-03
  290 KSP preconditioned resid norm 1.184219191745e-03 true resid norm 1.184219191745e-03 ||r(i)||/||b|| 5.525576533916e-01
  291 KSP Residual norm 1.182478767508e-03
  291 KSP preconditioned resid norm 1.182478767508e-03 true resid norm 1.182478767508e-03 ||r(i)||/||b|| 5.517455700044e-01
  292 KSP Residual norm 1.180908748167e-03
  292 KSP preconditioned resid norm 1.180908748167e-03 true resid norm 1.180908748167e-03 ||r(i)||/||b|| 5.510129976827e-01
  293 KSP Residual norm 1.179168729599e-03
  293 KSP preconditioned resid norm 1.179168729599e-03 true resid norm 1.179168729599e-03 ||r(i)||/||b|| 5.502011035813e-01
  294 KSP Residual norm 1.177465688514e-03
  294 KSP preconditioned resid norm 1.177465688514e-03 true resid norm 1.177465688514e-03 ||r(i)||/||b|| 5.494064632038e-01
  295 KSP Residual norm 1.175881162298e-03
  295 KSP preconditioned resid norm 1.175881162298e-03 true resid norm 1.175881162298e-03 ||r(i)||/||b|| 5.486671219621e-01
  296 KSP Residual norm 1.174535700020e-03
  296 KSP preconditioned resid norm 1.174535700020e-03 true resid norm 1.174535700020e-03 ||r(i)||/||b|| 5.480393281513e-01
  297 KSP Residual norm 1.173261511747e-03
  297 KSP preconditioned resid norm 1.173261511747e-03 true resid norm 1.173261511747e-03 ||r(i)||/||b|| 5.474447908501e-01
  298 KSP Residual norm 1.172004036149e-03
  298 KSP preconditioned resid norm 1.172004036149e-03 true resid norm 1.172004036149e-03 ||r(i)||/||b|| 5.468580516972e-01
  299 KSP Residual norm 1.170758258615e-03
  299 KSP preconditioned resid norm 1.170758258615e-03 true resid norm 1.170758258615e-03 ||r(i)||/||b|| 5.462767708702e-01
  300 KSP Residual norm 1.169546614181e-03
  300 KSP preconditioned resid norm 1.169546614181e-03 true resid norm 1.169546614181e-03 ||r(i)||/||b|| 5.457114165763e-01
  301 KSP Residual norm 1.168406771527e-03
  301 KSP preconditioned resid norm 1.168406771527e-03 true resid norm 1.168406771527e-03 ||r(i)||/||b|| 5.451795650522e-01
  302 KSP Residual norm 1.167250403523e-03
  302 KSP preconditioned resid norm 1.167250403523e-03 true resid norm 1.167250403523e-03 ||r(i)||/||b|| 5.446400027857e-01
  303 KSP Residual norm 1.166087542417e-03
  303 KSP preconditioned resid norm 1.166087542417e-03 true resid norm 1.166087542417e-03 ||r(i)||/||b|| 5.440974108327e-01
  304 KSP Residual norm 1.164905575676e-03
  304 KSP preconditioned resid norm 1.164905575676e-03 true resid norm 1.164905575676e-03 ||r(i)||/||b|| 5.435459041750e-01
  305 KSP Residual norm 1.163647828999e-03
  305 KSP preconditioned resid norm 1.163647828999e-03 true resid norm 1.163647828999e-03 ||r(i)||/||b|| 5.429590385362e-01
  306 KSP Residual norm 1.162141752694e-03
  306 KSP preconditioned resid norm 1.162141752694e-03 true resid norm 1.162141752694e-03 ||r(i)||/||b|| 5.422563020876e-01
  307 KSP Residual norm 1.160505531578e-03
  307 KSP preconditioned resid norm 1.160505531578e-03 true resid norm 1.160505531578e-03 ||r(i)||/||b|| 5.414928399629e-01
  308 KSP Residual norm 1.158830535282e-03
  308 KSP preconditioned resid norm 1.158830535282e-03 true resid norm 1.158830535282e-03 ||r(i)||/||b|| 5.407112853074e-01
  309 KSP Residual norm 1.157329572279e-03
  309 KSP preconditioned resid norm 1.157329572279e-03 true resid norm 1.157329572279e-03 ||r(i)||/||b|| 5.400109347297e-01
  310 KSP Residual norm 1.155678274301e-03
  310 KSP preconditioned resid norm 1.155678274301e-03 true resid norm 1.155678274301e-03 ||r(i)||/||b|| 5.392404377286e-01
  311 KSP Residual norm 1.154174234265e-03
  311 KSP preconditioned resid norm 1.154174234265e-03 true resid norm 1.154174234265e-03 ||r(i)||/||b|| 5.385386514051e-01
  312 KSP Residual norm 1.152727335604e-03
  312 KSP preconditioned resid norm 1.152727335604e-03 true resid norm 1.152727335604e-03 ||r(i)||/||b|| 5.378635272947e-01
  313 KSP Residual norm 1.151201982889e-03
  313 KSP preconditioned resid norm 1.151201982889e-03 true resid norm 1.151201982889e-03 ||r(i)||/||b|| 5.371517964574e-01
  314 KSP Residual norm 1.149642185427e-03
  314 KSP preconditioned resid norm 1.149642185427e-03 true resid norm 1.149642185427e-03 ||r(i)||/||b|| 5.364239936725e-01
  315 KSP Residual norm 1.148143837009e-03
  315 KSP preconditioned resid norm 1.148143837009e-03 true resid norm 1.148143837009e-03 ||r(i)||/||b|| 5.357248630627e-01
  316 KSP Residual norm 1.146552030408e-03
  316 KSP preconditioned resid norm 1.146552030408e-03 true resid norm 1.146552030408e-03 ||r(i)||/||b|| 5.349821247873e-01
  317 KSP Residual norm 1.145008522537e-03
  317 KSP preconditioned resid norm 1.145008522537e-03 true resid norm 1.145008522537e-03 ||r(i)||/||b|| 5.342619227391e-01
  318 KSP Residual norm 1.143389965797e-03
  318 KSP preconditioned resid norm 1.143389965797e-03 true resid norm 1.143389965797e-03 ||r(i)||/||b|| 5.335067028271e-01
  319 KSP Residual norm 1.141878115592e-03
  319 KSP preconditioned resid norm 1.141878115592e-03 true resid norm 1.141878115592e-03 ||r(i)||/||b|| 5.328012722720e-01
  320 KSP Residual norm 1.140252054686e-03
  320 KSP preconditioned resid norm 1.140252054686e-03 true resid norm 1.140252054686e-03 ||r(i)||/||b|| 5.320425509097e-01
  321 KSP Residual norm 1.138668453409e-03
  321 KSP preconditioned resid norm 1.138668453409e-03 true resid norm 1.138668453409e-03 ||r(i)||/||b|| 5.313036412454e-01
  322 KSP Residual norm 1.137051351893e-03
  322 KSP preconditioned resid norm 1.137051351893e-03 true resid norm 1.137051351893e-03 ||r(i)||/||b|| 5.305491003416e-01
  323 KSP Residual norm 1.135464044859e-03
  323 KSP preconditioned resid norm 1.135464044859e-03 true resid norm 1.135464044859e-03 ||r(i)||/||b|| 5.298084615679e-01
  324 KSP Residual norm 1.133826920693e-03
  324 KSP preconditioned resid norm 1.133826920693e-03 true resid norm 1.133826920693e-03 ||r(i)||/||b|| 5.290445780795e-01
  325 KSP Residual norm 1.132183026742e-03
  325 KSP preconditioned resid norm 1.132183026742e-03 true resid norm 1.132183026742e-03 ||r(i)||/||b|| 5.282775358034e-01
  326 KSP Residual norm 1.130533533030e-03
  326 KSP preconditioned resid norm 1.130533533030e-03 true resid norm 1.130533533030e-03 ||r(i)||/||b|| 5.275078806744e-01
  327 KSP Residual norm 1.128861581521e-03
  327 KSP preconditioned resid norm 1.128861581521e-03 true resid norm 1.128861581521e-03 ||r(i)||/||b|| 5.267277467190e-01
  328 KSP Residual norm 1.127174490865e-03
  328 KSP preconditioned resid norm 1.127174490865e-03 true resid norm 1.127174490865e-03 ||r(i)||/||b|| 5.259405488251e-01
  329 KSP Residual norm 1.125475832945e-03
  329 KSP preconditioned resid norm 1.125475832945e-03 true resid norm 1.125475832945e-03 ||r(i)||/||b|| 5.251479536360e-01
  330 KSP Residual norm 1.123844594728e-03
  330 KSP preconditioned resid norm 1.123844594728e-03 true resid norm 1.123844594728e-03 ||r(i)||/||b|| 5.243868165358e-01
  331 KSP Residual norm 1.122295916492e-03
  331 KSP preconditioned resid norm 1.122295916492e-03 true resid norm 1.122295916492e-03 ||r(i)||/||b|| 5.236642019910e-01
  332 KSP Residual norm 1.120696892216e-03
  332 KSP preconditioned resid norm 1.120696892216e-03 true resid norm 1.120696892216e-03 ||r(i)||/||b|| 5.229180959427e-01
  333 KSP Residual norm 1.119113096628e-03
  333 KSP preconditioned resid norm 1.119113096628e-03 true resid norm 1.119113096628e-03 ||r(i)||/||b|| 5.221790956126e-01
  334 KSP Residual norm 1.117541796431e-03
  334 KSP preconditioned resid norm 1.117541796431e-03 true resid norm 1.117541796431e-03 ||r(i)||/||b|| 5.214459256425e-01
  335 KSP Residual norm 1.115986311943e-03
  335 KSP preconditioned resid norm 1.115986311943e-03 true resid norm 1.115986311943e-03 ||r(i)||/||b|| 5.207201352951e-01
  336 KSP Residual norm 1.114415497683e-03
  336 KSP preconditioned resid norm 1.114415497683e-03 true resid norm 1.114415497683e-03 ||r(i)||/||b|| 5.199871920633e-01
  337 KSP Residual norm 1.112841435776e-03
  337 KSP preconditioned resid norm 1.112841435776e-03 true resid norm 1.112841435776e-03 ||r(i)||/||b|| 5.192527334767e-01
  338 KSP Residual norm 1.111313911809e-03
  338 KSP preconditioned resid norm 1.111313911809e-03 true resid norm 1.111313911809e-03 ||r(i)||/||b|| 5.185399895317e-01
  339 KSP Residual norm 1.109766429903e-03
  339 KSP preconditioned resid norm 1.109766429903e-03 true resid norm 1.109766429903e-03 ||r(i)||/||b|| 5.178179331956e-01
  340 KSP Residual norm 1.108264170268e-03
  340 KSP preconditioned resid norm 1.108264170268e-03 true resid norm 1.108264170269e-03 ||r(i)||/||b|| 5.171169776089e-01
  341 KSP Residual norm 1.106748410168e-03
  341 KSP preconditioned resid norm 1.106748410168e-03 true resid norm 1.106748410168e-03 ||r(i)||/||b|| 5.164097226935e-01
  342 KSP Residual norm 1.105351558889e-03
  342 KSP preconditioned resid norm 1.105351558889e-03 true resid norm 1.105351558889e-03 ||r(i)||/||b|| 5.157579507323e-01
  343 KSP Residual norm 1.103870039792e-03
  343 KSP preconditioned resid norm 1.103870039792e-03 true resid norm 1.103870039792e-03 ||r(i)||/||b|| 5.150666726976e-01
  344 KSP Residual norm 1.102446533733e-03
  344 KSP preconditioned resid norm 1.102446533733e-03 true resid norm 1.102446533733e-03 ||r(i)||/||b|| 5.144024635943e-01
  345 KSP Residual norm 1.100968334967e-03
  345 KSP preconditioned resid norm 1.100968334967e-03 true resid norm 1.100968334967e-03 ||r(i)||/||b|| 5.137127348286e-01
  346 KSP Residual norm 1.099558221754e-03
  346 KSP preconditioned resid norm 1.099558221754e-03 true resid norm 1.099558221754e-03 ||r(i)||/||b|| 5.130547748382e-01
  347 KSP Residual norm 1.098077964338e-03
  347 KSP preconditioned resid norm 1.098077964338e-03 true resid norm 1.098077964338e-03 ||r(i)||/||b|| 5.123640855047e-01
  348 KSP Residual norm 1.096624786404e-03
  348 KSP preconditioned resid norm 1.096624786404e-03 true resid norm 1.096624786404e-03 ||r(i)||/||b|| 5.116860314801e-01
  349 KSP Residual norm 1.095252477940e-03
  349 KSP preconditioned resid norm 1.095252477940e-03 true resid norm 1.095252477940e-03 ||r(i)||/||b|| 5.110457112168e-01
  350 KSP Residual norm 1.093847231067e-03
  350 KSP preconditioned resid norm 1.093847231067e-03 true resid norm 1.093847231067e-03 ||r(i)||/||b|| 5.103900218649e-01
  351 KSP Residual norm 1.092335327339e-03
  351 KSP preconditioned resid norm 1.092335327339e-03 true resid norm 1.092335327339e-03 ||r(i)||/||b|| 5.096845663358e-01
  352 KSP Residual norm 1.090967187561e-03
  352 KSP preconditioned resid norm 1.090967187561e-03 true resid norm 1.090967187561e-03 ||r(i)||/||b|| 5.090461911849e-01
  353 KSP Residual norm 1.089458775475e-03
  353 KSP preconditioned resid norm 1.089458775475e-03 true resid norm 1.089458775475e-03 ||r(i)||/||b|| 5.083423648593e-01
  354 KSP Residual norm 1.087981656900e-03
  354 KSP preconditioned resid norm 1.087981656900e-03 true resid norm 1.087981656900e-03 ||r(i)||/||b|| 5.076531401116e-01
  355 KSP Residual norm 1.086602288834e-03
  355 KSP preconditioned resid norm 1.086602288834e-03 true resid norm 1.086602288834e-03 ||r(i)||/||b|| 5.070095258323e-01
  356 KSP Residual norm 1.085421112985e-03
  356 KSP preconditioned resid norm 1.085421112985e-03 true resid norm 1.085421112985e-03 ||r(i)||/||b|| 5.064583882052e-01
  357 KSP Residual norm 1.084301404256e-03
  357 KSP preconditioned resid norm 1.084301404256e-03 true resid norm 1.084301404256e-03 ||r(i)||/||b|| 5.059359311870e-01
  358 KSP Residual norm 1.083193937115e-03
  358 KSP preconditioned resid norm 1.083193937115e-03 true resid norm 1.083193937115e-03 ||r(i)||/||b|| 5.054191861038e-01
  359 KSP Residual norm 1.082098860998e-03
  359 KSP preconditioned resid norm 1.082098860998e-03 true resid norm 1.082098860998e-03 ||r(i)||/||b|| 5.049082226827e-01
  360 KSP Residual norm 1.081029229649e-03
  360 KSP preconditioned resid norm 1.081029229649e-03 true resid norm 1.081029229649e-03 ||r(i)||/||b|| 5.044091318114e-01
  361 KSP Residual norm 1.080011770255e-03
  361 KSP preconditioned resid norm 1.080011770255e-03 true resid norm 1.080011770255e-03 ||r(i)||/||b|| 5.039343844173e-01
  362 KSP Residual norm 1.078982406833e-03
  362 KSP preconditioned resid norm 1.078982406833e-03 true resid norm 1.078982406833e-03 ||r(i)||/||b|| 5.034540825944e-01
  363 KSP Residual norm 1.077945287903e-03
  363 KSP preconditioned resid norm 1.077945287903e-03 true resid norm 1.077945287903e-03 ||r(i)||/||b|| 5.029701620446e-01
  364 KSP Residual norm 1.076893836003e-03
  364 KSP preconditioned resid norm 1.076893836003e-03 true resid norm 1.076893836003e-03 ||r(i)||/||b|| 5.024795537190e-01
  365 KSP Residual norm 1.075777859786e-03
  365 KSP preconditioned resid norm 1.075777859786e-03 true resid norm 1.075777859786e-03 ||r(i)||/||b|| 5.019588382941e-01
  366 KSP Residual norm 1.074456749717e-03
  366 KSP preconditioned resid norm 1.074456749717e-03 true resid norm 1.074456749717e-03 ||r(i)||/||b|| 5.013424072444e-01
  367 KSP Residual norm 1.073031332718e-03
  367 KSP preconditioned resid norm 1.073031332718e-03 true resid norm 1.073031332718e-03 ||r(i)||/||b|| 5.006773064948e-01
  368 KSP Residual norm 1.071573396880e-03
  368 KSP preconditioned resid norm 1.071573396880e-03 true resid norm 1.071573396880e-03 ||r(i)||/||b|| 4.999970324279e-01
  369 KSP Residual norm 1.070258116570e-03
  369 KSP preconditioned resid norm 1.070258116570e-03 true resid norm 1.070258116570e-03 ||r(i)||/||b|| 4.993833215488e-01
  370 KSP Residual norm 1.068816051509e-03
  370 KSP preconditioned resid norm 1.068816051509e-03 true resid norm 1.068816051509e-03 ||r(i)||/||b|| 4.987104527994e-01
  371 KSP Residual norm 1.067497027791e-03
  371 KSP preconditioned resid norm 1.067497027791e-03 true resid norm 1.067497027791e-03 ||r(i)||/||b|| 4.980949952429e-01
  372 KSP Residual norm 1.066219581594e-03
  372 KSP preconditioned resid norm 1.066219581594e-03 true resid norm 1.066219581594e-03 ||r(i)||/||b|| 4.974989377918e-01
  373 KSP Residual norm 1.064878636512e-03
  373 KSP preconditioned resid norm 1.064878636512e-03 true resid norm 1.064878636512e-03 ||r(i)||/||b|| 4.968732517084e-01
  374 KSP Residual norm 1.063506459081e-03
  374 KSP preconditioned resid norm 1.063506459081e-03 true resid norm 1.063506459081e-03 ||r(i)||/||b|| 4.962329925855e-01
  375 KSP Residual norm 1.062190153143e-03
  375 KSP preconditioned resid norm 1.062190153143e-03 true resid norm 1.062190153143e-03 ||r(i)||/||b|| 4.956188031470e-01
  376 KSP Residual norm 1.060793472603e-03
  376 KSP preconditioned resid norm 1.060793472603e-03 true resid norm 1.060793472603e-03 ||r(i)||/||b|| 4.949671108528e-01
  377 KSP Residual norm 1.059439225660e-03
  377 KSP preconditioned resid norm 1.059439225660e-03 true resid norm 1.059439225660e-03 ||r(i)||/||b|| 4.943352181103e-01
  378 KSP Residual norm 1.058023703771e-03
  378 KSP preconditioned resid norm 1.058023703771e-03 true resid norm 1.058023703771e-03 ||r(i)||/||b|| 4.936747344273e-01
  379 KSP Residual norm 1.056693403092e-03
  379 KSP preconditioned resid norm 1.056693403092e-03 true resid norm 1.056693403092e-03 ||r(i)||/||b|| 4.930540150314e-01
  380 KSP Residual norm 1.055269805719e-03
  380 KSP preconditioned resid norm 1.055269805719e-03 true resid norm 1.055269805719e-03 ||r(i)||/||b|| 4.923897633206e-01
  381 KSP Residual norm 1.053884448833e-03
  381 KSP preconditioned resid norm 1.053884448833e-03 true resid norm 1.053884448833e-03 ||r(i)||/||b|| 4.917433546529e-01
  382 KSP Residual norm 1.052465411857e-03
  382 KSP preconditioned resid norm 1.052465411857e-03 true resid norm 1.052465411857e-03 ||r(i)||/||b|| 4.910812308272e-01
  383 KSP Residual norm 1.051078842918e-03
  383 KSP preconditioned resid norm 1.051078842918e-03 true resid norm 1.051078842918e-03 ||r(i)||/||b|| 4.904342566149e-01
  384 KSP Residual norm 1.049648425151e-03
  384 KSP preconditioned resid norm 1.049648425151e-03 true resid norm 1.049648425151e-03 ||r(i)||/||b|| 4.897668225026e-01
  385 KSP Residual norm 1.048205739211e-03
  385 KSP preconditioned resid norm 1.048205739211e-03 true resid norm 1.048205739211e-03 ||r(i)||/||b|| 4.890936640508e-01
  386 KSP Residual norm 1.046748312281e-03
  386 KSP preconditioned resid norm 1.046748312281e-03 true resid norm 1.046748312281e-03 ||r(i)||/||b|| 4.884136274413e-01
  387 KSP Residual norm 1.045268790206e-03
  387 KSP preconditioned resid norm 1.045268790206e-03 true resid norm 1.045268790206e-03 ||r(i)||/||b|| 4.877232812186e-01
  388 KSP Residual norm 1.043773514529e-03
  388 KSP preconditioned resid norm 1.043773514529e-03 true resid norm 1.043773514529e-03 ||r(i)||/||b|| 4.870255843521e-01
  389 KSP Residual norm 1.042270523062e-03
  389 KSP preconditioned resid norm 1.042270523062e-03 true resid norm 1.042270523062e-03 ||r(i)||/||b|| 4.863242872918e-01
  390 KSP Residual norm 1.040822470933e-03
  390 KSP preconditioned resid norm 1.040822470933e-03 true resid norm 1.040822470933e-03 ||r(i)||/||b|| 4.856486249718e-01
  391 KSP Residual norm 1.039436228576e-03
  391 KSP preconditioned resid norm 1.039436228576e-03 true resid norm 1.039436228576e-03 ||r(i)||/||b|| 4.850018031425e-01
  392 KSP Residual norm 1.038008810056e-03
  392 KSP preconditioned resid norm 1.038008810056e-03 true resid norm 1.038008810056e-03 ||r(i)||/||b|| 4.843357684814e-01
  393 KSP Residual norm 1.036592878228e-03
  393 KSP preconditioned resid norm 1.036592878228e-03 true resid norm 1.036592878228e-03 ||r(i)||/||b|| 4.836750935206e-01
  394 KSP Residual norm 1.035190891340e-03
  394 KSP preconditioned resid norm 1.035190891340e-03 true resid norm 1.035190891340e-03 ||r(i)||/||b|| 4.830209252803e-01
  395 KSP Residual norm 1.033805996306e-03
  395 KSP preconditioned resid norm 1.033805996306e-03 true resid norm 1.033805996306e-03 ||r(i)||/||b|| 4.823747321128e-01
  396 KSP Residual norm 1.032420641355e-03
  396 KSP preconditioned resid norm 1.032420641355e-03 true resid norm 1.032420641355e-03 ||r(i)||/||b|| 4.817283243483e-01
  397 KSP Residual norm 1.031040802685e-03
  397 KSP preconditioned resid norm 1.031040802685e-03 true resid norm 1.031040802685e-03 ||r(i)||/||b|| 4.810844904844e-01
  398 KSP Residual norm 1.029702311816e-03
  398 KSP preconditioned resid norm 1.029702311816e-03 true resid norm 1.029702311816e-03 ||r(i)||/||b|| 4.804599495391e-01
  399 KSP Residual norm 1.028338802918e-03
  399 KSP preconditioned resid norm 1.028338802918e-03 true resid norm 1.028338802918e-03 ||r(i)||/||b|| 4.798237351604e-01
  400 KSP Residual norm 1.027019032600e-03
  400 KSP preconditioned resid norm 1.027019032600e-03 true resid norm 1.027019032600e-03 ||r(i)||/||b|| 4.792079292397e-01
  401 KSP Residual norm 1.025682260320e-03
  401 KSP preconditioned resid norm 1.025682260320e-03 true resid norm 1.025682260320e-03 ||r(i)||/||b|| 4.785841901894e-01
  402 KSP Residual norm 1.024443024471e-03
  402 KSP preconditioned resid norm 1.024443024471e-03 true resid norm 1.024443024471e-03 ||r(i)||/||b|| 4.780059617180e-01
  403 KSP Residual norm 1.023134645217e-03
  403 KSP preconditioned resid norm 1.023134645217e-03 true resid norm 1.023134645217e-03 ||r(i)||/||b|| 4.773954708770e-01
  404 KSP Residual norm 1.021876060830e-03
  404 KSP preconditioned resid norm 1.021876060830e-03 true resid norm 1.021876060830e-03 ||r(i)||/||b|| 4.768082143620e-01
  405 KSP Residual norm 1.020570879467e-03
  405 KSP preconditioned resid norm 1.020570879467e-03 true resid norm 1.020570879467e-03 ||r(i)||/||b|| 4.761992156598e-01
  406 KSP Residual norm 1.019326829232e-03
  406 KSP preconditioned resid norm 1.019326829232e-03 true resid norm 1.019326829232e-03 ||r(i)||/||b|| 4.756187407919e-01
  407 KSP Residual norm 1.018021491620e-03
  407 KSP preconditioned resid norm 1.018021491620e-03 true resid norm 1.018021491620e-03 ||r(i)||/||b|| 4.750096691839e-01
  408 KSP Residual norm 1.016742710050e-03
  408 KSP preconditioned resid norm 1.016742710050e-03 true resid norm 1.016742710050e-03 ||r(i)||/||b|| 4.744129886467e-01
  409 KSP Residual norm 1.015528886667e-03
  409 KSP preconditioned resid norm 1.015528886667e-03 true resid norm 1.015528886667e-03 ||r(i)||/||b|| 4.738466176531e-01
  410 KSP Residual norm 1.014291842840e-03
  410 KSP preconditioned resid norm 1.014291842840e-03 true resid norm 1.014291842840e-03 ||r(i)||/||b|| 4.732694119812e-01
  411 KSP Residual norm 1.012961860586e-03
  411 KSP preconditioned resid norm 1.012961860586e-03 true resid norm 1.012961860586e-03 ||r(i)||/||b|| 4.726488411623e-01
  412 KSP Residual norm 1.011755075208e-03
  412 KSP preconditioned resid norm 1.011755075208e-03 true resid norm 1.011755075208e-03 ||r(i)||/||b|| 4.720857541079e-01
  413 KSP Residual norm 1.010430051821e-03
  413 KSP preconditioned resid norm 1.010430051821e-03 true resid norm 1.010430051821e-03 ||r(i)||/||b|| 4.714674971009e-01
  414 KSP Residual norm 1.009132167890e-03
  414 KSP preconditioned resid norm 1.009132167890e-03 true resid norm 1.009132167890e-03 ||r(i)||/||b|| 4.708619033860e-01
  415 KSP Residual norm 1.007916166919e-03
  415 KSP preconditioned resid norm 1.007916166919e-03 true resid norm 1.007916166919e-03 ||r(i)||/||b|| 4.702945163281e-01
  416 KSP Residual norm 1.006868249377e-03
  416 KSP preconditioned resid norm 1.006868249377e-03 true resid norm 1.006868249377e-03 ||r(i)||/||b|| 4.698055571371e-01
  417 KSP Residual norm 1.005873536532e-03
  417 KSP preconditioned resid norm 1.005873536532e-03 true resid norm 1.005873536532e-03 ||r(i)||/||b|| 4.693414233015e-01
  418 KSP Residual norm 1.004888684680e-03
  418 KSP preconditioned resid norm 1.004888684680e-03 true resid norm 1.004888684680e-03 ||r(i)||/||b|| 4.688818906139e-01
  419 KSP Residual norm 1.003915846209e-03
  419 KSP preconditioned resid norm 1.003915846209e-03 true resid norm 1.003915846209e-03 ||r(i)||/||b|| 4.684279633793e-01
  420 KSP Residual norm 1.002962619870e-03
  420 KSP preconditioned resid norm 1.002962619870e-03 true resid norm 1.002962619870e-03 ||r(i)||/||b|| 4.679831871820e-01
  421 KSP Residual norm 1.002048888345e-03
  421 KSP preconditioned resid norm 1.002048888345e-03 true resid norm 1.002048888345e-03 ||r(i)||/||b|| 4.675568392973e-01
  422 KSP Residual norm 1.001126375085e-03
  422 KSP preconditioned resid norm 1.001126375085e-03 true resid norm 1.001126375085e-03 ||r(i)||/||b|| 4.671263938482e-01
  423 KSP Residual norm 1.000195770703e-03
  423 KSP preconditioned resid norm 1.000195770703e-03 true resid norm 1.000195770703e-03 ||r(i)||/||b|| 4.666921730745e-01
  424 KSP Residual norm 9.992538398382e-04
  424 KSP preconditioned resid norm 9.992538398382e-04 true resid norm 9.992538398382e-04 ||r(i)||/||b|| 4.662526673546e-01
  425 KSP Residual norm 9.982562320467e-04
  425 KSP preconditioned resid norm 9.982562320467e-04 true resid norm 9.982562320467e-04 ||r(i)||/||b|| 4.657871827347e-01
  426 KSP Residual norm 9.970856612860e-04
  426 KSP preconditioned resid norm 9.970856612860e-04 true resid norm 9.970856612860e-04 ||r(i)||/||b|| 4.652409934505e-01
  427 KSP Residual norm 9.958290863963e-04
  427 KSP preconditioned resid norm 9.958290863963e-04 true resid norm 9.958290863963e-04 ||r(i)||/||b|| 4.646546745687e-01
  428 KSP Residual norm 9.945448496521e-04
  428 KSP preconditioned resid norm 9.945448496521e-04 true resid norm 9.945448496521e-04 ||r(i)||/||b|| 4.640554486427e-01
  429 KSP Residual norm 9.933801895009e-04
  429 KSP preconditioned resid norm 9.933801895009e-04 true resid norm 9.933801895009e-04 ||r(i)||/||b|| 4.635120172538e-01
  430 KSP Residual norm 9.921068051073e-04
  430 KSP preconditioned resid norm 9.921068051073e-04 true resid norm 9.921068051073e-04 ||r(i)||/||b|| 4.629178550435e-01
  431 KSP Residual norm 9.909381645742e-04
  431 KSP preconditioned resid norm 9.909381645742e-04 true resid norm 9.909381645743e-04 ||r(i)||/||b|| 4.623725664051e-01
  432 KSP Residual norm 9.898002605827e-04
  432 KSP preconditioned resid norm 9.898002605827e-04 true resid norm 9.898002605827e-04 ||r(i)||/||b|| 4.618416194624e-01
  433 KSP Residual norm 9.886101555509e-04
  433 KSP preconditioned resid norm 9.886101555509e-04 true resid norm 9.886101555509e-04 ||r(i)||/||b|| 4.612863154712e-01
  434 KSP Residual norm 9.873914643382e-04
  434 KSP preconditioned resid norm 9.873914643382e-04 true resid norm 9.873914643382e-04 ||r(i)||/||b|| 4.607176731443e-01
  435 KSP Residual norm 9.862235103390e-04
  435 KSP preconditioned resid norm 9.862235103390e-04 true resid norm 9.862235103390e-04 ||r(i)||/||b|| 4.601727048432e-01
  436 KSP Residual norm 9.849854794779e-04
  436 KSP preconditioned resid norm 9.849854794779e-04 true resid norm 9.849854794779e-04 ||r(i)||/||b|| 4.595950386205e-01
  437 KSP Residual norm 9.837850531475e-04
  437 KSP preconditioned resid norm 9.837850531475e-04 true resid norm 9.837850531475e-04 ||r(i)||/||b|| 4.590349187028e-01
  438 KSP Residual norm 9.825334988364e-04
  438 KSP preconditioned resid norm 9.825334988364e-04 true resid norm 9.825334988364e-04 ||r(i)||/||b|| 4.584509424270e-01
  439 KSP Residual norm 9.813514547834e-04
  439 KSP preconditioned resid norm 9.813514547834e-04 true resid norm 9.813514547834e-04 ||r(i)||/||b|| 4.578993996952e-01
  440 KSP Residual norm 9.800917091725e-04
  440 KSP preconditioned resid norm 9.800917091725e-04 true resid norm 9.800917091725e-04 ||r(i)||/||b|| 4.573116013523e-01
  441 KSP Residual norm 9.788670025225e-04
  441 KSP preconditioned resid norm 9.788670025225e-04 true resid norm 9.788670025225e-04 ||r(i)||/||b|| 4.567401522174e-01
  442 KSP Residual norm 9.776091136177e-04
  442 KSP preconditioned resid norm 9.776091136177e-04 true resid norm 9.776091136177e-04 ||r(i)||/||b|| 4.561532202150e-01
  443 KSP Residual norm 9.763845858671e-04
  443 KSP preconditioned resid norm 9.763845858671e-04 true resid norm 9.763845858671e-04 ||r(i)||/||b|| 4.555818545548e-01
  444 KSP Residual norm 9.751211215429e-04
  444 KSP preconditioned resid norm 9.751211215429e-04 true resid norm 9.751211215429e-04 ||r(i)||/||b|| 4.549923210570e-01
  445 KSP Residual norm 9.738422463524e-04
  445 KSP preconditioned resid norm 9.738422463524e-04 true resid norm 9.738422463524e-04 ||r(i)||/||b|| 4.543955968364e-01
  446 KSP Residual norm 9.725432476495e-04
  446 KSP preconditioned resid norm 9.725432476495e-04 true resid norm 9.725432476495e-04 ||r(i)||/||b|| 4.537894829683e-01
  447 KSP Residual norm 9.712226689689e-04
  447 KSP preconditioned resid norm 9.712226689689e-04 true resid norm 9.712226689689e-04 ||r(i)||/||b|| 4.531732998647e-01
  448 KSP Residual norm 9.698868959847e-04
  448 KSP preconditioned resid norm 9.698868959847e-04 true resid norm 9.698868959847e-04 ||r(i)||/||b|| 4.525500270865e-01
  449 KSP Residual norm 9.685455789854e-04
  449 KSP preconditioned resid norm 9.685455789854e-04 true resid norm 9.685455789854e-04 ||r(i)||/||b|| 4.519241674663e-01
  450 KSP Residual norm 9.672500550462e-04
  450 KSP preconditioned resid norm 9.672500550462e-04 true resid norm 9.672500550462e-04 ||r(i)||/||b|| 4.513196749258e-01
  451 KSP Residual norm 9.660023770693e-04
  451 KSP preconditioned resid norm 9.660023770693e-04 true resid norm 9.660023770693e-04 ||r(i)||/||b|| 4.507375073508e-01
  452 KSP Residual norm 9.647202855564e-04
  452 KSP preconditioned resid norm 9.647202855564e-04 true resid norm 9.647202855564e-04 ||r(i)||/||b|| 4.501392823915e-01
  453 KSP Residual norm 9.634472950812e-04
  453 KSP preconditioned resid norm 9.634472950812e-04 true resid norm 9.634472950812e-04 ||r(i)||/||b|| 4.495453039839e-01
  454 KSP Residual norm 9.621884599986e-04
  454 KSP preconditioned resid norm 9.621884599986e-04 true resid norm 9.621884599986e-04 ||r(i)||/||b|| 4.489579304942e-01
  455 KSP Residual norm 9.609471883206e-04
  455 KSP preconditioned resid norm 9.609471883206e-04 true resid norm 9.609471883206e-04 ||r(i)||/||b|| 4.483787521036e-01
  456 KSP Residual norm 9.597148213157e-04
  456 KSP preconditioned resid norm 9.597148213157e-04 true resid norm 9.597148213157e-04 ||r(i)||/||b|| 4.478037286408e-01
  457 KSP Residual norm 9.584929562069e-04
  457 KSP preconditioned resid norm 9.584929562069e-04 true resid norm 9.584929562069e-04 ||r(i)||/||b|| 4.472336053714e-01
  458 KSP Residual norm 9.573082285848e-04
  458 KSP preconditioned resid norm 9.573082285848e-04 true resid norm 9.573082285848e-04 ||r(i)||/||b|| 4.466808104840e-01
  459 KSP Residual norm 9.560959796877e-04
  459 KSP preconditioned resid norm 9.560959796877e-04 true resid norm 9.560959796877e-04 ||r(i)||/||b|| 4.461151741469e-01
  460 KSP Residual norm 9.549255230965e-04
  460 KSP preconditioned resid norm 9.549255230965e-04 true resid norm 9.549255230965e-04 ||r(i)||/||b|| 4.455690381343e-01
  461 KSP Residual norm 9.537362498235e-04
  461 KSP preconditioned resid norm 9.537362498235e-04 true resid norm 9.537362498235e-04 ||r(i)||/||b|| 4.450141222424e-01
  462 KSP Residual norm 9.526285278329e-04
  462 KSP preconditioned resid norm 9.526285278329e-04 true resid norm 9.526285278329e-04 ||r(i)||/||b|| 4.444972582463e-01
  463 KSP Residual norm 9.514633727926e-04
  463 KSP preconditioned resid norm 9.514633727926e-04 true resid norm 9.514633727926e-04 ||r(i)||/||b|| 4.439535959417e-01
  464 KSP Residual norm 9.503415353398e-04
  464 KSP preconditioned resid norm 9.503415353398e-04 true resid norm 9.503415353398e-04 ||r(i)||/||b|| 4.434301456593e-01
  465 KSP Residual norm 9.491791604900e-04
  465 KSP preconditioned resid norm 9.491791604900e-04 true resid norm 9.491791604900e-04 ||r(i)||/||b|| 4.428877805939e-01
  466 KSP Residual norm 9.480720848283e-04
  466 KSP preconditioned resid norm 9.480720848283e-04 true resid norm 9.480720848283e-04 ||r(i)||/||b|| 4.423712181753e-01
  467 KSP Residual norm 9.469107045002e-04
  467 KSP preconditioned resid norm 9.469107045002e-04 true resid norm 9.469107045002e-04 ||r(i)||/||b|| 4.418293171546e-01
  468 KSP Residual norm 9.457749991867e-04
  468 KSP preconditioned resid norm 9.457749991867e-04 true resid norm 9.457749991867e-04 ||r(i)||/||b|| 4.412993961169e-01
  469 KSP Residual norm 9.446923502062e-04
  469 KSP preconditioned resid norm 9.446923502062e-04 true resid norm 9.446923502062e-04 ||r(i)||/||b|| 4.407942312080e-01
  470 KSP Residual norm 9.435933354038e-04
  470 KSP preconditioned resid norm 9.435933354038e-04 true resid norm 9.435933354038e-04 ||r(i)||/||b|| 4.402814299931e-01
  471 KSP Residual norm 9.424127063683e-04
  471 KSP preconditioned resid norm 9.424127063683e-04 true resid norm 9.424127063683e-04 ||r(i)||/||b|| 4.397305475095e-01
  472 KSP Residual norm 9.413389282149e-04
  472 KSP preconditioned resid norm 9.413389282149e-04 true resid norm 9.413389282149e-04 ||r(i)||/||b|| 4.392295217359e-01
  473 KSP Residual norm 9.401638926691e-04
  473 KSP preconditioned resid norm 9.401638926691e-04 true resid norm 9.401638926691e-04 ||r(i)||/||b|| 4.386812491793e-01
  474 KSP Residual norm 9.390127863901e-04
  474 KSP preconditioned resid norm 9.390127863901e-04 true resid norm 9.390127863901e-04 ||r(i)||/||b|| 4.381441420384e-01
  475 KSP Residual norm 9.379312550328e-04
  475 KSP preconditioned resid norm 9.379312550328e-04 true resid norm 9.379312550328e-04 ||r(i)||/||b|| 4.376394986134e-01
  476 KSP Residual norm 9.369945002479e-04
  476 KSP preconditioned resid norm 9.369945002479e-04 true resid norm 9.369945002479e-04 ||r(i)||/||b|| 4.372024080567e-01
  477 KSP Residual norm 9.361040927677e-04
  477 KSP preconditioned resid norm 9.361040927677e-04 true resid norm 9.361040927677e-04 ||r(i)||/||b|| 4.367869431907e-01
  478 KSP Residual norm 9.352220983023e-04
  478 KSP preconditioned resid norm 9.352220983023e-04 true resid norm 9.352220983023e-04 ||r(i)||/||b|| 4.363754038443e-01
  479 KSP Residual norm 9.343513023227e-04
  479 KSP preconditioned resid norm 9.343513023227e-04 true resid norm 9.343513023227e-04 ||r(i)||/||b|| 4.359690897207e-01
  480 KSP Residual norm 9.334959882126e-04
  480 KSP preconditioned resid norm 9.334959882126e-04 true resid norm 9.334959882126e-04 ||r(i)||/||b|| 4.355699994502e-01
  481 KSP Residual norm 9.326714521917e-04
  481 KSP preconditioned resid norm 9.326714521917e-04 true resid norm 9.326714521917e-04 ||r(i)||/||b|| 4.351852702615e-01
  482 KSP Residual norm 9.318403521991e-04
  482 KSP preconditioned resid norm 9.318403521991e-04 true resid norm 9.318403521991e-04 ||r(i)||/||b|| 4.347974783182e-01
  483 KSP Residual norm 9.310013030604e-04
  483 KSP preconditioned resid norm 9.310013030604e-04 true resid norm 9.310013030604e-04 ||r(i)||/||b|| 4.344059772968e-01
  484 KSP Residual norm 9.301529776439e-04
  484 KSP preconditioned resid norm 9.301529776439e-04 true resid norm 9.301529776439e-04 ||r(i)||/||b|| 4.340101479565e-01
  485 KSP Residual norm 9.292561308308e-04
  485 KSP preconditioned resid norm 9.292561308308e-04 true resid norm 9.292561308308e-04 ||r(i)||/||b|| 4.335916784924e-01
  486 KSP Residual norm 9.282112320714e-04
  486 KSP preconditioned resid norm 9.282112320714e-04 true resid norm 9.282112320714e-04 ||r(i)||/||b|| 4.331041278679e-01
  487 KSP Residual norm 9.270939282029e-04
  487 KSP preconditioned resid norm 9.270939282029e-04 true resid norm 9.270939282029e-04 ||r(i)||/||b|| 4.325827929596e-01
  488 KSP Residual norm 9.259527514405e-04
  488 KSP preconditioned resid norm 9.259527514405e-04 true resid norm 9.259527514405e-04 ||r(i)||/||b|| 4.320503189393e-01
  489 KSP Residual norm 9.249134899714e-04
  489 KSP preconditioned resid norm 9.249134899714e-04 true resid norm 9.249134899714e-04 ||r(i)||/||b|| 4.315653986791e-01
  490 KSP Residual norm 9.237798089133e-04
  490 KSP preconditioned resid norm 9.237798089133e-04 true resid norm 9.237798089133e-04 ||r(i)||/||b|| 4.310364221606e-01
  491 KSP Residual norm 9.227365227466e-04
  491 KSP preconditioned resid norm 9.227365227466e-04 true resid norm 9.227365227466e-04 ||r(i)||/||b|| 4.305496239732e-01
  492 KSP Residual norm 9.217162298026e-04
  492 KSP preconditioned resid norm 9.217162298026e-04 true resid norm 9.217162298026e-04 ||r(i)||/||b|| 4.300735544424e-01
  493 KSP Residual norm 9.206524770886e-04
  493 KSP preconditioned resid norm 9.206524770886e-04 true resid norm 9.206524770886e-04 ||r(i)||/||b|| 4.295772065471e-01
  494 KSP Residual norm 9.195624728071e-04
  494 KSP preconditioned resid norm 9.195624728071e-04 true resid norm 9.195624728071e-04 ||r(i)||/||b|| 4.290686096487e-01
  495 KSP Residual norm 9.185185553910e-04
  495 KSP preconditioned resid norm 9.185185553910e-04 true resid norm 9.185185553910e-04 ||r(i)||/||b|| 4.285815169197e-01
  496 KSP Residual norm 9.174129049094e-04
  496 KSP preconditioned resid norm 9.174129049094e-04 true resid norm 9.174129049094e-04 ||r(i)||/||b|| 4.280656194914e-01
  497 KSP Residual norm 9.163408323553e-04
  497 KSP preconditioned resid norm 9.163408323553e-04 true resid norm 9.163408323553e-04 ||r(i)||/||b|| 4.275653895518e-01
  498 KSP Residual norm 9.152253420800e-04
  498 KSP preconditioned resid norm 9.152253420800e-04 true resid norm 9.152253420800e-04 ||r(i)||/||b|| 4.270449008676e-01
  499 KSP Residual norm 9.141674684753e-04
  499 KSP preconditioned resid norm 9.141674684753e-04 true resid norm 9.141674684753e-04 ||r(i)||/||b|| 4.265512961696e-01
  500 KSP Residual norm 9.130438960649e-04
  500 KSP preconditioned resid norm 9.130438960649e-04 true resid norm 9.130438960649e-04 ||r(i)||/||b|| 4.260270363545e-01
  501 KSP Residual norm 9.119526727564e-04
  501 KSP preconditioned resid norm 9.119526727564e-04 true resid norm 9.119526727564e-04 ||r(i)||/||b|| 4.255178706570e-01
  502 KSP Residual norm 9.108292680524e-04
  502 KSP preconditioned resid norm 9.108292680524e-04 true resid norm 9.108292680524e-04 ||r(i)||/||b|| 4.249936890939e-01
  503 KSP Residual norm 9.097390366447e-04
  503 KSP preconditioned resid norm 9.097390366447e-04 true resid norm 9.097390366447e-04 ||r(i)||/||b|| 4.244849862182e-01
  504 KSP Residual norm 9.086140434035e-04
  504 KSP preconditioned resid norm 9.086140434035e-04 true resid norm 9.086140434035e-04 ||r(i)||/||b|| 4.239600634422e-01
  505 KSP Residual norm 9.074719957302e-04
  505 KSP preconditioned resid norm 9.074719957302e-04 true resid norm 9.074719957302e-04 ||r(i)||/||b|| 4.234271830542e-01
  506 KSP Residual norm 9.063067386705e-04
  506 KSP preconditioned resid norm 9.063067386705e-04 true resid norm 9.063067386705e-04 ||r(i)||/||b|| 4.228834731473e-01
  507 KSP Residual norm 9.051205776716e-04
  507 KSP preconditioned resid norm 9.051205776716e-04 true resid norm 9.051205776716e-04 ||r(i)||/||b|| 4.223300094451e-01
  508 KSP Residual norm 9.039201696786e-04
  508 KSP preconditioned resid norm 9.039201696786e-04 true resid norm 9.039201696786e-04 ||r(i)||/||b|| 4.217698980837e-01
  509 KSP Residual norm 9.027154661437e-04
  509 KSP preconditioned resid norm 9.027154661437e-04 true resid norm 9.027154661437e-04 ||r(i)||/||b|| 4.212077824188e-01
  510 KSP Residual norm 9.015495310162e-04
  510 KSP preconditioned resid norm 9.015495310162e-04 true resid norm 9.015495310162e-04 ||r(i)||/||b|| 4.206637561249e-01
  511 KSP Residual norm 9.004215497018e-04
  511 KSP preconditioned resid norm 9.004215497018e-04 true resid norm 9.004215497018e-04 ||r(i)||/||b|| 4.201374391116e-01
  512 KSP Residual norm 8.992643873437e-04
  512 KSP preconditioned resid norm 8.992643873437e-04 true resid norm 8.992643873437e-04 ||r(i)||/||b|| 4.195975061991e-01
  513 KSP Residual norm 8.981147517491e-04
  513 KSP preconditioned resid norm 8.981147517491e-04 true resid norm 8.981147517491e-04 ||r(i)||/||b|| 4.190610852807e-01
  514 KSP Residual norm 8.969789368664e-04
  514 KSP preconditioned resid norm 8.969789368664e-04 true resid norm 8.969789368664e-04 ||r(i)||/||b|| 4.185311131179e-01
  515 KSP Residual norm 8.958606918935e-04
  515 KSP preconditioned resid norm 8.958606918935e-04 true resid norm 8.958606918935e-04 ||r(i)||/||b|| 4.180093390896e-01
  516 KSP Residual norm 8.947572684260e-04
  516 KSP preconditioned resid norm 8.947572684260e-04 true resid norm 8.947572684260e-04 ||r(i)||/||b|| 4.174944807879e-01
  517 KSP Residual norm 8.936671368118e-04
  517 KSP preconditioned resid norm 8.936671368118e-04 true resid norm 8.936671368118e-04 ||r(i)||/||b|| 4.169858244759e-01
  518 KSP Residual norm 8.926105242393e-04
  518 KSP preconditioned resid norm 8.926105242393e-04 true resid norm 8.926105242393e-04 ||r(i)||/||b|| 4.164928081765e-01
  519 KSP Residual norm 8.915254273089e-04
  519 KSP preconditioned resid norm 8.915254273089e-04 true resid norm 8.915254273089e-04 ||r(i)||/||b|| 4.159865010521e-01
  520 KSP Residual norm 8.904799059719e-04
  520 KSP preconditioned resid norm 8.904799059719e-04 true resid norm 8.904799059719e-04 ||r(i)||/||b|| 4.154986599324e-01
  521 KSP Residual norm 8.894148027707e-04
  521 KSP preconditioned resid norm 8.894148027707e-04 true resid norm 8.894148027707e-04 ||r(i)||/||b|| 4.150016818986e-01
  522 KSP Residual norm 8.884189069254e-04
  522 KSP preconditioned resid norm 8.884189069254e-04 true resid norm 8.884189069254e-04 ||r(i)||/||b|| 4.145369960742e-01
  523 KSP Residual norm 8.873747012473e-04
  523 KSP preconditioned resid norm 8.873747012473e-04 true resid norm 8.873747012473e-04 ||r(i)||/||b|| 4.140497688420e-01
  524 KSP Residual norm 8.863685682838e-04
  524 KSP preconditioned resid norm 8.863685682838e-04 true resid norm 8.863685682838e-04 ||r(i)||/||b|| 4.135803063699e-01
  525 KSP Residual norm 8.853266958811e-04
  525 KSP preconditioned resid norm 8.853266958811e-04 true resid norm 8.853266958810e-04 ||r(i)||/||b|| 4.130941678459e-01
  526 KSP Residual norm 8.843350550809e-04
  526 KSP preconditioned resid norm 8.843350550809e-04 true resid norm 8.843350550809e-04 ||r(i)||/||b|| 4.126314674291e-01
  527 KSP Residual norm 8.832948922560e-04
  527 KSP preconditioned resid norm 8.832948922560e-04 true resid norm 8.832948922560e-04 ||r(i)||/||b|| 4.121461265955e-01
  528 KSP Residual norm 8.822792231018e-04
  528 KSP preconditioned resid norm 8.822792231018e-04 true resid norm 8.822792231018e-04 ||r(i)||/||b|| 4.116722145289e-01
  529 KSP Residual norm 8.813074882961e-04
  529 KSP preconditioned resid norm 8.813074882961e-04 true resid norm 8.813074882961e-04 ||r(i)||/||b|| 4.112188022657e-01
  530 KSP Residual norm 8.803242791220e-04
  530 KSP preconditioned resid norm 8.803242791220e-04 true resid norm 8.803242791220e-04 ||r(i)||/||b|| 4.107600360526e-01
  531 KSP Residual norm 8.792689389570e-04
  531 KSP preconditioned resid norm 8.792689389570e-04 true resid norm 8.792689389570e-04 ||r(i)||/||b|| 4.102676134596e-01
  532 KSP Residual norm 8.783071625338e-04
  532 KSP preconditioned resid norm 8.783071625338e-04 true resid norm 8.783071625338e-04 ||r(i)||/||b|| 4.098188477858e-01
  533 KSP Residual norm 8.772576455146e-04
  533 KSP preconditioned resid norm 8.772576455146e-04 true resid norm 8.772576455146e-04 ||r(i)||/||b|| 4.093291422774e-01
  534 KSP Residual norm 8.762294714437e-04
  534 KSP preconditioned resid norm 8.762294714437e-04 true resid norm 8.762294714437e-04 ||r(i)||/||b|| 4.088493954064e-01
  535 KSP Residual norm 8.752611752149e-04
  535 KSP preconditioned resid norm 8.752611752149e-04 true resid norm 8.752611752149e-04 ||r(i)||/||b|| 4.083975875859e-01
  536 KSP Residual norm 8.744189769956e-04
  536 KSP preconditioned resid norm 8.744189769956e-04 true resid norm 8.744189769956e-04 ||r(i)||/||b|| 4.080046172008e-01
  537 KSP Residual norm 8.736174262170e-04
  537 KSP preconditioned resid norm 8.736174262170e-04 true resid norm 8.736174262170e-04 ||r(i)||/||b|| 4.076306129452e-01
  538 KSP Residual norm 8.728232417049e-04
  538 KSP preconditioned resid norm 8.728232417049e-04 true resid norm 8.728232417049e-04 ||r(i)||/||b|| 4.072600457956e-01
  539 KSP Residual norm 8.720392932309e-04
  539 KSP preconditioned resid norm 8.720392932309e-04 true resid norm 8.720392932309e-04 ||r(i)||/||b|| 4.068942547899e-01
  540 KSP Residual norm 8.712677335229e-04
  540 KSP preconditioned resid norm 8.712677335229e-04 true resid norm 8.712677335229e-04 ||r(i)||/||b|| 4.065342443926e-01
  541 KSP Residual norm 8.705206960149e-04
  541 KSP preconditioned resid norm 8.705206960149e-04 true resid norm 8.705206960149e-04 ||r(i)||/||b|| 4.061856760741e-01
  542 KSP Residual norm 8.697687436777e-04
  542 KSP preconditioned resid norm 8.697687436777e-04 true resid norm 8.697687436777e-04 ||r(i)||/||b|| 4.058348144922e-01
  543 KSP Residual norm 8.690092439793e-04
  543 KSP preconditioned resid norm 8.690092439793e-04 true resid norm 8.690092439793e-04 ||r(i)||/||b|| 4.054804313054e-01
  544 KSP Residual norm 8.682419840078e-04
  544 KSP preconditioned resid norm 8.682419840078e-04 true resid norm 8.682419840078e-04 ||r(i)||/||b|| 4.051224271687e-01
  545 KSP Residual norm 8.674321241970e-04
  545 KSP preconditioned resid norm 8.674321241970e-04 true resid norm 8.674321241970e-04 ||r(i)||/||b|| 4.047445459117e-01
  546 KSP Residual norm 8.664940610627e-04
  546 KSP preconditioned resid norm 8.664940610627e-04 true resid norm 8.664940610627e-04 ||r(i)||/||b|| 4.043068448782e-01
  547 KSP Residual norm 8.654940595743e-04
  547 KSP preconditioned resid norm 8.654940595743e-04 true resid norm 8.654940595743e-04 ||r(i)||/||b|| 4.038402433574e-01
  548 KSP Residual norm 8.644731676594e-04
  548 KSP preconditioned resid norm 8.644731676594e-04 true resid norm 8.644731676594e-04 ||r(i)||/||b|| 4.033638943463e-01
  549 KSP Residual norm 8.635402449852e-04
  549 KSP preconditioned resid norm 8.635402449852e-04 true resid norm 8.635402449852e-04 ||r(i)||/||b|| 4.029285918557e-01
  550 KSP Residual norm 8.625244938647e-04
  550 KSP preconditioned resid norm 8.625244938647e-04 true resid norm 8.625244938647e-04 ||r(i)||/||b|| 4.024546415435e-01
  551 KSP Residual norm 8.615875905489e-04
  551 KSP preconditioned resid norm 8.615875905489e-04 true resid norm 8.615875905489e-04 ||r(i)||/||b|| 4.020174816822e-01
  552 KSP Residual norm 8.606680372885e-04
  552 KSP preconditioned resid norm 8.606680372885e-04 true resid norm 8.606680372885e-04 ||r(i)||/||b|| 4.015884173711e-01
  553 KSP Residual norm 8.597119427699e-04
  553 KSP preconditioned resid norm 8.597119427699e-04 true resid norm 8.597119427699e-04 ||r(i)||/||b|| 4.011423028787e-01
  554 KSP Residual norm 8.587317136546e-04
  554 KSP preconditioned resid norm 8.587317136546e-04 true resid norm 8.587317136546e-04 ||r(i)||/||b|| 4.006849271635e-01
  555 KSP Residual norm 8.577934085293e-04
  555 KSP preconditioned resid norm 8.577934085293e-04 true resid norm 8.577934085293e-04 ||r(i)||/||b|| 4.002471132167e-01
  556 KSP Residual norm 8.568002734495e-04
  556 KSP preconditioned resid norm 8.568002734495e-04 true resid norm 8.568002734495e-04 ||r(i)||/||b|| 3.997837155679e-01
  557 KSP Residual norm 8.558373116079e-04
  557 KSP preconditioned resid norm 8.558373116079e-04 true resid norm 8.558373116079e-04 ||r(i)||/||b|| 3.993343967769e-01
  558 KSP Residual norm 8.548369278667e-04
  558 KSP preconditioned resid norm 8.548369278667e-04 true resid norm 8.548369278667e-04 ||r(i)||/||b|| 3.988676168966e-01
  559 KSP Residual norm 8.538849107266e-04
  559 KSP preconditioned resid norm 8.538849107266e-04 true resid norm 8.538849107266e-04 ||r(i)||/||b|| 3.984234049124e-01
  560 KSP Residual norm 8.528766336829e-04
  560 KSP preconditioned resid norm 8.528766336829e-04 true resid norm 8.528766336829e-04 ||r(i)||/||b|| 3.979529420107e-01
  561 KSP Residual norm 8.518983404204e-04
  561 KSP preconditioned resid norm 8.518983404204e-04 true resid norm 8.518983404204e-04 ||r(i)||/||b|| 3.974964695660e-01
  562 KSP Residual norm 8.508891822655e-04
  562 KSP preconditioned resid norm 8.508891822655e-04 true resid norm 8.508891822655e-04 ||r(i)||/||b|| 3.970255955370e-01
  563 KSP Residual norm 8.499123996341e-04
  563 KSP preconditioned resid norm 8.499123996341e-04 true resid norm 8.499123996341e-04 ||r(i)||/||b|| 3.965698279541e-01
  564 KSP Residual norm 8.489044622391e-04
  564 KSP preconditioned resid norm 8.489044622391e-04 true resid norm 8.489044622391e-04 ||r(i)||/||b|| 3.960995235327e-01
  565 KSP Residual norm 8.478788117729e-04
  565 KSP preconditioned resid norm 8.478788117729e-04 true resid norm 8.478788117729e-04 ||r(i)||/||b|| 3.956209541777e-01
  566 KSP Residual norm 8.468283138693e-04
  566 KSP preconditioned resid norm 8.468283138693e-04 true resid norm 8.468283138693e-04 ||r(i)||/||b|| 3.951307909879e-01
  567 KSP Residual norm 8.457577057289e-04
  567 KSP preconditioned resid norm 8.457577057289e-04 true resid norm 8.457577057289e-04 ||r(i)||/||b|| 3.946312443449e-01
  568 KSP Residual norm 8.446738297266e-04
  568 KSP preconditioned resid norm 8.446738297266e-04 true resid norm 8.446738297266e-04 ||r(i)||/||b|| 3.941255069066e-01
  569 KSP Residual norm 8.435863696970e-04
  569 KSP preconditioned resid norm 8.435863696970e-04 true resid norm 8.435863696970e-04 ||r(i)||/||b|| 3.936180971583e-01
  570 KSP Residual norm 8.425320667993e-04
  570 KSP preconditioned resid norm 8.425320667993e-04 true resid norm 8.425320667993e-04 ||r(i)||/||b|| 3.931261585550e-01
  571 KSP Residual norm 8.415084480936e-04
  571 KSP preconditioned resid norm 8.415084480936e-04 true resid norm 8.415084480936e-04 ||r(i)||/||b|| 3.926485372211e-01
  572 KSP Residual norm 8.404598409748e-04
  572 KSP preconditioned resid norm 8.404598409748e-04 true resid norm 8.404598409748e-04 ||r(i)||/||b|| 3.921592562730e-01
  573 KSP Residual norm 8.394177133640e-04
  573 KSP preconditioned resid norm 8.394177133640e-04 true resid norm 8.394177133640e-04 ||r(i)||/||b|| 3.916729986687e-01
  574 KSP Residual norm 8.383888669859e-04
  574 KSP preconditioned resid norm 8.383888669859e-04 true resid norm 8.383888669859e-04 ||r(i)||/||b|| 3.911929380985e-01
  575 KSP Residual norm 8.373773264161e-04
  575 KSP preconditioned resid norm 8.373773264161e-04 true resid norm 8.373773264161e-04 ||r(i)||/||b|| 3.907209524328e-01
  576 KSP Residual norm 8.363842841721e-04
  576 KSP preconditioned resid norm 8.363842841721e-04 true resid norm 8.363842841721e-04 ||r(i)||/||b|| 3.902575981012e-01
  577 KSP Residual norm 8.354059795170e-04
  577 KSP preconditioned resid norm 8.354059795170e-04 true resid norm 8.354059795170e-04 ||r(i)||/||b|| 3.898011203408e-01
  578 KSP Residual norm 8.344579966390e-04
  578 KSP preconditioned resid norm 8.344579966390e-04 true resid norm 8.344579966390e-04 ||r(i)||/||b|| 3.893587907466e-01
  579 KSP Residual norm 8.334814838228e-04
  579 KSP preconditioned resid norm 8.334814838228e-04 true resid norm 8.334814838228e-04 ||r(i)||/||b|| 3.889031490597e-01
  580 KSP Residual norm 8.325422078253e-04
  580 KSP preconditioned resid norm 8.325422078253e-04 true resid norm 8.325422078253e-04 ||r(i)||/||b|| 3.884648821031e-01
  581 KSP Residual norm 8.315832452000e-04
  581 KSP preconditioned resid norm 8.315832452000e-04 true resid norm 8.315832452000e-04 ||r(i)||/||b|| 3.880174293497e-01
  582 KSP Residual norm 8.306837337931e-04
  582 KSP preconditioned resid norm 8.306837337931e-04 true resid norm 8.306837337931e-04 ||r(i)||/||b|| 3.875977165840e-01
  583 KSP Residual norm 8.297431924775e-04
  583 KSP preconditioned resid norm 8.297431924775e-04 true resid norm 8.297431924775e-04 ||r(i)||/||b|| 3.871588592290e-01
  584 KSP Residual norm 8.288363999698e-04
  584 KSP preconditioned resid norm 8.288363999698e-04 true resid norm 8.288363999698e-04 ||r(i)||/||b|| 3.867357490956e-01
  585 KSP Residual norm 8.278978138928e-04
  585 KSP preconditioned resid norm 8.278978138928e-04 true resid norm 8.278978138928e-04 ||r(i)||/||b|| 3.862978040565e-01
  586 KSP Residual norm 8.270049833709e-04
  586 KSP preconditioned resid norm 8.270049833709e-04 true resid norm 8.270049833709e-04 ||r(i)||/||b|| 3.858812085972e-01
  587 KSP Residual norm 8.260685440487e-04
  587 KSP preconditioned resid norm 8.260685440487e-04 true resid norm 8.260685440487e-04 ||r(i)||/||b|| 3.854442652357e-01
  588 KSP Residual norm 8.251552279453e-04
  588 KSP preconditioned resid norm 8.251552279453e-04 true resid norm 8.251552279453e-04 ||r(i)||/||b|| 3.850181111872e-01
  589 KSP Residual norm 8.242786968720e-04
  589 KSP preconditioned resid norm 8.242786968720e-04 true resid norm 8.242786968720e-04 ||r(i)||/||b|| 3.846091210641e-01
  590 KSP Residual norm 8.233942081649e-04
  590 KSP preconditioned resid norm 8.233942081649e-04 true resid norm 8.233942081649e-04 ||r(i)||/||b|| 3.841964179025e-01
  591 KSP Residual norm 8.224456162319e-04
  591 KSP preconditioned resid norm 8.224456162319e-04 true resid norm 8.224456162318e-04 ||r(i)||/||b|| 3.837538041227e-01
  592 KSP Residual norm 8.215796047423e-04
  592 KSP preconditioned resid norm 8.215796047423e-04 true resid norm 8.215796047423e-04 ||r(i)||/||b|| 3.833497224461e-01
  593 KSP Residual norm 8.206368849748e-04
  593 KSP preconditioned resid norm 8.206368849748e-04 true resid norm 8.206368849748e-04 ||r(i)||/||b|| 3.829098486237e-01
  594 KSP Residual norm 8.197133710904e-04
  594 KSP preconditioned resid norm 8.197133710904e-04 true resid norm 8.197133710904e-04 ||r(i)||/||b|| 3.824789362821e-01
  595 KSP Residual norm 8.188419727666e-04
  595 KSP preconditioned resid norm 8.188419727666e-04 true resid norm 8.188419727666e-04 ||r(i)||/||b|| 3.820723411042e-01
  596 KSP Residual norm 8.180813424587e-04
  596 KSP preconditioned resid norm 8.180813424587e-04 true resid norm 8.180813424587e-04 ||r(i)||/||b|| 3.817174303740e-01
  597 KSP Residual norm 8.173565781277e-04
  597 KSP preconditioned resid norm 8.173565781277e-04 true resid norm 8.173565781277e-04 ||r(i)||/||b|| 3.813792547383e-01
  598 KSP Residual norm 8.166383071110e-04
  598 KSP preconditioned resid norm 8.166383071110e-04 true resid norm 8.166383071110e-04 ||r(i)||/||b|| 3.810441088884e-01
  599 KSP Residual norm 8.159292809146e-04
  599 KSP preconditioned resid norm 8.159292809146e-04 true resid norm 8.159292809146e-04 ||r(i)||/||b|| 3.807132766793e-01
  600 KSP Residual norm 8.152302279592e-04
  600 KSP preconditioned resid norm 8.152302279592e-04 true resid norm 8.152302279592e-04 ||r(i)||/||b|| 3.803870979926e-01
  601 KSP Residual norm 8.145510598303e-04
  601 KSP preconditioned resid norm 8.145510598303e-04 true resid norm 8.145510598303e-04 ||r(i)||/||b|| 3.800701975825e-01
  602 KSP Residual norm 8.138682454216e-04
  602 KSP preconditioned resid norm 8.138682454216e-04 true resid norm 8.138682454216e-04 ||r(i)||/||b|| 3.797515958152e-01
  603 KSP Residual norm 8.131784278703e-04
  603 KSP preconditioned resid norm 8.131784278703e-04 true resid norm 8.131784278703e-04 ||r(i)||/||b|| 3.794297263758e-01
  604 KSP Residual norm 8.124820522539e-04
  604 KSP preconditioned resid norm 8.124820522539e-04 true resid norm 8.124820522539e-04 ||r(i)||/||b|| 3.791047969377e-01
  605 KSP Residual norm 8.117480628041e-04
  605 KSP preconditioned resid norm 8.117480628041e-04 true resid norm 8.117480628041e-04 ||r(i)||/||b|| 3.787623168539e-01
  606 KSP Residual norm 8.109020246161e-04
  606 KSP preconditioned resid norm 8.109020246161e-04 true resid norm 8.109020246160e-04 ||r(i)||/||b|| 3.783675547363e-01
  607 KSP Residual norm 8.100023227156e-04
  607 KSP preconditioned resid norm 8.100023227156e-04 true resid norm 8.100023227156e-04 ||r(i)||/||b|| 3.779477530862e-01
  608 KSP Residual norm 8.090841072271e-04
  608 KSP preconditioned resid norm 8.090841072271e-04 true resid norm 8.090841072271e-04 ||r(i)||/||b|| 3.775193129805e-01
  609 KSP Residual norm 8.082425734538e-04
  609 KSP preconditioned resid norm 8.082425734538e-04 true resid norm 8.082425734538e-04 ||r(i)||/||b|| 3.771266526265e-01
  610 KSP Residual norm 8.073277685347e-04
  610 KSP preconditioned resid norm 8.073277685347e-04 true resid norm 8.073277685347e-04 ||r(i)||/||b|| 3.766998038953e-01
  611 KSP Residual norm 8.064823406583e-04
  611 KSP preconditioned resid norm 8.064823406583e-04 true resid norm 8.064823406583e-04 ||r(i)||/||b|| 3.763053265496e-01
  612 KSP Residual norm 8.056500883053e-04
  612 KSP preconditioned resid norm 8.056500883053e-04 true resid norm 8.056500883053e-04 ||r(i)||/||b|| 3.759169969140e-01
  613 KSP Residual norm 8.047868712337e-04
  613 KSP preconditioned resid norm 8.047868712337e-04 true resid norm 8.047868712337e-04 ||r(i)||/||b|| 3.755142191151e-01
  614 KSP Residual norm 8.039014598670e-04
  614 KSP preconditioned resid norm 8.039014598670e-04 true resid norm 8.039014598670e-04 ||r(i)||/||b|| 3.751010854398e-01
  615 KSP Residual norm 8.030542652733e-04
  615 KSP preconditioned resid norm 8.030542652733e-04 true resid norm 8.030542652733e-04 ||r(i)||/||b|| 3.747057837424e-01
  616 KSP Residual norm 8.021580476546e-04
  616 KSP preconditioned resid norm 8.021580476546e-04 true resid norm 8.021580476546e-04 ||r(i)||/||b|| 3.742876078609e-01
  617 KSP Residual norm 8.012890821624e-04
  617 KSP preconditioned resid norm 8.012890821624e-04 true resid norm 8.012890821624e-04 ||r(i)||/||b|| 3.738821478443e-01
  618 KSP Residual norm 8.003874527406e-04
  618 KSP preconditioned resid norm 8.003874527406e-04 true resid norm 8.003874527406e-04 ||r(i)||/||b|| 3.734614468110e-01
  619 KSP Residual norm 7.995268368326e-04
  619 KSP preconditioned resid norm 7.995268368326e-04 true resid norm 7.995268368326e-04 ||r(i)||/||b|| 3.730598827172e-01
  620 KSP Residual norm 7.986175105306e-04
  620 KSP preconditioned resid norm 7.986175105306e-04 true resid norm 7.986175105306e-04 ||r(i)||/||b|| 3.726355903133e-01
  621 KSP Residual norm 7.977360357190e-04
  621 KSP preconditioned resid norm 7.977360357190e-04 true resid norm 7.977360357190e-04 ||r(i)||/||b|| 3.722242934379e-01
  622 KSP Residual norm 7.968251939874e-04
  622 KSP preconditioned resid norm 7.968251939874e-04 true resid norm 7.968251939874e-04 ||r(i)||/||b|| 3.717992939333e-01
  623 KSP Residual norm 7.959456001431e-04
  623 KSP preconditioned resid norm 7.959456001431e-04 true resid norm 7.959456001431e-04 ||r(i)||/||b|| 3.713888747187e-01
  624 KSP Residual norm 7.950380033495e-04
  624 KSP preconditioned resid norm 7.950380033495e-04 true resid norm 7.950380033495e-04 ||r(i)||/||b|| 3.709653893049e-01
  625 KSP Residual norm 7.941126765101e-04
  625 KSP preconditioned resid norm 7.941126765101e-04 true resid norm 7.941126765101e-04 ||r(i)||/||b|| 3.705336310370e-01
  626 KSP Residual norm 7.931618106125e-04
  626 KSP preconditioned resid norm 7.931618106125e-04 true resid norm 7.931618106125e-04 ||r(i)||/||b|| 3.700899562235e-01
  627 KSP Residual norm 7.921916934562e-04
  627 KSP preconditioned resid norm 7.921916934562e-04 true resid norm 7.921916934562e-04 ||r(i)||/||b|| 3.696372987567e-01
  628 KSP Residual norm 7.912091880140e-04
  628 KSP preconditioned resid norm 7.912091880140e-04 true resid norm 7.912091880140e-04 ||r(i)||/||b|| 3.691788609056e-01
  629 KSP Residual norm 7.902234781885e-04
  629 KSP preconditioned resid norm 7.902234781885e-04 true resid norm 7.902234781885e-04 ||r(i)||/||b|| 3.687189278865e-01
  630 KSP Residual norm 7.892663227572e-04
  630 KSP preconditioned resid norm 7.892663227572e-04 true resid norm 7.892663227572e-04 ||r(i)||/||b|| 3.682723183713e-01
  631 KSP Residual norm 7.883343559287e-04
  631 KSP preconditioned resid norm 7.883343559287e-04 true resid norm 7.883343559287e-04 ||r(i)||/||b|| 3.678374618791e-01
  632 KSP Residual norm 7.873808391030e-04
  632 KSP preconditioned resid norm 7.873808391030e-04 true resid norm 7.873808391030e-04 ||r(i)||/||b|| 3.673925501403e-01
  633 KSP Residual norm 7.864331094876e-04
  633 KSP preconditioned resid norm 7.864331094876e-04 true resid norm 7.864331094876e-04 ||r(i)||/||b|| 3.669503387186e-01
  634 KSP Residual norm 7.854980733308e-04
  634 KSP preconditioned resid norm 7.854980733308e-04 true resid norm 7.854980733308e-04 ||r(i)||/||b|| 3.665140500753e-01
  635 KSP Residual norm 7.845799195131e-04
  635 KSP preconditioned resid norm 7.845799195131e-04 true resid norm 7.845799195131e-04 ||r(i)||/||b|| 3.660856387452e-01
  636 KSP Residual norm 7.836824424420e-04
  636 KSP preconditioned resid norm 7.836824424420e-04 true resid norm 7.836824424420e-04 ||r(i)||/||b|| 3.656668752023e-01
  637 KSP Residual norm 7.828003034301e-04
  637 KSP preconditioned resid norm 7.828003034301e-04 true resid norm 7.828003034301e-04 ||r(i)||/||b|| 3.652552684104e-01
  638 KSP Residual norm 7.819456274391e-04
  638 KSP preconditioned resid norm 7.819456274391e-04 true resid norm 7.819456274391e-04 ||r(i)||/||b|| 3.648564758868e-01
  639 KSP Residual norm 7.810629201510e-04
  639 KSP preconditioned resid norm 7.810629201510e-04 true resid norm 7.810629201510e-04 ||r(i)||/||b|| 3.644446039368e-01
  640 KSP Residual norm 7.802150911440e-04
  640 KSP preconditioned resid norm 7.802150911440e-04 true resid norm 7.802150911440e-04 ||r(i)||/||b|| 3.640490062216e-01
  641 KSP Residual norm 7.793478893554e-04
  641 KSP preconditioned resid norm 7.793478893554e-04 true resid norm 7.793478893554e-04 ||r(i)||/||b|| 3.636443691504e-01
  642 KSP Residual norm 7.785322873100e-04
  642 KSP preconditioned resid norm 7.785322873100e-04 true resid norm 7.785322873100e-04 ||r(i)||/||b|| 3.632638085621e-01
  643 KSP Residual norm 7.776815681177e-04
  643 KSP preconditioned resid norm 7.776815681177e-04 true resid norm 7.776815681177e-04 ||r(i)||/||b|| 3.628668622840e-01
  644 KSP Residual norm 7.768609814674e-04
  644 KSP preconditioned resid norm 7.768609814674e-04 true resid norm 7.768609814674e-04 ||r(i)||/||b|| 3.624839758749e-01
  645 KSP Residual norm 7.760119292172e-04
  645 KSP preconditioned resid norm 7.760119292172e-04 true resid norm 7.760119292172e-04 ||r(i)||/||b|| 3.620878073934e-01
  646 KSP Residual norm 7.752046476026e-04
  646 KSP preconditioned resid norm 7.752046476026e-04 true resid norm 7.752046476026e-04 ||r(i)||/||b|| 3.617111291250e-01
  647 KSP Residual norm 7.743579932245e-04
  647 KSP preconditioned resid norm 7.743579932245e-04 true resid norm 7.743579932245e-04 ||r(i)||/||b|| 3.613160794926e-01
  648 KSP Residual norm 7.735330023996e-04
  648 KSP preconditioned resid norm 7.735330023996e-04 true resid norm 7.735330023996e-04 ||r(i)||/||b|| 3.609311380920e-01
  649 KSP Residual norm 7.727390872713e-04
  649 KSP preconditioned resid norm 7.727390872713e-04 true resid norm 7.727390872713e-04 ||r(i)||/||b|| 3.605606966371e-01
  650 KSP Residual norm 7.719397541114e-04
  650 KSP preconditioned resid norm 7.719397541114e-04 true resid norm 7.719397541114e-04 ||r(i)||/||b|| 3.601877271242e-01
  651 KSP Residual norm 7.710831684695e-04
  651 KSP preconditioned resid norm 7.710831684695e-04 true resid norm 7.710831684695e-04 ||r(i)||/||b|| 3.597880435559e-01
  652 KSP Residual norm 7.702999651441e-04
  652 KSP preconditioned resid norm 7.702999651441e-04 true resid norm 7.702999651441e-04 ||r(i)||/||b|| 3.594226002371e-01
  653 KSP Residual norm 7.694492265173e-04
  653 KSP preconditioned resid norm 7.694492265173e-04 true resid norm 7.694492265173e-04 ||r(i)||/||b|| 3.590256448909e-01
  654 KSP Residual norm 7.686158969839e-04
  654 KSP preconditioned resid norm 7.686158969839e-04 true resid norm 7.686158969839e-04 ||r(i)||/||b|| 3.586368126420e-01
  655 KSP Residual norm 7.678283719920e-04
  655 KSP preconditioned resid norm 7.678283719920e-04 true resid norm 7.678283719920e-04 ||r(i)||/||b|| 3.582693528301e-01
  656 KSP Residual norm 7.671388231450e-04
  656 KSP preconditioned resid norm 7.671388231450e-04 true resid norm 7.671388231450e-04 ||r(i)||/||b|| 3.579476087683e-01
  657 KSP Residual norm 7.664810877023e-04
  657 KSP preconditioned resid norm 7.664810877023e-04 true resid norm 7.664810877023e-04 ||r(i)||/||b|| 3.576407088672e-01
  658 KSP Residual norm 7.658290590855e-04
  658 KSP preconditioned resid norm 7.658290590855e-04 true resid norm 7.658290590855e-04 ||r(i)||/||b|| 3.573364717759e-01
  659 KSP Residual norm 7.651853076056e-04
  659 KSP preconditioned resid norm 7.651853076056e-04 true resid norm 7.651853076056e-04 ||r(i)||/||b|| 3.570360968034e-01
  660 KSP Residual norm 7.645495933335e-04
  660 KSP preconditioned resid norm 7.645495933335e-04 true resid norm 7.645495933335e-04 ||r(i)||/||b|| 3.567394719988e-01
  661 KSP Residual norm 7.639302369648e-04
  661 KSP preconditioned resid norm 7.639302369648e-04 true resid norm 7.639302369648e-04 ||r(i)||/||b|| 3.564504798053e-01
  662 KSP Residual norm 7.633082303262e-04
  662 KSP preconditioned resid norm 7.633082303262e-04 true resid norm 7.633082303262e-04 ||r(i)||/||b|| 3.561602509938e-01
  663 KSP Residual norm 7.626798333857e-04
  663 KSP preconditioned resid norm 7.626798333857e-04 true resid norm 7.626798333857e-04 ||r(i)||/||b|| 3.558670404621e-01
  664 KSP Residual norm 7.620458793456e-04
  664 KSP preconditioned resid norm 7.620458793456e-04 true resid norm 7.620458793456e-04 ||r(i)||/||b|| 3.555712369832e-01
  665 KSP Residual norm 7.613785603552e-04
  665 KSP preconditioned resid norm 7.613785603552e-04 true resid norm 7.613785603552e-04 ||r(i)||/||b|| 3.552598653908e-01
  666 KSP Residual norm 7.606125533481e-04
  666 KSP preconditioned resid norm 7.606125533481e-04 true resid norm 7.606125533481e-04 ||r(i)||/||b|| 3.549024458883e-01
  667 KSP Residual norm 7.597995638310e-04
  667 KSP preconditioned resid norm 7.597995638310e-04 true resid norm 7.597995638310e-04 ||r(i)||/||b|| 3.545231043079e-01
  668 KSP Residual norm 7.589699857979e-04
  668 KSP preconditioned resid norm 7.589699857979e-04 true resid norm 7.589699857980e-04 ||r(i)||/||b|| 3.541360225122e-01
  669 KSP Residual norm 7.582077787405e-04
  669 KSP preconditioned resid norm 7.582077787405e-04 true resid norm 7.582077787405e-04 ||r(i)||/||b|| 3.537803760694e-01
  670 KSP Residual norm 7.573802935608e-04
  670 KSP preconditioned resid norm 7.573802935608e-04 true resid norm 7.573802935608e-04 ||r(i)||/||b|| 3.533942708008e-01
  671 KSP Residual norm 7.566143024637e-04
  671 KSP preconditioned resid norm 7.566143024637e-04 true resid norm 7.566143024637e-04 ||r(i)||/||b|| 3.530368587220e-01
  672 KSP Residual norm 7.558583632301e-04
  672 KSP preconditioned resid norm 7.558583632301e-04 true resid norm 7.558583632301e-04 ||r(i)||/||b|| 3.526841368509e-01
  673 KSP Residual norm 7.550760157117e-04
  673 KSP preconditioned resid norm 7.550760157117e-04 true resid norm 7.550760157117e-04 ||r(i)||/||b|| 3.523190928524e-01
  674 KSP Residual norm 7.542732553226e-04
  674 KSP preconditioned resid norm 7.542732553226e-04 true resid norm 7.542732553226e-04 ||r(i)||/||b|| 3.519445241915e-01
  675 KSP Residual norm 7.535054127530e-04
  675 KSP preconditioned resid norm 7.535054127530e-04 true resid norm 7.535054127530e-04 ||r(i)||/||b|| 3.515862482141e-01
  676 KSP Residual norm 7.526934975267e-04
  676 KSP preconditioned resid norm 7.526934975267e-04 true resid norm 7.526934975267e-04 ||r(i)||/||b|| 3.512074078985e-01
  677 KSP Residual norm 7.519062977649e-04
  677 KSP preconditioned resid norm 7.519062977649e-04 true resid norm 7.519062977649e-04 ||r(i)||/||b|| 3.508400998392e-01
  678 KSP Residual norm 7.510902813778e-04
  678 KSP preconditioned resid norm 7.510902813778e-04 true resid norm 7.510902813778e-04 ||r(i)||/||b|| 3.504593459187e-01
  679 KSP Residual norm 7.503093312501e-04
  679 KSP preconditioned resid norm 7.503093312501e-04 true resid norm 7.503093312501e-04 ||r(i)||/||b|| 3.500949539438e-01
  680 KSP Residual norm 7.494857978828e-04
  680 KSP preconditioned resid norm 7.494857978828e-04 true resid norm 7.494857978828e-04 ||r(i)||/||b|| 3.497106925942e-01
  681 KSP Residual norm 7.486881656261e-04
  681 KSP preconditioned resid norm 7.486881656261e-04 true resid norm 7.486881656261e-04 ||r(i)||/||b|| 3.493385167241e-01
  682 KSP Residual norm 7.478627511632e-04
  682 KSP preconditioned resid norm 7.478627511632e-04 true resid norm 7.478627511632e-04 ||r(i)||/||b|| 3.489533776537e-01
  683 KSP Residual norm 7.470672880591e-04
  683 KSP preconditioned resid norm 7.470672880591e-04 true resid norm 7.470672880591e-04 ||r(i)||/||b|| 3.485822139120e-01
  684 KSP Residual norm 7.462465941451e-04
  684 KSP preconditioned resid norm 7.462465941451e-04 true resid norm 7.462465941451e-04 ||r(i)||/||b|| 3.481992774536e-01
  685 KSP Residual norm 7.454085587672e-04
  685 KSP preconditioned resid norm 7.454085587672e-04 true resid norm 7.454085587672e-04 ||r(i)||/||b|| 3.478082494538e-01
  686 KSP Residual norm 7.445449257094e-04
  686 KSP preconditioned resid norm 7.445449257094e-04 true resid norm 7.445449257094e-04 ||r(i)||/||b|| 3.474052775554e-01
  687 KSP Residual norm 7.436629275583e-04
  687 KSP preconditioned resid norm 7.436629275583e-04 true resid norm 7.436629275583e-04 ||r(i)||/||b|| 3.469937364893e-01
  688 KSP Residual norm 7.427692938878e-04
  688 KSP preconditioned resid norm 7.427692938878e-04 true resid norm 7.427692938878e-04 ||r(i)||/||b|| 3.465767662803e-01
  689 KSP Residual norm 7.418726279479e-04
  689 KSP preconditioned resid norm 7.418726279479e-04 true resid norm 7.418726279479e-04 ||r(i)||/||b|| 3.461583812118e-01
  690 KSP Residual norm 7.410006799432e-04
  690 KSP preconditioned resid norm 7.410006799432e-04 true resid norm 7.410006799432e-04 ||r(i)||/||b|| 3.457515295523e-01
  691 KSP Residual norm 7.401496712791e-04
  691 KSP preconditioned resid norm 7.401496712791e-04 true resid norm 7.401496712791e-04 ||r(i)||/||b|| 3.453544482065e-01
  692 KSP Residual norm 7.392799732306e-04
  692 KSP preconditioned resid norm 7.392799732306e-04 true resid norm 7.392799732306e-04 ||r(i)||/||b|| 3.449486463784e-01
  693 KSP Residual norm 7.384156066052e-04
  693 KSP preconditioned resid norm 7.384156066052e-04 true resid norm 7.384156066052e-04 ||r(i)||/||b|| 3.445453321968e-01
  694 KSP Residual norm 7.375633596668e-04
  694 KSP preconditioned resid norm 7.375633596668e-04 true resid norm 7.375633596668e-04 ||r(i)||/||b|| 3.441476730711e-01
  695 KSP Residual norm 7.367274745454e-04
  695 KSP preconditioned resid norm 7.367274745454e-04 true resid norm 7.367274745454e-04 ||r(i)||/||b|| 3.437576483827e-01
  696 KSP Residual norm 7.359134229820e-04
  696 KSP preconditioned resid norm 7.359134229820e-04 true resid norm 7.359134229820e-04 ||r(i)||/||b|| 3.433778112506e-01
  697 KSP Residual norm 7.351147751285e-04
  697 KSP preconditioned resid norm 7.351147751285e-04 true resid norm 7.351147751285e-04 ||r(i)||/||b|| 3.430051615022e-01
  698 KSP Residual norm 7.343410267243e-04
  698 KSP preconditioned resid norm 7.343410267243e-04 true resid norm 7.343410267243e-04 ||r(i)||/||b|| 3.426441298575e-01
  699 KSP Residual norm 7.335400664665e-04
  699 KSP preconditioned resid norm 7.335400664665e-04 true resid norm 7.335400664665e-04 ||r(i)||/||b|| 3.422704011394e-01
  700 KSP Residual norm 7.327716756521e-04
  700 KSP preconditioned resid norm 7.327716756521e-04 true resid norm 7.327716756521e-04 ||r(i)||/||b|| 3.419118693504e-01
  701 KSP Residual norm 7.319844883752e-04
  701 KSP preconditioned resid norm 7.319844883752e-04 true resid norm 7.319844883752e-04 ||r(i)||/||b|| 3.415445671166e-01
  702 KSP Residual norm 7.312424869288e-04
  702 KSP preconditioned resid norm 7.312424869288e-04 true resid norm 7.312424869288e-04 ||r(i)||/||b|| 3.411983486286e-01
  703 KSP Residual norm 7.304702329188e-04
  703 KSP preconditioned resid norm 7.304702329188e-04 true resid norm 7.304702329188e-04 ||r(i)||/||b|| 3.408380142694e-01
  704 KSP Residual norm 7.297250480895e-04
  704 KSP preconditioned resid norm 7.297250480895e-04 true resid norm 7.297250480895e-04 ||r(i)||/||b|| 3.404903104123e-01
  705 KSP Residual norm 7.289542499881e-04
  705 KSP preconditioned resid norm 7.289542499881e-04 true resid norm 7.289542499880e-04 ||r(i)||/||b|| 3.401306553812e-01
  706 KSP Residual norm 7.282216606703e-04
  706 KSP preconditioned resid norm 7.282216606703e-04 true resid norm 7.282216606703e-04 ||r(i)||/||b|| 3.397888286002e-01
  707 KSP Residual norm 7.274533862451e-04
  707 KSP preconditioned resid norm 7.274533862451e-04 true resid norm 7.274533862451e-04 ||r(i)||/||b|| 3.394303511186e-01
  708 KSP Residual norm 7.267053023768e-04
  708 KSP preconditioned resid norm 7.267053023768e-04 true resid norm 7.267053023768e-04 ||r(i)||/||b|| 3.390812945675e-01
  709 KSP Residual norm 7.259836664053e-04
  709 KSP preconditioned resid norm 7.259836664053e-04 true resid norm 7.259836664053e-04 ||r(i)||/||b|| 3.387445786269e-01
  710 KSP Residual norm 7.252584514823e-04
  710 KSP preconditioned resid norm 7.252584514823e-04 true resid norm 7.252584514823e-04 ||r(i)||/||b|| 3.384061927446e-01
  711 KSP Residual norm 7.244818681263e-04
  711 KSP preconditioned resid norm 7.244818681263e-04 true resid norm 7.244818681263e-04 ||r(i)||/||b|| 3.380438383090e-01
  712 KSP Residual norm 7.237708798042e-04
  712 KSP preconditioned resid norm 7.237708798042e-04 true resid norm 7.237708798042e-04 ||r(i)||/||b|| 3.377120905704e-01
  713 KSP Residual norm 7.230000858425e-04
  713 KSP preconditioned resid norm 7.230000858425e-04 true resid norm 7.230000858425e-04 ||r(i)||/||b|| 3.373524374710e-01
  714 KSP Residual norm 7.222451672398e-04
  714 KSP preconditioned resid norm 7.222451672398e-04 true resid norm 7.222451672397e-04 ||r(i)||/||b|| 3.370001918271e-01
  715 KSP Residual norm 7.215308455441e-04
  715 KSP preconditioned resid norm 7.215308455441e-04 true resid norm 7.215308455441e-04 ||r(i)||/||b|| 3.366668887337e-01
  716 KSP Residual norm 7.209036976444e-04
  716 KSP preconditioned resid norm 7.209036976444e-04 true resid norm 7.209036976444e-04 ||r(i)||/||b|| 3.363742610055e-01
  717 KSP Residual norm 7.203048989458e-04
  717 KSP preconditioned resid norm 7.203048989458e-04 true resid norm 7.203048989458e-04 ||r(i)||/||b|| 3.360948610379e-01
  718 KSP Residual norm 7.197110811430e-04
  718 KSP preconditioned resid norm 7.197110811430e-04 true resid norm 7.197110811430e-04 ||r(i)||/||b|| 3.358177851605e-01
  719 KSP Residual norm 7.191246241230e-04
  719 KSP preconditioned resid norm 7.191246241230e-04 true resid norm 7.191246241230e-04 ||r(i)||/||b|| 3.355441438304e-01
  720 KSP Residual norm 7.185446312705e-04
  720 KSP preconditioned resid norm 7.185446312705e-04 true resid norm 7.185446312705e-04 ||r(i)||/||b|| 3.352735186861e-01
  721 KSP Residual norm 7.179782576345e-04
  721 KSP preconditioned resid norm 7.179782576345e-04 true resid norm 7.179782576345e-04 ||r(i)||/||b|| 3.350092482796e-01
  722 KSP Residual norm 7.174100229521e-04
  722 KSP preconditioned resid norm 7.174100229521e-04 true resid norm 7.174100229521e-04 ||r(i)||/||b|| 3.347441095072e-01
  723 KSP Residual norm 7.168360285722e-04
  723 KSP preconditioned resid norm 7.168360285722e-04 true resid norm 7.168360285722e-04 ||r(i)||/||b|| 3.344762832553e-01
  724 KSP Residual norm 7.162573326634e-04
  724 KSP preconditioned resid norm 7.162573326634e-04 true resid norm 7.162573326634e-04 ||r(i)||/||b|| 3.342062632661e-01
  725 KSP Residual norm 7.156489207254e-04
  725 KSP preconditioned resid norm 7.156489207254e-04 true resid norm 7.156489207254e-04 ||r(i)||/||b|| 3.339223777530e-01
  726 KSP Residual norm 7.149530088939e-04
  726 KSP preconditioned resid norm 7.149530088939e-04 true resid norm 7.149530088939e-04 ||r(i)||/||b|| 3.335976647174e-01
  727 KSP Residual norm 7.142156030991e-04
  727 KSP preconditioned resid norm 7.142156030991e-04 true resid norm 7.142156030991e-04 ||r(i)||/||b|| 3.332535905643e-01
  728 KSP Residual norm 7.134631982223e-04
  728 KSP preconditioned resid norm 7.134631982223e-04 true resid norm 7.134631982223e-04 ||r(i)||/||b|| 3.329025178270e-01
  729 KSP Residual norm 7.127703736635e-04
  729 KSP preconditioned resid norm 7.127703736635e-04 true resid norm 7.127703736635e-04 ||r(i)||/||b|| 3.325792453154e-01
  730 KSP Residual norm 7.120190372124e-04
  730 KSP preconditioned resid norm 7.120190372124e-04 true resid norm 7.120190372124e-04 ||r(i)||/||b|| 3.322286711065e-01
  731 KSP Residual norm 7.113225548245e-04
  731 KSP preconditioned resid norm 7.113225548245e-04 true resid norm 7.113225548245e-04 ||r(i)||/||b|| 3.319036918488e-01
  732 KSP Residual norm 7.106337643186e-04
  732 KSP preconditioned resid norm 7.106337643186e-04 true resid norm 7.106337643186e-04 ||r(i)||/||b|| 3.315823016296e-01
  733 KSP Residual norm 7.099223254178e-04
  733 KSP preconditioned resid norm 7.099223254178e-04 true resid norm 7.099223254178e-04 ||r(i)||/||b|| 3.312503436506e-01
  734 KSP Residual norm 7.091921043456e-04
  734 KSP preconditioned resid norm 7.091921043456e-04 true resid norm 7.091921043456e-04 ||r(i)||/||b|| 3.309096218950e-01
  735 KSP Residual norm 7.084938599922e-04
  735 KSP preconditioned resid norm 7.084938599922e-04 true resid norm 7.084938599922e-04 ||r(i)||/||b|| 3.305838205027e-01
  736 KSP Residual norm 7.077558079982e-04
  736 KSP preconditioned resid norm 7.077558079982e-04 true resid norm 7.077558079982e-04 ||r(i)||/||b|| 3.302394448324e-01
  737 KSP Residual norm 7.070402499535e-04
  737 KSP preconditioned resid norm 7.070402499535e-04 true resid norm 7.070402499535e-04 ||r(i)||/||b|| 3.299055648575e-01
  738 KSP Residual norm 7.062990413920e-04
  738 KSP preconditioned resid norm 7.062990413920e-04 true resid norm 7.062990413920e-04 ||r(i)||/||b|| 3.295597163303e-01
  739 KSP Residual norm 7.055880239863e-04
  739 KSP preconditioned resid norm 7.055880239863e-04 true resid norm 7.055880239863e-04 ||r(i)||/||b|| 3.292279550213e-01
  740 KSP Residual norm 7.048394625526e-04
  740 KSP preconditioned resid norm 7.048394625526e-04 true resid norm 7.048394625526e-04 ||r(i)||/||b|| 3.288786756377e-01
  741 KSP Residual norm 7.041150040617e-04
  741 KSP preconditioned resid norm 7.041150040617e-04 true resid norm 7.041150040617e-04 ||r(i)||/||b|| 3.285406427073e-01
  742 KSP Residual norm 7.033643670741e-04
  742 KSP preconditioned resid norm 7.033643670741e-04 true resid norm 7.033643670741e-04 ||r(i)||/||b|| 3.281903948686e-01
  743 KSP Residual norm 7.026423079738e-04
  743 KSP preconditioned resid norm 7.026423079738e-04 true resid norm 7.026423079738e-04 ||r(i)||/||b|| 3.278534814958e-01
  744 KSP Residual norm 7.018974629643e-04
  744 KSP preconditioned resid norm 7.018974629643e-04 true resid norm 7.018974629643e-04 ||r(i)||/||b|| 3.275059361988e-01
  745 KSP Residual norm 7.011359079726e-04
  745 KSP preconditioned resid norm 7.011359079726e-04 true resid norm 7.011359079726e-04 ||r(i)||/||b|| 3.271505940104e-01
  746 KSP Residual norm 7.003491222785e-04
  746 KSP preconditioned resid norm 7.003491222785e-04 true resid norm 7.003491222785e-04 ||r(i)||/||b|| 3.267834791555e-01
  747 KSP Residual norm 6.995448619295e-04
  747 KSP preconditioned resid norm 6.995448619295e-04 true resid norm 6.995448619295e-04 ||r(i)||/||b|| 3.264082106121e-01
  748 KSP Residual norm 6.987296070559e-04
  748 KSP preconditioned resid norm 6.987296070559e-04 true resid norm 6.987296070559e-04 ||r(i)||/||b|| 3.260278120144e-01
  749 KSP Residual norm 6.979113684286e-04
  749 KSP preconditioned resid norm 6.979113684286e-04 true resid norm 6.979113684286e-04 ||r(i)||/||b|| 3.256460211948e-01
  750 KSP Residual norm 6.971146208378e-04
  750 KSP preconditioned resid norm 6.971146208378e-04 true resid norm 6.971146208378e-04 ||r(i)||/||b|| 3.252742581105e-01
  751 KSP Residual norm 6.963354662671e-04
  751 KSP preconditioned resid norm 6.963354662671e-04 true resid norm 6.963354662671e-04 ||r(i)||/||b|| 3.249107039441e-01
  752 KSP Residual norm 6.955400223391e-04
  752 KSP preconditioned resid norm 6.955400223391e-04 true resid norm 6.955400223391e-04 ||r(i)||/||b|| 3.245395491500e-01
  753 KSP Residual norm 6.947496046437e-04
  753 KSP preconditioned resid norm 6.947496046437e-04 true resid norm 6.947496046437e-04 ||r(i)||/||b|| 3.241707396002e-01
  754 KSP Residual norm 6.939707639190e-04
  754 KSP preconditioned resid norm 6.939707639190e-04 true resid norm 6.939707639190e-04 ||r(i)||/||b|| 3.238073318745e-01
  755 KSP Residual norm 6.932077030003e-04
  755 KSP preconditioned resid norm 6.932077030003e-04 true resid norm 6.932077030003e-04 ||r(i)||/||b|| 3.234512870193e-01
  756 KSP Residual norm 6.924669298161e-04
  756 KSP preconditioned resid norm 6.924669298161e-04 true resid norm 6.924669298161e-04 ||r(i)||/||b|| 3.231056416394e-01
  757 KSP Residual norm 6.917412918870e-04
  757 KSP preconditioned resid norm 6.917412918870e-04 true resid norm 6.917412918870e-04 ||r(i)||/||b|| 3.227670583821e-01
  758 KSP Residual norm 6.910382580279e-04
  758 KSP preconditioned resid norm 6.910382580279e-04 true resid norm 6.910382580279e-04 ||r(i)||/||b|| 3.224390222026e-01
  759 KSP Residual norm 6.903090174459e-04
  759 KSP preconditioned resid norm 6.903090174459e-04 true resid norm 6.903090174459e-04 ||r(i)||/||b|| 3.220987579444e-01
  760 KSP Residual norm 6.896101330617e-04
  760 KSP preconditioned resid norm 6.896101330617e-04 true resid norm 6.896101330617e-04 ||r(i)||/||b|| 3.217726579132e-01
  761 KSP Residual norm 6.888931867333e-04
  761 KSP preconditioned resid norm 6.888931867333e-04 true resid norm 6.888931867333e-04 ||r(i)||/||b|| 3.214381301640e-01
  762 KSP Residual norm 6.882161180820e-04
  762 KSP preconditioned resid norm 6.882161180820e-04 true resid norm 6.882161180820e-04 ||r(i)||/||b|| 3.211222093718e-01
  763 KSP Residual norm 6.875128368739e-04
  763 KSP preconditioned resid norm 6.875128368739e-04 true resid norm 6.875128368739e-04 ||r(i)||/||b|| 3.207940577790e-01
  764 KSP Residual norm 6.868339993472e-04
  764 KSP preconditioned resid norm 6.868339993472e-04 true resid norm 6.868339993472e-04 ||r(i)||/||b|| 3.204773116282e-01
  765 KSP Residual norm 6.861320173495e-04
  765 KSP preconditioned resid norm 6.861320173495e-04 true resid norm 6.861320173495e-04 ||r(i)||/||b|| 3.201497662480e-01
  766 KSP Residual norm 6.854650535213e-04
  766 KSP preconditioned resid norm 6.854650535213e-04 true resid norm 6.854650535213e-04 ||r(i)||/||b|| 3.198385603746e-01
  767 KSP Residual norm 6.847656386287e-04
  767 KSP preconditioned resid norm 6.847656386287e-04 true resid norm 6.847656386287e-04 ||r(i)||/||b|| 3.195122128078e-01
  768 KSP Residual norm 6.840849803658e-04
  768 KSP preconditioned resid norm 6.840849803658e-04 true resid norm 6.840849803658e-04 ||r(i)||/||b|| 3.191946170999e-01
  769 KSP Residual norm 6.834269754882e-04
  769 KSP preconditioned resid norm 6.834269754882e-04 true resid norm 6.834269754881e-04 ||r(i)||/||b|| 3.188875914803e-01
  770 KSP Residual norm 6.827667264346e-04
  770 KSP preconditioned resid norm 6.827667264346e-04 true resid norm 6.827667264346e-04 ||r(i)||/||b|| 3.185795187263e-01
  771 KSP Residual norm 6.820601908981e-04
  771 KSP preconditioned resid norm 6.820601908981e-04 true resid norm 6.820601908981e-04 ||r(i)||/||b|| 3.182498486612e-01
  772 KSP Residual norm 6.814125945964e-04
  772 KSP preconditioned resid norm 6.814125945964e-04 true resid norm 6.814125945964e-04 ||r(i)||/||b|| 3.179476796917e-01
  773 KSP Residual norm 6.807117687100e-04
  773 KSP preconditioned resid norm 6.807117687100e-04 true resid norm 6.807117687100e-04 ||r(i)||/||b|| 3.176206737540e-01
  774 KSP Residual norm 6.800254896064e-04
  774 KSP preconditioned resid norm 6.800254896064e-04 true resid norm 6.800254896064e-04 ||r(i)||/||b|| 3.173004553572e-01
  775 KSP Residual norm 6.793754509276e-04
  775 KSP preconditioned resid norm 6.793754509276e-04 true resid norm 6.793754509276e-04 ||r(i)||/||b|| 3.169971467725e-01
  776 KSP Residual norm 6.788033807023e-04
  776 KSP preconditioned resid norm 6.788033807023e-04 true resid norm 6.788033807023e-04 ||r(i)||/||b|| 3.167302183327e-01
  777 KSP Residual norm 6.782566799396e-04
  777 KSP preconditioned resid norm 6.782566799396e-04 true resid norm 6.782566799396e-04 ||r(i)||/||b|| 3.164751273051e-01
  778 KSP Residual norm 6.777142926774e-04
  778 KSP preconditioned resid norm 6.777142926774e-04 true resid norm 6.777142926774e-04 ||r(i)||/||b|| 3.162220489604e-01
  779 KSP Residual norm 6.771784181401e-04
  779 KSP preconditioned resid norm 6.771784181401e-04 true resid norm 6.771784181401e-04 ||r(i)||/||b|| 3.159720094585e-01
  780 KSP Residual norm 6.766477224382e-04
  780 KSP preconditioned resid norm 6.766477224382e-04 true resid norm 6.766477224382e-04 ||r(i)||/||b|| 3.157243864055e-01
  781 KSP Residual norm 6.761284828033e-04
  781 KSP preconditioned resid norm 6.761284828033e-04 true resid norm 6.761284828033e-04 ||r(i)||/||b|| 3.154821087627e-01
  782 KSP Residual norm 6.756080080432e-04
  782 KSP preconditioned resid norm 6.756080080432e-04 true resid norm 6.756080080432e-04 ||r(i)||/||b|| 3.152392548096e-01
  783 KSP Residual norm 6.750823868125e-04
  783 KSP preconditioned resid norm 6.750823868125e-04 true resid norm 6.750823868125e-04 ||r(i)||/||b|| 3.149939995091e-01
  784 KSP Residual norm 6.745528019551e-04
  784 KSP preconditioned resid norm 6.745528019551e-04 true resid norm 6.745528019551e-04 ||r(i)||/||b|| 3.147468947770e-01
  785 KSP Residual norm 6.739966500631e-04
  785 KSP preconditioned resid norm 6.739966500631e-04 true resid norm 6.739966500631e-04 ||r(i)||/||b|| 3.144873938447e-01
  786 KSP Residual norm 6.733624604908e-04
  786 KSP preconditioned resid norm 6.733624604908e-04 true resid norm 6.733624604908e-04 ||r(i)||/||b|| 3.141914804662e-01
  787 KSP Residual norm 6.726913516795e-04
  787 KSP preconditioned resid norm 6.726913516795e-04 true resid norm 6.726913516795e-04 ||r(i)||/||b|| 3.138783405403e-01
  788 KSP Residual norm 6.720065832549e-04
  788 KSP preconditioned resid norm 6.720065832549e-04 true resid norm 6.720065832549e-04 ||r(i)||/||b|| 3.135588270275e-01
  789 KSP Residual norm 6.713748062759e-04
  789 KSP preconditioned resid norm 6.713748062759e-04 true resid norm 6.713748062759e-04 ||r(i)||/||b|| 3.132640393671e-01
  790 KSP Residual norm 6.706903058749e-04
  790 KSP preconditioned resid norm 6.706903058749e-04 true resid norm 6.706903058749e-04 ||r(i)||/||b|| 3.129446509144e-01
  791 KSP Residual norm 6.700550102327e-04
  791 KSP preconditioned resid norm 6.700550102327e-04 true resid norm 6.700550102327e-04 ||r(i)||/||b|| 3.126482214428e-01
  792 KSP Residual norm 6.694256072935e-04
  792 KSP preconditioned resid norm 6.694256072935e-04 true resid norm 6.694256072935e-04 ||r(i)||/||b|| 3.123545415113e-01
  793 KSP Residual norm 6.687766810787e-04
  793 KSP preconditioned resid norm 6.687766810787e-04 true resid norm 6.687766810787e-04 ||r(i)||/||b|| 3.120517520032e-01
  794 KSP Residual norm 6.681104583088e-04
  794 KSP preconditioned resid norm 6.681104583088e-04 true resid norm 6.681104583088e-04 ||r(i)||/||b|| 3.117408919083e-01
  795 KSP Residual norm 6.674735818956e-04
  795 KSP preconditioned resid norm 6.674735818956e-04 true resid norm 6.674735818956e-04 ||r(i)||/||b|| 3.114437248477e-01
  796 KSP Residual norm 6.668006031871e-04
  796 KSP preconditioned resid norm 6.668006031871e-04 true resid norm 6.668006031871e-04 ||r(i)||/||b|| 3.111297124262e-01
  797 KSP Residual norm 6.661481626189e-04
  797 KSP preconditioned resid norm 6.661481626189e-04 true resid norm 6.661481626189e-04 ||r(i)||/||b|| 3.108252831180e-01
  798 KSP Residual norm 6.654727195030e-04
  798 KSP preconditioned resid norm 6.654727195030e-04 true resid norm 6.654727195030e-04 ||r(i)||/||b|| 3.105101208020e-01
  799 KSP Residual norm 6.648234299347e-04
  799 KSP preconditioned resid norm 6.648234299347e-04 true resid norm 6.648234299347e-04 ||r(i)||/||b|| 3.102071617529e-01
  800 KSP Residual norm 6.641407921485e-04
  800 KSP preconditioned resid norm 6.641407921485e-04 true resid norm 6.641407921485e-04 ||r(i)||/||b|| 3.098886423978e-01
  801 KSP Residual norm 6.634805937593e-04
  801 KSP preconditioned resid norm 6.634805937593e-04 true resid norm 6.634805937593e-04 ||r(i)||/||b|| 3.095805932838e-01
  802 KSP Residual norm 6.627957918982e-04
  802 KSP preconditioned resid norm 6.627957918982e-04 true resid norm 6.627957918982e-04 ||r(i)||/||b|| 3.092610641696e-01
  803 KSP Residual norm 6.621381707196e-04
  803 KSP preconditioned resid norm 6.621381707196e-04 true resid norm 6.621381707196e-04 ||r(i)||/||b|| 3.089542175843e-01
  804 KSP Residual norm 6.614599206880e-04
  804 KSP preconditioned resid norm 6.614599206880e-04 true resid norm 6.614599206880e-04 ||r(i)||/||b|| 3.086377455591e-01
  805 KSP Residual norm 6.607657243296e-04
  805 KSP preconditioned resid norm 6.607657243296e-04 true resid norm 6.607657243296e-04 ||r(i)||/||b|| 3.083138329647e-01
  806 KSP Residual norm 6.600469466430e-04
  806 KSP preconditioned resid norm 6.600469466430e-04 true resid norm 6.600469466430e-04 ||r(i)||/||b|| 3.079784507021e-01
  807 KSP Residual norm 6.593115758735e-04
  807 KSP preconditioned resid norm 6.593115758735e-04 true resid norm 6.593115758735e-04 ||r(i)||/||b|| 3.076353260934e-01
  808 KSP Residual norm 6.585657670893e-04
  808 KSP preconditioned resid norm 6.585657670893e-04 true resid norm 6.585657670893e-04 ||r(i)||/||b|| 3.072873310985e-01
  809 KSP Residual norm 6.578169582088e-04
  809 KSP preconditioned resid norm 6.578169582088e-04 true resid norm 6.578169582088e-04 ||r(i)||/||b|| 3.069379362561e-01
  810 KSP Residual norm 6.570869124795e-04
  810 KSP preconditioned resid norm 6.570869124795e-04 true resid norm 6.570869124795e-04 ||r(i)||/||b|| 3.065972963156e-01
  811 KSP Residual norm 6.563717844723e-04
  811 KSP preconditioned resid norm 6.563717844723e-04 true resid norm 6.563717844723e-04 ||r(i)||/||b|| 3.062636169965e-01
  812 KSP Residual norm 6.556423906409e-04
  812 KSP preconditioned resid norm 6.556423906409e-04 true resid norm 6.556423906409e-04 ||r(i)||/||b|| 3.059232812321e-01
  813 KSP Residual norm 6.549178066780e-04
  813 KSP preconditioned resid norm 6.549178066780e-04 true resid norm 6.549178066780e-04 ||r(i)||/||b|| 3.055851897563e-01
  814 KSP Residual norm 6.542042862298e-04
  814 KSP preconditioned resid norm 6.542042862298e-04 true resid norm 6.542042862298e-04 ||r(i)||/||b|| 3.052522605256e-01
  815 KSP Residual norm 6.535059240696e-04
  815 KSP preconditioned resid norm 6.535059240696e-04 true resid norm 6.535059240696e-04 ||r(i)||/||b|| 3.049264041645e-01
  816 KSP Residual norm 6.528298211938e-04
  816 KSP preconditioned resid norm 6.528298211938e-04 true resid norm 6.528298211938e-04 ||r(i)||/||b|| 3.046109340040e-01
  817 KSP Residual norm 6.521683834392e-04
  817 KSP preconditioned resid norm 6.521683834392e-04 true resid norm 6.521683834392e-04 ||r(i)||/||b|| 3.043023066012e-01
  818 KSP Residual norm 6.515275010018e-04
  818 KSP preconditioned resid norm 6.515275010018e-04 true resid norm 6.515275010018e-04 ||r(i)||/||b|| 3.040032703263e-01
  819 KSP Residual norm 6.508615191460e-04
  819 KSP preconditioned resid norm 6.508615191460e-04 true resid norm 6.508615191460e-04 ||r(i)||/||b|| 3.036925226421e-01
  820 KSP Residual norm 6.502238042456e-04
  820 KSP preconditioned resid norm 6.502238042456e-04 true resid norm 6.502238042456e-04 ||r(i)||/||b|| 3.033949643426e-01
  821 KSP Residual norm 6.495688490485e-04
  821 KSP preconditioned resid norm 6.495688490485e-04 true resid norm 6.495688490485e-04 ||r(i)||/||b|| 3.030893617065e-01
  822 KSP Residual norm 6.489493271309e-04
  822 KSP preconditioned resid norm 6.489493271309e-04 true resid norm 6.489493271309e-04 ||r(i)||/||b|| 3.028002922678e-01
  823 KSP Residual norm 6.483069716490e-04
  823 KSP preconditioned resid norm 6.483069716490e-04 true resid norm 6.483069716490e-04 ||r(i)||/||b|| 3.025005686692e-01
  824 KSP Residual norm 6.476867858756e-04
  824 KSP preconditioned resid norm 6.476867858756e-04 true resid norm 6.476867858755e-04 ||r(i)||/||b|| 3.022111894748e-01
  825 KSP Residual norm 6.470456050112e-04
  825 KSP preconditioned resid norm 6.470456050112e-04 true resid norm 6.470456050112e-04 ||r(i)||/||b|| 3.019120139537e-01
  826 KSP Residual norm 6.464365803386e-04
  826 KSP preconditioned resid norm 6.464365803386e-04 true resid norm 6.464365803386e-04 ||r(i)||/||b|| 3.016278425382e-01
  827 KSP Residual norm 6.457979582965e-04
  827 KSP preconditioned resid norm 6.457979582965e-04 true resid norm 6.457979582965e-04 ||r(i)||/||b|| 3.013298609657e-01
  828 KSP Residual norm 6.451767310563e-04
  828 KSP preconditioned resid norm 6.451767310563e-04 true resid norm 6.451767310563e-04 ||r(i)||/||b|| 3.010399958221e-01
  829 KSP Residual norm 6.445750182822e-04
  829 KSP preconditioned resid norm 6.445750182822e-04 true resid norm 6.445750182822e-04 ||r(i)||/||b|| 3.007592361445e-01
  830 KSP Residual norm 6.439720324397e-04
  830 KSP preconditioned resid norm 6.439720324397e-04 true resid norm 6.439720324397e-04 ||r(i)||/||b|| 3.004778824522e-01
  831 KSP Residual norm 6.433271717354e-04
  831 KSP preconditioned resid norm 6.433271717354e-04 true resid norm 6.433271717354e-04 ||r(i)||/||b|| 3.001769899147e-01
  832 KSP Residual norm 6.427355131613e-04
  832 KSP preconditioned resid norm 6.427355131613e-04 true resid norm 6.427355131613e-04 ||r(i)||/||b|| 2.999009215351e-01
  833 KSP Residual norm 6.420962586261e-04
  833 KSP preconditioned resid norm 6.420962586261e-04 true resid norm 6.420962586261e-04 ||r(i)||/||b|| 2.996026448408e-01
  834 KSP Residual norm 6.414703838126e-04
  834 KSP preconditioned resid norm 6.414703838126e-04 true resid norm 6.414703838126e-04 ||r(i)||/||b|| 2.993106111356e-01
  835 KSP Residual norm 6.408770595508e-04
  835 KSP preconditioned resid norm 6.408770595508e-04 true resid norm 6.408770595508e-04 ||r(i)||/||b|| 2.990337655448e-01
  836 KSP Residual norm 6.403538022292e-04
  836 KSP preconditioned resid norm 6.403538022292e-04 true resid norm 6.403538022292e-04 ||r(i)||/||b|| 2.987896132462e-01
  837 KSP Residual norm 6.398533400369e-04
  837 KSP preconditioned resid norm 6.398533400369e-04 true resid norm 6.398533400369e-04 ||r(i)||/||b|| 2.985560971737e-01
  838 KSP Residual norm 6.393565870128e-04
  838 KSP preconditioned resid norm 6.393565870128e-04 true resid norm 6.393565870128e-04 ||r(i)||/||b|| 2.983243118022e-01
  839 KSP Residual norm 6.388655769797e-04
  839 KSP preconditioned resid norm 6.388655769797e-04 true resid norm 6.388655769797e-04 ||r(i)||/||b|| 2.980952061150e-01
  840 KSP Residual norm 6.383786945070e-04
  840 KSP preconditioned resid norm 6.383786945070e-04 true resid norm 6.383786945070e-04 ||r(i)||/||b|| 2.978680263509e-01
  841 KSP Residual norm 6.379015352080e-04
  841 KSP preconditioned resid norm 6.379015352080e-04 true resid norm 6.379015352080e-04 ||r(i)||/||b|| 2.976453834278e-01
  842 KSP Residual norm 6.374236348571e-04
  842 KSP preconditioned resid norm 6.374236348571e-04 true resid norm 6.374236348571e-04 ||r(i)||/||b|| 2.974223947291e-01
  843 KSP Residual norm 6.369411610873e-04
  843 KSP preconditioned resid norm 6.369411610873e-04 true resid norm 6.369411610873e-04 ||r(i)||/||b|| 2.971972720695e-01
  844 KSP Residual norm 6.364553590058e-04
  844 KSP preconditioned resid norm 6.364553590058e-04 true resid norm 6.364553590058e-04 ||r(i)||/||b|| 2.969705964169e-01
  845 KSP Residual norm 6.359457160871e-04
  845 KSP preconditioned resid norm 6.359457160871e-04 true resid norm 6.359457160871e-04 ||r(i)||/||b|| 2.967327966098e-01
  846 KSP Residual norm 6.353661039148e-04
  846 KSP preconditioned resid norm 6.353661039148e-04 true resid norm 6.353661039148e-04 ||r(i)||/||b|| 2.964623490913e-01
  847 KSP Residual norm 6.347534331722e-04
  847 KSP preconditioned resid norm 6.347534331722e-04 true resid norm 6.347534331722e-04 ||r(i)||/||b|| 2.961764764166e-01
  848 KSP Residual norm 6.341282540988e-04
  848 KSP preconditioned resid norm 6.341282540988e-04 true resid norm 6.341282540988e-04 ||r(i)||/||b|| 2.958847673443e-01
  849 KSP Residual norm 6.335504485308e-04
  849 KSP preconditioned resid norm 6.335504485308e-04 true resid norm 6.335504485308e-04 ||r(i)||/||b|| 2.956151627889e-01
  850 KSP Residual norm 6.329249174212e-04
  850 KSP preconditioned resid norm 6.329249174212e-04 true resid norm 6.329249174212e-04 ||r(i)||/||b|| 2.953232894563e-01
  851 KSP Residual norm 6.323437431087e-04
  851 KSP preconditioned resid norm 6.323437431087e-04 true resid norm 6.323437431087e-04 ||r(i)||/||b|| 2.950521130418e-01
  852 KSP Residual norm 6.317670773687e-04
  852 KSP preconditioned resid norm 6.317670773687e-04 true resid norm 6.317670773687e-04 ||r(i)||/||b|| 2.947830403310e-01
  853 KSP Residual norm 6.311735002526e-04
  853 KSP preconditioned resid norm 6.311735002526e-04 true resid norm 6.311735002526e-04 ||r(i)||/||b|| 2.945060767582e-01
  854 KSP Residual norm 6.305639734818e-04
  854 KSP preconditioned resid norm 6.305639734818e-04 true resid norm 6.305639734818e-04 ||r(i)||/||b|| 2.942216710633e-01
  855 KSP Residual norm 6.299814321710e-04
  855 KSP preconditioned resid norm 6.299814321710e-04 true resid norm 6.299814321710e-04 ||r(i)||/||b|| 2.939498568063e-01
  856 KSP Residual norm 6.293660290676e-04
  856 KSP preconditioned resid norm 6.293660290676e-04 true resid norm 6.293660290676e-04 ||r(i)||/||b|| 2.936627092098e-01
  857 KSP Residual norm 6.287694368851e-04
  857 KSP preconditioned resid norm 6.287694368851e-04 true resid norm 6.287694368851e-04 ||r(i)||/||b|| 2.933843388044e-01
  858 KSP Residual norm 6.281520890072e-04
  858 KSP preconditioned resid norm 6.281520890072e-04 true resid norm 6.281520890072e-04 ||r(i)||/||b|| 2.930962837745e-01
  859 KSP Residual norm 6.275575237482e-04
  859 KSP preconditioned resid norm 6.275575237482e-04 true resid norm 6.275575237482e-04 ||r(i)||/||b|| 2.928188591334e-01
  860 KSP Residual norm 6.269331440034e-04
  860 KSP preconditioned resid norm 6.269331440034e-04 true resid norm 6.269331440034e-04 ||r(i)||/||b|| 2.925275230285e-01
  861 KSP Residual norm 6.263296637466e-04
  861 KSP preconditioned resid norm 6.263296637466e-04 true resid norm 6.263296637466e-04 ||r(i)||/||b|| 2.922459386420e-01
  862 KSP Residual norm 6.257030943424e-04
  862 KSP preconditioned resid norm 6.257030943424e-04 true resid norm 6.257030943424e-04 ||r(i)||/||b|| 2.919535808403e-01
  863 KSP Residual norm 6.251023164855e-04
  863 KSP preconditioned resid norm 6.251023164855e-04 true resid norm 6.251023164855e-04 ||r(i)||/||b|| 2.916732573958e-01
  864 KSP Residual norm 6.244828115022e-04
  864 KSP preconditioned resid norm 6.244828115022e-04 true resid norm 6.244828115022e-04 ||r(i)||/||b|| 2.913841958587e-01
  865 KSP Residual norm 6.238481821720e-04
  865 KSP preconditioned resid norm 6.238481821720e-04 true resid norm 6.238481821720e-04 ||r(i)||/||b|| 2.910880772888e-01
  866 KSP Residual norm 6.231898018410e-04
  866 KSP preconditioned resid norm 6.231898018410e-04 true resid norm 6.231898018410e-04 ||r(i)||/||b|| 2.907808764824e-01
  867 KSP Residual norm 6.225156930428e-04
  867 KSP preconditioned resid norm 6.225156930428e-04 true resid norm 6.225156930428e-04 ||r(i)||/||b|| 2.904663367601e-01
  868 KSP Residual norm 6.218316444530e-04
  868 KSP preconditioned resid norm 6.218316444530e-04 true resid norm 6.218316444529e-04 ||r(i)||/||b|| 2.901471591229e-01
  869 KSP Residual norm 6.211445548157e-04
  869 KSP preconditioned resid norm 6.211445548157e-04 true resid norm 6.211445548157e-04 ||r(i)||/||b|| 2.898265625304e-01
  870 KSP Residual norm 6.204739154707e-04
  870 KSP preconditioned resid norm 6.204739154707e-04 true resid norm 6.204739154707e-04 ||r(i)||/||b|| 2.895136416578e-01
  871 KSP Residual norm 6.198160278854e-04
  871 KSP preconditioned resid norm 6.198160278854e-04 true resid norm 6.198160278854e-04 ||r(i)||/||b|| 2.892066707669e-01
  872 KSP Residual norm 6.191455859104e-04
  872 KSP preconditioned resid norm 6.191455859104e-04 true resid norm 6.191455859104e-04 ||r(i)||/||b|| 2.888938419874e-01
  873 KSP Residual norm 6.184797836813e-04
  873 KSP preconditioned resid norm 6.184797836813e-04 true resid norm 6.184797836814e-04 ||r(i)||/||b|| 2.885831781172e-01
  874 KSP Residual norm 6.178245534446e-04
  874 KSP preconditioned resid norm 6.178245534446e-04 true resid norm 6.178245534446e-04 ||r(i)||/||b|| 2.882774471473e-01
  875 KSP Residual norm 6.171838358396e-04
  875 KSP preconditioned resid norm 6.171838358396e-04 true resid norm 6.171838358397e-04 ||r(i)||/||b|| 2.879784877834e-01
  876 KSP Residual norm 6.165650213843e-04
  876 KSP preconditioned resid norm 6.165650213843e-04 true resid norm 6.165650213843e-04 ||r(i)||/||b|| 2.876897484472e-01
  877 KSP Residual norm 6.159602881580e-04
  877 KSP preconditioned resid norm 6.159602881580e-04 true resid norm 6.159602881580e-04 ||r(i)||/||b|| 2.874075794241e-01
  878 KSP Residual norm 6.153742875367e-04
  878 KSP preconditioned resid norm 6.153742875367e-04 true resid norm 6.153742875367e-04 ||r(i)||/||b|| 2.871341510500e-01
  879 KSP Residual norm 6.147643437378e-04
  879 KSP preconditioned resid norm 6.147643437378e-04 true resid norm 6.147643437378e-04 ||r(i)||/||b|| 2.868495507694e-01
  880 KSP Residual norm 6.141807170530e-04
  880 KSP preconditioned resid norm 6.141807170530e-04 true resid norm 6.141807170530e-04 ||r(i)||/||b|| 2.865772300761e-01
  881 KSP Residual norm 6.135807101312e-04
  881 KSP preconditioned resid norm 6.135807101312e-04 true resid norm 6.135807101312e-04 ||r(i)||/||b|| 2.862972663506e-01
  882 KSP Residual norm 6.130123760554e-04
  882 KSP preconditioned resid norm 6.130123760554e-04 true resid norm 6.130123760554e-04 ||r(i)||/||b|| 2.860320812012e-01
  883 KSP Residual norm 6.124240504353e-04
  883 KSP preconditioned resid norm 6.124240504353e-04 true resid norm 6.124240504353e-04 ||r(i)||/||b|| 2.857575679807e-01
  884 KSP Residual norm 6.118559069516e-04
  884 KSP preconditioned resid norm 6.118559069516e-04 true resid norm 6.118559069516e-04 ||r(i)||/||b|| 2.854924717618e-01
  885 KSP Residual norm 6.112686463136e-04
  885 KSP preconditioned resid norm 6.112686463136e-04 true resid norm 6.112686463136e-04 ||r(i)||/||b|| 2.852184554628e-01
  886 KSP Residual norm 6.107109719524e-04
  886 KSP preconditioned resid norm 6.107109719524e-04 true resid norm 6.107109719524e-04 ||r(i)||/||b|| 2.849582441451e-01
  887 KSP Residual norm 6.101262315638e-04
  887 KSP preconditioned resid norm 6.101262315638e-04 true resid norm 6.101262315638e-04 ||r(i)||/||b|| 2.846854037966e-01
  888 KSP Residual norm 6.095576146324e-04
  888 KSP preconditioned resid norm 6.095576146324e-04 true resid norm 6.095576146324e-04 ||r(i)||/||b|| 2.844200866665e-01
  889 KSP Residual norm 6.090058974479e-04
  889 KSP preconditioned resid norm 6.090058974479e-04 true resid norm 6.090058974479e-04 ||r(i)||/||b|| 2.841626549724e-01
  890 KSP Residual norm 6.084536158428e-04
  890 KSP preconditioned resid norm 6.084536158428e-04 true resid norm 6.084536158428e-04 ||r(i)||/||b|| 2.839049599191e-01
  891 KSP Residual norm 6.078633075441e-04
  891 KSP preconditioned resid norm 6.078633075441e-04 true resid norm 6.078633075441e-04 ||r(i)||/||b|| 2.836295215791e-01
  892 KSP Residual norm 6.073212187444e-04
  892 KSP preconditioned resid norm 6.073212187444e-04 true resid norm 6.073212187444e-04 ||r(i)||/||b|| 2.833765824973e-01
  893 KSP Residual norm 6.067363856780e-04
  893 KSP preconditioned resid norm 6.067363856780e-04 true resid norm 6.067363856780e-04 ||r(i)||/||b|| 2.831036989052e-01
  894 KSP Residual norm 6.061638943450e-04
  894 KSP preconditioned resid norm 6.061638943450e-04 true resid norm 6.061638943450e-04 ||r(i)||/||b|| 2.828365739762e-01
  895 KSP Residual norm 6.056207938749e-04
  895 KSP preconditioned resid norm 6.056207938749e-04 true resid norm 6.056207938749e-04 ||r(i)||/||b|| 2.825831628481e-01
  896 KSP Residual norm 6.051409366006e-04
  896 KSP preconditioned resid norm 6.051409366006e-04 true resid norm 6.051409366006e-04 ||r(i)||/||b|| 2.823592610474e-01
  897 KSP Residual norm 6.046816430591e-04
  897 KSP preconditioned resid norm 6.046816430591e-04 true resid norm 6.046816430591e-04 ||r(i)||/||b|| 2.821449543014e-01
  898 KSP Residual norm 6.042255212706e-04
  898 KSP preconditioned resid norm 6.042255212706e-04 true resid norm 6.042255212707e-04 ||r(i)||/||b|| 2.819321274980e-01
  899 KSP Residual norm 6.037744555015e-04
  899 KSP preconditioned resid norm 6.037744555015e-04 true resid norm 6.037744555015e-04 ||r(i)||/||b|| 2.817216598374e-01
  900 KSP Residual norm 6.033266587456e-04
  900 KSP preconditioned resid norm 6.033266587456e-04 true resid norm 6.033266587456e-04 ||r(i)||/||b|| 2.815127175011e-01
  901 KSP Residual norm 6.028871803192e-04
  901 KSP preconditioned resid norm 6.028871803192e-04 true resid norm 6.028871803192e-04 ||r(i)||/||b|| 2.813076565042e-01
  902 KSP Residual norm 6.024473475352e-04
  902 KSP preconditioned resid norm 6.024473475352e-04 true resid norm 6.024473475352e-04 ||r(i)||/||b|| 2.811024301637e-01
  903 KSP Residual norm 6.020034611859e-04
  903 KSP preconditioned resid norm 6.020034611859e-04 true resid norm 6.020034611859e-04 ||r(i)||/||b|| 2.808953124264e-01
  904 KSP Residual norm 6.015567894834e-04
  904 KSP preconditioned resid norm 6.015567894834e-04 true resid norm 6.015567894834e-04 ||r(i)||/||b|| 2.806868950409e-01
  905 KSP Residual norm 6.010886425953e-04
  905 KSP preconditioned resid norm 6.010886425953e-04 true resid norm 6.010886425953e-04 ||r(i)||/||b|| 2.804684573161e-01
  906 KSP Residual norm 6.005574546965e-04
  906 KSP preconditioned resid norm 6.005574546965e-04 true resid norm 6.005574546965e-04 ||r(i)||/||b|| 2.802206046036e-01
  907 KSP Residual norm 5.999965012974e-04
  907 KSP preconditioned resid norm 5.999965012974e-04 true resid norm 5.999965012974e-04 ||r(i)||/||b|| 2.799588632840e-01
  908 KSP Residual norm 5.994240464181e-04
  908 KSP preconditioned resid norm 5.994240464181e-04 true resid norm 5.994240464181e-04 ||r(i)||/||b|| 2.796917553644e-01
  909 KSP Residual norm 5.988941443086e-04
  909 KSP preconditioned resid norm 5.988941443086e-04 true resid norm 5.988941443087e-04 ||r(i)||/||b|| 2.794445026022e-01
  910 KSP Residual norm 5.983208666584e-04
  910 KSP preconditioned resid norm 5.983208666584e-04 true resid norm 5.983208666584e-04 ||r(i)||/||b|| 2.791770107769e-01
  911 KSP Residual norm 5.977877541573e-04
  911 KSP preconditioned resid norm 5.977877541573e-04 true resid norm 5.977877541573e-04 ||r(i)||/||b|| 2.789282600434e-01
  912 KSP Residual norm 5.972580753969e-04
  912 KSP preconditioned resid norm 5.972580753969e-04 true resid norm 5.972580753969e-04 ||r(i)||/||b|| 2.786811114961e-01
  913 KSP Residual norm 5.967136780801e-04
  913 KSP preconditioned resid norm 5.967136780801e-04 true resid norm 5.967136780802e-04 ||r(i)||/||b|| 2.784270952583e-01
  914 KSP Residual norm 5.961545473307e-04
  914 KSP preconditioned resid norm 5.961545473307e-04 true resid norm 5.961545473307e-04 ||r(i)||/||b|| 2.781662043886e-01
  915 KSP Residual norm 5.956202756615e-04
  915 KSP preconditioned resid norm 5.956202756615e-04 true resid norm 5.956202756615e-04 ||r(i)||/||b|| 2.779169127863e-01
  916 KSP Residual norm 5.950559913246e-04
  916 KSP preconditioned resid norm 5.950559913246e-04 true resid norm 5.950559913246e-04 ||r(i)||/||b|| 2.776536172484e-01
  917 KSP Residual norm 5.945089896856e-04
  917 KSP preconditioned resid norm 5.945089896856e-04 true resid norm 5.945089896856e-04 ||r(i)||/||b|| 2.773983858316e-01
  918 KSP Residual norm 5.939431629072e-04
  918 KSP preconditioned resid norm 5.939431629072e-04 true resid norm 5.939431629072e-04 ||r(i)||/||b|| 2.771343705893e-01
  919 KSP Residual norm 5.933972861908e-04
  919 KSP preconditioned resid norm 5.933972861908e-04 true resid norm 5.933972861908e-04 ||r(i)||/||b|| 2.768796640623e-01
  920 KSP Residual norm 5.928246024919e-04
  920 KSP preconditioned resid norm 5.928246024919e-04 true resid norm 5.928246024919e-04 ||r(i)||/||b|| 2.766124493753e-01
  921 KSP Residual norm 5.922713942975e-04
  921 KSP preconditioned resid norm 5.922713942975e-04 true resid norm 5.922713942975e-04 ||r(i)||/||b|| 2.763543219746e-01
  922 KSP Residual norm 5.916965307346e-04
  922 KSP preconditioned resid norm 5.916965307346e-04 true resid norm 5.916965307346e-04 ||r(i)||/||b|| 2.760860901611e-01
  923 KSP Residual norm 5.911460975737e-04
  923 KSP preconditioned resid norm 5.911460975737e-04 true resid norm 5.911460975737e-04 ||r(i)||/||b|| 2.758292575934e-01
  924 KSP Residual norm 5.905786124335e-04
  924 KSP preconditioned resid norm 5.905786124335e-04 true resid norm 5.905786124335e-04 ||r(i)||/||b|| 2.755644685581e-01
  925 KSP Residual norm 5.899968353767e-04
  925 KSP preconditioned resid norm 5.899968353767e-04 true resid norm 5.899968353767e-04 ||r(i)||/||b|| 2.752930109027e-01
  926 KSP Residual norm 5.893922459252e-04
  926 KSP preconditioned resid norm 5.893922459252e-04 true resid norm 5.893922459252e-04 ||r(i)||/||b|| 2.750109089651e-01
  927 KSP Residual norm 5.887727699098e-04
  927 KSP preconditioned resid norm 5.887727699098e-04 true resid norm 5.887727699098e-04 ||r(i)||/||b|| 2.747218609444e-01
  928 KSP Residual norm 5.881438143661e-04
  928 KSP preconditioned resid norm 5.881438143661e-04 true resid norm 5.881438143661e-04 ||r(i)||/||b|| 2.744283897680e-01
  929 KSP Residual norm 5.875117782036e-04
  929 KSP preconditioned resid norm 5.875117782036e-04 true resid norm 5.875117782036e-04 ||r(i)||/||b|| 2.741334811723e-01
  930 KSP Residual norm 5.868942273099e-04
  930 KSP preconditioned resid norm 5.868942273099e-04 true resid norm 5.868942273099e-04 ||r(i)||/||b|| 2.738453314150e-01
  931 KSP Residual norm 5.862876557141e-04
  931 KSP preconditioned resid norm 5.862876557141e-04 true resid norm 5.862876557141e-04 ||r(i)||/||b|| 2.735623046072e-01
  932 KSP Residual norm 5.856699806777e-04
  932 KSP preconditioned resid norm 5.856699806777e-04 true resid norm 5.856699806777e-04 ||r(i)||/||b|| 2.732740969249e-01
  933 KSP Residual norm 5.850567939247e-04
  933 KSP preconditioned resid norm 5.850567939247e-04 true resid norm 5.850567939246e-04 ||r(i)||/||b|| 2.729879834792e-01
  934 KSP Residual norm 5.844537026386e-04
  934 KSP preconditioned resid norm 5.844537026386e-04 true resid norm 5.844537026386e-04 ||r(i)||/||b|| 2.727065805868e-01
  935 KSP Residual norm 5.838644662118e-04
  935 KSP preconditioned resid norm 5.838644662118e-04 true resid norm 5.838644662118e-04 ||r(i)||/||b|| 2.724316423832e-01
  936 KSP Residual norm 5.832965595862e-04
  936 KSP preconditioned resid norm 5.832965595862e-04 true resid norm 5.832965595862e-04 ||r(i)||/||b|| 2.721666566824e-01
  937 KSP Residual norm 5.827420946559e-04
  937 KSP preconditioned resid norm 5.827420946559e-04 true resid norm 5.827420946559e-04 ||r(i)||/||b|| 2.719079428877e-01
  938 KSP Residual norm 5.822047448427e-04
  938 KSP preconditioned resid norm 5.822047448427e-04 true resid norm 5.822047448427e-04 ||r(i)||/||b|| 2.716572150209e-01
  939 KSP Residual norm 5.816446219135e-04
  939 KSP preconditioned resid norm 5.816446219135e-04 true resid norm 5.816446219135e-04 ||r(i)||/||b|| 2.713958611993e-01
  940 KSP Residual norm 5.811090115839e-04
  940 KSP preconditioned resid norm 5.811090115839e-04 true resid norm 5.811090115839e-04 ||r(i)||/||b|| 2.711459449769e-01
  941 KSP Residual norm 5.805578863450e-04
  941 KSP preconditioned resid norm 5.805578863450e-04 true resid norm 5.805578863450e-04 ||r(i)||/||b|| 2.708887894851e-01
  942 KSP Residual norm 5.800352220440e-04
  942 KSP preconditioned resid norm 5.800352220440e-04 true resid norm 5.800352220440e-04 ||r(i)||/||b|| 2.706449138903e-01
  943 KSP Residual norm 5.794949679649e-04
  943 KSP preconditioned resid norm 5.794949679649e-04 true resid norm 5.794949679649e-04 ||r(i)||/||b|| 2.703928308906e-01
  944 KSP Residual norm 5.789731453980e-04
  944 KSP preconditioned resid norm 5.789731453980e-04 true resid norm 5.789731453980e-04 ||r(i)||/||b|| 2.701493480497e-01
  945 KSP Residual norm 5.784338503598e-04
  945 KSP preconditioned resid norm 5.784338503598e-04 true resid norm 5.784338503598e-04 ||r(i)||/||b|| 2.698977125393e-01
  946 KSP Residual norm 5.779218316548e-04
  946 KSP preconditioned resid norm 5.779218316548e-04 true resid norm 5.779218316548e-04 ||r(i)||/||b|| 2.696588041885e-01
  947 KSP Residual norm 5.773850024106e-04
  947 KSP preconditioned resid norm 5.773850024106e-04 true resid norm 5.773850024106e-04 ||r(i)||/||b|| 2.694083192195e-01
  948 KSP Residual norm 5.768631237572e-04
  948 KSP preconditioned resid norm 5.768631237572e-04 true resid norm 5.768631237572e-04 ||r(i)||/||b|| 2.691648102086e-01
  949 KSP Residual norm 5.763559543712e-04
  949 KSP preconditioned resid norm 5.763559543712e-04 true resid norm 5.763559543712e-04 ||r(i)||/||b|| 2.689281645540e-01
  950 KSP Residual norm 5.758487396219e-04
  950 KSP preconditioned resid norm 5.758487396219e-04 true resid norm 5.758487396219e-04 ||r(i)||/||b|| 2.686914977329e-01
  951 KSP Residual norm 5.753068702262e-04
  951 KSP preconditioned resid norm 5.753068702262e-04 true resid norm 5.753068702262e-04 ||r(i)||/||b|| 2.684386610251e-01
  952 KSP Residual norm 5.748088641154e-04
  952 KSP preconditioned resid norm 5.748088641154e-04 true resid norm 5.748088641154e-04 ||r(i)||/||b|| 2.682062909623e-01
  953 KSP Residual norm 5.742723097740e-04
  953 KSP preconditioned resid norm 5.742723097740e-04 true resid norm 5.742723097740e-04 ||r(i)||/||b|| 2.679559342632e-01
  954 KSP Residual norm 5.737471644980e-04
  954 KSP preconditioned resid norm 5.737471644980e-04 true resid norm 5.737471644980e-04 ||r(i)||/||b|| 2.677109010436e-01
  955 KSP Residual norm 5.732486785311e-04
  955 KSP preconditioned resid norm 5.732486785311e-04 true resid norm 5.732486785311e-04 ||r(i)||/||b|| 2.674783070795e-01
  956 KSP Residual norm 5.728075114112e-04
  956 KSP preconditioned resid norm 5.728075114112e-04 true resid norm 5.728075114112e-04 ||r(i)||/||b|| 2.672724581368e-01
  957 KSP Residual norm 5.723849685666e-04
  957 KSP preconditioned resid norm 5.723849685666e-04 true resid norm 5.723849685666e-04 ||r(i)||/||b|| 2.670752992964e-01
  958 KSP Residual norm 5.719651278570e-04
  958 KSP preconditioned resid norm 5.719651278570e-04 true resid norm 5.719651278570e-04 ||r(i)||/||b|| 2.668794012743e-01
  959 KSP Residual norm 5.715497388385e-04
  959 KSP preconditioned resid norm 5.715497388385e-04 true resid norm 5.715497388385e-04 ||r(i)||/||b|| 2.666855804151e-01
  960 KSP Residual norm 5.711369195734e-04
  960 KSP preconditioned resid norm 5.711369195734e-04 true resid norm 5.711369195734e-04 ||r(i)||/||b|| 2.664929586049e-01
  961 KSP Residual norm 5.707312680783e-04
  961 KSP preconditioned resid norm 5.707312680783e-04 true resid norm 5.707312680783e-04 ||r(i)||/||b|| 2.663036812821e-01
  962 KSP Residual norm 5.703255614575e-04
  962 KSP preconditioned resid norm 5.703255614575e-04 true resid norm 5.703255614575e-04 ||r(i)||/||b|| 2.661143782376e-01
  963 KSP Residual norm 5.699162622793e-04
  963 KSP preconditioned resid norm 5.699162622793e-04 true resid norm 5.699162622793e-04 ||r(i)||/||b|| 2.659233989028e-01
  964 KSP Residual norm 5.695046372103e-04
  964 KSP preconditioned resid norm 5.695046372103e-04 true resid norm 5.695046372103e-04 ||r(i)||/||b|| 2.657313343055e-01
  965 KSP Residual norm 5.690735938991e-04
  965 KSP preconditioned resid norm 5.690735938991e-04 true resid norm 5.690735938991e-04 ||r(i)||/||b|| 2.655302091403e-01
  966 KSP Residual norm 5.685854953479e-04
  966 KSP preconditioned resid norm 5.685854953479e-04 true resid norm 5.685854953479e-04 ||r(i)||/||b|| 2.653024619530e-01
  967 KSP Residual norm 5.680704662267e-04
  967 KSP preconditioned resid norm 5.680704662267e-04 true resid norm 5.680704662267e-04 ||r(i)||/||b|| 2.650621489395e-01
  968 KSP Residual norm 5.675448287063e-04
  968 KSP preconditioned resid norm 5.675448287063e-04 true resid norm 5.675448287063e-04 ||r(i)||/||b|| 2.648168860381e-01
  969 KSP Residual norm 5.670575855310e-04
  969 KSP preconditioned resid norm 5.670575855310e-04 true resid norm 5.670575855310e-04 ||r(i)||/||b|| 2.645895379699e-01
  970 KSP Residual norm 5.665307791697e-04
  970 KSP preconditioned resid norm 5.665307791697e-04 true resid norm 5.665307791697e-04 ||r(i)||/||b|| 2.643437296864e-01
  971 KSP Residual norm 5.660404897763e-04
  971 KSP preconditioned resid norm 5.660404897763e-04 true resid norm 5.660404897763e-04 ||r(i)||/||b|| 2.641149602504e-01
  972 KSP Residual norm 5.655527914088e-04
  972 KSP preconditioned resid norm 5.655527914088e-04 true resid norm 5.655527914088e-04 ||r(i)||/||b|| 2.638873997891e-01
  973 KSP Residual norm 5.650522227681e-04
  973 KSP preconditioned resid norm 5.650522227681e-04 true resid norm 5.650522227681e-04 ||r(i)||/||b|| 2.636538340477e-01
  974 KSP Residual norm 5.645380157647e-04
  974 KSP preconditioned resid norm 5.645380157647e-04 true resid norm 5.645380157647e-04 ||r(i)||/||b|| 2.634139046351e-01
  975 KSP Residual norm 5.640467468361e-04
  975 KSP preconditioned resid norm 5.640467468361e-04 true resid norm 5.640467468361e-04 ||r(i)||/||b|| 2.631846781470e-01
  976 KSP Residual norm 5.635279812830e-04
  976 KSP preconditioned resid norm 5.635279812830e-04 true resid norm 5.635279812830e-04 ||r(i)||/||b|| 2.629426217113e-01
  977 KSP Residual norm 5.630251443968e-04
  977 KSP preconditioned resid norm 5.630251443968e-04 true resid norm 5.630251443968e-04 ||r(i)||/||b|| 2.627079976047e-01
  978 KSP Residual norm 5.625051588314e-04
  978 KSP preconditioned resid norm 5.625051588314e-04 true resid norm 5.625051588314e-04 ||r(i)||/||b|| 2.624653719102e-01
  979 KSP Residual norm 5.620027302076e-04
  979 KSP preconditioned resid norm 5.620027302076e-04 true resid norm 5.620027302076e-04 ||r(i)||/||b|| 2.622309382992e-01
  980 KSP Residual norm 5.614760786031e-04
  980 KSP preconditioned resid norm 5.614760786031e-04 true resid norm 5.614760786031e-04 ||r(i)||/||b|| 2.619852022254e-01
  981 KSP Residual norm 5.609675880890e-04
  981 KSP preconditioned resid norm 5.609675880890e-04 true resid norm 5.609675880890e-04 ||r(i)||/||b|| 2.617479401313e-01
  982 KSP Residual norm 5.604387847474e-04
  982 KSP preconditioned resid norm 5.604387847474e-04 true resid norm 5.604387847474e-04 ||r(i)||/||b|| 2.615012000552e-01
  983 KSP Residual norm 5.599330917414e-04
  983 KSP preconditioned resid norm 5.599330917414e-04 true resid norm 5.599330917414e-04 ||r(i)||/||b|| 2.612652432807e-01
  984 KSP Residual norm 5.594118215844e-04
  984 KSP preconditioned resid norm 5.594118215844e-04 true resid norm 5.594118215844e-04 ||r(i)||/||b|| 2.610220181947e-01
  985 KSP Residual norm 5.588770725578e-04
  985 KSP preconditioned resid norm 5.588770725578e-04 true resid norm 5.588770725578e-04 ||r(i)||/||b|| 2.607725038570e-01
  986 KSP Residual norm 5.583205059421e-04
  986 KSP preconditioned resid norm 5.583205059421e-04 true resid norm 5.583205059421e-04 ||r(i)||/||b|| 2.605128094143e-01
  987 KSP Residual norm 5.577498673474e-04
  987 KSP preconditioned resid norm 5.577498673474e-04 true resid norm 5.577498673474e-04 ||r(i)||/||b|| 2.602465489745e-01
  988 KSP Residual norm 5.571701852996e-04
  988 KSP preconditioned resid norm 5.571701852996e-04 true resid norm 5.571701852996e-04 ||r(i)||/||b|| 2.599760688520e-01
  989 KSP Residual norm 5.565873996380e-04
  989 KSP preconditioned resid norm 5.565873996380e-04 true resid norm 5.565873996380e-04 ||r(i)||/||b|| 2.597041405807e-01
  990 KSP Residual norm 5.560174266604e-04
  990 KSP preconditioned resid norm 5.560174266604e-04 true resid norm 5.560174266604e-04 ||r(i)||/||b|| 2.594381907184e-01
  991 KSP Residual norm 5.554569690741e-04
  991 KSP preconditioned resid norm 5.554569690741e-04 true resid norm 5.554569690741e-04 ||r(i)||/||b|| 2.591766807455e-01
  992 KSP Residual norm 5.548866409912e-04
  992 KSP preconditioned resid norm 5.548866409912e-04 true resid norm 5.548866409912e-04 ||r(i)||/||b|| 2.589105651908e-01
  993 KSP Residual norm 5.543206520096e-04
  993 KSP preconditioned resid norm 5.543206520096e-04 true resid norm 5.543206520096e-04 ||r(i)||/||b|| 2.586464742643e-01
  994 KSP Residual norm 5.537642924231e-04
  994 KSP preconditioned resid norm 5.537642924231e-04 true resid norm 5.537642924231e-04 ||r(i)||/||b|| 2.583868764215e-01
  995 KSP Residual norm 5.532211278117e-04
  995 KSP preconditioned resid norm 5.532211278117e-04 true resid norm 5.532211278117e-04 ||r(i)||/||b|| 2.581334353650e-01
  996 KSP Residual norm 5.526985816290e-04
  996 KSP preconditioned resid norm 5.526985816290e-04 true resid norm 5.526985816290e-04 ||r(i)||/||b|| 2.578896148844e-01
  997 KSP Residual norm 5.521888198707e-04
  997 KSP preconditioned resid norm 5.521888198707e-04 true resid norm 5.521888198707e-04 ||r(i)||/||b|| 2.576517596267e-01
  998 KSP Residual norm 5.516947400934e-04
  998 KSP preconditioned resid norm 5.516947400934e-04 true resid norm 5.516947400934e-04 ||r(i)||/||b|| 2.574212215944e-01
  999 KSP Residual norm 5.511790472345e-04
  999 KSP preconditioned resid norm 5.511790472345e-04 true resid norm 5.511790472345e-04 ||r(i)||/||b|| 2.571805988803e-01
  1000 KSP Residual norm 5.506862070783e-04
  1000 KSP preconditioned resid norm 5.506862070783e-04 true resid norm 5.506862070783e-04 ||r(i)||/||b|| 2.569506392562e-01
  1001 KSP Residual norm 5.501787005138e-04
  1001 KSP preconditioned resid norm 5.501787005138e-04 true resid norm 5.501787005138e-04 ||r(i)||/||b|| 2.567138362738e-01
  1002 KSP Residual norm 5.496968882602e-04
  1002 KSP preconditioned resid norm 5.496968882602e-04 true resid norm 5.496968882601e-04 ||r(i)||/||b|| 2.564890222782e-01
  1003 KSP Residual norm 5.491995246681e-04
  1003 KSP preconditioned resid norm 5.491995246681e-04 true resid norm 5.491995246681e-04 ||r(i)||/||b|| 2.562569520151e-01
  1004 KSP Residual norm 5.487190409628e-04
  1004 KSP preconditioned resid norm 5.487190409628e-04 true resid norm 5.487190409628e-04 ||r(i)||/||b|| 2.560327579212e-01
  1005 KSP Residual norm 5.482225279696e-04
  1005 KSP preconditioned resid norm 5.482225279696e-04 true resid norm 5.482225279696e-04 ||r(i)||/||b|| 2.558010845483e-01
  1006 KSP Residual norm 5.477512129091e-04
  1006 KSP preconditioned resid norm 5.477512129091e-04 true resid norm 5.477512129091e-04 ||r(i)||/||b|| 2.555811685517e-01
  1007 KSP Residual norm 5.472571046140e-04
  1007 KSP preconditioned resid norm 5.472571046140e-04 true resid norm 5.472571046140e-04 ||r(i)||/||b|| 2.553506172129e-01
  1008 KSP Residual norm 5.467768735662e-04
  1008 KSP preconditioned resid norm 5.467768735662e-04 true resid norm 5.467768735662e-04 ||r(i)||/||b|| 2.551265410091e-01
  1009 KSP Residual norm 5.463095077340e-04
  1009 KSP preconditioned resid norm 5.463095077340e-04 true resid norm 5.463095077340e-04 ||r(i)||/||b|| 2.549084677256e-01
  1010 KSP Residual norm 5.458424784114e-04
  1010 KSP preconditioned resid norm 5.458424784114e-04 true resid norm 5.458424784114e-04 ||r(i)||/||b|| 2.546905514578e-01
  1011 KSP Residual norm 5.453437620850e-04
  1011 KSP preconditioned resid norm 5.453437620850e-04 true resid norm 5.453437620850e-04 ||r(i)||/||b|| 2.544578500078e-01
  1012 KSP Residual norm 5.448850783717e-04
  1012 KSP preconditioned resid norm 5.448850783717e-04 true resid norm 5.448850783717e-04 ||r(i)||/||b|| 2.542438278082e-01
  1013 KSP Residual norm 5.443914887581e-04
  1013 KSP preconditioned resid norm 5.443914887581e-04 true resid norm 5.443914887581e-04 ||r(i)||/||b|| 2.540135184867e-01
  1014 KSP Residual norm 5.439084636070e-04
  1014 KSP preconditioned resid norm 5.439084636070e-04 true resid norm 5.439084636070e-04 ||r(i)||/||b|| 2.537881385520e-01
  1015 KSP Residual norm 5.434497169972e-04
  1015 KSP preconditioned resid norm 5.434497169972e-04 true resid norm 5.434497169972e-04 ||r(i)||/||b|| 2.535740870048e-01
  1016 KSP Residual norm 5.430431211590e-04
  1016 KSP preconditioned resid norm 5.430431211590e-04 true resid norm 5.430431211590e-04 ||r(i)||/||b|| 2.533843690507e-01
  1017 KSP Residual norm 5.426534595069e-04
  1017 KSP preconditioned resid norm 5.426534595069e-04 true resid norm 5.426534595069e-04 ||r(i)||/||b|| 2.532025526019e-01
  1018 KSP Residual norm 5.422660959934e-04
  1018 KSP preconditioned resid norm 5.422660959934e-04 true resid norm 5.422660959934e-04 ||r(i)||/||b|| 2.530218084664e-01
  1019 KSP Residual norm 5.418826589353e-04
  1019 KSP preconditioned resid norm 5.418826589353e-04 true resid norm 5.418826589353e-04 ||r(i)||/||b|| 2.528428964183e-01
  1020 KSP Residual norm 5.415012239150e-04
  1020 KSP preconditioned resid norm 5.415012239150e-04 true resid norm 5.415012239150e-04 ||r(i)||/||b|| 2.526649185226e-01
  1021 KSP Residual norm 5.411260059729e-04
  1021 KSP preconditioned resid norm 5.411260059729e-04 true resid norm 5.411260059729e-04 ||r(i)||/||b|| 2.524898415208e-01
  1022 KSP Residual norm 5.407509612273e-04
  1022 KSP preconditioned resid norm 5.407509612273e-04 true resid norm 5.407509612273e-04 ||r(i)||/||b|| 2.523148453326e-01
  1023 KSP Residual norm 5.403727256340e-04
  1023 KSP preconditioned resid norm 5.403727256340e-04 true resid norm 5.403727256340e-04 ||r(i)||/||b|| 2.521383602922e-01
  1024 KSP Residual norm 5.399925488473e-04
  1024 KSP preconditioned resid norm 5.399925488473e-04 true resid norm 5.399925488473e-04 ||r(i)||/||b|| 2.519609694894e-01
  1025 KSP Residual norm 5.395947459971e-04
  1025 KSP preconditioned resid norm 5.395947459971e-04 true resid norm 5.395947459971e-04 ||r(i)||/||b|| 2.517753543508e-01
  1026 KSP Residual norm 5.391450878811e-04
  1026 KSP preconditioned resid norm 5.391450878811e-04 true resid norm 5.391450878811e-04 ||r(i)||/||b|| 2.515655435023e-01
  1027 KSP Residual norm 5.386709592022e-04
  1027 KSP preconditioned resid norm 5.386709592022e-04 true resid norm 5.386709592022e-04 ||r(i)||/||b|| 2.513443146690e-01
  1028 KSP Residual norm 5.381870228967e-04
  1028 KSP preconditioned resid norm 5.381870228967e-04 true resid norm 5.381870228967e-04 ||r(i)||/||b|| 2.511185095890e-01
  1029 KSP Residual norm 5.377378774769e-04
  1029 KSP preconditioned resid norm 5.377378774769e-04 true resid norm 5.377378774769e-04 ||r(i)||/||b|| 2.509089379649e-01
  1030 KSP Residual norm 5.372525298405e-04
  1030 KSP preconditioned resid norm 5.372525298405e-04 true resid norm 5.372525298405e-04 ||r(i)||/||b|| 2.506824743568e-01
  1031 KSP Residual norm 5.368005054453e-04
  1031 KSP preconditioned resid norm 5.368005054453e-04 true resid norm 5.368005054453e-04 ||r(i)||/||b|| 2.504715594005e-01
  1032 KSP Residual norm 5.363504049022e-04
  1032 KSP preconditioned resid norm 5.363504049022e-04 true resid norm 5.363504049022e-04 ||r(i)||/||b|| 2.502615421151e-01
  1033 KSP Residual norm 5.358889977575e-04
  1033 KSP preconditioned resid norm 5.358889977575e-04 true resid norm 5.358889977575e-04 ||r(i)||/||b|| 2.500462491601e-01
  1034 KSP Residual norm 5.354149365895e-04
  1034 KSP preconditioned resid norm 5.354149365895e-04 true resid norm 5.354149365895e-04 ||r(i)||/||b|| 2.498250518274e-01
  1035 KSP Residual norm 5.349620736268e-04
  1035 KSP preconditioned resid norm 5.349620736268e-04 true resid norm 5.349620736268e-04 ||r(i)||/||b|| 2.496137455948e-01
  1036 KSP Residual norm 5.344839442309e-04
  1036 KSP preconditioned resid norm 5.344839442309e-04 true resid norm 5.344839442309e-04 ||r(i)||/||b|| 2.493906500236e-01
  1037 KSP Residual norm 5.340205422017e-04
  1037 KSP preconditioned resid norm 5.340205422017e-04 true resid norm 5.340205422017e-04 ||r(i)||/||b|| 2.491744262539e-01
  1038 KSP Residual norm 5.335414601272e-04
  1038 KSP preconditioned resid norm 5.335414601272e-04 true resid norm 5.335414601272e-04 ||r(i)||/||b|| 2.489508861621e-01
  1039 KSP Residual norm 5.330779034468e-04
  1039 KSP preconditioned resid norm 5.330779034468e-04 true resid norm 5.330779034468e-04 ||r(i)||/||b|| 2.487345902320e-01
  1040 KSP Residual norm 5.325923627079e-04
  1040 KSP preconditioned resid norm 5.325923627079e-04 true resid norm 5.325923627079e-04 ||r(i)||/||b|| 2.485080365220e-01
  1041 KSP Residual norm 5.321237722226e-04
  1041 KSP preconditioned resid norm 5.321237722226e-04 true resid norm 5.321237722226e-04 ||r(i)||/||b|| 2.482893918143e-01
  1042 KSP Residual norm 5.316361161107e-04
  1042 KSP preconditioned resid norm 5.316361161107e-04 true resid norm 5.316361161107e-04 ||r(i)||/||b|| 2.480618510696e-01
  1043 KSP Residual norm 5.311703002104e-04
  1043 KSP preconditioned resid norm 5.311703002104e-04 true resid norm 5.311703002104e-04 ||r(i)||/||b|| 2.478445009856e-01
  1044 KSP Residual norm 5.306902058044e-04
  1044 KSP preconditioned resid norm 5.306902058044e-04 true resid norm 5.306902058044e-04 ||r(i)||/||b|| 2.476204885390e-01
  1045 KSP Residual norm 5.301974086728e-04
  1045 KSP preconditioned resid norm 5.301974086728e-04 true resid norm 5.301974086728e-04 ||r(i)||/||b|| 2.473905489902e-01
  1046 KSP Residual norm 5.296838079491e-04
  1046 KSP preconditioned resid norm 5.296838079491e-04 true resid norm 5.296838079491e-04 ||r(i)||/||b|| 2.471509024682e-01
  1047 KSP Residual norm 5.291569187021e-04
  1047 KSP preconditioned resid norm 5.291569187021e-04 true resid norm 5.291569187021e-04 ||r(i)||/||b|| 2.469050555101e-01
  1048 KSP Residual norm 5.286214061084e-04
  1048 KSP preconditioned resid norm 5.286214061084e-04 true resid norm 5.286214061084e-04 ||r(i)||/||b|| 2.466551848914e-01
  1049 KSP Residual norm 5.280827908989e-04
  1049 KSP preconditioned resid norm 5.280827908989e-04 true resid norm 5.280827908989e-04 ||r(i)||/||b|| 2.464038665896e-01
  1050 KSP Residual norm 5.275555618727e-04
  1050 KSP preconditioned resid norm 5.275555618727e-04 true resid norm 5.275555618727e-04 ||r(i)||/||b|| 2.461578610904e-01
  1051 KSP Residual norm 5.270366293376e-04
  1051 KSP preconditioned resid norm 5.270366293376e-04 true resid norm 5.270366293376e-04 ||r(i)||/||b|| 2.459157267407e-01
  1052 KSP Residual norm 5.265088766557e-04
  1052 KSP preconditioned resid norm 5.265088766557e-04 true resid norm 5.265088766557e-04 ||r(i)||/||b|| 2.456694769032e-01
  1053 KSP Residual norm 5.259853077005e-04
  1053 KSP preconditioned resid norm 5.259853077005e-04 true resid norm 5.259853077005e-04 ||r(i)||/||b|| 2.454251791961e-01
  1054 KSP Residual norm 5.254709105146e-04
  1054 KSP preconditioned resid norm 5.254709105146e-04 true resid norm 5.254709105146e-04 ||r(i)||/||b|| 2.451851610441e-01
  1055 KSP Residual norm 5.249690547434e-04
  1055 KSP preconditioned resid norm 5.249690547434e-04 true resid norm 5.249690547435e-04 ||r(i)||/||b|| 2.449509947266e-01
  1056 KSP Residual norm 5.244870247555e-04
  1056 KSP preconditioned resid norm 5.244870247555e-04 true resid norm 5.244870247555e-04 ||r(i)||/||b|| 2.447260791359e-01
  1057 KSP Residual norm 5.240171283412e-04
  1057 KSP preconditioned resid norm 5.240171283412e-04 true resid norm 5.240171283412e-04 ||r(i)||/||b|| 2.445068250807e-01
  1058 KSP Residual norm 5.235616447857e-04
  1058 KSP preconditioned resid norm 5.235616447857e-04 true resid norm 5.235616447857e-04 ||r(i)||/||b|| 2.442942960774e-01
  1059 KSP Residual norm 5.230856816902e-04
  1059 KSP preconditioned resid norm 5.230856816902e-04 true resid norm 5.230856816902e-04 ||r(i)||/||b|| 2.440722113037e-01
  1060 KSP Residual norm 5.226310509036e-04
  1060 KSP preconditioned resid norm 5.226310509036e-04 true resid norm 5.226310509036e-04 ||r(i)||/||b|| 2.438600802030e-01
  1061 KSP Residual norm 5.221625711682e-04
  1061 KSP preconditioned resid norm 5.221625711682e-04 true resid norm 5.221625711682e-04 ||r(i)||/||b|| 2.436414871714e-01
  1062 KSP Residual norm 5.217173848001e-04
  1062 KSP preconditioned resid norm 5.217173848001e-04 true resid norm 5.217173848001e-04 ||r(i)||/||b|| 2.434337628441e-01
  1063 KSP Residual norm 5.212583842240e-04
  1063 KSP preconditioned resid norm 5.212583842240e-04 true resid norm 5.212583842240e-04 ||r(i)||/||b|| 2.432195927961e-01
  1064 KSP Residual norm 5.208148813562e-04
  1064 KSP preconditioned resid norm 5.208148813562e-04 true resid norm 5.208148813562e-04 ||r(i)||/||b|| 2.430126539915e-01
  1065 KSP Residual norm 5.203566179796e-04
  1065 KSP preconditioned resid norm 5.203566179796e-04 true resid norm 5.203566179796e-04 ||r(i)||/||b|| 2.427988279213e-01
  1066 KSP Residual norm 5.199216804095e-04
  1066 KSP preconditioned resid norm 5.199216804095e-04 true resid norm 5.199216804095e-04 ||r(i)||/||b|| 2.425958856917e-01
  1067 KSP Residual norm 5.194657595895e-04
  1067 KSP preconditioned resid norm 5.194657595895e-04 true resid norm 5.194657595895e-04 ||r(i)||/||b|| 2.423831526604e-01
  1068 KSP Residual norm 5.190227388808e-04
  1068 KSP preconditioned resid norm 5.190227388808e-04 true resid norm 5.190227388808e-04 ||r(i)||/||b|| 2.421764388316e-01
  1069 KSP Residual norm 5.185910241289e-04
  1069 KSP preconditioned resid norm 5.185910241289e-04 true resid norm 5.185910241290e-04 ||r(i)||/||b|| 2.419750003717e-01
  1070 KSP Residual norm 5.181599282102e-04
  1070 KSP preconditioned resid norm 5.181599282102e-04 true resid norm 5.181599282102e-04 ||r(i)||/||b|| 2.417738506598e-01
  1071 KSP Residual norm 5.176997676743e-04
  1071 KSP preconditioned resid norm 5.176997676743e-04 true resid norm 5.176997676743e-04 ||r(i)||/||b|| 2.415591393735e-01
  1072 KSP Residual norm 5.172762542810e-04
  1072 KSP preconditioned resid norm 5.172762542810e-04 true resid norm 5.172762542810e-04 ||r(i)||/||b|| 2.413615276742e-01
  1073 KSP Residual norm 5.168210074284e-04
  1073 KSP preconditioned resid norm 5.168210074284e-04 true resid norm 5.168210074284e-04 ||r(i)||/||b|| 2.411491091167e-01
  1074 KSP Residual norm 5.163755559178e-04
  1074 KSP preconditioned resid norm 5.163755559178e-04 true resid norm 5.163755559178e-04 ||r(i)||/||b|| 2.409412610737e-01
  1075 KSP Residual norm 5.159522934894e-04
  1075 KSP preconditioned resid norm 5.159522934894e-04 true resid norm 5.159522934894e-04 ||r(i)||/||b|| 2.407437664749e-01
  1076 KSP Residual norm 5.155766537488e-04
  1076 KSP preconditioned resid norm 5.155766537488e-04 true resid norm 5.155766537488e-04 ||r(i)||/||b|| 2.405684926615e-01
  1077 KSP Residual norm 5.152164714921e-04
  1077 KSP preconditioned resid norm 5.152164714921e-04 true resid norm 5.152164714921e-04 ||r(i)||/||b|| 2.404004313229e-01
  1078 KSP Residual norm 5.148582445152e-04
  1078 KSP preconditioned resid norm 5.148582445152e-04 true resid norm 5.148582445152e-04 ||r(i)||/||b|| 2.402332823195e-01
  1079 KSP Residual norm 5.145034919968e-04
  1079 KSP preconditioned resid norm 5.145034919968e-04 true resid norm 5.145034919968e-04 ||r(i)||/||b|| 2.400677545013e-01
  1080 KSP Residual norm 5.141502821122e-04
  1080 KSP preconditioned resid norm 5.141502821122e-04 true resid norm 5.141502821122e-04 ||r(i)||/||b|| 2.399029464773e-01
  1081 KSP Residual norm 5.138024975746e-04
  1081 KSP preconditioned resid norm 5.138024975746e-04 true resid norm 5.138024975746e-04 ||r(i)||/||b|| 2.397406699247e-01
  1082 KSP Residual norm 5.134550574714e-04
  1082 KSP preconditioned resid norm 5.134550574714e-04 true resid norm 5.134550574714e-04 ||r(i)||/||b|| 2.395785540854e-01
  1083 KSP Residual norm 5.131047718449e-04
  1083 KSP preconditioned resid norm 5.131047718449e-04 true resid norm 5.131047718449e-04 ||r(i)||/||b|| 2.394151105226e-01
  1084 KSP Residual norm 5.127528637562e-04
  1084 KSP preconditioned resid norm 5.127528637562e-04 true resid norm 5.127528637562e-04 ||r(i)||/||b|| 2.392509099177e-01
  1085 KSP Residual norm 5.123848945843e-04
  1085 KSP preconditioned resid norm 5.123848945843e-04 true resid norm 5.123848945843e-04 ||r(i)||/||b|| 2.390792151980e-01
  1086 KSP Residual norm 5.119696101128e-04
  1086 KSP preconditioned resid norm 5.119696101128e-04 true resid norm 5.119696101128e-04 ||r(i)||/||b|| 2.388854431205e-01
  1087 KSP Residual norm 5.115320044441e-04
  1087 KSP preconditioned resid norm 5.115320044441e-04 true resid norm 5.115320044441e-04 ||r(i)||/||b|| 2.386812559538e-01
  1088 KSP Residual norm 5.110853147824e-04
  1088 KSP preconditioned resid norm 5.110853147824e-04 true resid norm 5.110853147824e-04 ||r(i)||/||b|| 2.384728301886e-01
  1089 KSP Residual norm 5.106702805195e-04
  1089 KSP preconditioned resid norm 5.106702805195e-04 true resid norm 5.106702805195e-04 ||r(i)||/||b|| 2.382791748586e-01
  1090 KSP Residual norm 5.102220220445e-04
  1090 KSP preconditioned resid norm 5.102220220445e-04 true resid norm 5.102220220445e-04 ||r(i)||/||b|| 2.380700170837e-01
  1091 KSP Residual norm 5.098042764512e-04
  1091 KSP preconditioned resid norm 5.098042764512e-04 true resid norm 5.098042764512e-04 ||r(i)||/||b|| 2.378750966447e-01
  1092 KSP Residual norm 5.093879214302e-04
  1092 KSP preconditioned resid norm 5.093879214302e-04 true resid norm 5.093879214302e-04 ||r(i)||/||b|| 2.376808250479e-01
  1093 KSP Residual norm 5.089615875185e-04
  1093 KSP preconditioned resid norm 5.089615875185e-04 true resid norm 5.089615875185e-04 ||r(i)||/||b|| 2.374818972924e-01
  1094 KSP Residual norm 5.085234838822e-04
  1094 KSP preconditioned resid norm 5.085234838822e-04 true resid norm 5.085234838822e-04 ||r(i)||/||b|| 2.372774777737e-01
  1095 KSP Residual norm 5.081049994325e-04
  1095 KSP preconditioned resid norm 5.081049994325e-04 true resid norm 5.081049994325e-04 ||r(i)||/||b|| 2.370822125837e-01
  1096 KSP Residual norm 5.076632318184e-04
  1096 KSP preconditioned resid norm 5.076632318184e-04 true resid norm 5.076632318184e-04 ||r(i)||/||b|| 2.368760834499e-01
  1097 KSP Residual norm 5.072351241469e-04
  1097 KSP preconditioned resid norm 5.072351241469e-04 true resid norm 5.072351241469e-04 ||r(i)||/||b|| 2.366763280567e-01
  1098 KSP Residual norm 5.067926322483e-04
  1098 KSP preconditioned resid norm 5.067926322483e-04 true resid norm 5.067926322483e-04 ||r(i)||/||b|| 2.364698609711e-01
  1099 KSP Residual norm 5.063639335433e-04
  1099 KSP preconditioned resid norm 5.063639335433e-04 true resid norm 5.063639335433e-04 ||r(i)||/||b|| 2.362698298011e-01
  1100 KSP Residual norm 5.059152051209e-04
  1100 KSP preconditioned resid norm 5.059152051209e-04 true resid norm 5.059152051209e-04 ||r(i)||/||b|| 2.360604527485e-01
  1101 KSP Residual norm 5.054823136326e-04
  1101 KSP preconditioned resid norm 5.054823136326e-04 true resid norm 5.054823136326e-04 ||r(i)||/||b|| 2.358584652223e-01
  1102 KSP Residual norm 5.050315087944e-04
  1102 KSP preconditioned resid norm 5.050315087944e-04 true resid norm 5.050315087944e-04 ||r(i)||/||b|| 2.356481193123e-01
  1103 KSP Residual norm 5.046013299651e-04
  1103 KSP preconditioned resid norm 5.046013299651e-04 true resid norm 5.046013299651e-04 ||r(i)||/||b|| 2.354473975151e-01
  1104 KSP Residual norm 5.041580171173e-04
  1104 KSP preconditioned resid norm 5.041580171173e-04 true resid norm 5.041580171173e-04 ||r(i)||/||b|| 2.352405473740e-01
  1105 KSP Residual norm 5.037027315036e-04
  1105 KSP preconditioned resid norm 5.037027315036e-04 true resid norm 5.037027315036e-04 ||r(i)||/||b|| 2.350281107305e-01
  1106 KSP Residual norm 5.032276496132e-04
  1106 KSP preconditioned resid norm 5.032276496132e-04 true resid norm 5.032276496132e-04 ||r(i)||/||b|| 2.348064371279e-01
  1107 KSP Residual norm 5.027400284877e-04
  1107 KSP preconditioned resid norm 5.027400284877e-04 true resid norm 5.027400284877e-04 ||r(i)||/||b|| 2.345789127078e-01
  1108 KSP Residual norm 5.022441923011e-04
  1108 KSP preconditioned resid norm 5.022441923011e-04 true resid norm 5.022441923011e-04 ||r(i)||/||b|| 2.343475551334e-01
  1109 KSP Residual norm 5.017452806323e-04
  1109 KSP preconditioned resid norm 5.017452806323e-04 true resid norm 5.017452806323e-04 ||r(i)||/||b|| 2.341147625365e-01
  1110 KSP Residual norm 5.012565357238e-04
  1110 KSP preconditioned resid norm 5.012565357238e-04 true resid norm 5.012565357238e-04 ||r(i)||/||b|| 2.338867137583e-01
  1111 KSP Residual norm 5.007750650516e-04
  1111 KSP preconditioned resid norm 5.007750650516e-04 true resid norm 5.007750650516e-04 ||r(i)||/||b|| 2.336620591448e-01
  1112 KSP Residual norm 5.002856716349e-04
  1112 KSP preconditioned resid norm 5.002856716349e-04 true resid norm 5.002856716349e-04 ||r(i)||/||b|| 2.334337077722e-01
  1113 KSP Residual norm 4.998002971451e-04
  1113 KSP preconditioned resid norm 4.998002971451e-04 true resid norm 4.998002971451e-04 ||r(i)||/||b|| 2.332072316342e-01
  1114 KSP Residual norm 4.993236451962e-04
  1114 KSP preconditioned resid norm 4.993236451962e-04 true resid norm 4.993236451962e-04 ||r(i)||/||b|| 2.329848254410e-01
  1115 KSP Residual norm 4.988588944077e-04
  1115 KSP preconditioned resid norm 4.988588944077e-04 true resid norm 4.988588944077e-04 ||r(i)||/||b|| 2.327679723390e-01
  1116 KSP Residual norm 4.984131359423e-04
  1116 KSP preconditioned resid norm 4.984131359423e-04 true resid norm 4.984131359423e-04 ||r(i)||/||b|| 2.325599810708e-01
  1117 KSP Residual norm 4.979788814588e-04
  1117 KSP preconditioned resid norm 4.979788814588e-04 true resid norm 4.979788814588e-04 ||r(i)||/||b|| 2.323573575699e-01
  1118 KSP Residual norm 4.975579154960e-04
  1118 KSP preconditioned resid norm 4.975579154960e-04 true resid norm 4.975579154960e-04 ||r(i)||/||b|| 2.321609345038e-01
  1119 KSP Residual norm 4.971175656961e-04
  1119 KSP preconditioned resid norm 4.971175656961e-04 true resid norm 4.971175656961e-04 ||r(i)||/||b|| 2.319554669234e-01
  1120 KSP Residual norm 4.966971594849e-04
  1120 KSP preconditioned resid norm 4.966971594849e-04 true resid norm 4.966971594849e-04 ||r(i)||/||b|| 2.317593050378e-01
  1121 KSP Residual norm 4.962636821327e-04
  1121 KSP preconditioned resid norm 4.962636821327e-04 true resid norm 4.962636821327e-04 ||r(i)||/||b|| 2.315570441471e-01
  1122 KSP Residual norm 4.958514008062e-04
  1122 KSP preconditioned resid norm 4.958514008062e-04 true resid norm 4.958514008062e-04 ||r(i)||/||b|| 2.313646733395e-01
  1123 KSP Residual norm 4.954267915448e-04
  1123 KSP preconditioned resid norm 4.954267915448e-04 true resid norm 4.954267915448e-04 ||r(i)||/||b|| 2.311665503073e-01
  1124 KSP Residual norm 4.950164438282e-04
  1124 KSP preconditioned resid norm 4.950164438282e-04 true resid norm 4.950164438282e-04 ||r(i)||/||b|| 2.309750817236e-01
  1125 KSP Residual norm 4.945924533901e-04
  1125 KSP preconditioned resid norm 4.945924533901e-04 true resid norm 4.945924533901e-04 ||r(i)||/||b|| 2.307772474349e-01
  1126 KSP Residual norm 4.941901004312e-04
  1126 KSP preconditioned resid norm 4.941901004312e-04 true resid norm 4.941901004312e-04 ||r(i)||/||b|| 2.305895092118e-01
  1127 KSP Residual norm 4.937683924973e-04
  1127 KSP preconditioned resid norm 4.937683924973e-04 true resid norm 4.937683924973e-04 ||r(i)||/||b|| 2.303927399414e-01
  1128 KSP Residual norm 4.933586979219e-04
  1128 KSP preconditioned resid norm 4.933586979219e-04 true resid norm 4.933586979219e-04 ||r(i)||/||b|| 2.302015761139e-01
  1129 KSP Residual norm 4.929589853911e-04
  1129 KSP preconditioned resid norm 4.929589853911e-04 true resid norm 4.929589853911e-04 ||r(i)||/||b|| 2.300150699168e-01
  1130 KSP Residual norm 4.925601014700e-04
  1130 KSP preconditioned resid norm 4.925601014700e-04 true resid norm 4.925601014700e-04 ||r(i)||/||b|| 2.298289503496e-01
  1131 KSP Residual norm 4.921344790698e-04
  1131 KSP preconditioned resid norm 4.921344790698e-04 true resid norm 4.921344790698e-04 ||r(i)||/||b|| 2.296303545860e-01
  1132 KSP Residual norm 4.917424987915e-04
  1132 KSP preconditioned resid norm 4.917424987915e-04 true resid norm 4.917424987916e-04 ||r(i)||/||b|| 2.294474562643e-01
  1133 KSP Residual norm 4.913215573297e-04
  1133 KSP preconditioned resid norm 4.913215573297e-04 true resid norm 4.913215573297e-04 ||r(i)||/||b|| 2.292510446303e-01
  1134 KSP Residual norm 4.909097082356e-04
  1134 KSP preconditioned resid norm 4.909097082356e-04 true resid norm 4.909097082356e-04 ||r(i)||/||b|| 2.290588755027e-01
  1135 KSP Residual norm 4.905182036350e-04
  1135 KSP preconditioned resid norm 4.905182036350e-04 true resid norm 4.905182036350e-04 ||r(i)||/||b|| 2.288761991326e-01
  1136 KSP Residual norm 4.901703382308e-04
  1136 KSP preconditioned resid norm 4.901703382308e-04 true resid norm 4.901703382308e-04 ||r(i)||/||b|| 2.287138848475e-01
  1137 KSP Residual norm 4.898366364123e-04
  1137 KSP preconditioned resid norm 4.898366364123e-04 true resid norm 4.898366364123e-04 ||r(i)||/||b|| 2.285581793033e-01
  1138 KSP Residual norm 4.895046022661e-04
  1138 KSP preconditioned resid norm 4.895046022661e-04 true resid norm 4.895046022661e-04 ||r(i)||/||b|| 2.284032518963e-01
  1139 KSP Residual norm 4.891756566619e-04
  1139 KSP preconditioned resid norm 4.891756566619e-04 true resid norm 4.891756566619e-04 ||r(i)||/||b|| 2.282497656056e-01
  1140 KSP Residual norm 4.888478831304e-04
  1140 KSP preconditioned resid norm 4.888478831304e-04 true resid norm 4.888478831304e-04 ||r(i)||/||b|| 2.280968262049e-01
  1141 KSP Residual norm 4.885248709254e-04
  1141 KSP preconditioned resid norm 4.885248709254e-04 true resid norm 4.885248709254e-04 ||r(i)||/||b|| 2.279461084432e-01
  1142 KSP Residual norm 4.882023288124e-04
  1142 KSP preconditioned resid norm 4.882023288124e-04 true resid norm 4.882023288124e-04 ||r(i)||/||b|| 2.277956100267e-01
  1143 KSP Residual norm 4.878772349703e-04
  1143 KSP preconditioned resid norm 4.878772349703e-04 true resid norm 4.878772349703e-04 ||r(i)||/||b|| 2.276439209714e-01
  1144 KSP Residual norm 4.875507800970e-04
  1144 KSP preconditioned resid norm 4.875507800970e-04 true resid norm 4.875507800970e-04 ||r(i)||/||b|| 2.274915968577e-01
  1145 KSP Residual norm 4.872096341242e-04
  1145 KSP preconditioned resid norm 4.872096341242e-04 true resid norm 4.872096341242e-04 ||r(i)||/||b|| 2.273324178649e-01
  1146 KSP Residual norm 4.868251548924e-04
  1146 KSP preconditioned resid norm 4.868251548924e-04 true resid norm 4.868251548924e-04 ||r(i)||/||b|| 2.271530195377e-01
  1147 KSP Residual norm 4.864202436026e-04
  1147 KSP preconditioned resid norm 4.864202436026e-04 true resid norm 4.864202436026e-04 ||r(i)||/||b|| 2.269640875953e-01
  1148 KSP Residual norm 4.860069057726e-04
  1148 KSP preconditioned resid norm 4.860069057726e-04 true resid norm 4.860069057726e-04 ||r(i)||/||b|| 2.267712238223e-01
  1149 KSP Residual norm 4.856224844091e-04
  1149 KSP preconditioned resid norm 4.856224844091e-04 true resid norm 4.856224844091e-04 ||r(i)||/||b|| 2.265918524964e-01
  1150 KSP Residual norm 4.852074889037e-04
  1150 KSP preconditioned resid norm 4.852074889037e-04 true resid norm 4.852074889037e-04 ||r(i)||/||b|| 2.263982152507e-01
  1151 KSP Residual norm 4.848205218541e-04
  1151 KSP preconditioned resid norm 4.848205218541e-04 true resid norm 4.848205218541e-04 ||r(i)||/||b|| 2.262176561056e-01
  1152 KSP Residual norm 4.844345151827e-04
  1152 KSP preconditioned resid norm 4.844345151827e-04 true resid norm 4.844345151827e-04 ||r(i)||/||b|| 2.260375450738e-01
  1153 KSP Residual norm 4.840396611197e-04
  1153 KSP preconditioned resid norm 4.840396611197e-04 true resid norm 4.840396611197e-04 ||r(i)||/||b|| 2.258533058417e-01
  1154 KSP Residual norm 4.836338320413e-04
  1154 KSP preconditioned resid norm 4.836338320413e-04 true resid norm 4.836338320413e-04 ||r(i)||/||b|| 2.256639456584e-01
  1155 KSP Residual norm 4.832461868055e-04
  1155 KSP preconditioned resid norm 4.832461868055e-04 true resid norm 4.832461868055e-04 ||r(i)||/||b|| 2.254830700710e-01
  1156 KSP Residual norm 4.828370272893e-04
  1156 KSP preconditioned resid norm 4.828370272893e-04 true resid norm 4.828370272893e-04 ||r(i)||/||b|| 2.252921559027e-01
  1157 KSP Residual norm 4.824405775284e-04
  1157 KSP preconditioned resid norm 4.824405775284e-04 true resid norm 4.824405775284e-04 ||r(i)||/||b|| 2.251071721167e-01
  1158 KSP Residual norm 4.820308935494e-04
  1158 KSP preconditioned resid norm 4.820308935494e-04 true resid norm 4.820308935494e-04 ||r(i)||/||b|| 2.249160132335e-01
  1159 KSP Residual norm 4.816335196229e-04
  1159 KSP preconditioned resid norm 4.816335196229e-04 true resid norm 4.816335196229e-04 ||r(i)||/||b|| 2.247305982311e-01
  1160 KSP Residual norm 4.812178329533e-04
  1160 KSP preconditioned resid norm 4.812178329533e-04 true resid norm 4.812178329533e-04 ||r(i)||/||b|| 2.245366384876e-01
  1161 KSP Residual norm 4.808169611763e-04
  1161 KSP preconditioned resid norm 4.808169611763e-04 true resid norm 4.808169611763e-04 ||r(i)||/||b|| 2.243495913852e-01
  1162 KSP Residual norm 4.803992367413e-04
  1162 KSP preconditioned resid norm 4.803992367413e-04 true resid norm 4.803992367413e-04 ||r(i)||/||b|| 2.241546808186e-01
  1163 KSP Residual norm 4.800009838518e-04
  1163 KSP preconditioned resid norm 4.800009838518e-04 true resid norm 4.800009838517e-04 ||r(i)||/||b|| 2.239688556913e-01
  1164 KSP Residual norm 4.795906071300e-04
  1164 KSP preconditioned resid norm 4.795906071300e-04 true resid norm 4.795906071300e-04 ||r(i)||/||b|| 2.237773735739e-01
  1165 KSP Residual norm 4.791689375163e-04
  1165 KSP preconditioned resid norm 4.791689375163e-04 true resid norm 4.791689375163e-04 ||r(i)||/||b|| 2.235806221837e-01
  1166 KSP Residual norm 4.787284546290e-04
  1166 KSP preconditioned resid norm 4.787284546290e-04 true resid norm 4.787284546290e-04 ||r(i)||/||b|| 2.233750925045e-01
  1167 KSP Residual norm 4.782761454135e-04
  1167 KSP preconditioned resid norm 4.782761454135e-04 true resid norm 4.782761454135e-04 ||r(i)||/||b|| 2.231640446507e-01
  1168 KSP Residual norm 4.778160190724e-04
  1168 KSP preconditioned resid norm 4.778160190724e-04 true resid norm 4.778160190724e-04 ||r(i)||/||b|| 2.229493493198e-01
  1169 KSP Residual norm 4.773528693544e-04
  1169 KSP preconditioned resid norm 4.773528693544e-04 true resid norm 4.773528693544e-04 ||r(i)||/||b|| 2.227332432787e-01
  1170 KSP Residual norm 4.768988412022e-04
  1170 KSP preconditioned resid norm 4.768988412022e-04 true resid norm 4.768988412022e-04 ||r(i)||/||b|| 2.225213933677e-01
  1171 KSP Residual norm 4.764512243319e-04
  1171 KSP preconditioned resid norm 4.764512243319e-04 true resid norm 4.764512243319e-04 ||r(i)||/||b|| 2.223125349662e-01
  1172 KSP Residual norm 4.759964539915e-04
  1172 KSP preconditioned resid norm 4.759964539915e-04 true resid norm 4.759964539915e-04 ||r(i)||/||b|| 2.221003387495e-01
  1173 KSP Residual norm 4.755455283434e-04
  1173 KSP preconditioned resid norm 4.755455283434e-04 true resid norm 4.755455283434e-04 ||r(i)||/||b|| 2.218899364696e-01
  1174 KSP Residual norm 4.751028855802e-04
  1174 KSP preconditioned resid norm 4.751028855802e-04 true resid norm 4.751028855802e-04 ||r(i)||/||b|| 2.216833989905e-01
  1175 KSP Residual norm 4.746715226022e-04
  1175 KSP preconditioned resid norm 4.746715226022e-04 true resid norm 4.746715226022e-04 ||r(i)||/||b|| 2.214821246685e-01
  1176 KSP Residual norm 4.742583062203e-04
  1176 KSP preconditioned resid norm 4.742583062203e-04 true resid norm 4.742583062203e-04 ||r(i)||/||b|| 2.212893175633e-01
  1177 KSP Residual norm 4.738559940577e-04
  1177 KSP preconditioned resid norm 4.738559940577e-04 true resid norm 4.738559940577e-04 ||r(i)||/||b|| 2.211015983757e-01
  1178 KSP Residual norm 4.734659731417e-04
  1178 KSP preconditioned resid norm 4.734659731417e-04 true resid norm 4.734659731417e-04 ||r(i)||/||b|| 2.209196142941e-01
  1179 KSP Residual norm 4.730576186388e-04
  1179 KSP preconditioned resid norm 4.730576186388e-04 true resid norm 4.730576186388e-04 ||r(i)||/||b|| 2.207290757456e-01
  1180 KSP Residual norm 4.726679413681e-04
  1180 KSP preconditioned resid norm 4.726679413681e-04 true resid norm 4.726679413681e-04 ||r(i)||/||b|| 2.205472520091e-01
  1181 KSP Residual norm 4.722659264520e-04
  1181 KSP preconditioned resid norm 4.722659264520e-04 true resid norm 4.722659264520e-04 ||r(i)||/||b|| 2.203596715171e-01
  1182 KSP Residual norm 4.718832648207e-04
  1182 KSP preconditioned resid norm 4.718832648207e-04 true resid norm 4.718832648207e-04 ||r(i)||/||b|| 2.201811212837e-01
  1183 KSP Residual norm 4.714895519624e-04
  1183 KSP preconditioned resid norm 4.714895519624e-04 true resid norm 4.714895519624e-04 ||r(i)||/||b|| 2.199974145387e-01
  1184 KSP Residual norm 4.711089915491e-04
  1184 KSP preconditioned resid norm 4.711089915491e-04 true resid norm 4.711089915491e-04 ||r(i)||/||b|| 2.198198447354e-01
  1185 KSP Residual norm 4.707157755268e-04
  1185 KSP preconditioned resid norm 4.707157755268e-04 true resid norm 4.707157755268e-04 ||r(i)||/||b|| 2.196363698145e-01
  1186 KSP Residual norm 4.703426724674e-04
  1186 KSP preconditioned resid norm 4.703426724674e-04 true resid norm 4.703426724674e-04 ||r(i)||/||b|| 2.194622796187e-01
  1187 KSP Residual norm 4.699516825369e-04
  1187 KSP preconditioned resid norm 4.699516825369e-04 true resid norm 4.699516825369e-04 ||r(i)||/||b|| 2.192798433940e-01
  1188 KSP Residual norm 4.695719025230e-04
  1188 KSP preconditioned resid norm 4.695719025230e-04 true resid norm 4.695719025230e-04 ||r(i)||/||b|| 2.191026377257e-01
  1189 KSP Residual norm 4.692009759560e-04
  1189 KSP preconditioned resid norm 4.692009759560e-04 true resid norm 4.692009759560e-04 ||r(i)||/||b|| 2.189295630831e-01
  1190 KSP Residual norm 4.688310346037e-04
  1190 KSP preconditioned resid norm 4.688310346037e-04 true resid norm 4.688310346037e-04 ||r(i)||/||b|| 2.187569481424e-01
  1191 KSP Residual norm 4.684364254763e-04
  1191 KSP preconditioned resid norm 4.684364254763e-04 true resid norm 4.684364254763e-04 ||r(i)||/||b|| 2.185728231975e-01
  1192 KSP Residual norm 4.680727810627e-04
  1192 KSP preconditioned resid norm 4.680727810627e-04 true resid norm 4.680727810627e-04 ||r(i)||/||b|| 2.184031464136e-01
  1193 KSP Residual norm 4.676826060091e-04
  1193 KSP preconditioned resid norm 4.676826060091e-04 true resid norm 4.676826060091e-04 ||r(i)||/||b|| 2.182210904112e-01
  1194 KSP Residual norm 4.673008793519e-04
  1194 KSP preconditioned resid norm 4.673008793519e-04 true resid norm 4.673008793519e-04 ||r(i)||/||b|| 2.180429764375e-01
  1195 KSP Residual norm 4.669378606405e-04
  1195 KSP preconditioned resid norm 4.669378606405e-04 true resid norm 4.669378606405e-04 ||r(i)||/||b|| 2.178735916069e-01
  1196 KSP Residual norm 4.666149633320e-04
  1196 KSP preconditioned resid norm 4.666149633320e-04 true resid norm 4.666149633320e-04 ||r(i)||/||b|| 2.177229274559e-01
  1197 KSP Residual norm 4.663050924769e-04
  1197 KSP preconditioned resid norm 4.663050924769e-04 true resid norm 4.663050924769e-04 ||r(i)||/||b|| 2.175783414588e-01
  1198 KSP Residual norm 4.659966504338e-04
  1198 KSP preconditioned resid norm 4.659966504338e-04 true resid norm 4.659966504338e-04 ||r(i)||/||b|| 2.174344221467e-01
  1199 KSP Residual norm 4.656909694246e-04
  1199 KSP preconditioned resid norm 4.656909694246e-04 true resid norm 4.656909694246e-04 ||r(i)||/||b|| 2.172917911352e-01
  1200 KSP Residual norm 4.653861625140e-04
  1200 KSP preconditioned resid norm 4.653861625140e-04 true resid norm 4.653861625140e-04 ||r(i)||/||b|| 2.171495679788e-01
  1201 KSP Residual norm 4.650855564157e-04
  1201 KSP preconditioned resid norm 4.650855564157e-04 true resid norm 4.650855564157e-04 ||r(i)||/||b|| 2.170093049250e-01
  1202 KSP Residual norm 4.647855099846e-04
  1202 KSP preconditioned resid norm 4.647855099846e-04 true resid norm 4.647855099846e-04 ||r(i)||/||b|| 2.168693030123e-01
  1203 KSP Residual norm 4.644831598558e-04
  1203 KSP preconditioned resid norm 4.644831598558e-04 true resid norm 4.644831598558e-04 ||r(i)||/||b|| 2.167282261924e-01
  1204 KSP Residual norm 4.641796610788e-04
  1204 KSP preconditioned resid norm 4.641796610788e-04 true resid norm 4.641796610788e-04 ||r(i)||/||b|| 2.165866134123e-01
  1205 KSP Residual norm 4.638626737842e-04
  1205 KSP preconditioned resid norm 4.638626737842e-04 true resid norm 4.638626737842e-04 ||r(i)||/||b|| 2.164387068787e-01
  1206 KSP Residual norm 4.635058609476e-04
  1206 KSP preconditioned resid norm 4.635058609476e-04 true resid norm 4.635058609476e-04 ||r(i)||/||b|| 2.162722177143e-01
  1207 KSP Residual norm 4.631302850860e-04
  1207 KSP preconditioned resid norm 4.631302850860e-04 true resid norm 4.631302850860e-04 ||r(i)||/||b|| 2.160969737069e-01
  1208 KSP Residual norm 4.627468821365e-04
  1208 KSP preconditioned resid norm 4.627468821365e-04 true resid norm 4.627468821365e-04 ||r(i)||/||b|| 2.159180775739e-01
  1209 KSP Residual norm 4.623899941077e-04
  1209 KSP preconditioned resid norm 4.623899941077e-04 true resid norm 4.623899941077e-04 ||r(i)||/||b|| 2.157515533247e-01
  1210 KSP Residual norm 4.620048989584e-04
  1210 KSP preconditioned resid norm 4.620048989584e-04 true resid norm 4.620048989584e-04 ||r(i)||/||b|| 2.155718676098e-01
  1211 KSP Residual norm 4.616456268594e-04
  1211 KSP preconditioned resid norm 4.616456268594e-04 true resid norm 4.616456268594e-04 ||r(i)||/||b|| 2.154042309516e-01
  1212 KSP Residual norm 4.612869651030e-04
  1212 KSP preconditioned resid norm 4.612869651030e-04 true resid norm 4.612869651030e-04 ||r(i)||/||b|| 2.152368790797e-01
  1213 KSP Residual norm 4.609204238506e-04
  1213 KSP preconditioned resid norm 4.609204238506e-04 true resid norm 4.609204238506e-04 ||r(i)||/||b|| 2.150658506284e-01
  1214 KSP Residual norm 4.605436225716e-04
  1214 KSP preconditioned resid norm 4.605436225716e-04 true resid norm 4.605436225716e-04 ||r(i)||/||b|| 2.148900348403e-01
  1215 KSP Residual norm 4.601836987140e-04
  1215 KSP preconditioned resid norm 4.601836987140e-04 true resid norm 4.601836987140e-04 ||r(i)||/||b|| 2.147220940709e-01
  1216 KSP Residual norm 4.598038425701e-04
  1216 KSP preconditioned resid norm 4.598038425701e-04 true resid norm 4.598038425701e-04 ||r(i)||/||b|| 2.145448528803e-01
  1217 KSP Residual norm 4.594358485669e-04
  1217 KSP preconditioned resid norm 4.594358485669e-04 true resid norm 4.594358485669e-04 ||r(i)||/||b|| 2.143731465744e-01
  1218 KSP Residual norm 4.590556458073e-04
  1218 KSP preconditioned resid norm 4.590556458073e-04 true resid norm 4.590556458073e-04 ||r(i)||/||b|| 2.141957436526e-01
  1219 KSP Residual norm 4.586864780464e-04
  1219 KSP preconditioned resid norm 4.586864780464e-04 true resid norm 4.586864780464e-04 ||r(i)||/||b|| 2.140234896703e-01
  1220 KSP Residual norm 4.583005144601e-04
  1220 KSP preconditioned resid norm 4.583005144601e-04 true resid norm 4.583005144601e-04 ||r(i)||/||b|| 2.138433987420e-01
  1221 KSP Residual norm 4.579284286305e-04
  1221 KSP preconditioned resid norm 4.579284286305e-04 true resid norm 4.579284286305e-04 ||r(i)||/||b|| 2.136697831864e-01
  1222 KSP Residual norm 4.575404643425e-04
  1222 KSP preconditioned resid norm 4.575404643425e-04 true resid norm 4.575404643425e-04 ||r(i)||/||b|| 2.134887587291e-01
  1223 KSP Residual norm 4.571708789712e-04
  1223 KSP preconditioned resid norm 4.571708789712e-04 true resid norm 4.571708789712e-04 ||r(i)||/||b|| 2.133163098895e-01
  1224 KSP Residual norm 4.567900633328e-04
  1224 KSP preconditioned resid norm 4.567900633328e-04 true resid norm 4.567900633328e-04 ||r(i)||/||b|| 2.131386209979e-01
  1225 KSP Residual norm 4.563985840961e-04
  1225 KSP preconditioned resid norm 4.563985840961e-04 true resid norm 4.563985840961e-04 ||r(i)||/||b|| 2.129559564626e-01
  1226 KSP Residual norm 4.559892387248e-04
  1226 KSP preconditioned resid norm 4.559892387248e-04 true resid norm 4.559892387248e-04 ||r(i)||/||b|| 2.127649555741e-01
  1227 KSP Residual norm 4.555687421787e-04
  1227 KSP preconditioned resid norm 4.555687421787e-04 true resid norm 4.555687421787e-04 ||r(i)||/||b|| 2.125687515382e-01
  1228 KSP Residual norm 4.551408159960e-04
  1228 KSP preconditioned resid norm 4.551408159960e-04 true resid norm 4.551408159960e-04 ||r(i)||/||b|| 2.123690808278e-01
  1229 KSP Residual norm 4.547099404939e-04
  1229 KSP preconditioned resid norm 4.547099404939e-04 true resid norm 4.547099404939e-04 ||r(i)||/||b|| 2.121680339625e-01
  1230 KSP Residual norm 4.542872879677e-04
  1230 KSP preconditioned resid norm 4.542872879677e-04 true resid norm 4.542872879677e-04 ||r(i)||/||b|| 2.119708239445e-01
  1231 KSP Residual norm 4.538703138652e-04
  1231 KSP preconditioned resid norm 4.538703138652e-04 true resid norm 4.538703138652e-04 ||r(i)||/||b|| 2.117762634837e-01
  1232 KSP Residual norm 4.534468481797e-04
  1232 KSP preconditioned resid norm 4.534468481797e-04 true resid norm 4.534468481797e-04 ||r(i)||/||b|| 2.115786740450e-01
  1233 KSP Residual norm 4.530270452880e-04
  1233 KSP preconditioned resid norm 4.530270452880e-04 true resid norm 4.530270452880e-04 ||r(i)||/||b|| 2.113827936688e-01
  1234 KSP Residual norm 4.526150969575e-04
  1234 KSP preconditioned resid norm 4.526150969575e-04 true resid norm 4.526150969575e-04 ||r(i)||/||b|| 2.111905782374e-01
  1235 KSP Residual norm 4.522138301462e-04
  1235 KSP preconditioned resid norm 4.522138301462e-04 true resid norm 4.522138301461e-04 ||r(i)||/||b|| 2.110033468117e-01
  1236 KSP Residual norm 4.518298717524e-04
  1236 KSP preconditioned resid norm 4.518298717524e-04 true resid norm 4.518298717524e-04 ||r(i)||/||b|| 2.108241915079e-01
  1237 KSP Residual norm 4.514562520477e-04
  1237 KSP preconditioned resid norm 4.514562520477e-04 true resid norm 4.514562520477e-04 ||r(i)||/||b|| 2.106498602449e-01
  1238 KSP Residual norm 4.510940373791e-04
  1238 KSP preconditioned resid norm 4.510940373791e-04 true resid norm 4.510940373791e-04 ||r(i)||/||b|| 2.104808505813e-01
  1239 KSP Residual norm 4.507144891226e-04
  1239 KSP preconditioned resid norm 4.507144891226e-04 true resid norm 4.507144891226e-04 ||r(i)||/||b|| 2.103037530512e-01
  1240 KSP Residual norm 4.503524641811e-04
  1240 KSP preconditioned resid norm 4.503524641811e-04 true resid norm 4.503524641811e-04 ||r(i)||/||b|| 2.101348319143e-01
  1241 KSP Residual norm 4.499787888616e-04
  1241 KSP preconditioned resid norm 4.499787888616e-04 true resid norm 4.499787888616e-04 ||r(i)||/||b|| 2.099604747015e-01
  1242 KSP Residual norm 4.496228395347e-04
  1242 KSP preconditioned resid norm 4.496228395347e-04 true resid norm 4.496228395347e-04 ||r(i)||/||b|| 2.097943884514e-01
  1243 KSP Residual norm 4.492569400638e-04
  1243 KSP preconditioned resid norm 4.492569400638e-04 true resid norm 4.492569400638e-04 ||r(i)||/||b|| 2.096236594560e-01
  1244 KSP Residual norm 4.489031953677e-04
  1244 KSP preconditioned resid norm 4.489031953677e-04 true resid norm 4.489031953677e-04 ||r(i)||/||b|| 2.094586018884e-01
  1245 KSP Residual norm 4.485376691260e-04
  1245 KSP preconditioned resid norm 4.485376691260e-04 true resid norm 4.485376691260e-04 ||r(i)||/||b|| 2.092880470420e-01
  1246 KSP Residual norm 4.481908773736e-04
  1246 KSP preconditioned resid norm 4.481908773736e-04 true resid norm 4.481908773736e-04 ||r(i)||/||b|| 2.091262337238e-01
  1247 KSP Residual norm 4.478275250339e-04
  1247 KSP preconditioned resid norm 4.478275250339e-04 true resid norm 4.478275250339e-04 ||r(i)||/||b|| 2.089566932219e-01
  1248 KSP Residual norm 4.474746549816e-04
  1248 KSP preconditioned resid norm 4.474746549816e-04 true resid norm 4.474746549816e-04 ||r(i)||/||b|| 2.087920437639e-01
  1249 KSP Residual norm 4.471296724692e-04
  1249 KSP preconditioned resid norm 4.471296724692e-04 true resid norm 4.471296724692e-04 ||r(i)||/||b|| 2.086310746386e-01
  1250 KSP Residual norm 4.467857925255e-04
  1250 KSP preconditioned resid norm 4.467857925255e-04 true resid norm 4.467857925255e-04 ||r(i)||/||b|| 2.084706199727e-01
  1251 KSP Residual norm 4.464190942613e-04
  1251 KSP preconditioned resid norm 4.464190942613e-04 true resid norm 4.464190942613e-04 ||r(i)||/||b|| 2.082995182596e-01
  1252 KSP Residual norm 4.460809672671e-04
  1252 KSP preconditioned resid norm 4.460809672671e-04 true resid norm 4.460809672671e-04 ||r(i)||/||b|| 2.081417479247e-01
  1253 KSP Residual norm 4.457184476428e-04
  1253 KSP preconditioned resid norm 4.457184476428e-04 true resid norm 4.457184476428e-04 ||r(i)||/||b|| 2.079725959684e-01
  1254 KSP Residual norm 4.453637857533e-04
  1254 KSP preconditioned resid norm 4.453637857533e-04 true resid norm 4.453637857533e-04 ||r(i)||/||b|| 2.078071104377e-01
  1255 KSP Residual norm 4.450263736399e-04
  1255 KSP preconditioned resid norm 4.450263736399e-04 true resid norm 4.450263736399e-04 ||r(i)||/||b|| 2.076496736668e-01
  1256 KSP Residual norm 4.447259651389e-04
  1256 KSP preconditioned resid norm 4.447259651389e-04 true resid norm 4.447259651389e-04 ||r(i)||/||b|| 2.075095028121e-01
  1257 KSP Residual norm 4.444375805594e-04
  1257 KSP preconditioned resid norm 4.444375805594e-04 true resid norm 4.444375805594e-04 ||r(i)||/||b|| 2.073749423290e-01
  1258 KSP Residual norm 4.441504281363e-04
  1258 KSP preconditioned resid norm 4.441504281363e-04 true resid norm 4.441504281363e-04 ||r(i)||/||b|| 2.072409567711e-01
  1259 KSP Residual norm 4.438657600302e-04
  1259 KSP preconditioned resid norm 4.438657600302e-04 true resid norm 4.438657600302e-04 ||r(i)||/||b|| 2.071081303975e-01
  1260 KSP Residual norm 4.435817271353e-04
  1260 KSP preconditioned resid norm 4.435817271353e-04 true resid norm 4.435817271353e-04 ||r(i)||/||b|| 2.069756004141e-01
  1261 KSP Residual norm 4.433014190732e-04
  1261 KSP preconditioned resid norm 4.433014190732e-04 true resid norm 4.433014190732e-04 ||r(i)||/||b|| 2.068448084407e-01
  1262 KSP Residual norm 4.430217319415e-04
  1262 KSP preconditioned resid norm 4.430217319415e-04 true resid norm 4.430217319415e-04 ||r(i)||/||b|| 2.067143061939e-01
  1263 KSP Residual norm 4.427399493623e-04
  1263 KSP preconditioned resid norm 4.427399493623e-04 true resid norm 4.427399493623e-04 ||r(i)||/||b|| 2.065828262096e-01
  1264 KSP Residual norm 4.424571890777e-04
  1264 KSP preconditioned resid norm 4.424571890777e-04 true resid norm 4.424571890777e-04 ||r(i)||/||b|| 2.064508900272e-01
  1265 KSP Residual norm 4.421619990675e-04
  1265 KSP preconditioned resid norm 4.421619990675e-04 true resid norm 4.421619990675e-04 ||r(i)||/||b|| 2.063131541245e-01
  1266 KSP Residual norm 4.418300859204e-04
  1266 KSP preconditioned resid norm 4.418300859204e-04 true resid norm 4.418300859204e-04 ||r(i)||/||b|| 2.061582831758e-01
  1267 KSP Residual norm 4.414808910442e-04
  1267 KSP preconditioned resid norm 4.414808910442e-04 true resid norm 4.414808910442e-04 ||r(i)||/||b|| 2.059953485581e-01
  1268 KSP Residual norm 4.411244168966e-04
  1268 KSP preconditioned resid norm 4.411244168966e-04 true resid norm 4.411244168966e-04 ||r(i)||/||b|| 2.058290174262e-01
  1269 KSP Residual norm 4.407923441720e-04
  1269 KSP preconditioned resid norm 4.407923441720e-04 true resid norm 4.407923441719e-04 ||r(i)||/||b|| 2.056740720185e-01
  1270 KSP Residual norm 4.404341854050e-04
  1270 KSP preconditioned resid norm 4.404341854050e-04 true resid norm 4.404341854050e-04 ||r(i)||/||b|| 2.055069548419e-01
  1271 KSP Residual norm 4.400998845901e-04
  1271 KSP preconditioned resid norm 4.400998845901e-04 true resid norm 4.400998845901e-04 ||r(i)||/||b|| 2.053509698054e-01
  1272 KSP Residual norm 4.397659070559e-04
  1272 KSP preconditioned resid norm 4.397659070559e-04 true resid norm 4.397659070559e-04 ||r(i)||/||b|| 2.051951356120e-01
  1273 KSP Residual norm 4.394248811458e-04
  1273 KSP preconditioned resid norm 4.394248811458e-04 true resid norm 4.394248811458e-04 ||r(i)||/||b|| 2.050360126405e-01
  1274 KSP Residual norm 4.390742395622e-04
  1274 KSP preconditioned resid norm 4.390742395622e-04 true resid norm 4.390742395622e-04 ||r(i)||/||b|| 2.048724029879e-01
  1275 KSP Residual norm 4.387392850508e-04
  1275 KSP preconditioned resid norm 4.387392850508e-04 true resid norm 4.387392850508e-04 ||r(i)||/||b|| 2.047161129361e-01
  1276 KSP Residual norm 4.383858167912e-04
  1276 KSP preconditioned resid norm 4.383858167912e-04 true resid norm 4.383858167912e-04 ||r(i)||/||b|| 2.045511843541e-01
  1277 KSP Residual norm 4.380434527517e-04
  1277 KSP preconditioned resid norm 4.380434527517e-04 true resid norm 4.380434527517e-04 ||r(i)||/||b|| 2.043914370104e-01
  1278 KSP Residual norm 4.376897979551e-04
  1278 KSP preconditioned resid norm 4.376897979551e-04 true resid norm 4.376897979551e-04 ||r(i)||/||b|| 2.042264213901e-01
  1279 KSP Residual norm 4.373460776061e-04
  1279 KSP preconditioned resid norm 4.373460776061e-04 true resid norm 4.373460776061e-04 ||r(i)||/||b|| 2.040660411912e-01
  1280 KSP Residual norm 4.369869081633e-04
  1280 KSP preconditioned resid norm 4.369869081633e-04 true resid norm 4.369869081633e-04 ||r(i)||/||b|| 2.038984524324e-01
  1281 KSP Residual norm 4.366407578497e-04
  1281 KSP preconditioned resid norm 4.366407578497e-04 true resid norm 4.366407578497e-04 ||r(i)||/||b|| 2.037369384101e-01
  1282 KSP Residual norm 4.362796228056e-04
  1282 KSP preconditioned resid norm 4.362796228056e-04 true resid norm 4.362796228056e-04 ||r(i)||/||b|| 2.035684325001e-01
  1283 KSP Residual norm 4.359358365732e-04
  1283 KSP preconditioned resid norm 4.359358365732e-04 true resid norm 4.359358365732e-04 ||r(i)||/||b|| 2.034080215600e-01
  1284 KSP Residual norm 4.355816125823e-04
  1284 KSP preconditioned resid norm 4.355816125823e-04 true resid norm 4.355816125823e-04 ||r(i)||/||b|| 2.032427403531e-01
  1285 KSP Residual norm 4.352173052803e-04
  1285 KSP preconditioned resid norm 4.352173052803e-04 true resid norm 4.352173052802e-04 ||r(i)||/||b|| 2.030727542650e-01
  1286 KSP Residual norm 4.348360360170e-04
  1286 KSP preconditioned resid norm 4.348360360170e-04 true resid norm 4.348360360170e-04 ||r(i)||/||b|| 2.028948537117e-01
  1287 KSP Residual norm 4.344442524078e-04
  1287 KSP preconditioned resid norm 4.344442524078e-04 true resid norm 4.344442524078e-04 ||r(i)||/||b|| 2.027120471559e-01
  1288 KSP Residual norm 4.340454153333e-04
  1288 KSP preconditioned resid norm 4.340454153333e-04 true resid norm 4.340454153333e-04 ||r(i)||/||b|| 2.025259494474e-01
  1289 KSP Residual norm 4.336437210828e-04
  1289 KSP preconditioned resid norm 4.336437210828e-04 true resid norm 4.336437210828e-04 ||r(i)||/||b|| 2.023385185782e-01
  1290 KSP Residual norm 4.332494746431e-04
  1290 KSP preconditioned resid norm 4.332494746431e-04 true resid norm 4.332494746431e-04 ||r(i)||/||b|| 2.021545628636e-01
  1291 KSP Residual norm 4.328602807779e-04
  1291 KSP preconditioned resid norm 4.328602807779e-04 true resid norm 4.328602807779e-04 ||r(i)||/||b|| 2.019729646845e-01
  1292 KSP Residual norm 4.324651671217e-04
  1292 KSP preconditioned resid norm 4.324651671217e-04 true resid norm 4.324651671217e-04 ||r(i)||/||b|| 2.017886043261e-01
  1293 KSP Residual norm 4.320735292765e-04
  1293 KSP preconditioned resid norm 4.320735292765e-04 true resid norm 4.320735292765e-04 ||r(i)||/||b|| 2.016058657839e-01
  1294 KSP Residual norm 4.316893308778e-04
  1294 KSP preconditioned resid norm 4.316893308778e-04 true resid norm 4.316893308778e-04 ||r(i)||/||b|| 2.014265984936e-01
  1295 KSP Residual norm 4.313152418409e-04
  1295 KSP preconditioned resid norm 4.313152418409e-04 true resid norm 4.313152418409e-04 ||r(i)||/||b|| 2.012520482399e-01
  1296 KSP Residual norm 4.309576440061e-04
  1296 KSP preconditioned resid norm 4.309576440061e-04 true resid norm 4.309576440061e-04 ||r(i)||/||b|| 2.010851927947e-01
  1297 KSP Residual norm 4.306098552381e-04
  1297 KSP preconditioned resid norm 4.306098552381e-04 true resid norm 4.306098552381e-04 ||r(i)||/||b|| 2.009229142682e-01
  1298 KSP Residual norm 4.302726821349e-04
  1298 KSP preconditioned resid norm 4.302726821349e-04 true resid norm 4.302726821349e-04 ||r(i)||/||b|| 2.007655890196e-01
  1299 KSP Residual norm 4.299191225524e-04
  1299 KSP preconditioned resid norm 4.299191225524e-04 true resid norm 4.299191225524e-04 ||r(i)||/||b|| 2.006006178262e-01
  1300 KSP Residual norm 4.295820348483e-04
  1300 KSP preconditioned resid norm 4.295820348483e-04 true resid norm 4.295820348483e-04 ||r(i)||/||b|| 2.004433324250e-01
  1301 KSP Residual norm 4.292339377613e-04
  1301 KSP preconditioned resid norm 4.292339377613e-04 true resid norm 4.292339377613e-04 ||r(i)||/||b|| 2.002809100366e-01
  1302 KSP Residual norm 4.289021231585e-04
  1302 KSP preconditioned resid norm 4.289021231585e-04 true resid norm 4.289021231585e-04 ||r(i)||/||b|| 2.001260850687e-01
  1303 KSP Residual norm 4.285613118586e-04
  1303 KSP preconditioned resid norm 4.285613118586e-04 true resid norm 4.285613118586e-04 ||r(i)||/||b|| 1.999670622346e-01
  1304 KSP Residual norm 4.282317559561e-04
  1304 KSP preconditioned resid norm 4.282317559561e-04 true resid norm 4.282317559561e-04 ||r(i)||/||b|| 1.998132911781e-01
  1305 KSP Residual norm 4.278911947802e-04
  1305 KSP preconditioned resid norm 4.278911947802e-04 true resid norm 4.278911947802e-04 ||r(i)||/||b|| 1.996543850521e-01
  1306 KSP Residual norm 4.275681198686e-04
  1306 KSP preconditioned resid norm 4.275681198686e-04 true resid norm 4.275681198686e-04 ||r(i)||/||b|| 1.995036380313e-01
  1307 KSP Residual norm 4.272296846529e-04
  1307 KSP preconditioned resid norm 4.272296846529e-04 true resid norm 4.272296846529e-04 ||r(i)||/||b|| 1.993457238800e-01
  1308 KSP Residual norm 4.269010724919e-04
  1308 KSP preconditioned resid norm 4.269010724919e-04 true resid norm 4.269010724919e-04 ||r(i)||/||b|| 1.991923931742e-01
  1309 KSP Residual norm 4.265795179366e-04
  1309 KSP preconditioned resid norm 4.265795179366e-04 true resid norm 4.265795179366e-04 ||r(i)||/||b|| 1.990423555530e-01
  1310 KSP Residual norm 4.262591540834e-04
  1310 KSP preconditioned resid norm 4.262591540834e-04 true resid norm 4.262591540834e-04 ||r(i)||/||b|| 1.988928735144e-01
  1311 KSP Residual norm 4.259176289171e-04
  1311 KSP preconditioned resid norm 4.259176289171e-04 true resid norm 4.259176289171e-04 ||r(i)||/||b|| 1.987335175896e-01
  1312 KSP Residual norm 4.256025290640e-04
  1312 KSP preconditioned resid norm 4.256025290640e-04 true resid norm 4.256025290640e-04 ||r(i)||/||b|| 1.985864917378e-01
  1313 KSP Residual norm 4.252649236023e-04
  1313 KSP preconditioned resid norm 4.252649236023e-04 true resid norm 4.252649236023e-04 ||r(i)||/||b|| 1.984289647503e-01
  1314 KSP Residual norm 4.249346337841e-04
  1314 KSP preconditioned resid norm 4.249346337841e-04 true resid norm 4.249346337841e-04 ||r(i)||/||b|| 1.982748512483e-01
  1315 KSP Residual norm 4.246202897017e-04
  1315 KSP preconditioned resid norm 4.246202897017e-04 true resid norm 4.246202897017e-04 ||r(i)||/||b|| 1.981281780397e-01
  1316 KSP Residual norm 4.243401764072e-04
  1316 KSP preconditioned resid norm 4.243401764072e-04 true resid norm 4.243401764072e-04 ||r(i)||/||b|| 1.979974769450e-01
  1317 KSP Residual norm 4.240712002461e-04
  1317 KSP preconditioned resid norm 4.240712002461e-04 true resid norm 4.240712002461e-04 ||r(i)||/||b|| 1.978719724460e-01
  1318 KSP Residual norm 4.238032955868e-04
  1318 KSP preconditioned resid norm 4.238032955868e-04 true resid norm 4.238032955868e-04 ||r(i)||/||b|| 1.977469679106e-01
  1319 KSP Residual norm 4.235376421273e-04
  1319 KSP preconditioned resid norm 4.235376421273e-04 true resid norm 4.235376421273e-04 ||r(i)||/||b|| 1.976230137869e-01
  1320 KSP Residual norm 4.232724329309e-04
  1320 KSP preconditioned resid norm 4.232724329309e-04 true resid norm 4.232724329309e-04 ||r(i)||/||b|| 1.974992669567e-01
  1321 KSP Residual norm 4.230105421008e-04
  1321 KSP preconditioned resid norm 4.230105421008e-04 true resid norm 4.230105421009e-04 ||r(i)||/||b|| 1.973770684790e-01
  1322 KSP Residual norm 4.227493114500e-04
  1322 KSP preconditioned resid norm 4.227493114500e-04 true resid norm 4.227493114500e-04 ||r(i)||/||b|| 1.972551780414e-01
  1323 KSP Residual norm 4.224861595790e-04
  1323 KSP preconditioned resid norm 4.224861595790e-04 true resid norm 4.224861595790e-04 ||r(i)||/||b|| 1.971323911610e-01
  1324 KSP Residual norm 4.222221663266e-04
  1324 KSP preconditioned resid norm 4.222221663266e-04 true resid norm 4.222221663266e-04 ||r(i)||/||b|| 1.970092116913e-01
  1325 KSP Residual norm 4.219466785190e-04
  1325 KSP preconditioned resid norm 4.219466785190e-04 true resid norm 4.219466785190e-04 ||r(i)||/||b|| 1.968806688526e-01
  1326 KSP Residual norm 4.216372220383e-04
  1326 KSP preconditioned resid norm 4.216372220383e-04 true resid norm 4.216372220383e-04 ||r(i)||/||b|| 1.967362762030e-01
  1327 KSP Residual norm 4.213118038400e-04
  1327 KSP preconditioned resid norm 4.213118038400e-04 true resid norm 4.213118038400e-04 ||r(i)||/||b|| 1.965844358028e-01
  1328 KSP Residual norm 4.209796077213e-04
  1328 KSP preconditioned resid norm 4.209796077213e-04 true resid norm 4.209796077213e-04 ||r(i)||/||b|| 1.964294328193e-01
  1329 KSP Residual norm 4.206699462372e-04
  1329 KSP preconditioned resid norm 4.206699462372e-04 true resid norm 4.206699462372e-04 ||r(i)||/||b|| 1.962849445150e-01
  1330 KSP Residual norm 4.203361049050e-04
  1330 KSP preconditioned resid norm 4.203361049050e-04 true resid norm 4.203361049050e-04 ||r(i)||/||b|| 1.961291738735e-01
  1331 KSP Residual norm 4.200243644844e-04
  1331 KSP preconditioned resid norm 4.200243644844e-04 true resid norm 4.200243644844e-04 ||r(i)||/||b|| 1.959837155357e-01
  1332 KSP Residual norm 4.197127102698e-04
  1332 KSP preconditioned resid norm 4.197127102698e-04 true resid norm 4.197127102698e-04 ||r(i)||/||b|| 1.958382974216e-01
  1333 KSP Residual norm 4.193947241435e-04
  1333 KSP preconditioned resid norm 4.193947241435e-04 true resid norm 4.193947241435e-04 ||r(i)||/||b|| 1.956899248323e-01
  1334 KSP Residual norm 4.190677042749e-04
  1334 KSP preconditioned resid norm 4.190677042749e-04 true resid norm 4.190677042749e-04 ||r(i)||/||b|| 1.955373370914e-01
  1335 KSP Residual norm 4.187552858639e-04
  1335 KSP preconditioned resid norm 4.187552858639e-04 true resid norm 4.187552858639e-04 ||r(i)||/||b|| 1.953915624027e-01
  1336 KSP Residual norm 4.184256288924e-04
  1336 KSP preconditioned resid norm 4.184256288924e-04 true resid norm 4.184256288924e-04 ||r(i)||/||b|| 1.952377441874e-01
  1337 KSP Residual norm 4.181063966491e-04
  1337 KSP preconditioned resid norm 4.181063966491e-04 true resid norm 4.181063966491e-04 ||r(i)||/||b|| 1.950887901589e-01
  1338 KSP Residual norm 4.177766981790e-04
  1338 KSP preconditioned resid norm 4.177766981790e-04 true resid norm 4.177766981790e-04 ||r(i)||/||b|| 1.949349525803e-01
  1339 KSP Residual norm 4.174559804505e-04
  1339 KSP preconditioned resid norm 4.174559804505e-04 true resid norm 4.174559804505e-04 ||r(i)||/||b|| 1.947853054232e-01
  1340 KSP Residual norm 4.171210144009e-04
  1340 KSP preconditioned resid norm 4.171210144009e-04 true resid norm 4.171210144009e-04 ||r(i)||/||b|| 1.946290099876e-01
  1341 KSP Residual norm 4.167982810612e-04
  1341 KSP preconditioned resid norm 4.167982810612e-04 true resid norm 4.167982810612e-04 ||r(i)||/||b|| 1.944784223447e-01
  1342 KSP Residual norm 4.164613826342e-04
  1342 KSP preconditioned resid norm 4.164613826342e-04 true resid norm 4.164613826342e-04 ||r(i)||/||b|| 1.943212252602e-01
  1343 KSP Residual norm 4.161408649841e-04
  1343 KSP preconditioned resid norm 4.161408649841e-04 true resid norm 4.161408649841e-04 ||r(i)||/||b|| 1.941716714599e-01
  1344 KSP Residual norm 4.158106146058e-04
  1344 KSP preconditioned resid norm 4.158106146058e-04 true resid norm 4.158106146058e-04 ||r(i)||/||b|| 1.940175763605e-01
  1345 KSP Residual norm 4.154708149441e-04
  1345 KSP preconditioned resid norm 4.154708149441e-04 true resid norm 4.154708149441e-04 ||r(i)||/||b|| 1.938590255575e-01
  1346 KSP Residual norm 4.151149106509e-04
  1346 KSP preconditioned resid norm 4.151149106509e-04 true resid norm 4.151149106509e-04 ||r(i)||/||b|| 1.936929603203e-01
  1347 KSP Residual norm 4.147490906571e-04
  1347 KSP preconditioned resid norm 4.147490906571e-04 true resid norm 4.147490906571e-04 ||r(i)||/||b|| 1.935222684089e-01
  1348 KSP Residual norm 4.143765809263e-04
  1348 KSP preconditioned resid norm 4.143765809263e-04 true resid norm 4.143765809263e-04 ||r(i)||/||b|| 1.933484550607e-01
  1349 KSP Residual norm 4.140013201929e-04
  1349 KSP preconditioned resid norm 4.140013201929e-04 true resid norm 4.140013201929e-04 ||r(i)||/||b|| 1.931733580924e-01
  1350 KSP Residual norm 4.136328361198e-04
  1350 KSP preconditioned resid norm 4.136328361198e-04 true resid norm 4.136328361198e-04 ||r(i)||/||b|| 1.930014231194e-01
  1351 KSP Residual norm 4.132688673567e-04
  1351 KSP preconditioned resid norm 4.132688673567e-04 true resid norm 4.132688673567e-04 ||r(i)||/||b|| 1.928315949938e-01
  1352 KSP Residual norm 4.128994748882e-04
  1352 KSP preconditioned resid norm 4.128994748882e-04 true resid norm 4.128994748881e-04 ||r(i)||/||b|| 1.926592361627e-01
  1353 KSP Residual norm 4.125333689375e-04
  1353 KSP preconditioned resid norm 4.125333689375e-04 true resid norm 4.125333689375e-04 ||r(i)||/||b|| 1.924884108236e-01
  1354 KSP Residual norm 4.121743022226e-04
  1354 KSP preconditioned resid norm 4.121743022226e-04 true resid norm 4.121743022226e-04 ||r(i)||/||b|| 1.923208699978e-01
  1355 KSP Residual norm 4.118248007373e-04
  1355 KSP preconditioned resid norm 4.118248007373e-04 true resid norm 4.118248007373e-04 ||r(i)||/||b|| 1.921577923159e-01
  1356 KSP Residual norm 4.114910029367e-04
  1356 KSP preconditioned resid norm 4.114910029367e-04 true resid norm 4.114910029367e-04 ||r(i)||/||b|| 1.920020419864e-01
  1357 KSP Residual norm 4.111665204206e-04
  1357 KSP preconditioned resid norm 4.111665204206e-04 true resid norm 4.111665204206e-04 ||r(i)||/||b|| 1.918506381762e-01
  1358 KSP Residual norm 4.108519485341e-04
  1358 KSP preconditioned resid norm 4.108519485341e-04 true resid norm 4.108519485341e-04 ||r(i)||/||b|| 1.917038586740e-01
  1359 KSP Residual norm 4.105218834065e-04
  1359 KSP preconditioned resid norm 4.105218834065e-04 true resid norm 4.105218834065e-04 ||r(i)||/||b|| 1.915498500128e-01
  1360 KSP Residual norm 4.102073315781e-04
  1360 KSP preconditioned resid norm 4.102073315781e-04 true resid norm 4.102073315781e-04 ||r(i)||/||b|| 1.914030798698e-01
  1361 KSP Residual norm 4.098823662866e-04
  1361 KSP preconditioned resid norm 4.098823662866e-04 true resid norm 4.098823662866e-04 ||r(i)||/||b|| 1.912514507962e-01
  1362 KSP Residual norm 4.095723978435e-04
  1362 KSP preconditioned resid norm 4.095723978435e-04 true resid norm 4.095723978435e-04 ||r(i)||/||b|| 1.911068192645e-01
  1363 KSP Residual norm 4.092542616578e-04
  1363 KSP preconditioned resid norm 4.092542616578e-04 true resid norm 4.092542616578e-04 ||r(i)||/||b|| 1.909583766574e-01
  1364 KSP Residual norm 4.089465685720e-04
  1364 KSP preconditioned resid norm 4.089465685720e-04 true resid norm 4.089465685720e-04 ||r(i)||/||b|| 1.908148068093e-01
  1365 KSP Residual norm 4.086285618651e-04
  1365 KSP preconditioned resid norm 4.086285618651e-04 true resid norm 4.086285618651e-04 ||r(i)||/||b|| 1.906664246171e-01
  1366 KSP Residual norm 4.083269094071e-04
  1366 KSP preconditioned resid norm 4.083269094071e-04 true resid norm 4.083269094071e-04 ||r(i)||/||b|| 1.905256733310e-01
  1367 KSP Residual norm 4.080109846980e-04
  1367 KSP preconditioned resid norm 4.080109846980e-04 true resid norm 4.080109846980e-04 ||r(i)||/||b|| 1.903782626006e-01
  1368 KSP Residual norm 4.077042851654e-04
  1368 KSP preconditioned resid norm 4.077042851654e-04 true resid norm 4.077042851654e-04 ||r(i)||/||b|| 1.902351563453e-01
  1369 KSP Residual norm 4.074039273130e-04
  1369 KSP preconditioned resid norm 4.074039273130e-04 true resid norm 4.074039273130e-04 ||r(i)||/||b|| 1.900950091232e-01
  1370 KSP Residual norm 4.071048263325e-04
  1370 KSP preconditioned resid norm 4.071048263325e-04 true resid norm 4.071048263325e-04 ||r(i)||/||b|| 1.899554483585e-01
  1371 KSP Residual norm 4.067860530136e-04
  1371 KSP preconditioned resid norm 4.067860530136e-04 true resid norm 4.067860530136e-04 ||r(i)||/||b|| 1.898067084645e-01
  1372 KSP Residual norm 4.064917757308e-04
  1372 KSP preconditioned resid norm 4.064917757308e-04 true resid norm 4.064917757308e-04 ||r(i)||/||b|| 1.896693984412e-01
  1373 KSP Residual norm 4.061766640302e-04
  1373 KSP preconditioned resid norm 4.061766640302e-04 true resid norm 4.061766640302e-04 ||r(i)||/||b|| 1.895223670613e-01
  1374 KSP Residual norm 4.058683703442e-04
  1374 KSP preconditioned resid norm 4.058683703442e-04 true resid norm 4.058683703442e-04 ||r(i)||/||b|| 1.893785169727e-01
  1375 KSP Residual norm 4.055748523885e-04
  1375 KSP preconditioned resid norm 4.055748523885e-04 true resid norm 4.055748523885e-04 ||r(i)||/||b|| 1.892415612520e-01
  1376 KSP Residual norm 4.053130909979e-04
  1376 KSP preconditioned resid norm 4.053130909979e-04 true resid norm 4.053130909979e-04 ||r(i)||/||b|| 1.891194231709e-01
  1377 KSP Residual norm 4.050616796621e-04
  1377 KSP preconditioned resid norm 4.050616796621e-04 true resid norm 4.050616796621e-04 ||r(i)||/||b|| 1.890021144339e-01
  1378 KSP Residual norm 4.048112095251e-04
  1378 KSP preconditioned resid norm 4.048112095251e-04 true resid norm 4.048112095251e-04 ||r(i)||/||b|| 1.888852448610e-01
  1379 KSP Residual norm 4.045627945169e-04
  1379 KSP preconditioned resid norm 4.045627945169e-04 true resid norm 4.045627945169e-04 ||r(i)||/||b|| 1.887693342129e-01
  1380 KSP Residual norm 4.043146716097e-04
  1380 KSP preconditioned resid norm 4.043146716097e-04 true resid norm 4.043146716097e-04 ||r(i)||/||b|| 1.886535598594e-01
  1381 KSP Residual norm 4.040695181154e-04
  1381 KSP preconditioned resid norm 4.040695181154e-04 true resid norm 4.040695181154e-04 ||r(i)||/||b|| 1.885391710363e-01
  1382 KSP Residual norm 4.038250470939e-04
  1382 KSP preconditioned resid norm 4.038250470939e-04 true resid norm 4.038250470939e-04 ||r(i)||/||b|| 1.884251006557e-01
  1383 KSP Residual norm 4.035788003443e-04
  1383 KSP preconditioned resid norm 4.035788003443e-04 true resid norm 4.035788003443e-04 ||r(i)||/||b|| 1.883102017189e-01
  1384 KSP Residual norm 4.033318198966e-04
  1384 KSP preconditioned resid norm 4.033318198966e-04 true resid norm 4.033318198966e-04 ||r(i)||/||b|| 1.881949604379e-01
  1385 KSP Residual norm 4.030741736458e-04
  1385 KSP preconditioned resid norm 4.030741736458e-04 true resid norm 4.030741736458e-04 ||r(i)||/||b|| 1.880747424844e-01
  1386 KSP Residual norm 4.027850132377e-04
  1386 KSP preconditioned resid norm 4.027850132377e-04 true resid norm 4.027850132377e-04 ||r(i)||/||b|| 1.879398199990e-01
  1387 KSP Residual norm 4.024810717102e-04
  1387 KSP preconditioned resid norm 4.024810717102e-04 true resid norm 4.024810717102e-04 ||r(i)||/||b|| 1.877980006312e-01
  1388 KSP Residual norm 4.021708115211e-04
  1388 KSP preconditioned resid norm 4.021708115211e-04 true resid norm 4.021708115211e-04 ||r(i)||/||b|| 1.876532329706e-01
  1389 KSP Residual norm 4.018814311197e-04
  1389 KSP preconditioned resid norm 4.018814311197e-04 true resid norm 4.018814311197e-04 ||r(i)||/||b|| 1.875182078361e-01
  1390 KSP Residual norm 4.015695884680e-04
  1390 KSP preconditioned resid norm 4.015695884680e-04 true resid norm 4.015695884680e-04 ||r(i)||/||b|| 1.873727017972e-01
  1391 KSP Residual norm 4.012782706496e-04
  1391 KSP preconditioned resid norm 4.012782706496e-04 true resid norm 4.012782706496e-04 ||r(i)||/||b|| 1.872367726624e-01
  1392 KSP Residual norm 4.009868420463e-04
  1392 KSP preconditioned resid norm 4.009868420463e-04 true resid norm 4.009868420463e-04 ||r(i)||/||b|| 1.871007918353e-01
  1393 KSP Residual norm 4.006897016135e-04
  1393 KSP preconditioned resid norm 4.006897016135e-04 true resid norm 4.006897016135e-04 ||r(i)||/||b|| 1.869621458638e-01
  1394 KSP Residual norm 4.003840542784e-04
  1394 KSP preconditioned resid norm 4.003840542784e-04 true resid norm 4.003840542784e-04 ||r(i)||/||b|| 1.868195305647e-01
  1395 KSP Residual norm 4.000920174178e-04
  1395 KSP preconditioned resid norm 4.000920174178e-04 true resid norm 4.000920174178e-04 ||r(i)||/||b|| 1.866832659242e-01
  1396 KSP Residual norm 3.997838911738e-04
  1396 KSP preconditioned resid norm 3.997838911738e-04 true resid norm 3.997838911738e-04 ||r(i)||/||b|| 1.865394939642e-01
  1397 KSP Residual norm 3.994855787734e-04
  1397 KSP preconditioned resid norm 3.994855787734e-04 true resid norm 3.994855787734e-04 ||r(i)||/||b|| 1.864003011517e-01
  1398 KSP Residual norm 3.991775428661e-04
  1398 KSP preconditioned resid norm 3.991775428661e-04 true resid norm 3.991775428661e-04 ||r(i)||/||b|| 1.862565713428e-01
  1399 KSP Residual norm 3.988776579756e-04
  1399 KSP preconditioned resid norm 3.988776579756e-04 true resid norm 3.988776579756e-04 ||r(i)||/||b|| 1.861166448051e-01
  1400 KSP Residual norm 3.985645994763e-04
  1400 KSP preconditioned resid norm 3.985645994763e-04 true resid norm 3.985645994763e-04 ||r(i)||/||b|| 1.859705714506e-01
  1401 KSP Residual norm 3.982630533775e-04
  1401 KSP preconditioned resid norm 3.982630533775e-04 true resid norm 3.982630533775e-04 ||r(i)||/||b|| 1.858298697917e-01
  1402 KSP Residual norm 3.979480941399e-04
  1402 KSP preconditioned resid norm 3.979480941399e-04 true resid norm 3.979480941399e-04 ||r(i)||/||b|| 1.856829095512e-01
  1403 KSP Residual norm 3.976486083528e-04
  1403 KSP preconditioned resid norm 3.976486083528e-04 true resid norm 3.976486083528e-04 ||r(i)||/||b|| 1.855431692355e-01
  1404 KSP Residual norm 3.973400191491e-04
  1404 KSP preconditioned resid norm 3.973400191491e-04 true resid norm 3.973400191491e-04 ||r(i)||/||b|| 1.853991812581e-01
  1405 KSP Residual norm 3.970223717683e-04
  1405 KSP preconditioned resid norm 3.970223717683e-04 true resid norm 3.970223717683e-04 ||r(i)||/||b|| 1.852509667277e-01
  1406 KSP Residual norm 3.966894286664e-04
  1406 KSP preconditioned resid norm 3.966894286664e-04 true resid norm 3.966894286664e-04 ||r(i)||/||b|| 1.850956152012e-01
  1407 KSP Residual norm 3.963471310610e-04
  1407 KSP preconditioned resid norm 3.963471310610e-04 true resid norm 3.963471310610e-04 ||r(i)||/||b|| 1.849358988557e-01
  1408 KSP Residual norm 3.959984939343e-04
  1408 KSP preconditioned resid norm 3.959984939343e-04 true resid norm 3.959984939343e-04 ||r(i)||/||b|| 1.847732244843e-01
  1409 KSP Residual norm 3.956472221590e-04
  1409 KSP preconditioned resid norm 3.956472221590e-04 true resid norm 3.956472221590e-04 ||r(i)||/||b|| 1.846093207837e-01
  1410 KSP Residual norm 3.953021436806e-04
  1410 KSP preconditioned resid norm 3.953021436806e-04 true resid norm 3.953021436806e-04 ||r(i)||/||b|| 1.844483068806e-01
  1411 KSP Residual norm 3.949611170078e-04
  1411 KSP preconditioned resid norm 3.949611170078e-04 true resid norm 3.949611170078e-04 ||r(i)||/||b|| 1.842891835532e-01
  1412 KSP Residual norm 3.946150989657e-04
  1412 KSP preconditioned resid norm 3.946150989657e-04 true resid norm 3.946150989657e-04 ||r(i)||/||b|| 1.841277312489e-01
  1413 KSP Residual norm 3.942721784473e-04
  1413 KSP preconditioned resid norm 3.942721784473e-04 true resid norm 3.942721784473e-04 ||r(i)||/||b|| 1.839677242516e-01
  1414 KSP Residual norm 3.939359132105e-04
  1414 KSP preconditioned resid norm 3.939359132105e-04 true resid norm 3.939359132105e-04 ||r(i)||/||b|| 1.838108226143e-01
  1415 KSP Residual norm 3.936086980967e-04
  1415 KSP preconditioned resid norm 3.936086980967e-04 true resid norm 3.936086980967e-04 ||r(i)||/||b|| 1.836581437718e-01
  1416 KSP Residual norm 3.932964341816e-04
  1416 KSP preconditioned resid norm 3.932964341816e-04 true resid norm 3.932964341816e-04 ||r(i)||/||b|| 1.835124411710e-01
  1417 KSP Residual norm 3.929930264601e-04
  1417 KSP preconditioned resid norm 3.929930264601e-04 true resid norm 3.929930264601e-04 ||r(i)||/||b|| 1.833708708774e-01
  1418 KSP Residual norm 3.926988977692e-04
  1418 KSP preconditioned resid norm 3.926988977692e-04 true resid norm 3.926988977692e-04 ||r(i)||/||b|| 1.832336301872e-01
  1419 KSP Residual norm 3.923901154842e-04
  1419 KSP preconditioned resid norm 3.923901154842e-04 true resid norm 3.923901154842e-04 ||r(i)||/||b|| 1.830895521179e-01
  1420 KSP Residual norm 3.920959717074e-04
  1420 KSP preconditioned resid norm 3.920959717074e-04 true resid norm 3.920959717074e-04 ||r(i)||/||b|| 1.829523043886e-01
  1421 KSP Residual norm 3.917919672972e-04
  1421 KSP preconditioned resid norm 3.917919672972e-04 true resid norm 3.917919672972e-04 ||r(i)||/||b|| 1.828104556796e-01
  1422 KSP Residual norm 3.915018105372e-04
  1422 KSP preconditioned resid norm 3.915018105372e-04 true resid norm 3.915018105372e-04 ||r(i)||/||b|| 1.826750682956e-01
  1423 KSP Residual norm 3.912042096833e-04
  1423 KSP preconditioned resid norm 3.912042096833e-04 true resid norm 3.912042096833e-04 ||r(i)||/||b|| 1.825362074913e-01
  1424 KSP Residual norm 3.909163170173e-04
  1424 KSP preconditioned resid norm 3.909163170173e-04 true resid norm 3.909163170173e-04 ||r(i)||/||b|| 1.824018765355e-01
  1425 KSP Residual norm 3.906187291046e-04
  1425 KSP preconditioned resid norm 3.906187291046e-04 true resid norm 3.906187291046e-04 ||r(i)||/||b|| 1.822630217695e-01
  1426 KSP Residual norm 3.903364671543e-04
  1426 KSP preconditioned resid norm 3.903364671543e-04 true resid norm 3.903364671543e-04 ||r(i)||/||b|| 1.821313181102e-01
  1427 KSP Residual norm 3.900409208537e-04
  1427 KSP preconditioned resid norm 3.900409208537e-04 true resid norm 3.900409208537e-04 ||r(i)||/||b|| 1.819934159622e-01
  1428 KSP Residual norm 3.897540566892e-04
  1428 KSP preconditioned resid norm 3.897540566892e-04 true resid norm 3.897540566892e-04 ||r(i)||/||b|| 1.818595649060e-01
  1429 KSP Residual norm 3.894729141743e-04
  1429 KSP preconditioned resid norm 3.894729141743e-04 true resid norm 3.894729141743e-04 ||r(i)||/||b|| 1.817283835762e-01
  1430 KSP Residual norm 3.891930780179e-04
  1430 KSP preconditioned resid norm 3.891930780179e-04 true resid norm 3.891930780179e-04 ||r(i)||/||b|| 1.815978117944e-01
  1431 KSP Residual norm 3.888949112798e-04
  1431 KSP preconditioned resid norm 3.888949112798e-04 true resid norm 3.888949112798e-04 ||r(i)||/||b|| 1.814586869480e-01
  1432 KSP Residual norm 3.886195017227e-04
  1432 KSP preconditioned resid norm 3.886195017227e-04 true resid norm 3.886195017227e-04 ||r(i)||/||b|| 1.813301806211e-01
  1433 KSP Residual norm 3.883247429120e-04
  1433 KSP preconditioned resid norm 3.883247429120e-04 true resid norm 3.883247429120e-04 ||r(i)||/||b|| 1.811926459165e-01
  1434 KSP Residual norm 3.880363452741e-04
  1434 KSP preconditioned resid norm 3.880363452741e-04 true resid norm 3.880363452741e-04 ||r(i)||/||b|| 1.810580793403e-01
  1435 KSP Residual norm 3.877616705396e-04
  1435 KSP preconditioned resid norm 3.877616705396e-04 true resid norm 3.877616705396e-04 ||r(i)||/||b|| 1.809299158823e-01
  1436 KSP Residual norm 3.875165374931e-04
  1436 KSP preconditioned resid norm 3.875165374931e-04 true resid norm 3.875165374931e-04 ||r(i)||/||b|| 1.808155366002e-01
  1437 KSP Residual norm 3.872810534976e-04
  1437 KSP preconditioned resid norm 3.872810534976e-04 true resid norm 3.872810534976e-04 ||r(i)||/||b|| 1.807056595733e-01
  1438 KSP Residual norm 3.870464057499e-04
  1438 KSP preconditioned resid norm 3.870464057499e-04 true resid norm 3.870464057499e-04 ||r(i)||/||b|| 1.805961727403e-01
  1439 KSP Residual norm 3.868136482869e-04
  1439 KSP preconditioned resid norm 3.868136482869e-04 true resid norm 3.868136482869e-04 ||r(i)||/||b|| 1.804875679158e-01
  1440 KSP Residual norm 3.865810620710e-04
  1440 KSP preconditioned resid norm 3.865810620710e-04 true resid norm 3.865810620710e-04 ||r(i)||/||b|| 1.803790429953e-01
  1441 KSP Residual norm 3.863511441668e-04
  1441 KSP preconditioned resid norm 3.863511441668e-04 true resid norm 3.863511441668e-04 ||r(i)||/||b|| 1.802717631112e-01
  1442 KSP Residual norm 3.861219181050e-04
  1442 KSP preconditioned resid norm 3.861219181050e-04 true resid norm 3.861219181050e-04 ||r(i)||/||b|| 1.801648060414e-01
  1443 KSP Residual norm 3.858910377729e-04
  1443 KSP preconditioned resid norm 3.858910377729e-04 true resid norm 3.858910377729e-04 ||r(i)||/||b|| 1.800570770876e-01
  1444 KSP Residual norm 3.856595079283e-04
  1444 KSP preconditioned resid norm 3.856595079283e-04 true resid norm 3.856595079283e-04 ||r(i)||/||b|| 1.799490450708e-01
  1445 KSP Residual norm 3.854180492743e-04
  1445 KSP preconditioned resid norm 3.854180492743e-04 true resid norm 3.854180492743e-04 ||r(i)||/||b|| 1.798363802633e-01
  1446 KSP Residual norm 3.851472714102e-04
  1446 KSP preconditioned resid norm 3.851472714102e-04 true resid norm 3.851472714102e-04 ||r(i)||/||b|| 1.797100350882e-01
  1447 KSP Residual norm 3.848627718842e-04
  1447 KSP preconditioned resid norm 3.848627718842e-04 true resid norm 3.848627718842e-04 ||r(i)||/||b|| 1.795772873743e-01
  1448 KSP Residual norm 3.845723746818e-04
  1448 KSP preconditioned resid norm 3.845723746818e-04 true resid norm 3.845723746818e-04 ||r(i)||/||b|| 1.794417877997e-01
  1449 KSP Residual norm 3.843013850265e-04
  1449 KSP preconditioned resid norm 3.843013850265e-04 true resid norm 3.843013850265e-04 ||r(i)||/||b|| 1.793153438026e-01
  1450 KSP Residual norm 3.840094845839e-04
  1450 KSP preconditioned resid norm 3.840094845839e-04 true resid norm 3.840094845839e-04 ||r(i)||/||b|| 1.791791428149e-01
  1451 KSP Residual norm 3.837366909199e-04
  1451 KSP preconditioned resid norm 3.837366909199e-04 true resid norm 3.837366909199e-04 ||r(i)||/||b|| 1.790518570658e-01
  1452 KSP Residual norm 3.834636219383e-04
  1452 KSP preconditioned resid norm 3.834636219383e-04 true resid norm 3.834636219383e-04 ||r(i)||/||b|| 1.789244428534e-01
  1453 KSP Residual norm 3.831853799533e-04
  1453 KSP preconditioned resid norm 3.831853799533e-04 true resid norm 3.831853799533e-04 ||r(i)||/||b|| 1.787946149133e-01
  1454 KSP Residual norm 3.828991092998e-04
  1454 KSP preconditioned resid norm 3.828991092998e-04 true resid norm 3.828991092998e-04 ||r(i)||/||b|| 1.786610407898e-01
  1455 KSP Residual norm 3.826255436999e-04
  1455 KSP preconditioned resid norm 3.826255436999e-04 true resid norm 3.826255436999e-04 ||r(i)||/||b|| 1.785333948549e-01
  1456 KSP Residual norm 3.823369268981e-04
  1456 KSP preconditioned resid norm 3.823369268981e-04 true resid norm 3.823369268981e-04 ||r(i)||/||b|| 1.783987260167e-01
  1457 KSP Residual norm 3.820575731212e-04
  1457 KSP preconditioned resid norm 3.820575731212e-04 true resid norm 3.820575731212e-04 ||r(i)||/||b|| 1.782683793135e-01
  1458 KSP Residual norm 3.817691666005e-04
  1458 KSP preconditioned resid norm 3.817691666005e-04 true resid norm 3.817691666005e-04 ||r(i)||/||b|| 1.781338085927e-01
  1459 KSP Residual norm 3.814881863902e-04
  1459 KSP preconditioned resid norm 3.814881863902e-04 true resid norm 3.814881863902e-04 ||r(i)||/||b|| 1.780027029943e-01
  1460 KSP Residual norm 3.811949977563e-04
  1460 KSP preconditioned resid norm 3.811949977563e-04 true resid norm 3.811949977563e-04 ||r(i)||/||b|| 1.778659009355e-01
  1461 KSP Residual norm 3.809126615090e-04
  1461 KSP preconditioned resid norm 3.809126615090e-04 true resid norm 3.809126615089e-04 ||r(i)||/||b|| 1.777341626092e-01
  1462 KSP Residual norm 3.806176025444e-04
  1462 KSP preconditioned resid norm 3.806176025444e-04 true resid norm 3.806176025444e-04 ||r(i)||/||b|| 1.775964878525e-01
  1463 KSP Residual norm 3.803371683534e-04
  1463 KSP preconditioned resid norm 3.803371683534e-04 true resid norm 3.803371683534e-04 ||r(i)||/||b|| 1.774656370273e-01
  1464 KSP Residual norm 3.800481944729e-04
  1464 KSP preconditioned resid norm 3.800481944729e-04 true resid norm 3.800481944729e-04 ||r(i)||/||b|| 1.773308015759e-01
  1465 KSP Residual norm 3.797506141547e-04
  1465 KSP preconditioned resid norm 3.797506141547e-04 true resid norm 3.797506141547e-04 ||r(i)||/||b|| 1.771919503535e-01
  1466 KSP Residual norm 3.794384986438e-04
  1466 KSP preconditioned resid norm 3.794384986438e-04 true resid norm 3.794384986438e-04 ||r(i)||/||b|| 1.770463169982e-01
  1467 KSP Residual norm 3.791175535818e-04
  1467 KSP preconditioned resid norm 3.791175535818e-04 true resid norm 3.791175535818e-04 ||r(i)||/||b|| 1.768965637671e-01
  1468 KSP Residual norm 3.787906048495e-04
  1468 KSP preconditioned resid norm 3.787906048495e-04 true resid norm 3.787906048495e-04 ||r(i)||/||b|| 1.767440092184e-01
  1469 KSP Residual norm 3.784611445722e-04
  1469 KSP preconditioned resid norm 3.784611445722e-04 true resid norm 3.784611445722e-04 ||r(i)||/||b|| 1.765902827808e-01
  1470 KSP Residual norm 3.781373684633e-04
  1470 KSP preconditioned resid norm 3.781373684633e-04 true resid norm 3.781373684633e-04 ||r(i)||/||b|| 1.764392085809e-01
  1471 KSP Residual norm 3.778172423993e-04
  1471 KSP preconditioned resid norm 3.778172423993e-04 true resid norm 3.778172423993e-04 ||r(i)||/||b|| 1.762898374949e-01
  1472 KSP Residual norm 3.774925034847e-04
  1472 KSP preconditioned resid norm 3.774925034847e-04 true resid norm 3.774925034847e-04 ||r(i)||/||b|| 1.761383140490e-01
  1473 KSP Residual norm 3.771706756582e-04
  1473 KSP preconditioned resid norm 3.771706756582e-04 true resid norm 3.771706756582e-04 ||r(i)||/||b|| 1.759881489192e-01
  1474 KSP Residual norm 3.768551363634e-04
  1474 KSP preconditioned resid norm 3.768551363634e-04 true resid norm 3.768551363634e-04 ||r(i)||/||b|| 1.758409180236e-01
  1475 KSP Residual norm 3.765481613660e-04
  1475 KSP preconditioned resid norm 3.765481613660e-04 true resid norm 3.765481613660e-04 ||r(i)||/||b|| 1.756976832361e-01
  1476 KSP Residual norm 3.762554229913e-04
  1476 KSP preconditioned resid norm 3.762554229913e-04 true resid norm 3.762554229913e-04 ||r(i)||/||b|| 1.755610912686e-01
  1477 KSP Residual norm 3.759711146298e-04
  1477 KSP preconditioned resid norm 3.759711146298e-04 true resid norm 3.759711146298e-04 ||r(i)||/||b|| 1.754284327522e-01
  1478 KSP Residual norm 3.756955176843e-04
  1478 KSP preconditioned resid norm 3.756955176843e-04 true resid norm 3.756955176843e-04 ||r(i)||/||b|| 1.752998389897e-01
  1479 KSP Residual norm 3.754060544155e-04
  1479 KSP preconditioned resid norm 3.754060544155e-04 true resid norm 3.754060544155e-04 ||r(i)||/||b|| 1.751647751893e-01
  1480 KSP Residual norm 3.751304302496e-04
  1480 KSP preconditioned resid norm 3.751304302496e-04 true resid norm 3.751304302496e-04 ||r(i)||/||b|| 1.750361687257e-01
  1481 KSP Residual norm 3.748454576450e-04
  1481 KSP preconditioned resid norm 3.748454576450e-04 true resid norm 3.748454576450e-04 ||r(i)||/||b|| 1.749032002729e-01
  1482 KSP Residual norm 3.745733020201e-04
  1482 KSP preconditioned resid norm 3.745733020201e-04 true resid norm 3.745733020201e-04 ||r(i)||/||b|| 1.747762122335e-01
  1483 KSP Residual norm 3.742943365895e-04
  1483 KSP preconditioned resid norm 3.742943365895e-04 true resid norm 3.742943365895e-04 ||r(i)||/||b|| 1.746460467331e-01
  1484 KSP Residual norm 3.740244133576e-04
  1484 KSP preconditioned resid norm 3.740244133576e-04 true resid norm 3.740244133576e-04 ||r(i)||/||b|| 1.745201003300e-01
  1485 KSP Residual norm 3.737453497237e-04
  1485 KSP preconditioned resid norm 3.737453497237e-04 true resid norm 3.737453497237e-04 ||r(i)||/||b|| 1.743898890078e-01
  1486 KSP Residual norm 3.734806763957e-04
  1486 KSP preconditioned resid norm 3.734806763957e-04 true resid norm 3.734806763957e-04 ||r(i)||/||b|| 1.742663922143e-01
  1487 KSP Residual norm 3.732036171207e-04
  1487 KSP preconditioned resid norm 3.732036171207e-04 true resid norm 3.732036171207e-04 ||r(i)||/||b|| 1.741371161276e-01
  1488 KSP Residual norm 3.729347458485e-04
  1488 KSP preconditioned resid norm 3.729347458485e-04 true resid norm 3.729347458485e-04 ||r(i)||/||b|| 1.740116605699e-01
  1489 KSP Residual norm 3.726710571087e-04
  1489 KSP preconditioned resid norm 3.726710571087e-04 true resid norm 3.726710571087e-04 ||r(i)||/||b|| 1.738886231860e-01
  1490 KSP Residual norm 3.724087113992e-04
  1490 KSP preconditioned resid norm 3.724087113992e-04 true resid norm 3.724087113992e-04 ||r(i)||/||b|| 1.737662124612e-01
  1491 KSP Residual norm 3.721292474883e-04
  1491 KSP preconditioned resid norm 3.721292474883e-04 true resid norm 3.721292474883e-04 ||r(i)||/||b|| 1.736358143694e-01
  1492 KSP Residual norm 3.718709697728e-04
  1492 KSP preconditioned resid norm 3.718709697728e-04 true resid norm 3.718709697728e-04 ||r(i)||/||b|| 1.735153017739e-01
  1493 KSP Residual norm 3.715946672476e-04
  1493 KSP preconditioned resid norm 3.715946672476e-04 true resid norm 3.715946672476e-04 ||r(i)||/||b|| 1.733863787874e-01
  1494 KSP Residual norm 3.713243064816e-04
  1494 KSP preconditioned resid norm 3.713243064816e-04 true resid norm 3.713243064816e-04 ||r(i)||/||b|| 1.732602282305e-01
  1495 KSP Residual norm 3.710667186801e-04
  1495 KSP preconditioned resid norm 3.710667186801e-04 true resid norm 3.710667186801e-04 ||r(i)||/||b|| 1.731400375495e-01
  1496 KSP Residual norm 3.708366836436e-04
  1496 KSP preconditioned resid norm 3.708366836436e-04 true resid norm 3.708366836436e-04 ||r(i)||/||b|| 1.730327030114e-01
  1497 KSP Residual norm 3.706156711279e-04
  1497 KSP preconditioned resid norm 3.706156711279e-04 true resid norm 3.706156711279e-04 ||r(i)||/||b|| 1.729295783890e-01
  1498 KSP Residual norm 3.703954109286e-04
  1498 KSP preconditioned resid norm 3.703954109286e-04 true resid norm 3.703954109286e-04 ||r(i)||/||b|| 1.728268047980e-01
  1499 KSP Residual norm 3.701769023287e-04
  1499 KSP preconditioned resid norm 3.701769023287e-04 true resid norm 3.701769023287e-04 ||r(i)||/||b|| 1.727248485047e-01
  1500 KSP Residual norm 3.699584693473e-04
  1500 KSP preconditioned resid norm 3.699584693473e-04 true resid norm 3.699584693473e-04 ||r(i)||/||b|| 1.726229274951e-01
  1501 KSP Residual norm 3.697424435990e-04
  1501 KSP preconditioned resid norm 3.697424435990e-04 true resid norm 3.697424435990e-04 ||r(i)||/||b|| 1.725221297025e-01
  1502 KSP Residual norm 3.695271093258e-04
  1502 KSP preconditioned resid norm 3.695271093258e-04 true resid norm 3.695271093258e-04 ||r(i)||/||b|| 1.724216545526e-01
  1503 KSP Residual norm 3.693102222902e-04
  1503 KSP preconditioned resid norm 3.693102222902e-04 true resid norm 3.693102222902e-04 ||r(i)||/||b|| 1.723204548826e-01
  1504 KSP Residual norm 3.690927507886e-04
  1504 KSP preconditioned resid norm 3.690927507886e-04 true resid norm 3.690927507886e-04 ||r(i)||/||b|| 1.722189825003e-01
  1505 KSP Residual norm 3.688660082021e-04
  1505 KSP preconditioned resid norm 3.688660082021e-04 true resid norm 3.688660082021e-04 ||r(i)||/||b|| 1.721131842220e-01
  1506 KSP Residual norm 3.686119159337e-04
  1506 KSP preconditioned resid norm 3.686119159337e-04 true resid norm 3.686119159337e-04 ||r(i)||/||b|| 1.719946245597e-01
  1507 KSP Residual norm 3.683450557246e-04
  1507 KSP preconditioned resid norm 3.683450557246e-04 true resid norm 3.683450557246e-04 ||r(i)||/||b|| 1.718701073656e-01
  1508 KSP Residual norm 3.680726839641e-04
  1508 KSP preconditioned resid norm 3.680726839641e-04 true resid norm 3.680726839641e-04 ||r(i)||/||b|| 1.717430184771e-01
  1509 KSP Residual norm 3.678184052928e-04
  1509 KSP preconditioned resid norm 3.678184052928e-04 true resid norm 3.678184052928e-04 ||r(i)||/||b|| 1.716243718389e-01
  1510 KSP Residual norm 3.675446205070e-04
  1510 KSP preconditioned resid norm 3.675446205070e-04 true resid norm 3.675446205070e-04 ||r(i)||/||b|| 1.714966236316e-01
  1511 KSP Residual norm 3.672886629189e-04
  1511 KSP preconditioned resid norm 3.672886629189e-04 true resid norm 3.672886629189e-04 ||r(i)||/||b|| 1.713771936096e-01
  1512 KSP Residual norm 3.670322920096e-04
  1512 KSP preconditioned resid norm 3.670322920096e-04 true resid norm 3.670322920096e-04 ||r(i)||/||b|| 1.712575707314e-01
  1513 KSP Residual norm 3.667712182117e-04
  1513 KSP preconditioned resid norm 3.667712182117e-04 true resid norm 3.667712182117e-04 ||r(i)||/||b|| 1.711357534816e-01
  1514 KSP Residual norm 3.665025510776e-04
  1514 KSP preconditioned resid norm 3.665025510776e-04 true resid norm 3.665025510776e-04 ||r(i)||/||b|| 1.710103931748e-01
  1515 KSP Residual norm 3.662457609571e-04
  1515 KSP preconditioned resid norm 3.662457609571e-04 true resid norm 3.662457609571e-04 ||r(i)||/||b|| 1.708905746924e-01
  1516 KSP Residual norm 3.659748598652e-04
  1516 KSP preconditioned resid norm 3.659748598652e-04 true resid norm 3.659748598652e-04 ||r(i)||/||b|| 1.707641720191e-01
  1517 KSP Residual norm 3.657127236265e-04
  1517 KSP preconditioned resid norm 3.657127236265e-04 true resid norm 3.657127236265e-04 ||r(i)||/||b|| 1.706418590335e-01
  1518 KSP Residual norm 3.654421418775e-04
  1518 KSP preconditioned resid norm 3.654421418775e-04 true resid norm 3.654421418775e-04 ||r(i)||/||b|| 1.705156053658e-01
  1519 KSP Residual norm 3.651783509739e-04
  1519 KSP preconditioned resid norm 3.651783509739e-04 true resid norm 3.651783509739e-04 ||r(i)||/||b|| 1.703925203123e-01
  1520 KSP Residual norm 3.649032211884e-04
  1520 KSP preconditioned resid norm 3.649032211884e-04 true resid norm 3.649032211884e-04 ||r(i)||/||b|| 1.702641445270e-01
  1521 KSP Residual norm 3.646383385954e-04
  1521 KSP preconditioned resid norm 3.646383385954e-04 true resid norm 3.646383385954e-04 ||r(i)||/||b|| 1.701405500902e-01
  1522 KSP Residual norm 3.643613679942e-04
  1522 KSP preconditioned resid norm 3.643613679942e-04 true resid norm 3.643613679942e-04 ||r(i)||/||b|| 1.700113153788e-01
  1523 KSP Residual norm 3.640982295731e-04
  1523 KSP preconditioned resid norm 3.640982295731e-04 true resid norm 3.640982295731e-04 ||r(i)||/||b|| 1.698885347741e-01
  1524 KSP Residual norm 3.638270583074e-04
  1524 KSP preconditioned resid norm 3.638270583074e-04 true resid norm 3.638270583075e-04 ||r(i)||/||b|| 1.697620060375e-01
  1525 KSP Residual norm 3.635476965185e-04
  1525 KSP preconditioned resid norm 3.635476965185e-04 true resid norm 3.635476965186e-04 ||r(i)||/||b|| 1.696316555960e-01
  1526 KSP Residual norm 3.632545128231e-04
  1526 KSP preconditioned resid norm 3.632545128231e-04 true resid norm 3.632545128231e-04 ||r(i)||/||b|| 1.694948558414e-01
  1527 KSP Residual norm 3.629529898315e-04
  1527 KSP preconditioned resid norm 3.629529898315e-04 true resid norm 3.629529898315e-04 ||r(i)||/||b|| 1.693541649644e-01
  1528 KSP Residual norm 3.626457840867e-04
  1528 KSP preconditioned resid norm 3.626457840867e-04 true resid norm 3.626457840867e-04 ||r(i)||/||b|| 1.692108225100e-01
  1529 KSP Residual norm 3.623361937271e-04
  1529 KSP preconditioned resid norm 3.623361937271e-04 true resid norm 3.623361937271e-04 ||r(i)||/||b|| 1.690663673924e-01
  1530 KSP Residual norm 3.620318413266e-04
  1530 KSP preconditioned resid norm 3.620318413266e-04 true resid norm 3.620318413266e-04 ||r(i)||/||b|| 1.689243563108e-01
  1531 KSP Residual norm 3.617307891523e-04
  1531 KSP preconditioned resid norm 3.617307891523e-04 true resid norm 3.617307891523e-04 ||r(i)||/||b|| 1.687838851175e-01
  1532 KSP Residual norm 3.614254570795e-04
  1532 KSP preconditioned resid norm 3.614254570795e-04 true resid norm 3.614254570795e-04 ||r(i)||/||b|| 1.686414169201e-01
  1533 KSP Residual norm 3.611228540571e-04
  1533 KSP preconditioned resid norm 3.611228540571e-04 true resid norm 3.611228540571e-04 ||r(i)||/||b|| 1.685002220998e-01
  1534 KSP Residual norm 3.608261905658e-04
  1534 KSP preconditioned resid norm 3.608261905658e-04 true resid norm 3.608261905658e-04 ||r(i)||/||b|| 1.683617986696e-01
  1535 KSP Residual norm 3.605376344964e-04
  1535 KSP preconditioned resid norm 3.605376344964e-04 true resid norm 3.605376344964e-04 ||r(i)||/||b|| 1.682271581692e-01
  1536 KSP Residual norm 3.602626395145e-04
  1536 KSP preconditioned resid norm 3.602626395145e-04 true resid norm 3.602626395145e-04 ||r(i)||/||b|| 1.680988452834e-01
  1537 KSP Residual norm 3.599956791579e-04
  1537 KSP preconditioned resid norm 3.599956791579e-04 true resid norm 3.599956791579e-04 ||r(i)||/||b|| 1.679742813604e-01
  1538 KSP Residual norm 3.597369184197e-04
  1538 KSP preconditioned resid norm 3.597369184197e-04 true resid norm 3.597369184197e-04 ||r(i)||/||b|| 1.678535433862e-01
  1539 KSP Residual norm 3.594650281378e-04
  1539 KSP preconditioned resid norm 3.594650281378e-04 true resid norm 3.594650281378e-04 ||r(i)||/||b|| 1.677266791560e-01
  1540 KSP Residual norm 3.592062452498e-04
  1540 KSP preconditioned resid norm 3.592062452498e-04 true resid norm 3.592062452499e-04 ||r(i)||/||b|| 1.676059308466e-01
  1541 KSP Residual norm 3.589385881803e-04
  1541 KSP preconditioned resid norm 3.589385881803e-04 true resid norm 3.589385881803e-04 ||r(i)||/||b|| 1.674810418368e-01
  1542 KSP Residual norm 3.586828208517e-04
  1542 KSP preconditioned resid norm 3.586828208517e-04 true resid norm 3.586828208517e-04 ||r(i)||/||b|| 1.673617005900e-01
  1543 KSP Residual norm 3.584208019315e-04
  1543 KSP preconditioned resid norm 3.584208019315e-04 true resid norm 3.584208019315e-04 ||r(i)||/||b|| 1.672394423453e-01
  1544 KSP Residual norm 3.581672207028e-04
  1544 KSP preconditioned resid norm 3.581672207028e-04 true resid norm 3.581672207028e-04 ||r(i)||/||b|| 1.671211211345e-01
  1545 KSP Residual norm 3.579049987569e-04
  1545 KSP preconditioned resid norm 3.579049987569e-04 true resid norm 3.579049987569e-04 ||r(i)||/||b|| 1.669987681578e-01
  1546 KSP Residual norm 3.576563142185e-04
  1546 KSP preconditioned resid norm 3.576563142185e-04 true resid norm 3.576563142185e-04 ||r(i)||/||b|| 1.668827317467e-01
  1547 KSP Residual norm 3.573960620738e-04
  1547 KSP preconditioned resid norm 3.573960620738e-04 true resid norm 3.573960620738e-04 ||r(i)||/||b|| 1.667612978809e-01
  1548 KSP Residual norm 3.571435473674e-04
  1548 KSP preconditioned resid norm 3.571435473674e-04 true resid norm 3.571435473674e-04 ||r(i)||/||b|| 1.666434743103e-01
  1549 KSP Residual norm 3.568957445651e-04
  1549 KSP preconditioned resid norm 3.568957445651e-04 true resid norm 3.568957445651e-04 ||r(i)||/||b|| 1.665278493180e-01
  1550 KSP Residual norm 3.566493115070e-04
  1550 KSP preconditioned resid norm 3.566493115070e-04 true resid norm 3.566493115070e-04 ||r(i)||/||b|| 1.664128634494e-01
  1551 KSP Residual norm 3.563868586192e-04
  1551 KSP preconditioned resid norm 3.563868586192e-04 true resid norm 3.563868586192e-04 ||r(i)||/||b|| 1.662904027151e-01
  1552 KSP Residual norm 3.561441693161e-04
  1552 KSP preconditioned resid norm 3.561441693161e-04 true resid norm 3.561441693161e-04 ||r(i)||/||b|| 1.661771636858e-01
  1553 KSP Residual norm 3.558846404521e-04
  1553 KSP preconditioned resid norm 3.558846404521e-04 true resid norm 3.558846404521e-04 ||r(i)||/||b|| 1.660560673034e-01
  1554 KSP Residual norm 3.556306682529e-04
  1554 KSP preconditioned resid norm 3.556306682529e-04 true resid norm 3.556306682529e-04 ||r(i)||/||b|| 1.659375636654e-01
  1555 KSP Residual norm 3.553886097434e-04
  1555 KSP preconditioned resid norm 3.553886097434e-04 true resid norm 3.553886097434e-04 ||r(i)||/||b|| 1.658246189648e-01
  1556 KSP Residual norm 3.551723125066e-04
  1556 KSP preconditioned resid norm 3.551723125066e-04 true resid norm 3.551723125066e-04 ||r(i)||/||b|| 1.657236944954e-01
  1557 KSP Residual norm 3.549644758520e-04
  1557 KSP preconditioned resid norm 3.549644758520e-04 true resid norm 3.549644758520e-04 ||r(i)||/||b|| 1.656267177406e-01
  1558 KSP Residual norm 3.547573249055e-04
  1558 KSP preconditioned resid norm 3.547573249055e-04 true resid norm 3.547573249055e-04 ||r(i)||/||b|| 1.655300609378e-01
  1559 KSP Residual norm 3.545518086821e-04
  1559 KSP preconditioned resid norm 3.545518086821e-04 true resid norm 3.545518086821e-04 ||r(i)||/||b|| 1.654341668982e-01
  1560 KSP Residual norm 3.543462927441e-04
  1560 KSP preconditioned resid norm 3.543462927441e-04 true resid norm 3.543462927441e-04 ||r(i)||/||b|| 1.653382729917e-01
  1561 KSP Residual norm 3.541429565979e-04
  1561 KSP preconditioned resid norm 3.541429565979e-04 true resid norm 3.541429565979e-04 ||r(i)||/||b|| 1.652433961779e-01
  1562 KSP Residual norm 3.539403043261e-04
  1562 KSP preconditioned resid norm 3.539403043261e-04 true resid norm 3.539403043261e-04 ||r(i)||/||b|| 1.651488384604e-01
  1563 KSP Residual norm 3.537361843380e-04
  1563 KSP preconditioned resid norm 3.537361843380e-04 true resid norm 3.537361843380e-04 ||r(i)||/||b|| 1.650535959052e-01
  1564 KSP Residual norm 3.535315294414e-04
  1564 KSP preconditioned resid norm 3.535315294414e-04 true resid norm 3.535315294414e-04 ||r(i)||/||b|| 1.649581037614e-01
  1565 KSP Residual norm 3.533181925583e-04
  1565 KSP preconditioned resid norm 3.533181925583e-04 true resid norm 3.533181925583e-04 ||r(i)||/||b|| 1.648585605954e-01
  1566 KSP Residual norm 3.530792791184e-04
  1566 KSP preconditioned resid norm 3.530792791184e-04 true resid norm 3.530792791184e-04 ||r(i)||/||b|| 1.647470833870e-01
  1567 KSP Residual norm 3.528284588120e-04
  1567 KSP preconditioned resid norm 3.528284588120e-04 true resid norm 3.528284588120e-04 ||r(i)||/||b|| 1.646300504247e-01
  1568 KSP Residual norm 3.525724813137e-04
  1568 KSP preconditioned resid norm 3.525724813137e-04 true resid norm 3.525724813137e-04 ||r(i)||/||b|| 1.645106111125e-01
  1569 KSP Residual norm 3.523334191651e-04
  1569 KSP preconditioned resid norm 3.523334191651e-04 true resid norm 3.523334191651e-04 ||r(i)||/||b|| 1.643990645165e-01
  1570 KSP Residual norm 3.520761255521e-04
  1570 KSP preconditioned resid norm 3.520761255521e-04 true resid norm 3.520761255521e-04 ||r(i)||/||b|| 1.642790111040e-01
  1571 KSP Residual norm 3.518355012729e-04
  1571 KSP preconditioned resid norm 3.518355012729e-04 true resid norm 3.518355012729e-04 ||r(i)||/||b|| 1.641667356165e-01
  1572 KSP Residual norm 3.515943475414e-04
  1572 KSP preconditioned resid norm 3.515943475414e-04 true resid norm 3.515943475414e-04 ||r(i)||/||b|| 1.640542130861e-01
  1573 KSP Residual norm 3.513489027518e-04
  1573 KSP preconditioned resid norm 3.513489027518e-04 true resid norm 3.513489027518e-04 ||r(i)||/||b|| 1.639396883445e-01
  1574 KSP Residual norm 3.510962620565e-04
  1574 KSP preconditioned resid norm 3.510962620565e-04 true resid norm 3.510962620565e-04 ||r(i)||/||b|| 1.638218059873e-01
  1575 KSP Residual norm 3.508547403171e-04
  1575 KSP preconditioned resid norm 3.508547403171e-04 true resid norm 3.508547403171e-04 ||r(i)||/||b|| 1.637091117441e-01
  1576 KSP Residual norm 3.505999612471e-04
  1576 KSP preconditioned resid norm 3.505999612471e-04 true resid norm 3.505999612471e-04 ||r(i)||/||b|| 1.635902316196e-01
  1577 KSP Residual norm 3.503534950658e-04
  1577 KSP preconditioned resid norm 3.503534950658e-04 true resid norm 3.503534950658e-04 ||r(i)||/||b|| 1.634752302957e-01
  1578 KSP Residual norm 3.500991343495e-04
  1578 KSP preconditioned resid norm 3.500991343495e-04 true resid norm 3.500991343495e-04 ||r(i)||/||b|| 1.633565453753e-01
  1579 KSP Residual norm 3.498510050925e-04
  1579 KSP preconditioned resid norm 3.498510050925e-04 true resid norm 3.498510050925e-04 ||r(i)||/||b|| 1.632407680590e-01
  1580 KSP Residual norm 3.495923226145e-04
  1580 KSP preconditioned resid norm 3.495923226145e-04 true resid norm 3.495923226145e-04 ||r(i)||/||b|| 1.631200666010e-01
  1581 KSP Residual norm 3.493433318528e-04
  1581 KSP preconditioned resid norm 3.493433318528e-04 true resid norm 3.493433318528e-04 ||r(i)||/||b|| 1.630038873058e-01
  1582 KSP Residual norm 3.490828374746e-04
  1582 KSP preconditioned resid norm 3.490828374746e-04 true resid norm 3.490828374746e-04 ||r(i)||/||b|| 1.628823404137e-01
  1583 KSP Residual norm 3.488354358566e-04
  1583 KSP preconditioned resid norm 3.488354358566e-04 true resid norm 3.488354358567e-04 ||r(i)||/||b|| 1.627669026143e-01
  1584 KSP Residual norm 3.485804588150e-04
  1584 KSP preconditioned resid norm 3.485804588150e-04 true resid norm 3.485804588150e-04 ||r(i)||/||b|| 1.626479301160e-01
  1585 KSP Residual norm 3.483176747340e-04
  1585 KSP preconditioned resid norm 3.483176747340e-04 true resid norm 3.483176747340e-04 ||r(i)||/||b|| 1.625253148467e-01
  1586 KSP Residual norm 3.480417366529e-04
  1586 KSP preconditioned resid norm 3.480417366529e-04 true resid norm 3.480417366528e-04 ||r(i)||/||b|| 1.623965619100e-01
  1587 KSP Residual norm 3.477579166153e-04
  1587 KSP preconditioned resid norm 3.477579166153e-04 true resid norm 3.477579166153e-04 ||r(i)||/||b|| 1.622641312460e-01
  1588 KSP Residual norm 3.474687195271e-04
  1588 KSP preconditioned resid norm 3.474687195271e-04 true resid norm 3.474687195271e-04 ||r(i)||/||b|| 1.621291916457e-01
  1589 KSP Residual norm 3.471772661776e-04
  1589 KSP preconditioned resid norm 3.471772661776e-04 true resid norm 3.471772661776e-04 ||r(i)||/||b|| 1.619931992719e-01
  1590 KSP Residual norm 3.468906580463e-04
  1590 KSP preconditioned resid norm 3.468906580463e-04 true resid norm 3.468906580463e-04 ||r(i)||/||b|| 1.618594676811e-01
  1591 KSP Residual norm 3.466070442216e-04
  1591 KSP preconditioned resid norm 3.466070442216e-04 true resid norm 3.466070442216e-04 ||r(i)||/||b|| 1.617271332361e-01
  1592 KSP Residual norm 3.463194447466e-04
  1592 KSP preconditioned resid norm 3.463194447466e-04 true resid norm 3.463194447466e-04 ||r(i)||/||b|| 1.615929390834e-01
  1593 KSP Residual norm 3.460343980961e-04
  1593 KSP preconditioned resid norm 3.460343980961e-04 true resid norm 3.460343980961e-04 ||r(i)||/||b|| 1.614599360808e-01
  1594 KSP Residual norm 3.457549599066e-04
  1594 KSP preconditioned resid norm 3.457549599066e-04 true resid norm 3.457549599066e-04 ||r(i)||/||b|| 1.613295499907e-01
  1595 KSP Residual norm 3.454832004427e-04
  1595 KSP preconditioned resid norm 3.454832004427e-04 true resid norm 3.454832004427e-04 ||r(i)||/||b|| 1.612027468003e-01
  1596 KSP Residual norm 3.452243654765e-04
  1596 KSP preconditioned resid norm 3.452243654765e-04 true resid norm 3.452243654765e-04 ||r(i)||/||b|| 1.610819741911e-01
  1597 KSP Residual norm 3.449731982803e-04
  1597 KSP preconditioned resid norm 3.449731982803e-04 true resid norm 3.449731982803e-04 ||r(i)||/||b|| 1.609647793698e-01
  1598 KSP Residual norm 3.447297676759e-04
  1598 KSP preconditioned resid norm 3.447297676759e-04 true resid norm 3.447297676759e-04 ||r(i)||/||b|| 1.608511944487e-01
  1599 KSP Residual norm 3.444738961594e-04
  1599 KSP preconditioned resid norm 3.444738961594e-04 true resid norm 3.444738961594e-04 ||r(i)||/||b|| 1.607318045877e-01
  1600 KSP Residual norm 3.442304610454e-04
  1600 KSP preconditioned resid norm 3.442304610454e-04 true resid norm 3.442304610454e-04 ||r(i)||/||b|| 1.606182175623e-01
  1601 KSP Residual norm 3.439785908552e-04
  1601 KSP preconditioned resid norm 3.439785908552e-04 true resid norm 3.439785908552e-04 ||r(i)||/||b|| 1.605006947235e-01
  1602 KSP Residual norm 3.437377737775e-04
  1602 KSP preconditioned resid norm 3.437377737775e-04 true resid norm 3.437377737775e-04 ||r(i)||/||b|| 1.603883292760e-01
  1603 KSP Residual norm 3.434911983472e-04
  1603 KSP preconditioned resid norm 3.434911983472e-04 true resid norm 3.434911983472e-04 ||r(i)||/||b|| 1.602732769765e-01
  1604 KSP Residual norm 3.432525110107e-04
  1604 KSP preconditioned resid norm 3.432525110107e-04 true resid norm 3.432525110107e-04 ||r(i)||/||b|| 1.601619052680e-01
  1605 KSP Residual norm 3.430056346640e-04
  1605 KSP preconditioned resid norm 3.430056346640e-04 true resid norm 3.430056346640e-04 ||r(i)||/||b|| 1.600467125607e-01
  1606 KSP Residual norm 3.427715168031e-04
  1606 KSP preconditioned resid norm 3.427715168031e-04 true resid norm 3.427715168031e-04 ||r(i)||/||b|| 1.599374729733e-01
  1607 KSP Residual norm 3.425265779901e-04
  1607 KSP preconditioned resid norm 3.425265779901e-04 true resid norm 3.425265779901e-04 ||r(i)||/||b|| 1.598231843208e-01
  1608 KSP Residual norm 3.422889648488e-04
  1608 KSP preconditioned resid norm 3.422889648488e-04 true resid norm 3.422889648488e-04 ||r(i)||/||b|| 1.597123138327e-01
  1609 KSP Residual norm 3.420556511412e-04
  1609 KSP preconditioned resid norm 3.420556511412e-04 true resid norm 3.420556511412e-04 ||r(i)||/||b|| 1.596034494640e-01
  1610 KSP Residual norm 3.418237260605e-04
  1610 KSP preconditioned resid norm 3.418237260605e-04 true resid norm 3.418237260605e-04 ||r(i)||/||b|| 1.594952330297e-01
  1611 KSP Residual norm 3.415767788084e-04
  1611 KSP preconditioned resid norm 3.415767788084e-04 true resid norm 3.415767788084e-04 ||r(i)||/||b|| 1.593800072378e-01
  1612 KSP Residual norm 3.413483039687e-04
  1612 KSP preconditioned resid norm 3.413483039687e-04 true resid norm 3.413483039687e-04 ||r(i)||/||b|| 1.592734006888e-01
  1613 KSP Residual norm 3.411040539624e-04
  1613 KSP preconditioned resid norm 3.411040539624e-04 true resid norm 3.411040539624e-04 ||r(i)||/||b|| 1.591594334340e-01
  1614 KSP Residual norm 3.408650069529e-04
  1614 KSP preconditioned resid norm 3.408650069529e-04 true resid norm 3.408650069529e-04 ||r(i)||/||b|| 1.590478939019e-01
  1615 KSP Residual norm 3.406370944888e-04
  1615 KSP preconditioned resid norm 3.406370944888e-04 true resid norm 3.406370944888e-04 ||r(i)||/||b|| 1.589415497578e-01
  1616 KSP Residual norm 3.404333247780e-04
  1616 KSP preconditioned resid norm 3.404333247780e-04 true resid norm 3.404333247780e-04 ||r(i)||/||b|| 1.588464706423e-01
  1617 KSP Residual norm 3.402375098699e-04
  1617 KSP preconditioned resid norm 3.402375098699e-04 true resid norm 3.402375098699e-04 ||r(i)||/||b|| 1.587551032444e-01
  1618 KSP Residual norm 3.400423282676e-04
  1618 KSP preconditioned resid norm 3.400423282676e-04 true resid norm 3.400423282676e-04 ||r(i)||/||b|| 1.586640313475e-01
  1619 KSP Residual norm 3.398486826300e-04
  1619 KSP preconditioned resid norm 3.398486826300e-04 true resid norm 3.398486826300e-04 ||r(i)||/||b|| 1.585736761330e-01
  1620 KSP Residual norm 3.396549782550e-04
  1620 KSP preconditioned resid norm 3.396549782550e-04 true resid norm 3.396549782550e-04 ||r(i)||/||b|| 1.584832935116e-01
  1621 KSP Residual norm 3.394632546334e-04
  1621 KSP preconditioned resid norm 3.394632546334e-04 true resid norm 3.394632546334e-04 ||r(i)||/||b|| 1.583938351113e-01
  1622 KSP Residual norm 3.392722020050e-04
  1622 KSP preconditioned resid norm 3.392722020050e-04 true resid norm 3.392722020050e-04 ||r(i)||/||b|| 1.583046897970e-01
  1623 KSP Residual norm 3.390797531858e-04
  1623 KSP preconditioned resid norm 3.390797531858e-04 true resid norm 3.390797531858e-04 ||r(i)||/||b|| 1.582148930190e-01
  1624 KSP Residual norm 3.388868065552e-04
  1624 KSP preconditioned resid norm 3.388868065552e-04 true resid norm 3.388868065552e-04 ||r(i)||/||b|| 1.581248639617e-01
  1625 KSP Residual norm 3.386857074872e-04
  1625 KSP preconditioned resid norm 3.386857074872e-04 true resid norm 3.386857074872e-04 ||r(i)||/||b|| 1.580310309704e-01
  1626 KSP Residual norm 3.384606333432e-04
  1626 KSP preconditioned resid norm 3.384606333432e-04 true resid norm 3.384606333432e-04 ||r(i)||/||b|| 1.579260111888e-01
  1627 KSP Residual norm 3.382244319552e-04
  1627 KSP preconditioned resid norm 3.382244319552e-04 true resid norm 3.382244319552e-04 ||r(i)||/||b|| 1.578157994260e-01
  1628 KSP Residual norm 3.379833987978e-04
  1628 KSP preconditioned resid norm 3.379833987978e-04 true resid norm 3.379833987977e-04 ||r(i)||/||b|| 1.577033331556e-01
  1629 KSP Residual norm 3.377582220470e-04
  1629 KSP preconditioned resid norm 3.377582220470e-04 true resid norm 3.377582220470e-04 ||r(i)||/||b|| 1.575982654976e-01
  1630 KSP Residual norm 3.375159730657e-04
  1630 KSP preconditioned resid norm 3.375159730657e-04 true resid norm 3.375159730657e-04 ||r(i)||/||b|| 1.574852319228e-01
  1631 KSP Residual norm 3.372893428368e-04
  1631 KSP preconditioned resid norm 3.372893428368e-04 true resid norm 3.372893428368e-04 ||r(i)||/||b|| 1.573794860707e-01
  1632 KSP Residual norm 3.370620852062e-04
  1632 KSP preconditioned resid norm 3.370620852062e-04 true resid norm 3.370620852062e-04 ||r(i)||/||b|| 1.572734474725e-01
  1633 KSP Residual norm 3.368308987506e-04
  1633 KSP preconditioned resid norm 3.368308987506e-04 true resid norm 3.368308987506e-04 ||r(i)||/||b|| 1.571655756813e-01
  1634 KSP Residual norm 3.365928802919e-04
  1634 KSP preconditioned resid norm 3.365928802919e-04 true resid norm 3.365928802919e-04 ||r(i)||/||b|| 1.570545160718e-01
  1635 KSP Residual norm 3.363652860141e-04
  1635 KSP preconditioned resid norm 3.363652860141e-04 true resid norm 3.363652860141e-04 ||r(i)||/||b|| 1.569483203937e-01
  1636 KSP Residual norm 3.361252113742e-04
  1636 KSP preconditioned resid norm 3.361252113742e-04 true resid norm 3.361252113742e-04 ||r(i)||/||b|| 1.568363013683e-01
  1637 KSP Residual norm 3.358930382737e-04
  1637 KSP preconditioned resid norm 3.358930382737e-04 true resid norm 3.358930382737e-04 ||r(i)||/||b|| 1.567279692078e-01
  1638 KSP Residual norm 3.356534716741e-04
  1638 KSP preconditioned resid norm 3.356534716741e-04 true resid norm 3.356534716742e-04 ||r(i)||/||b|| 1.566161872345e-01
  1639 KSP Residual norm 3.354196422118e-04
  1639 KSP preconditioned resid norm 3.354196422118e-04 true resid norm 3.354196422118e-04 ||r(i)||/||b|| 1.565070822142e-01
  1640 KSP Residual norm 3.351759713539e-04
  1640 KSP preconditioned resid norm 3.351759713539e-04 true resid norm 3.351759713539e-04 ||r(i)||/||b|| 1.563933851905e-01
  1641 KSP Residual norm 3.349414817395e-04
  1641 KSP preconditioned resid norm 3.349414817395e-04 true resid norm 3.349414817395e-04 ||r(i)||/||b|| 1.562839721427e-01
  1642 KSP Residual norm 3.346960275336e-04
  1642 KSP preconditioned resid norm 3.346960275336e-04 true resid norm 3.346960275336e-04 ||r(i)||/||b|| 1.561694430074e-01
  1643 KSP Residual norm 3.344629767256e-04
  1643 KSP preconditioned resid norm 3.344629767256e-04 true resid norm 3.344629767256e-04 ||r(i)||/||b|| 1.560607013078e-01
  1644 KSP Residual norm 3.342227648772e-04
  1644 KSP preconditioned resid norm 3.342227648772e-04 true resid norm 3.342227648771e-04 ||r(i)||/||b|| 1.559486182608e-01
  1645 KSP Residual norm 3.339751002161e-04
  1645 KSP preconditioned resid norm 3.339751002161e-04 true resid norm 3.339751002161e-04 ||r(i)||/||b|| 1.558330577253e-01
  1646 KSP Residual norm 3.337149063918e-04
  1646 KSP preconditioned resid norm 3.337149063918e-04 true resid norm 3.337149063918e-04 ||r(i)||/||b|| 1.557116510719e-01
  1647 KSP Residual norm 3.334472569575e-04
  1647 KSP preconditioned resid norm 3.334472569575e-04 true resid norm 3.334472569575e-04 ||r(i)||/||b|| 1.555867656247e-01
  1648 KSP Residual norm 3.331745209414e-04
  1648 KSP preconditioned resid norm 3.331745209414e-04 true resid norm 3.331745209414e-04 ||r(i)||/||b|| 1.554595067742e-01
  1649 KSP Residual norm 3.328996565255e-04
  1649 KSP preconditioned resid norm 3.328996565255e-04 true resid norm 3.328996565255e-04 ||r(i)||/||b|| 1.553312548107e-01
  1650 KSP Residual norm 3.326292901546e-04
  1650 KSP preconditioned resid norm 3.326292901546e-04 true resid norm 3.326292901546e-04 ||r(i)||/||b|| 1.552051016386e-01
  1651 KSP Residual norm 3.323616494352e-04
  1651 KSP preconditioned resid norm 3.323616494352e-04 true resid norm 3.323616494352e-04 ||r(i)||/||b|| 1.550802202578e-01
  1652 KSP Residual norm 3.320902843262e-04
  1652 KSP preconditioned resid norm 3.320902843262e-04 true resid norm 3.320902843262e-04 ||r(i)||/||b|| 1.549536010737e-01
  1653 KSP Residual norm 3.318213026524e-04
  1653 KSP preconditioned resid norm 3.318213026524e-04 true resid norm 3.318213026524e-04 ||r(i)||/||b|| 1.548280940024e-01
  1654 KSP Residual norm 3.315576161741e-04
  1654 KSP preconditioned resid norm 3.315576161741e-04 true resid norm 3.315576161741e-04 ||r(i)||/||b|| 1.547050576737e-01
  1655 KSP Residual norm 3.313012068166e-04
  1655 KSP preconditioned resid norm 3.313012068166e-04 true resid norm 3.313012068167e-04 ||r(i)||/||b|| 1.545854168557e-01
  1656 KSP Residual norm 3.310571233788e-04
  1656 KSP preconditioned resid norm 3.310571233788e-04 true resid norm 3.310571233788e-04 ||r(i)||/||b|| 1.544715273219e-01
  1657 KSP Residual norm 3.308203671113e-04
  1657 KSP preconditioned resid norm 3.308203671113e-04 true resid norm 3.308203671113e-04 ||r(i)||/||b|| 1.543610566519e-01
  1658 KSP Residual norm 3.305909271058e-04
  1658 KSP preconditioned resid norm 3.305909271058e-04 true resid norm 3.305909271058e-04 ||r(i)||/||b|| 1.542539997557e-01
  1659 KSP Residual norm 3.303496893005e-04
  1659 KSP preconditioned resid norm 3.303496893005e-04 true resid norm 3.303496893005e-04 ||r(i)||/||b|| 1.541414379964e-01
  1660 KSP Residual norm 3.301202713302e-04
  1660 KSP preconditioned resid norm 3.301202713302e-04 true resid norm 3.301202713302e-04 ||r(i)||/||b|| 1.540343913819e-01
  1661 KSP Residual norm 3.298828250049e-04
  1661 KSP preconditioned resid norm 3.298828250049e-04 true resid norm 3.298828250049e-04 ||r(i)||/||b|| 1.539235987303e-01
  1662 KSP Residual norm 3.296556748136e-04
  1662 KSP preconditioned resid norm 3.296556748136e-04 true resid norm 3.296556748136e-04 ||r(i)||/||b|| 1.538176102634e-01
  1663 KSP Residual norm 3.294232038316e-04
  1663 KSP preconditioned resid norm 3.294232038316e-04 true resid norm 3.294232038316e-04 ||r(i)||/||b|| 1.537091391111e-01
  1664 KSP Residual norm 3.291981204304e-04
  1664 KSP preconditioned resid norm 3.291981204304e-04 true resid norm 3.291981204304e-04 ||r(i)||/||b|| 1.536041150101e-01
  1665 KSP Residual norm 3.289652579142e-04
  1665 KSP preconditioned resid norm 3.289652579142e-04 true resid norm 3.289652579142e-04 ||r(i)||/||b|| 1.534954611676e-01
  1666 KSP Residual norm 3.287444411253e-04
  1666 KSP preconditioned resid norm 3.287444411253e-04 true resid norm 3.287444411253e-04 ||r(i)||/||b|| 1.533924278714e-01
  1667 KSP Residual norm 3.285134857998e-04
  1667 KSP preconditioned resid norm 3.285134857998e-04 true resid norm 3.285134857998e-04 ||r(i)||/||b|| 1.532846639257e-01
  1668 KSP Residual norm 3.282894789327e-04
  1668 KSP preconditioned resid norm 3.282894789327e-04 true resid norm 3.282894789327e-04 ||r(i)||/||b|| 1.531801421364e-01
  1669 KSP Residual norm 3.280694085729e-04
  1669 KSP preconditioned resid norm 3.280694085729e-04 true resid norm 3.280694085729e-04 ||r(i)||/||b|| 1.530774571247e-01
  1670 KSP Residual norm 3.278507394910e-04
  1670 KSP preconditioned resid norm 3.278507394910e-04 true resid norm 3.278507394910e-04 ||r(i)||/||b|| 1.529754259504e-01
  1671 KSP Residual norm 3.276179567250e-04
  1671 KSP preconditioned resid norm 3.276179567250e-04 true resid norm 3.276179567251e-04 ||r(i)||/||b|| 1.528668093195e-01
  1672 KSP Residual norm 3.274024718649e-04
  1672 KSP preconditioned resid norm 3.274024718649e-04 true resid norm 3.274024718649e-04 ||r(i)||/||b|| 1.527662639057e-01
  1673 KSP Residual norm 3.271721710359e-04
  1673 KSP preconditioned resid norm 3.271721710359e-04 true resid norm 3.271721710359e-04 ||r(i)||/||b|| 1.526588053486e-01
  1674 KSP Residual norm 3.269467482670e-04
  1674 KSP preconditioned resid norm 3.269467482670e-04 true resid norm 3.269467482670e-04 ||r(i)||/||b|| 1.525536228983e-01
  1675 KSP Residual norm 3.267317518994e-04
  1675 KSP preconditioned resid norm 3.267317518994e-04 true resid norm 3.267317518994e-04 ||r(i)||/||b|| 1.524533054156e-01
  1676 KSP Residual norm 3.265394316933e-04
  1676 KSP preconditioned resid norm 3.265394316933e-04 true resid norm 3.265394316933e-04 ||r(i)||/||b|| 1.523635686485e-01
  1677 KSP Residual norm 3.263546094615e-04
  1677 KSP preconditioned resid norm 3.263546094615e-04 true resid norm 3.263546094615e-04 ||r(i)||/||b|| 1.522773304424e-01
  1678 KSP Residual norm 3.261703797324e-04
  1678 KSP preconditioned resid norm 3.261703797324e-04 true resid norm 3.261703797324e-04 ||r(i)||/||b|| 1.521913686986e-01
  1679 KSP Residual norm 3.259876022204e-04
  1679 KSP preconditioned resid norm 3.259876022204e-04 true resid norm 3.259876022204e-04 ||r(i)||/||b|| 1.521060845604e-01
  1680 KSP Residual norm 3.258047200457e-04
  1680 KSP preconditioned resid norm 3.258047200457e-04 true resid norm 3.258047200457e-04 ||r(i)||/||b|| 1.520207515866e-01
  1681 KSP Residual norm 3.256236436748e-04
  1681 KSP preconditioned resid norm 3.256236436748e-04 true resid norm 3.256236436748e-04 ||r(i)||/||b|| 1.519362612023e-01
  1682 KSP Residual norm 3.254432216504e-04
  1682 KSP preconditioned resid norm 3.254432216504e-04 true resid norm 3.254432216504e-04 ||r(i)||/||b|| 1.518520761366e-01
  1683 KSP Residual norm 3.252614638968e-04
  1683 KSP preconditioned resid norm 3.252614638968e-04 true resid norm 3.252614638968e-04 ||r(i)||/||b|| 1.517672678186e-01
  1684 KSP Residual norm 3.250792354622e-04
  1684 KSP preconditioned resid norm 3.250792354622e-04 true resid norm 3.250792354622e-04 ||r(i)||/||b|| 1.516822398805e-01
  1685 KSP Residual norm 3.248893323407e-04
  1685 KSP preconditioned resid norm 3.248893323407e-04 true resid norm 3.248893323407e-04 ||r(i)||/||b|| 1.515936309271e-01
  1686 KSP Residual norm 3.246769051867e-04
  1686 KSP preconditioned resid norm 3.246769051867e-04 true resid norm 3.246769051867e-04 ||r(i)||/||b|| 1.514945122415e-01
  1687 KSP Residual norm 3.244540585884e-04
  1687 KSP preconditioned resid norm 3.244540585884e-04 true resid norm 3.244540585884e-04 ||r(i)||/||b|| 1.513905318346e-01
  1688 KSP Residual norm 3.242266792993e-04
  1688 KSP preconditioned resid norm 3.242266792993e-04 true resid norm 3.242266792993e-04 ||r(i)||/||b|| 1.512844364704e-01
  1689 KSP Residual norm 3.240142009809e-04
  1689 KSP preconditioned resid norm 3.240142009809e-04 true resid norm 3.240142009809e-04 ||r(i)||/||b|| 1.511852939115e-01
  1690 KSP Residual norm 3.237857070240e-04
  1690 KSP preconditioned resid norm 3.237857070240e-04 true resid norm 3.237857070240e-04 ||r(i)||/||b|| 1.510786784424e-01
  1691 KSP Residual norm 3.235718760360e-04
  1691 KSP preconditioned resid norm 3.235718760360e-04 true resid norm 3.235718760360e-04 ||r(i)||/||b|| 1.509789047267e-01
  1692 KSP Residual norm 3.233573349253e-04
  1692 KSP preconditioned resid norm 3.233573349253e-04 true resid norm 3.233573349253e-04 ||r(i)||/||b|| 1.508787996672e-01
  1693 KSP Residual norm 3.231391848802e-04
  1693 KSP preconditioned resid norm 3.231391848802e-04 true resid norm 3.231391848802e-04 ||r(i)||/||b|| 1.507770106759e-01
  1694 KSP Residual norm 3.229145370309e-04
  1694 KSP preconditioned resid norm 3.229145370309e-04 true resid norm 3.229145370309e-04 ||r(i)||/||b|| 1.506721898037e-01
  1695 KSP Residual norm 3.226996758050e-04
  1695 KSP preconditioned resid norm 3.226996758050e-04 true resid norm 3.226996758050e-04 ||r(i)||/||b|| 1.505719353782e-01
  1696 KSP Residual norm 3.224730431847e-04
  1696 KSP preconditioned resid norm 3.224730431847e-04 true resid norm 3.224730431847e-04 ||r(i)||/||b|| 1.504661884103e-01
  1697 KSP Residual norm 3.222539365098e-04
  1697 KSP preconditioned resid norm 3.222539365098e-04 true resid norm 3.222539365098e-04 ||r(i)||/||b|| 1.503639530547e-01
  1698 KSP Residual norm 3.220278929509e-04
  1698 KSP preconditioned resid norm 3.220278929509e-04 true resid norm 3.220278929509e-04 ||r(i)||/||b|| 1.502584809434e-01
  1699 KSP Residual norm 3.218071480284e-04
  1699 KSP preconditioned resid norm 3.218071480284e-04 true resid norm 3.218071480284e-04 ||r(i)||/||b|| 1.501554811801e-01
  1700 KSP Residual norm 3.215772083337e-04
  1700 KSP preconditioned resid norm 3.215772083337e-04 true resid norm 3.215772083337e-04 ||r(i)||/||b|| 1.500481911286e-01
  1701 KSP Residual norm 3.213559800867e-04
  1701 KSP preconditioned resid norm 3.213559800867e-04 true resid norm 3.213559800866e-04 ||r(i)||/||b|| 1.499449658457e-01
  1702 KSP Residual norm 3.211242854143e-04
  1702 KSP preconditioned resid norm 3.211242854143e-04 true resid norm 3.211242854143e-04 ||r(i)||/||b|| 1.498368569202e-01
  1703 KSP Residual norm 3.209043516246e-04
  1703 KSP preconditioned resid norm 3.209043516246e-04 true resid norm 3.209043516246e-04 ||r(i)||/||b|| 1.497342356322e-01
  1704 KSP Residual norm 3.206776336099e-04
  1704 KSP preconditioned resid norm 3.206776336099e-04 true resid norm 3.206776336099e-04 ||r(i)||/||b|| 1.496284488191e-01
  1705 KSP Residual norm 3.204437906701e-04
  1705 KSP preconditioned resid norm 3.204437906701e-04 true resid norm 3.204437906701e-04 ||r(i)||/||b|| 1.495193375102e-01
  1706 KSP Residual norm 3.201980028926e-04
  1706 KSP preconditioned resid norm 3.201980028926e-04 true resid norm 3.201980028926e-04 ||r(i)||/||b|| 1.494046527301e-01
  1707 KSP Residual norm 3.199451568439e-04
  1707 KSP preconditioned resid norm 3.199451568439e-04 true resid norm 3.199451568439e-04 ||r(i)||/||b|| 1.492866745549e-01
  1708 KSP Residual norm 3.196874996476e-04
  1708 KSP preconditioned resid norm 3.196874996476e-04 true resid norm 3.196874996476e-04 ||r(i)||/||b|| 1.491664514942e-01
  1709 KSP Residual norm 3.194278399396e-04
  1709 KSP preconditioned resid norm 3.194278399396e-04 true resid norm 3.194278399396e-04 ||r(i)||/||b|| 1.490452940599e-01
  1710 KSP Residual norm 3.191723700553e-04
  1710 KSP preconditioned resid norm 3.191723700553e-04 true resid norm 3.191723700553e-04 ||r(i)||/||b|| 1.489260916008e-01
  1711 KSP Residual norm 3.189193889336e-04
  1711 KSP preconditioned resid norm 3.189193889336e-04 true resid norm 3.189193889336e-04 ||r(i)||/||b|| 1.488080504004e-01
  1712 KSP Residual norm 3.186629164680e-04
  1712 KSP preconditioned resid norm 3.186629164680e-04 true resid norm 3.186629164680e-04 ||r(i)||/||b|| 1.486883801360e-01
  1713 KSP Residual norm 3.184086655714e-04
  1713 KSP preconditioned resid norm 3.184086655714e-04 true resid norm 3.184086655714e-04 ||r(i)||/||b|| 1.485697464575e-01
  1714 KSP Residual norm 3.181594140391e-04
  1714 KSP preconditioned resid norm 3.181594140391e-04 true resid norm 3.181594140391e-04 ||r(i)||/||b|| 1.484534454866e-01
  1715 KSP Residual norm 3.179170638141e-04
  1715 KSP preconditioned resid norm 3.179170638141e-04 true resid norm 3.179170638141e-04 ||r(i)||/||b|| 1.483403646713e-01
  1716 KSP Residual norm 3.176864774566e-04
  1716 KSP preconditioned resid norm 3.176864774566e-04 true resid norm 3.176864774566e-04 ||r(i)||/||b|| 1.482327728864e-01
  1717 KSP Residual norm 3.174629017086e-04
  1717 KSP preconditioned resid norm 3.174629017086e-04 true resid norm 3.174629017086e-04 ||r(i)||/||b|| 1.481284522577e-01
  1718 KSP Residual norm 3.172462593513e-04
  1718 KSP preconditioned resid norm 3.172462593513e-04 true resid norm 3.172462593513e-04 ||r(i)||/||b|| 1.480273667547e-01
  1719 KSP Residual norm 3.170184195694e-04
  1719 KSP preconditioned resid norm 3.170184195694e-04 true resid norm 3.170184195694e-04 ||r(i)||/||b|| 1.479210565242e-01
  1720 KSP Residual norm 3.168018318274e-04
  1720 KSP preconditioned resid norm 3.168018318274e-04 true resid norm 3.168018318274e-04 ||r(i)||/||b|| 1.478199965048e-01
  1721 KSP Residual norm 3.165775927467e-04
  1721 KSP preconditioned resid norm 3.165775927467e-04 true resid norm 3.165775927467e-04 ||r(i)||/||b|| 1.477153663645e-01
  1722 KSP Residual norm 3.163629630510e-04
  1722 KSP preconditioned resid norm 3.163629630510e-04 true resid norm 3.163629630510e-04 ||r(i)||/||b|| 1.476152199712e-01
  1723 KSP Residual norm 3.161434022602e-04
  1723 KSP preconditioned resid norm 3.161434022602e-04 true resid norm 3.161434022603e-04 ||r(i)||/||b|| 1.475127727248e-01
  1724 KSP Residual norm 3.159307724510e-04
  1724 KSP preconditioned resid norm 3.159307724510e-04 true resid norm 3.159307724510e-04 ||r(i)||/||b|| 1.474135594800e-01
  1725 KSP Residual norm 3.157107369066e-04
  1725 KSP preconditioned resid norm 3.157107369066e-04 true resid norm 3.157107369066e-04 ||r(i)||/||b|| 1.473108907132e-01
  1726 KSP Residual norm 3.155020935435e-04
  1726 KSP preconditioned resid norm 3.155020935435e-04 true resid norm 3.155020935435e-04 ||r(i)||/||b|| 1.472135375476e-01
  1727 KSP Residual norm 3.152839364470e-04
  1727 KSP preconditioned resid norm 3.152839364470e-04 true resid norm 3.152839364470e-04 ||r(i)||/||b|| 1.471117452661e-01
  1728 KSP Residual norm 3.150723813839e-04
  1728 KSP preconditioned resid norm 3.150723813839e-04 true resid norm 3.150723813839e-04 ||r(i)||/||b|| 1.470130334989e-01
  1729 KSP Residual norm 3.148644422441e-04
  1729 KSP preconditioned resid norm 3.148644422441e-04 true resid norm 3.148644422441e-04 ||r(i)||/||b|| 1.469160089244e-01
  1730 KSP Residual norm 3.146579120140e-04
  1730 KSP preconditioned resid norm 3.146579120140e-04 true resid norm 3.146579120140e-04 ||r(i)||/||b|| 1.468196417484e-01
  1731 KSP Residual norm 3.144380974710e-04
  1731 KSP preconditioned resid norm 3.144380974710e-04 true resid norm 3.144380974710e-04 ||r(i)||/||b|| 1.467170761010e-01
  1732 KSP Residual norm 3.142345100660e-04
  1732 KSP preconditioned resid norm 3.142345100660e-04 true resid norm 3.142345100660e-04 ||r(i)||/||b|| 1.466220820496e-01
  1733 KSP Residual norm 3.140169740884e-04
  1733 KSP preconditioned resid norm 3.140169740884e-04 true resid norm 3.140169740884e-04 ||r(i)||/||b|| 1.465205795827e-01
  1734 KSP Residual norm 3.138040174595e-04
  1734 KSP preconditioned resid norm 3.138040174595e-04 true resid norm 3.138040174595e-04 ||r(i)||/||b|| 1.464212138437e-01
  1735 KSP Residual norm 3.136008421362e-04
  1735 KSP preconditioned resid norm 3.136008421362e-04 true resid norm 3.136008421362e-04 ||r(i)||/||b|| 1.463264120699e-01
  1736 KSP Residual norm 3.134190101461e-04
  1736 KSP preconditioned resid norm 3.134190101461e-04 true resid norm 3.134190101461e-04 ||r(i)||/||b|| 1.462415691131e-01
  1737 KSP Residual norm 3.132442620769e-04
  1737 KSP preconditioned resid norm 3.132442620769e-04 true resid norm 3.132442620769e-04 ||r(i)||/||b|| 1.461600315196e-01
  1738 KSP Residual norm 3.130700751399e-04
  1738 KSP preconditioned resid norm 3.130700751399e-04 true resid norm 3.130700751399e-04 ||r(i)||/||b|| 1.460787557509e-01
  1739 KSP Residual norm 3.128972690849e-04
  1739 KSP preconditioned resid norm 3.128972690849e-04 true resid norm 3.128972690849e-04 ||r(i)||/||b|| 1.459981243028e-01
  1740 KSP Residual norm 3.127243229521e-04
  1740 KSP preconditioned resid norm 3.127243229521e-04 true resid norm 3.127243229521e-04 ||r(i)||/||b|| 1.459174274944e-01
  1741 KSP Residual norm 3.125530281916e-04
  1741 KSP preconditioned resid norm 3.125530281916e-04 true resid norm 3.125530281916e-04 ||r(i)||/||b|| 1.458375012176e-01
  1742 KSP Residual norm 3.123823685326e-04
  1742 KSP preconditioned resid norm 3.123823685326e-04 true resid norm 3.123823685326e-04 ||r(i)||/||b|| 1.457578712797e-01
  1743 KSP Residual norm 3.122104245804e-04
  1743 KSP preconditioned resid norm 3.122104245804e-04 true resid norm 3.122104245804e-04 ||r(i)||/||b|| 1.456776420895e-01
  1744 KSP Residual norm 3.120380291523e-04
  1744 KSP preconditioned resid norm 3.120380291523e-04 true resid norm 3.120380291523e-04 ||r(i)||/||b|| 1.455972022403e-01
  1745 KSP Residual norm 3.118583916178e-04
  1745 KSP preconditioned resid norm 3.118583916178e-04 true resid norm 3.118583916178e-04 ||r(i)||/||b|| 1.455133832183e-01
  1746 KSP Residual norm 3.116575488847e-04
  1746 KSP preconditioned resid norm 3.116575488847e-04 true resid norm 3.116575488847e-04 ||r(i)||/||b|| 1.454196698330e-01
  1747 KSP Residual norm 3.114469310034e-04
  1747 KSP preconditioned resid norm 3.114469310034e-04 true resid norm 3.114469310034e-04 ||r(i)||/||b|| 1.453213953556e-01
  1748 KSP Residual norm 3.112320555443e-04
  1748 KSP preconditioned resid norm 3.112320555443e-04 true resid norm 3.112320555443e-04 ||r(i)||/||b|| 1.452211342888e-01
  1749 KSP Residual norm 3.110312160494e-04
  1749 KSP preconditioned resid norm 3.110312160494e-04 true resid norm 3.110312160494e-04 ||r(i)||/||b|| 1.451274224146e-01
  1750 KSP Residual norm 3.108153260720e-04
  1750 KSP preconditioned resid norm 3.108153260720e-04 true resid norm 3.108153260719e-04 ||r(i)||/||b|| 1.450266879727e-01
  1751 KSP Residual norm 3.106132272405e-04
  1751 KSP preconditioned resid norm 3.106132272405e-04 true resid norm 3.106132272405e-04 ||r(i)||/||b|| 1.449323884910e-01
  1752 KSP Residual norm 3.104103484121e-04
  1752 KSP preconditioned resid norm 3.104103484121e-04 true resid norm 3.104103484121e-04 ||r(i)||/||b|| 1.448377250620e-01
  1753 KSP Residual norm 3.102041442724e-04
  1753 KSP preconditioned resid norm 3.102041442724e-04 true resid norm 3.102041442724e-04 ||r(i)||/||b|| 1.447415100400e-01
  1754 KSP Residual norm 3.099917501670e-04
  1754 KSP preconditioned resid norm 3.099917501670e-04 true resid norm 3.099917501670e-04 ||r(i)||/||b|| 1.446424067749e-01
  1755 KSP Residual norm 3.097885568581e-04
  1755 KSP preconditioned resid norm 3.097885568581e-04 true resid norm 3.097885568581e-04 ||r(i)||/||b|| 1.445475966091e-01
  1756 KSP Residual norm 3.095742407152e-04
  1756 KSP preconditioned resid norm 3.095742407152e-04 true resid norm 3.095742407152e-04 ||r(i)||/||b|| 1.444475965197e-01
  1757 KSP Residual norm 3.093671064508e-04
  1757 KSP preconditioned resid norm 3.093671064508e-04 true resid norm 3.093671064508e-04 ||r(i)||/||b|| 1.443509475008e-01
  1758 KSP Residual norm 3.091534523339e-04
  1758 KSP preconditioned resid norm 3.091534523339e-04 true resid norm 3.091534523339e-04 ||r(i)||/||b|| 1.442512563133e-01
  1759 KSP Residual norm 3.089447063954e-04
  1759 KSP preconditioned resid norm 3.089447063954e-04 true resid norm 3.089447063954e-04 ||r(i)||/||b|| 1.441538552859e-01
  1760 KSP Residual norm 3.087273545658e-04
  1760 KSP preconditioned resid norm 3.087273545658e-04 true resid norm 3.087273545658e-04 ||r(i)||/||b|| 1.440524387426e-01
  1761 KSP Residual norm 3.085182811177e-04
  1761 KSP preconditioned resid norm 3.085182811177e-04 true resid norm 3.085182811177e-04 ||r(i)||/||b|| 1.439548848990e-01
  1762 KSP Residual norm 3.082992026319e-04
  1762 KSP preconditioned resid norm 3.082992026319e-04 true resid norm 3.082992026319e-04 ||r(i)||/||b|| 1.438526626965e-01
  1763 KSP Residual norm 3.080912861454e-04
  1763 KSP preconditioned resid norm 3.080912861454e-04 true resid norm 3.080912861454e-04 ||r(i)||/||b|| 1.437556486921e-01
  1764 KSP Residual norm 3.078769293694e-04
  1764 KSP preconditioned resid norm 3.078769293694e-04 true resid norm 3.078769293694e-04 ||r(i)||/||b|| 1.436556296433e-01
  1765 KSP Residual norm 3.076557518705e-04
  1765 KSP preconditioned resid norm 3.076557518705e-04 true resid norm 3.076557518705e-04 ||r(i)||/||b|| 1.435524280395e-01
  1766 KSP Residual norm 3.074231760113e-04
  1766 KSP preconditioned resid norm 3.074231760113e-04 true resid norm 3.074231760113e-04 ||r(i)||/||b|| 1.434439079514e-01
  1767 KSP Residual norm 3.071839122012e-04
  1767 KSP preconditioned resid norm 3.071839122012e-04 true resid norm 3.071839122012e-04 ||r(i)||/||b|| 1.433322672600e-01
  1768 KSP Residual norm 3.069400980146e-04
  1768 KSP preconditioned resid norm 3.069400980146e-04 true resid norm 3.069400980146e-04 ||r(i)||/||b|| 1.432185033590e-01
  1769 KSP Residual norm 3.066944041194e-04
  1769 KSP preconditioned resid norm 3.066944041194e-04 true resid norm 3.066944041194e-04 ||r(i)||/||b|| 1.431038623845e-01
  1770 KSP Residual norm 3.064526252294e-04
  1770 KSP preconditioned resid norm 3.064526252294e-04 true resid norm 3.064526252294e-04 ||r(i)||/||b|| 1.429910481547e-01
  1771 KSP Residual norm 3.062131254010e-04
  1771 KSP preconditioned resid norm 3.062131254010e-04 true resid norm 3.062131254010e-04 ||r(i)||/||b|| 1.428792973368e-01
  1772 KSP Residual norm 3.059703430541e-04
  1772 KSP preconditioned resid norm 3.059703430541e-04 true resid norm 3.059703430541e-04 ||r(i)||/||b|| 1.427660148931e-01
  1773 KSP Residual norm 3.057296283398e-04
  1773 KSP preconditioned resid norm 3.057296283398e-04 true resid norm 3.057296283398e-04 ||r(i)||/||b|| 1.426536972086e-01
  1774 KSP Residual norm 3.054936340395e-04
  1774 KSP preconditioned resid norm 3.054936340395e-04 true resid norm 3.054936340395e-04 ||r(i)||/||b|| 1.425435820730e-01
  1775 KSP Residual norm 3.052641895932e-04
  1775 KSP preconditioned resid norm 3.052641895932e-04 true resid norm 3.052641895932e-04 ||r(i)||/||b|| 1.424365231048e-01
  1776 KSP Residual norm 3.050459816592e-04
  1776 KSP preconditioned resid norm 3.050459816592e-04 true resid norm 3.050459816592e-04 ||r(i)||/||b|| 1.423347071025e-01
  1777 KSP Residual norm 3.048344897049e-04
  1777 KSP preconditioned resid norm 3.048344897049e-04 true resid norm 3.048344897049e-04 ||r(i)||/||b|| 1.422360247819e-01
  1778 KSP Residual norm 3.046295812056e-04
  1778 KSP preconditioned resid norm 3.046295812056e-04 true resid norm 3.046295812056e-04 ||r(i)||/||b|| 1.421404143067e-01
  1779 KSP Residual norm 3.044140357523e-04
  1779 KSP preconditioned resid norm 3.044140357523e-04 true resid norm 3.044140357523e-04 ||r(i)||/||b|| 1.420398406201e-01
  1780 KSP Residual norm 3.042092182579e-04
  1780 KSP preconditioned resid norm 3.042092182579e-04 true resid norm 3.042092182579e-04 ||r(i)||/||b|| 1.419442726080e-01
  1781 KSP Residual norm 3.039970992841e-04
  1781 KSP preconditioned resid norm 3.039970992841e-04 true resid norm 3.039970992841e-04 ||r(i)||/||b|| 1.418452977196e-01
  1782 KSP Residual norm 3.037939650420e-04
  1782 KSP preconditioned resid norm 3.037939650420e-04 true resid norm 3.037939650420e-04 ||r(i)||/||b|| 1.417505151143e-01
  1783 KSP Residual norm 3.035862481138e-04
  1783 KSP preconditioned resid norm 3.035862481138e-04 true resid norm 3.035862481138e-04 ||r(i)||/||b|| 1.416535942240e-01
  1784 KSP Residual norm 3.033850448863e-04
  1784 KSP preconditioned resid norm 3.033850448863e-04 true resid norm 3.033850448863e-04 ||r(i)||/||b|| 1.415597126318e-01
  1785 KSP Residual norm 3.031767773444e-04
  1785 KSP preconditioned resid norm 3.031767773444e-04 true resid norm 3.031767773444e-04 ||r(i)||/||b|| 1.414625348247e-01
  1786 KSP Residual norm 3.029793014661e-04
  1786 KSP preconditioned resid norm 3.029793014661e-04 true resid norm 3.029793014661e-04 ||r(i)||/||b|| 1.413703924167e-01
  1787 KSP Residual norm 3.027728849428e-04
  1787 KSP preconditioned resid norm 3.027728849428e-04 true resid norm 3.027728849428e-04 ||r(i)||/||b|| 1.412740782964e-01
  1788 KSP Residual norm 3.025727514821e-04
  1788 KSP preconditioned resid norm 3.025727514821e-04 true resid norm 3.025727514821e-04 ||r(i)||/||b|| 1.411806958582e-01
  1789 KSP Residual norm 3.023759496651e-04
  1789 KSP preconditioned resid norm 3.023759496651e-04 true resid norm 3.023759496651e-04 ||r(i)||/||b|| 1.410888679678e-01
  1790 KSP Residual norm 3.021805602994e-04
  1790 KSP preconditioned resid norm 3.021805602994e-04 true resid norm 3.021805602994e-04 ||r(i)||/||b|| 1.409976991283e-01
  1791 KSP Residual norm 3.019726456561e-04
  1791 KSP preconditioned resid norm 3.019726456561e-04 true resid norm 3.019726456561e-04 ||r(i)||/||b|| 1.409006859839e-01
  1792 KSP Residual norm 3.017799797838e-04
  1792 KSP preconditioned resid norm 3.017799797838e-04 true resid norm 3.017799797838e-04 ||r(i)||/||b|| 1.408107879287e-01
  1793 KSP Residual norm 3.015741524163e-04
  1793 KSP preconditioned resid norm 3.015741524163e-04 true resid norm 3.015741524163e-04 ||r(i)||/||b|| 1.407147487090e-01
  1794 KSP Residual norm 3.013726295891e-04
  1794 KSP preconditioned resid norm 3.013726295891e-04 true resid norm 3.013726295891e-04 ||r(i)||/||b|| 1.406207179913e-01
  1795 KSP Residual norm 3.011802990693e-04
  1795 KSP preconditioned resid norm 3.011802990693e-04 true resid norm 3.011802990693e-04 ||r(i)||/||b|| 1.405309764118e-01
  1796 KSP Residual norm 3.010080970969e-04
  1796 KSP preconditioned resid norm 3.010080970969e-04 true resid norm 3.010080970969e-04 ||r(i)||/||b|| 1.404506268292e-01
  1797 KSP Residual norm 3.008426024635e-04
  1797 KSP preconditioned resid norm 3.008426024635e-04 true resid norm 3.008426024635e-04 ||r(i)||/||b|| 1.403734068965e-01
  1798 KSP Residual norm 3.006776452320e-04
  1798 KSP preconditioned resid norm 3.006776452320e-04 true resid norm 3.006776452320e-04 ||r(i)||/||b|| 1.402964377160e-01
  1799 KSP Residual norm 3.005140077954e-04
  1799 KSP preconditioned resid norm 3.005140077954e-04 true resid norm 3.005140077954e-04 ||r(i)||/||b|| 1.402200843528e-01
  1800 KSP Residual norm 3.003502032953e-04
  1800 KSP preconditioned resid norm 3.003502032953e-04 true resid norm 3.003502032953e-04 ||r(i)||/||b|| 1.401436530377e-01
  1801 KSP Residual norm 3.001879132854e-04
  1801 KSP preconditioned resid norm 3.001879132854e-04 true resid norm 3.001879132854e-04 ||r(i)||/||b|| 1.400679283850e-01
  1802 KSP Residual norm 3.000262374284e-04
  1802 KSP preconditioned resid norm 3.000262374284e-04 true resid norm 3.000262374284e-04 ||r(i)||/||b|| 1.399924902965e-01
  1803 KSP Residual norm 2.998633213698e-04
  1803 KSP preconditioned resid norm 2.998633213698e-04 true resid norm 2.998633213698e-04 ||r(i)||/||b|| 1.399164735290e-01
  1804 KSP Residual norm 2.996999667799e-04
  1804 KSP preconditioned resid norm 2.996999667799e-04 true resid norm 2.996999667799e-04 ||r(i)||/||b|| 1.398402521424e-01
  1805 KSP Residual norm 2.995297631725e-04
  1805 KSP preconditioned resid norm 2.995297631725e-04 true resid norm 2.995297631725e-04 ||r(i)||/||b|| 1.397608349985e-01
  1806 KSP Residual norm 2.993395567058e-04
  1806 KSP preconditioned resid norm 2.993395567058e-04 true resid norm 2.993395567058e-04 ||r(i)||/||b|| 1.396720845040e-01
  1807 KSP Residual norm 2.991401630992e-04
  1807 KSP preconditioned resid norm 2.991401630992e-04 true resid norm 2.991401630992e-04 ||r(i)||/||b|| 1.395790472824e-01
  1808 KSP Residual norm 2.989367652402e-04
  1808 KSP preconditioned resid norm 2.989367652402e-04 true resid norm 2.989367652402e-04 ||r(i)||/||b|| 1.394841416733e-01
  1809 KSP Residual norm 2.987466175541e-04
  1809 KSP preconditioned resid norm 2.987466175541e-04 true resid norm 2.987466175541e-04 ||r(i)||/||b|| 1.393954186059e-01
  1810 KSP Residual norm 2.985423029564e-04
  1810 KSP preconditioned resid norm 2.985423029564e-04 true resid norm 2.985423029564e-04 ||r(i)||/||b|| 1.393000852457e-01
  1811 KSP Residual norm 2.983509822088e-04
  1811 KSP preconditioned resid norm 2.983509822088e-04 true resid norm 2.983509822088e-04 ||r(i)||/||b|| 1.392108148268e-01
  1812 KSP Residual norm 2.981588224994e-04
  1812 KSP preconditioned resid norm 2.981588224994e-04 true resid norm 2.981588224994e-04 ||r(i)||/||b|| 1.391211529476e-01
  1813 KSP Residual norm 2.979635899353e-04
  1813 KSP preconditioned resid norm 2.979635899353e-04 true resid norm 2.979635899353e-04 ||r(i)||/||b|| 1.390300572719e-01
  1814 KSP Residual norm 2.977624518093e-04
  1814 KSP preconditioned resid norm 2.977624518093e-04 true resid norm 2.977624518093e-04 ||r(i)||/||b|| 1.389362060561e-01
  1815 KSP Residual norm 2.975699754257e-04
  1815 KSP preconditioned resid norm 2.975699754257e-04 true resid norm 2.975699754257e-04 ||r(i)||/||b|| 1.388463964165e-01
  1816 KSP Residual norm 2.973669710194e-04
  1816 KSP preconditioned resid norm 2.973669710194e-04 true resid norm 2.973669710194e-04 ||r(i)||/||b|| 1.387516743927e-01
  1817 KSP Residual norm 2.971708322677e-04
  1817 KSP preconditioned resid norm 2.971708322677e-04 true resid norm 2.971708322677e-04 ||r(i)||/||b|| 1.386601558892e-01
  1818 KSP Residual norm 2.969685553626e-04
  1818 KSP preconditioned resid norm 2.969685553626e-04 true resid norm 2.969685553626e-04 ||r(i)||/||b|| 1.385657733181e-01
  1819 KSP Residual norm 2.967708376565e-04
  1819 KSP preconditioned resid norm 2.967708376565e-04 true resid norm 2.967708376565e-04 ||r(i)||/||b|| 1.384735180730e-01
  1820 KSP Residual norm 2.965650516718e-04
  1820 KSP preconditioned resid norm 2.965650516718e-04 true resid norm 2.965650516718e-04 ||r(i)||/||b|| 1.383774981625e-01
  1821 KSP Residual norm 2.963671441470e-04
  1821 KSP preconditioned resid norm 2.963671441470e-04 true resid norm 2.963671441469e-04 ||r(i)||/||b|| 1.382851543479e-01
  1822 KSP Residual norm 2.961596598720e-04
  1822 KSP preconditioned resid norm 2.961596598720e-04 true resid norm 2.961596598720e-04 ||r(i)||/||b|| 1.381883420138e-01
  1823 KSP Residual norm 2.959627791919e-04
  1823 KSP preconditioned resid norm 2.959627791919e-04 true resid norm 2.959627791919e-04 ||r(i)||/||b|| 1.380964773257e-01
  1824 KSP Residual norm 2.957597733017e-04
  1824 KSP preconditioned resid norm 2.957597733017e-04 true resid norm 2.957597733017e-04 ||r(i)||/||b|| 1.380017546096e-01
  1825 KSP Residual norm 2.955502296001e-04
  1825 KSP preconditioned resid norm 2.955502296001e-04 true resid norm 2.955502296001e-04 ||r(i)||/||b|| 1.379039813453e-01
  1826 KSP Residual norm 2.953297988351e-04
  1826 KSP preconditioned resid norm 2.953297988351e-04 true resid norm 2.953297988351e-04 ||r(i)||/||b|| 1.378011281682e-01
  1827 KSP Residual norm 2.951030253701e-04
  1827 KSP preconditioned resid norm 2.951030253701e-04 true resid norm 2.951030253701e-04 ||r(i)||/||b|| 1.376953154821e-01
  1828 KSP Residual norm 2.948719481345e-04
  1828 KSP preconditioned resid norm 2.948719481345e-04 true resid norm 2.948719481345e-04 ||r(i)||/||b|| 1.375874946530e-01
  1829 KSP Residual norm 2.946391101040e-04
  1829 KSP preconditioned resid norm 2.946391101040e-04 true resid norm 2.946391101040e-04 ||r(i)||/||b|| 1.374788522356e-01
  1830 KSP Residual norm 2.944099409978e-04
  1830 KSP preconditioned resid norm 2.944099409978e-04 true resid norm 2.944099409978e-04 ||r(i)||/||b|| 1.373719217413e-01
  1831 KSP Residual norm 2.941828646119e-04
  1831 KSP preconditioned resid norm 2.941828646119e-04 true resid norm 2.941828646120e-04 ||r(i)||/||b|| 1.372659677120e-01
  1832 KSP Residual norm 2.939526936666e-04
  1832 KSP preconditioned resid norm 2.939526936666e-04 true resid norm 2.939526936666e-04 ||r(i)||/||b|| 1.371585697587e-01
  1833 KSP Residual norm 2.937244445308e-04
  1833 KSP preconditioned resid norm 2.937244445308e-04 true resid norm 2.937244445308e-04 ||r(i)||/||b|| 1.370520685233e-01
  1834 KSP Residual norm 2.935006530549e-04
  1834 KSP preconditioned resid norm 2.935006530549e-04 true resid norm 2.935006530549e-04 ||r(i)||/||b|| 1.369476472358e-01
  1835 KSP Residual norm 2.932830828462e-04
  1835 KSP preconditioned resid norm 2.932830828462e-04 true resid norm 2.932830828462e-04 ||r(i)||/||b|| 1.368461287966e-01
  1836 KSP Residual norm 2.930762544707e-04
  1836 KSP preconditioned resid norm 2.930762544707e-04 true resid norm 2.930762544707e-04 ||r(i)||/||b|| 1.367496225057e-01
  1837 KSP Residual norm 2.928758674017e-04
  1837 KSP preconditioned resid norm 2.928758674017e-04 true resid norm 2.928758674017e-04 ||r(i)||/||b|| 1.366561217337e-01
  1838 KSP Residual norm 2.926817428786e-04
  1838 KSP preconditioned resid norm 2.926817428786e-04 true resid norm 2.926817428786e-04 ||r(i)||/||b|| 1.365655430708e-01
  1839 KSP Residual norm 2.924775047739e-04
  1839 KSP preconditioned resid norm 2.924775047739e-04 true resid norm 2.924775047739e-04 ||r(i)||/||b|| 1.364702454024e-01
  1840 KSP Residual norm 2.922835097443e-04
  1840 KSP preconditioned resid norm 2.922835097443e-04 true resid norm 2.922835097443e-04 ||r(i)||/||b|| 1.363797271613e-01
  1841 KSP Residual norm 2.920825383269e-04
  1841 KSP preconditioned resid norm 2.920825383269e-04 true resid norm 2.920825383269e-04 ||r(i)||/||b|| 1.362859537319e-01
  1842 KSP Residual norm 2.918899820339e-04
  1842 KSP preconditioned resid norm 2.918899820339e-04 true resid norm 2.918899820339e-04 ||r(i)||/||b|| 1.361961068065e-01
  1843 KSP Residual norm 2.916931557370e-04
  1843 KSP preconditioned resid norm 2.916931557370e-04 true resid norm 2.916931557370e-04 ||r(i)||/||b|| 1.361042674937e-01
  1844 KSP Residual norm 2.915024610931e-04
  1844 KSP preconditioned resid norm 2.915024610931e-04 true resid norm 2.915024610931e-04 ||r(i)||/||b|| 1.360152892153e-01
  1845 KSP Residual norm 2.913050155204e-04
  1845 KSP preconditioned resid norm 2.913050155204e-04 true resid norm 2.913050155204e-04 ||r(i)||/||b|| 1.359231609479e-01
  1846 KSP Residual norm 2.911178086218e-04
  1846 KSP preconditioned resid norm 2.911178086218e-04 true resid norm 2.911178086218e-04 ||r(i)||/||b|| 1.358358100543e-01
  1847 KSP Residual norm 2.909221877001e-04
  1847 KSP preconditioned resid norm 2.909221877001e-04 true resid norm 2.909221877001e-04 ||r(i)||/||b|| 1.357445331706e-01
  1848 KSP Residual norm 2.907325553740e-04
  1848 KSP preconditioned resid norm 2.907325553740e-04 true resid norm 2.907325553740e-04 ||r(i)||/||b|| 1.356560505706e-01
  1849 KSP Residual norm 2.905460016404e-04
  1849 KSP preconditioned resid norm 2.905460016404e-04 true resid norm 2.905460016404e-04 ||r(i)||/||b|| 1.355690044443e-01
  1850 KSP Residual norm 2.903608605268e-04
  1850 KSP preconditioned resid norm 2.903608605268e-04 true resid norm 2.903608605268e-04 ||r(i)||/||b|| 1.354826174478e-01
  1851 KSP Residual norm 2.901638905208e-04
  1851 KSP preconditioned resid norm 2.901638905208e-04 true resid norm 2.901638905208e-04 ||r(i)||/||b|| 1.353907110802e-01
  1852 KSP Residual norm 2.899812733558e-04
  1852 KSP preconditioned resid norm 2.899812733558e-04 true resid norm 2.899812733558e-04 ||r(i)||/||b|| 1.353055017601e-01
  1853 KSP Residual norm 2.897862113190e-04
  1853 KSP preconditioned resid norm 2.897862113190e-04 true resid norm 2.897862113190e-04 ||r(i)||/||b|| 1.352144856525e-01
  1854 KSP Residual norm 2.895952007738e-04
  1854 KSP preconditioned resid norm 2.895952007738e-04 true resid norm 2.895952007738e-04 ||r(i)||/||b|| 1.351253599743e-01
  1855 KSP Residual norm 2.894128435418e-04
  1855 KSP preconditioned resid norm 2.894128435418e-04 true resid norm 2.894128435418e-04 ||r(i)||/||b|| 1.350402719392e-01
  1856 KSP Residual norm 2.892495044737e-04
  1856 KSP preconditioned resid norm 2.892495044737e-04 true resid norm 2.892495044737e-04 ||r(i)||/||b|| 1.349640577950e-01
  1857 KSP Residual norm 2.890925290688e-04
  1857 KSP preconditioned resid norm 2.890925290688e-04 true resid norm 2.890925290688e-04 ||r(i)||/||b|| 1.348908129414e-01
  1858 KSP Residual norm 2.889360734962e-04
  1858 KSP preconditioned resid norm 2.889360734962e-04 true resid norm 2.889360734962e-04 ||r(i)||/||b|| 1.348178106419e-01
  1859 KSP Residual norm 2.887808850835e-04
  1859 KSP preconditioned resid norm 2.887808850835e-04 true resid norm 2.887808850835e-04 ||r(i)||/||b|| 1.347453996004e-01
  1860 KSP Residual norm 2.886255093779e-04
  1860 KSP preconditioned resid norm 2.886255093779e-04 true resid norm 2.886255093779e-04 ||r(i)||/||b|| 1.346729011678e-01
  1861 KSP Residual norm 2.884715263517e-04
  1861 KSP preconditioned resid norm 2.884715263517e-04 true resid norm 2.884715263517e-04 ||r(i)||/||b|| 1.346010525605e-01
  1862 KSP Residual norm 2.883181355066e-04
  1862 KSP preconditioned resid norm 2.883181355066e-04 true resid norm 2.883181355066e-04 ||r(i)||/||b|| 1.345294802654e-01
  1863 KSP Residual norm 2.881635425901e-04
  1863 KSP preconditioned resid norm 2.881635425901e-04 true resid norm 2.881635425901e-04 ||r(i)||/||b|| 1.344573470828e-01
  1864 KSP Residual norm 2.880085191791e-04
  1864 KSP preconditioned resid norm 2.880085191791e-04 true resid norm 2.880085191791e-04 ||r(i)||/||b|| 1.343850130312e-01
  1865 KSP Residual norm 2.878470052221e-04
  1865 KSP preconditioned resid norm 2.878470052221e-04 true resid norm 2.878470052221e-04 ||r(i)||/||b|| 1.343096504854e-01
  1866 KSP Residual norm 2.876665878375e-04
  1866 KSP preconditioned resid norm 2.876665878375e-04 true resid norm 2.876665878375e-04 ||r(i)||/||b|| 1.342254675846e-01
  1867 KSP Residual norm 2.874775213115e-04
  1867 KSP preconditioned resid norm 2.874775213115e-04 true resid norm 2.874775213115e-04 ||r(i)||/||b|| 1.341372489874e-01
  1868 KSP Residual norm 2.872846840603e-04
  1868 KSP preconditioned resid norm 2.872846840603e-04 true resid norm 2.872846840603e-04 ||r(i)||/||b|| 1.340472709666e-01
  1869 KSP Residual norm 2.871043807655e-04
  1869 KSP preconditioned resid norm 2.871043807655e-04 true resid norm 2.871043807655e-04 ||r(i)||/||b|| 1.339631413003e-01
  1870 KSP Residual norm 2.869107212207e-04
  1870 KSP preconditioned resid norm 2.869107212207e-04 true resid norm 2.869107212207e-04 ||r(i)||/||b|| 1.338727795967e-01
  1871 KSP Residual norm 2.867293245241e-04
  1871 KSP preconditioned resid norm 2.867293245241e-04 true resid norm 2.867293245241e-04 ||r(i)||/||b|| 1.337881397481e-01
  1872 KSP Residual norm 2.865470392244e-04
  1872 KSP preconditioned resid norm 2.865470392244e-04 true resid norm 2.865470392244e-04 ||r(i)||/||b|| 1.337030852767e-01
  1873 KSP Residual norm 2.863619066543e-04
  1873 KSP preconditioned resid norm 2.863619066543e-04 true resid norm 2.863619066543e-04 ||r(i)||/||b|| 1.336167022665e-01
  1874 KSP Residual norm 2.861711320538e-04
  1874 KSP preconditioned resid norm 2.861711320538e-04 true resid norm 2.861711320538e-04 ||r(i)||/||b|| 1.335276866803e-01
  1875 KSP Residual norm 2.859885224412e-04
  1875 KSP preconditioned resid norm 2.859885224412e-04 true resid norm 2.859885224412e-04 ||r(i)||/||b|| 1.334424808841e-01
  1876 KSP Residual norm 2.857959317132e-04
  1876 KSP preconditioned resid norm 2.857959317132e-04 true resid norm 2.857959317132e-04 ||r(i)||/||b|| 1.333526178913e-01
  1877 KSP Residual norm 2.856099150442e-04
  1877 KSP preconditioned resid norm 2.856099150442e-04 true resid norm 2.856099150442e-04 ||r(i)||/||b|| 1.332658223599e-01
  1878 KSP Residual norm 2.854181103316e-04
  1878 KSP preconditioned resid norm 2.854181103316e-04 true resid norm 2.854181103315e-04 ||r(i)||/||b|| 1.331763261224e-01
  1879 KSP Residual norm 2.852305517611e-04
  1879 KSP preconditioned resid norm 2.852305517611e-04 true resid norm 2.852305517611e-04 ||r(i)||/||b|| 1.330888111385e-01
  1880 KSP Residual norm 2.850354168944e-04
  1880 KSP preconditioned resid norm 2.850354168944e-04 true resid norm 2.850354168944e-04 ||r(i)||/||b|| 1.329977610484e-01
  1881 KSP Residual norm 2.848477904669e-04
  1881 KSP preconditioned resid norm 2.848477904669e-04 true resid norm 2.848477904669e-04 ||r(i)||/||b|| 1.329102144023e-01
  1882 KSP Residual norm 2.846509857822e-04
  1882 KSP preconditioned resid norm 2.846509857822e-04 true resid norm 2.846509857822e-04 ||r(i)||/||b|| 1.328183851738e-01
  1883 KSP Residual norm 2.844642637258e-04
  1883 KSP preconditioned resid norm 2.844642637258e-04 true resid norm 2.844642637258e-04 ||r(i)||/||b|| 1.327312605080e-01
  1884 KSP Residual norm 2.842717061422e-04
  1884 KSP preconditioned resid norm 2.842717061422e-04 true resid norm 2.842717061422e-04 ||r(i)||/||b|| 1.326414129804e-01
  1885 KSP Residual norm 2.840728745171e-04
  1885 KSP preconditioned resid norm 2.840728745171e-04 true resid norm 2.840728745171e-04 ||r(i)||/||b|| 1.325486379798e-01
  1886 KSP Residual norm 2.838636345495e-04
  1886 KSP preconditioned resid norm 2.838636345495e-04 true resid norm 2.838636345495e-04 ||r(i)||/||b|| 1.324510064381e-01
  1887 KSP Residual norm 2.836483739394e-04
  1887 KSP preconditioned resid norm 2.836483739394e-04 true resid norm 2.836483739394e-04 ||r(i)||/||b|| 1.323505656595e-01
  1888 KSP Residual norm 2.834290425848e-04
  1888 KSP preconditioned resid norm 2.834290425848e-04 true resid norm 2.834290425848e-04 ||r(i)||/||b|| 1.322482254682e-01
  1889 KSP Residual norm 2.832080649036e-04
  1889 KSP preconditioned resid norm 2.832080649036e-04 true resid norm 2.832080649035e-04 ||r(i)||/||b|| 1.321451170996e-01
  1890 KSP Residual norm 2.829905348712e-04
  1890 KSP preconditioned resid norm 2.829905348712e-04 true resid norm 2.829905348712e-04 ||r(i)||/||b|| 1.320436174067e-01
  1891 KSP Residual norm 2.827749313651e-04
  1891 KSP preconditioned resid norm 2.827749313651e-04 true resid norm 2.827749313651e-04 ||r(i)||/||b|| 1.319430166326e-01
  1892 KSP Residual norm 2.825564032158e-04
  1892 KSP preconditioned resid norm 2.825564032158e-04 true resid norm 2.825564032158e-04 ||r(i)||/||b|| 1.318410512176e-01
  1893 KSP Residual norm 2.823396591768e-04
  1893 KSP preconditioned resid norm 2.823396591768e-04 true resid norm 2.823396591768e-04 ||r(i)||/||b|| 1.317399182699e-01
  1894 KSP Residual norm 2.821271254721e-04
  1894 KSP preconditioned resid norm 2.821271254721e-04 true resid norm 2.821271254721e-04 ||r(i)||/||b|| 1.316407498677e-01
  1895 KSP Residual norm 2.819205058053e-04
  1895 KSP preconditioned resid norm 2.819205058053e-04 true resid norm 2.819205058053e-04 ||r(i)||/||b|| 1.315443409604e-01
  1896 KSP Residual norm 2.817241638664e-04
  1896 KSP preconditioned resid norm 2.817241638664e-04 true resid norm 2.817241638664e-04 ||r(i)||/||b|| 1.314527276495e-01
  1897 KSP Residual norm 2.815340066888e-04
  1897 KSP preconditioned resid norm 2.815340066888e-04 true resid norm 2.815340066888e-04 ||r(i)||/||b|| 1.313640001533e-01
  1898 KSP Residual norm 2.813498167899e-04
  1898 KSP preconditioned resid norm 2.813498167899e-04 true resid norm 2.813498167899e-04 ||r(i)||/||b|| 1.312780569943e-01
  1899 KSP Residual norm 2.811560023094e-04
  1899 KSP preconditioned resid norm 2.811560023094e-04 true resid norm 2.811560023094e-04 ||r(i)||/||b|| 1.311876229975e-01
  1900 KSP Residual norm 2.809719811898e-04
  1900 KSP preconditioned resid norm 2.809719811898e-04 true resid norm 2.809719811898e-04 ||r(i)||/||b|| 1.311017585910e-01
  1901 KSP Residual norm 2.807812862260e-04
  1901 KSP preconditioned resid norm 2.807812862260e-04 true resid norm 2.807812862260e-04 ||r(i)||/||b|| 1.310127801634e-01
  1902 KSP Residual norm 2.805984856960e-04
  1902 KSP preconditioned resid norm 2.805984856960e-04 true resid norm 2.805984856960e-04 ||r(i)||/||b|| 1.309274852850e-01
  1903 KSP Residual norm 2.804116968276e-04
  1903 KSP preconditioned resid norm 2.804116968276e-04 true resid norm 2.804116968276e-04 ||r(i)||/||b|| 1.308403294447e-01
  1904 KSP Residual norm 2.802306891652e-04
  1904 KSP preconditioned resid norm 2.802306891652e-04 true resid norm 2.802306891652e-04 ||r(i)||/||b|| 1.307558711198e-01
  1905 KSP Residual norm 2.800432193109e-04
  1905 KSP preconditioned resid norm 2.800432193109e-04 true resid norm 2.800432193109e-04 ||r(i)||/||b|| 1.306683975309e-01
  1906 KSP Residual norm 2.798654777776e-04
  1906 KSP preconditioned resid norm 2.798654777776e-04 true resid norm 2.798654777776e-04 ||r(i)||/||b|| 1.305854631846e-01
  1907 KSP Residual norm 2.796798070461e-04
  1907 KSP preconditioned resid norm 2.796798070461e-04 true resid norm 2.796798070461e-04 ||r(i)||/||b|| 1.304988290679e-01
  1908 KSP Residual norm 2.794998523379e-04
  1908 KSP preconditioned resid norm 2.794998523379e-04 true resid norm 2.794998523379e-04 ||r(i)||/||b|| 1.304148620523e-01
  1909 KSP Residual norm 2.793227501196e-04
  1909 KSP preconditioned resid norm 2.793227501196e-04 true resid norm 2.793227501196e-04 ||r(i)||/||b|| 1.303322260109e-01
  1910 KSP Residual norm 2.791470578767e-04
  1910 KSP preconditioned resid norm 2.791470578767e-04 true resid norm 2.791470578767e-04 ||r(i)||/||b|| 1.302502478652e-01
  1911 KSP Residual norm 2.789601772157e-04
  1911 KSP preconditioned resid norm 2.789601772157e-04 true resid norm 2.789601772157e-04 ||r(i)||/||b|| 1.301630491944e-01
  1912 KSP Residual norm 2.787868271341e-04
  1912 KSP preconditioned resid norm 2.787868271341e-04 true resid norm 2.787868271341e-04 ||r(i)||/||b|| 1.300821639030e-01
  1913 KSP Residual norm 2.786016868426e-04
  1913 KSP preconditioned resid norm 2.786016868426e-04 true resid norm 2.786016868426e-04 ||r(i)||/||b|| 1.299957772901e-01
  1914 KSP Residual norm 2.784203647846e-04
  1914 KSP preconditioned resid norm 2.784203647846e-04 true resid norm 2.784203647846e-04 ||r(i)||/||b|| 1.299111722680e-01
  1915 KSP Residual norm 2.782472016948e-04
  1915 KSP preconditioned resid norm 2.782472016948e-04 true resid norm 2.782472016948e-04 ||r(i)||/||b|| 1.298303742272e-01
  1916 KSP Residual norm 2.780920389275e-04
  1916 KSP preconditioned resid norm 2.780920389275e-04 true resid norm 2.780920389275e-04 ||r(i)||/||b|| 1.297579751518e-01
  1917 KSP Residual norm 2.779429251152e-04
  1917 KSP preconditioned resid norm 2.779429251152e-04 true resid norm 2.779429251152e-04 ||r(i)||/||b|| 1.296883985237e-01
  1918 KSP Residual norm 2.777943185072e-04
  1918 KSP preconditioned resid norm 2.777943185072e-04 true resid norm 2.777943185073e-04 ||r(i)||/||b|| 1.296190585577e-01
  1919 KSP Residual norm 2.776469333882e-04
  1919 KSP preconditioned resid norm 2.776469333882e-04 true resid norm 2.776469333882e-04 ||r(i)||/||b|| 1.295502885393e-01
  1920 KSP Residual norm 2.774993461583e-04
  1920 KSP preconditioned resid norm 2.774993461583e-04 true resid norm 2.774993461583e-04 ||r(i)||/||b|| 1.294814242159e-01
  1921 KSP Residual norm 2.773530427916e-04
  1921 KSP preconditioned resid norm 2.773530427916e-04 true resid norm 2.773530427916e-04 ||r(i)||/||b|| 1.294131589441e-01
  1922 KSP Residual norm 2.772073091253e-04
  1922 KSP preconditioned resid norm 2.772073091253e-04 true resid norm 2.772073091252e-04 ||r(i)||/||b|| 1.293451594950e-01
  1923 KSP Residual norm 2.770604066906e-04
  1923 KSP preconditioned resid norm 2.770604066906e-04 true resid norm 2.770604066906e-04 ||r(i)||/||b|| 1.292766146976e-01
  1924 KSP Residual norm 2.769130779868e-04
  1924 KSP preconditioned resid norm 2.769130779868e-04 true resid norm 2.769130779868e-04 ||r(i)||/||b|| 1.292078710027e-01
  1925 KSP Residual norm 2.767595867839e-04
  1925 KSP preconditioned resid norm 2.767595867839e-04 true resid norm 2.767595867839e-04 ||r(i)||/||b|| 1.291362518806e-01
  1926 KSP Residual norm 2.765882004531e-04
  1926 KSP preconditioned resid norm 2.765882004531e-04 true resid norm 2.765882004531e-04 ||r(i)||/||b|| 1.290562828770e-01
  1927 KSP Residual norm 2.764086584471e-04
  1927 KSP preconditioned resid norm 2.764086584471e-04 true resid norm 2.764086584471e-04 ||r(i)||/||b|| 1.289725084286e-01
  1928 KSP Residual norm 2.762255612574e-04
  1928 KSP preconditioned resid norm 2.762255612574e-04 true resid norm 2.762255612574e-04 ||r(i)||/||b|| 1.288870751286e-01
  1929 KSP Residual norm 2.760543430747e-04
  1929 KSP preconditioned resid norm 2.760543430747e-04 true resid norm 2.760543430747e-04 ||r(i)||/||b|| 1.288071845831e-01
  1930 KSP Residual norm 2.758705140445e-04
  1930 KSP preconditioned resid norm 2.758705140445e-04 true resid norm 2.758705140445e-04 ||r(i)||/||b|| 1.287214098057e-01
  1931 KSP Residual norm 2.756982759547e-04
  1931 KSP preconditioned resid norm 2.756982759547e-04 true resid norm 2.756982759547e-04 ||r(i)||/||b|| 1.286410433707e-01
  1932 KSP Residual norm 2.755251076365e-04
  1932 KSP preconditioned resid norm 2.755251076365e-04 true resid norm 2.755251076365e-04 ||r(i)||/||b|| 1.285602428903e-01
  1933 KSP Residual norm 2.753492943862e-04
  1933 KSP preconditioned resid norm 2.753492943862e-04 true resid norm 2.753492943862e-04 ||r(i)||/||b|| 1.284782082824e-01
  1934 KSP Residual norm 2.751680840106e-04
  1934 KSP preconditioned resid norm 2.751680840106e-04 true resid norm 2.751680840106e-04 ||r(i)||/||b|| 1.283936553715e-01
  1935 KSP Residual norm 2.749945801388e-04
  1935 KSP preconditioned resid norm 2.749945801388e-04 true resid norm 2.749945801387e-04 ||r(i)||/||b|| 1.283126983215e-01
  1936 KSP Residual norm 2.748115992906e-04
  1936 KSP preconditioned resid norm 2.748115992906e-04 true resid norm 2.748115992906e-04 ||r(i)||/||b|| 1.282273193065e-01
  1937 KSP Residual norm 2.746349227248e-04
  1937 KSP preconditioned resid norm 2.746349227248e-04 true resid norm 2.746349227248e-04 ||r(i)||/||b|| 1.281448818749e-01
  1938 KSP Residual norm 2.744527799363e-04
  1938 KSP preconditioned resid norm 2.744527799363e-04 true resid norm 2.744527799363e-04 ||r(i)||/||b|| 1.280598938993e-01
  1939 KSP Residual norm 2.742746014409e-04
  1939 KSP preconditioned resid norm 2.742746014409e-04 true resid norm 2.742746014409e-04 ||r(i)||/||b|| 1.279767556662e-01
  1940 KSP Residual norm 2.740892979257e-04
  1940 KSP preconditioned resid norm 2.740892979257e-04 true resid norm 2.740892979257e-04 ||r(i)||/||b|| 1.278902928929e-01
  1941 KSP Residual norm 2.739111598048e-04
  1941 KSP preconditioned resid norm 2.739111598048e-04 true resid norm 2.739111598048e-04 ||r(i)||/||b|| 1.278071734984e-01
  1942 KSP Residual norm 2.737242150887e-04
  1942 KSP preconditioned resid norm 2.737242150887e-04 true resid norm 2.737242150887e-04 ||r(i)||/||b|| 1.277199449394e-01
  1943 KSP Residual norm 2.735468665769e-04
  1943 KSP preconditioned resid norm 2.735468665769e-04 true resid norm 2.735468665769e-04 ||r(i)||/||b|| 1.276371939773e-01
  1944 KSP Residual norm 2.733639498043e-04
  1944 KSP preconditioned resid norm 2.733639498043e-04 true resid norm 2.733639498043e-04 ||r(i)||/||b|| 1.275518448600e-01
  1945 KSP Residual norm 2.731750055400e-04
  1945 KSP preconditioned resid norm 2.731750055400e-04 true resid norm 2.731750055400e-04 ||r(i)||/||b|| 1.274636833102e-01
  1946 KSP Residual norm 2.729761015748e-04
  1946 KSP preconditioned resid norm 2.729761015748e-04 true resid norm 2.729761015748e-04 ||r(i)||/||b|| 1.273708745557e-01
  1947 KSP Residual norm 2.727714776124e-04
  1947 KSP preconditioned resid norm 2.727714776124e-04 true resid norm 2.727714776124e-04 ||r(i)||/||b|| 1.272753968457e-01
  1948 KSP Residual norm 2.725630029908e-04
  1948 KSP preconditioned resid norm 2.725630029908e-04 true resid norm 2.725630029907e-04 ||r(i)||/||b|| 1.271781224150e-01
  1949 KSP Residual norm 2.723529917068e-04
  1949 KSP preconditioned resid norm 2.723529917068e-04 true resid norm 2.723529917068e-04 ||r(i)||/||b|| 1.270801309764e-01
  1950 KSP Residual norm 2.721462282791e-04
  1950 KSP preconditioned resid norm 2.721462282791e-04 true resid norm 2.721462282791e-04 ||r(i)||/||b|| 1.269836549902e-01
  1951 KSP Residual norm 2.719412426239e-04
  1951 KSP preconditioned resid norm 2.719412426239e-04 true resid norm 2.719412426239e-04 ||r(i)||/||b|| 1.268880085141e-01
  1952 KSP Residual norm 2.717334865850e-04
  1952 KSP preconditioned resid norm 2.717334865850e-04 true resid norm 2.717334865850e-04 ||r(i)||/||b|| 1.267910693746e-01
  1953 KSP Residual norm 2.715273849620e-04
  1953 KSP preconditioned resid norm 2.715273849620e-04 true resid norm 2.715273849620e-04 ||r(i)||/||b|| 1.266949021870e-01
  1954 KSP Residual norm 2.713252609610e-04
  1954 KSP preconditioned resid norm 2.713252609610e-04 true resid norm 2.713252609610e-04 ||r(i)||/||b|| 1.266005909612e-01
  1955 KSP Residual norm 2.711287636404e-04
  1955 KSP preconditioned resid norm 2.711287636404e-04 true resid norm 2.711287636404e-04 ||r(i)||/||b|| 1.265089051490e-01
  1956 KSP Residual norm 2.709421084084e-04
  1956 KSP preconditioned resid norm 2.709421084084e-04 true resid norm 2.709421084084e-04 ||r(i)||/||b|| 1.264218116635e-01
  1957 KSP Residual norm 2.707613978417e-04
  1957 KSP preconditioned resid norm 2.707613978417e-04 true resid norm 2.707613978417e-04 ||r(i)||/||b|| 1.263374919638e-01
  1958 KSP Residual norm 2.705863819923e-04
  1958 KSP preconditioned resid norm 2.705863819923e-04 true resid norm 2.705863819923e-04 ||r(i)||/||b|| 1.262558294239e-01
  1959 KSP Residual norm 2.704021987954e-04
  1959 KSP preconditioned resid norm 2.704021987954e-04 true resid norm 2.704021987954e-04 ||r(i)||/||b|| 1.261698893920e-01
  1960 KSP Residual norm 2.702273908293e-04
  1960 KSP preconditioned resid norm 2.702273908293e-04 true resid norm 2.702273908293e-04 ||r(i)||/||b|| 1.260883238506e-01
  1961 KSP Residual norm 2.700461910592e-04
  1961 KSP preconditioned resid norm 2.700461910592e-04 true resid norm 2.700461910592e-04 ||r(i)||/||b|| 1.260037758881e-01
  1962 KSP Residual norm 2.698724086052e-04
  1962 KSP preconditioned resid norm 2.698724086052e-04 true resid norm 2.698724086052e-04 ||r(i)||/||b|| 1.259226888514e-01
  1963 KSP Residual norm 2.696948924642e-04
  1963 KSP preconditioned resid norm 2.696948924642e-04 true resid norm 2.696948924642e-04 ||r(i)||/||b|| 1.258398596734e-01
  1964 KSP Residual norm 2.695228354542e-04
  1964 KSP preconditioned resid norm 2.695228354542e-04 true resid norm 2.695228354542e-04 ||r(i)||/||b|| 1.257595777303e-01
  1965 KSP Residual norm 2.693445832668e-04
  1965 KSP preconditioned resid norm 2.693445832668e-04 true resid norm 2.693445832668e-04 ||r(i)||/||b|| 1.256764051124e-01
  1966 KSP Residual norm 2.691755873344e-04
  1966 KSP preconditioned resid norm 2.691755873344e-04 true resid norm 2.691755873344e-04 ||r(i)||/||b|| 1.255975514707e-01
  1967 KSP Residual norm 2.689991093850e-04
  1967 KSP preconditioned resid norm 2.689991093850e-04 true resid norm 2.689991093850e-04 ||r(i)||/||b|| 1.255152067137e-01
  1968 KSP Residual norm 2.688280944743e-04
  1968 KSP preconditioned resid norm 2.688280944743e-04 true resid norm 2.688280944743e-04 ||r(i)||/||b|| 1.254354110151e-01
  1969 KSP Residual norm 2.686597292810e-04
  1969 KSP preconditioned resid norm 2.686597292810e-04 true resid norm 2.686597292809e-04 ||r(i)||/||b|| 1.253568516767e-01
  1970 KSP Residual norm 2.684927690452e-04
  1970 KSP preconditioned resid norm 2.684927690452e-04 true resid norm 2.684927690452e-04 ||r(i)||/||b|| 1.252789478928e-01
  1971 KSP Residual norm 2.683152108738e-04
  1971 KSP preconditioned resid norm 2.683152108738e-04 true resid norm 2.683152108738e-04 ||r(i)||/||b|| 1.251960991033e-01
  1972 KSP Residual norm 2.681504269624e-04
  1972 KSP preconditioned resid norm 2.681504269624e-04 true resid norm 2.681504269624e-04 ||r(i)||/||b|| 1.251192107941e-01
  1973 KSP Residual norm 2.679744528692e-04
  1973 KSP preconditioned resid norm 2.679744528692e-04 true resid norm 2.679744528692e-04 ||r(i)||/||b|| 1.250371011368e-01
  1974 KSP Residual norm 2.678020817384e-04
  1974 KSP preconditioned resid norm 2.678020817384e-04 true resid norm 2.678020817384e-04 ||r(i)||/||b|| 1.249566726247e-01
  1975 KSP Residual norm 2.676374151678e-04
  1975 KSP preconditioned resid norm 2.676374151678e-04 true resid norm 2.676374151678e-04 ||r(i)||/||b|| 1.248798390668e-01
  1976 KSP Residual norm 2.674898132867e-04
  1976 KSP preconditioned resid norm 2.674898132867e-04 true resid norm 2.674898132867e-04 ||r(i)||/||b|| 1.248109679071e-01
  1977 KSP Residual norm 2.673479712140e-04
  1977 KSP preconditioned resid norm 2.673479712140e-04 true resid norm 2.673479712140e-04 ||r(i)||/||b|| 1.247447842788e-01
  1978 KSP Residual norm 2.672066276563e-04
  1978 KSP preconditioned resid norm 2.672066276563e-04 true resid norm 2.672066276563e-04 ||r(i)||/||b|| 1.246788332580e-01
  1979 KSP Residual norm 2.670664656487e-04
  1979 KSP preconditioned resid norm 2.670664656487e-04 true resid norm 2.670664656487e-04 ||r(i)||/||b|| 1.246134335494e-01
  1980 KSP Residual norm 2.669260910426e-04
  1980 KSP preconditioned resid norm 2.669260910426e-04 true resid norm 2.669260910426e-04 ||r(i)||/||b|| 1.245479346422e-01
  1981 KSP Residual norm 2.667869027314e-04
  1981 KSP preconditioned resid norm 2.667869027314e-04 true resid norm 2.667869027314e-04 ||r(i)||/||b|| 1.244829892612e-01
  1982 KSP Residual norm 2.666482615162e-04
  1982 KSP preconditioned resid norm 2.666482615162e-04 true resid norm 2.666482615162e-04 ||r(i)||/||b|| 1.244182991556e-01
  1983 KSP Residual norm 2.665084809372e-04
  1983 KSP preconditioned resid norm 2.665084809372e-04 true resid norm 2.665084809372e-04 ||r(i)||/||b|| 1.243530774219e-01
  1984 KSP Residual norm 2.663682753912e-04
  1984 KSP preconditioned resid norm 2.663682753912e-04 true resid norm 2.663682753912e-04 ||r(i)||/||b|| 1.242876573983e-01
  1985 KSP Residual norm 2.662222085815e-04
  1985 KSP preconditioned resid norm 2.662222085815e-04 true resid norm 2.662222085815e-04 ||r(i)||/||b|| 1.242195025043e-01
  1986 KSP Residual norm 2.660591740414e-04
  1986 KSP preconditioned resid norm 2.660591740414e-04 true resid norm 2.660591740414e-04 ||r(i)||/||b|| 1.241434304531e-01
  1987 KSP Residual norm 2.658884375492e-04
  1987 KSP preconditioned resid norm 2.658884375492e-04 true resid norm 2.658884375492e-04 ||r(i)||/||b|| 1.240637646648e-01
  1988 KSP Residual norm 2.657143450755e-04
  1988 KSP preconditioned resid norm 2.657143450755e-04 true resid norm 2.657143450755e-04 ||r(i)||/||b|| 1.239825329727e-01
  1989 KSP Residual norm 2.655515307511e-04
  1989 KSP preconditioned resid norm 2.655515307511e-04 true resid norm 2.655515307511e-04 ||r(i)||/||b|| 1.239065636744e-01
  1990 KSP Residual norm 2.653767924759e-04
  1990 KSP preconditioned resid norm 2.653767924759e-04 true resid norm 2.653767924759e-04 ||r(i)||/||b|| 1.238250306508e-01
  1991 KSP Residual norm 2.652130260196e-04
  1991 KSP preconditioned resid norm 2.652130260196e-04 true resid norm 2.652130260196e-04 ||r(i)||/||b|| 1.237486170870e-01
  1992 KSP Residual norm 2.650482946406e-04
  1992 KSP preconditioned resid norm 2.650482946406e-04 true resid norm 2.650482946407e-04 ||r(i)||/||b|| 1.236717532894e-01
  1993 KSP Residual norm 2.648811004918e-04
  1993 KSP preconditioned resid norm 2.648811004918e-04 true resid norm 2.648811004918e-04 ||r(i)||/||b|| 1.235937403614e-01
  1994 KSP Residual norm 2.647087374688e-04
  1994 KSP preconditioned resid norm 2.647087374688e-04 true resid norm 2.647087374688e-04 ||r(i)||/||b|| 1.235133156324e-01
  1995 KSP Residual norm 2.645436571107e-04
  1995 KSP preconditioned resid norm 2.645436571107e-04 true resid norm 2.645436571107e-04 ||r(i)||/||b|| 1.234362890009e-01
  1996 KSP Residual norm 2.643695656639e-04
  1996 KSP preconditioned resid norm 2.643695656639e-04 true resid norm 2.643695656639e-04 ||r(i)||/||b|| 1.233550577880e-01
  1997 KSP Residual norm 2.642015280836e-04
  1997 KSP preconditioned resid norm 2.642015280836e-04 true resid norm 2.642015280836e-04 ||r(i)||/||b|| 1.232766513142e-01
  1998 KSP Residual norm 2.640283207262e-04
  1998 KSP preconditioned resid norm 2.640283207262e-04 true resid norm 2.640283207262e-04 ||r(i)||/||b|| 1.231958326182e-01
  1999 KSP Residual norm 2.638588230076e-04
  1999 KSP preconditioned resid norm 2.638588230076e-04 true resid norm 2.638588230076e-04 ||r(i)||/||b|| 1.231167448426e-01
  2000 KSP Residual norm 2.636826151519e-04
  2000 KSP preconditioned resid norm 2.636826151519e-04 true resid norm 2.636826151519e-04 ||r(i)||/||b|| 1.230345261115e-01
    Linear solve did not converge due to DIVERGED_ITS iterations 2000
problem manupoly on 512 x 512 point 2D grid:
  error |u-uexact|_inf = 6.250e-02, |u-uexact|_h = 2.540e-02
****************************************************************************************************************************************************************
***                                WIDEN YOUR WINDOW TO 160 CHARACTERS.  Use 'enscript -r -fCourier9' to print this document                                 ***
****************************************************************************************************************************************************************

------------------------------------------------------------------ PETSc Performance Summary: ------------------------------------------------------------------

./fish on a arch-linux-c-opt named localhost.localdomain with 1 process, by luohao on Sat Nov  2 01:01:25 2024
Using Petsc Release Version 3.22.1, Oct 28, 2024 

                         Max       Max/Min     Avg       Total
Time (sec):           3.421e+01     1.000   3.421e+01
Objects:              0.000e+00     0.000   0.000e+00
Flops:                6.247e+10     1.000   6.247e+10  6.247e+10
Flops/sec:            1.826e+09     1.000   1.826e+09  1.826e+09
MPI Msg Count:        0.000e+00     0.000   0.000e+00  0.000e+00
MPI Msg Len (bytes):  0.000e+00     0.000   0.000e+00  0.000e+00
MPI Reductions:       0.000e+00     0.000

Flop counting convention: 1 flop = 1 real number operation of type (multiply/divide/add/subtract)
                            e.g., VecAXPY() for real vectors of length N --> 2N flops
                            and VecAXPY() for complex vectors of length N --> 8N flops

Summary of Stages:   ----- Time ------  ----- Flop ------  --- Messages ---  -- Message Lengths --  -- Reductions --
                        Avg     %Total     Avg     %Total    Count   %Total     Avg         %Total    Count   %Total
 0:      Main Stage: 3.4214e+01 100.0%  6.2467e+10 100.0%  0.000e+00   0.0%  0.000e+00        0.0%  0.000e+00   0.0%

------------------------------------------------------------------------------------------------------------------------
See the 'Profiling' chapter of the users' manual for details on interpreting output.
Phase summary info:
   Count: number of times phase was executed
   Time and Flop: Max - maximum over all processors
                  Ratio - ratio of maximum to minimum over all processors
   Mess: number of messages sent
   AvgLen: average message length (bytes)
   Reduct: number of global reductions
   Global: entire computation
   Stage: stages of a computation. Set stages with PetscLogStagePush() and PetscLogStagePop().
      %T - percent time in this phase         %F - percent flop in this phase
      %M - percent messages in this phase     %L - percent message lengths in this phase
      %R - percent reductions in this phase
   Total Mflop/s: 10e-6 * (sum of flop over all processors)/(max time over all processors)
------------------------------------------------------------------------------------------------------------------------
Event                Count      Time (sec)     Flop                              --- Global ---  --- Stage ----  Total
                   Max Ratio  Max     Ratio   Max  Ratio  Mess   AvgLen  Reduct  %T %F %M %L %R  %T %F %M %L %R Mflop/s
------------------------------------------------------------------------------------------------------------------------

--- Event Stage 0: Main Stage

BuildTwoSided          2 1.0 1.7204e-05 1.0 0.00e+00 0.0 0.0e+00 0.0e+00 0.0e+00  0  0  0  0  0   0  0  0  0  0     0
DMCreateMat            1 1.0 5.3180e-02 1.0 0.00e+00 0.0 0.0e+00 0.0e+00 0.0e+00  0  0  0  0  0   0  0  0  0  0     0
SFSetGraph             2 1.0 9.0531e-03 1.0 0.00e+00 0.0 0.0e+00 0.0e+00 0.0e+00  0  0  0  0  0   0  0  0  0  0     0
SFSetUp                2 1.0 8.2594e-03 1.0 0.00e+00 0.0 0.0e+00 0.0e+00 0.0e+00  0  0  0  0  0   0  0  0  0  0     0
SFPack                 3 1.0 4.4100e-07 1.0 0.00e+00 0.0 0.0e+00 0.0e+00 0.0e+00  0  0  0  0  0   0  0  0  0  0     0
SFUnpack               3 1.0 4.4500e-07 1.0 0.00e+00 0.0 0.0e+00 0.0e+00 0.0e+00  0  0  0  0  0   0  0  0  0  0     0
VecMDot             2000 1.0 6.0699e+00 1.0 1.62e+10 1.0 0.0e+00 0.0e+00 0.0e+00 18 26  0  0  0  18 26  0  0  0  2669
VecNorm             4071 1.0 3.9085e-01 1.0 2.13e+09 1.0 0.0e+00 0.0e+00 0.0e+00  1  3  0  0  0   1  3  0  0  0  5459
VecScale            2067 1.0 1.7578e-01 1.0 5.42e+08 1.0 0.0e+00 0.0e+00 0.0e+00  1  1  0  0  0   1  1  0  0  0  3083
VecCopy             4135 1.0 1.8867e+00 1.0 0.00e+00 0.0 0.0e+00 0.0e+00 0.0e+00  6  0  0  0  0   6  0  0  0  0     0
VecSet              2001 1.0 4.2422e-01 1.0 0.00e+00 0.0 0.0e+00 0.0e+00 0.0e+00  1  0  0  0  0   1  0  0  0  0     0
VecAXPY             2067 1.0 4.9282e-01 1.0 1.08e+09 1.0 0.0e+00 0.0e+00 0.0e+00  1  2  0  0  0   1  2  0  0  0  2199
VecAYPX             2001 1.0 7.0360e-01 1.0 5.25e+08 1.0 0.0e+00 0.0e+00 0.0e+00  2  1  0  0  0   2  1  0  0  0   746
VecMAXPY            4000 1.0 1.1702e+01 1.0 3.24e+10 1.0 0.0e+00 0.0e+00 0.0e+00 34 52  0  0  0  34 52  0  0  0  2769
VecScatterBegin        3 1.0 1.3775e-03 1.0 0.00e+00 0.0 0.0e+00 0.0e+00 0.0e+00  0  0  0  0  0   0  0  0  0  0     0
VecScatterEnd          3 1.0 1.0357e-05 1.0 0.00e+00 0.0 0.0e+00 0.0e+00 0.0e+00  0  0  0  0  0   0  0  0  0  0     0
VecNormalize        2067 1.0 3.8831e-01 1.0 1.63e+09 1.0 0.0e+00 0.0e+00 0.0e+00  1  3  0  0  0   1  3  0  0  0  4186
MatMult             4067 1.0 7.9199e+00 1.0 9.58e+09 1.0 0.0e+00 0.0e+00 0.0e+00 23 15  0  0  0  23 15  0  0  0  1209
MatAssemblyBegin       2 1.0 4.1200e-07 1.0 0.00e+00 0.0 0.0e+00 0.0e+00 0.0e+00  0  0  0  0  0   0  0  0  0  0     0
MatAssemblyEnd         2 1.0 4.3705e-03 1.0 0.00e+00 0.0 0.0e+00 0.0e+00 0.0e+00  0  0  0  0  0   0  0  0  0  0     0
KSPSetUp               1 1.0 3.0751e-03 1.0 0.00e+00 0.0 0.0e+00 0.0e+00 0.0e+00  0  0  0  0  0   0  0  0  0  0     0
KSPSolve               1 1.0 3.4084e+01 1.0 6.25e+10 1.0 0.0e+00 0.0e+00 0.0e+00 100 100  0  0  0 100 100  0  0  0  1833
KSPGMRESOrthog      2000 1.0 1.2015e+01 1.0 3.24e+10 1.0 0.0e+00 0.0e+00 0.0e+00 35 52  0  0  0  35 52  0  0  0  2697
SNESSolve              1 1.0 3.4119e+01 1.0 6.25e+10 1.0 0.0e+00 0.0e+00 0.0e+00 100 100  0  0  0 100 100  0  0  0  1831
SNESSetUp              1 1.0 5.4162e-02 1.0 0.00e+00 0.0 0.0e+00 0.0e+00 0.0e+00  0  0  0  0  0   0  0  0  0  0     0
SNESFunctionEval       1 1.0 2.9285e-03 1.0 2.88e+06 1.0 0.0e+00 0.0e+00 0.0e+00  0  0  0  0  0   0  0  0  0  0   985
SNESJacobianEval       1 1.0 2.9865e-02 1.0 0.00e+00 0.0 0.0e+00 0.0e+00 0.0e+00  0  0  0  0  0   0  0  0  0  0     0
PCSetUp                1 1.0 5.5700e-07 1.0 0.00e+00 0.0 0.0e+00 0.0e+00 0.0e+00  0  0  0  0  0   0  0  0  0  0     0
PCApply             2067 1.0 1.0038e+00 1.0 0.00e+00 0.0 0.0e+00 0.0e+00 0.0e+00  3  0  0  0  0   3  0  0  0  0     0
------------------------------------------------------------------------------------------------------------------------

Object Type          Creations   Destructions. Reports information only for process 0.

--- Event Stage 0: Main Stage

           Container     3              3
    Distributed Mesh     2              2
           Index Set     6              6
   IS L to G Mapping     2              2
   Star Forest Graph     6              6
     Discrete System     2              2
           Weak Form     2              2
              Vector  4050           4050
                SNES     1              1
              DMSNES     1              1
       Krylov Solver     1              1
     DMKSP interface     1              1
              Matrix     1              1
      Preconditioner     1              1
              Viewer     1              1
========================================================================================================================
Average time to get PetscTime(): 3.62e-08
#PETSc Option Table entries:
-da_grid_x 512 # (source: command line)
-da_grid_y 512 # (source: command line)
-fsh_cx 1 # (source: command line)
-fsh_cy 1 # (source: command line)
-fsh_dim 2 # (source: command line)
-fsh_problem manupoly # (source: command line)
-ksp_converged_reason # (source: command line)
-ksp_max_it 2000 # (source: command line)
-ksp_monitor # (source: command line)
-ksp_monitor_true_residual # (source: command line)
-ksp_type gmres # (source: command line)
-ksp_viewi # (source: command line)
-log_view # (source: command line)
-mat_type aij # (source: command line)
-pc_type none # (source: command line)
#End of PETSc Option Table entries
Compiled without FORTRAN kernels
Compiled with full precision matrices (default)
sizeof(short) 2 sizeof(int) 4 sizeof(long) 8 sizeof(void*) 8 sizeof(PetscScalar) 8 sizeof(PetscInt) 4
Configure options: --with-debugging=no
-----------------------------------------
Libraries compiled on 2024-11-01 07:27:25 on localhost.localdomain 
Machine characteristics: Linux-3.10.0-1160.95.1.el7.x86_64-x86_64-with-centos-7.9.2009-Core
Using PETSc directory: /share/userfile/luohao/petsc-3.22.1
Using PETSc arch: arch-linux-c-opt
-----------------------------------------

Using C compiler: mpicc  -fPIC -Wall -Wwrite-strings -Wno-unknown-pragmas -Wno-lto-type-mismatch -Wno-stringop-overflow -fstack-protector -fvisibility=hidden -Wall -Wwrite-strings -Wno-unknown-pragmas -Wno-lto-type-mismatch -Wno-stringop-overflow -fstack-protector -fvisibility=hidden -g -O  
Using Fortran compiler: mpif90  -fPIC -Wall -ffree-line-length-none -ffree-line-length-0 -Wno-lto-type-mismatch -Wno-unused-dummy-argument -Wall -ffree-line-length-none -ffree-line-length-0 -Wno-lto-type-mismatch -Wno-unused-dummy-argument -g -O    
-----------------------------------------

Using include paths: -I/share/userfile/luohao/petsc-3.22.1/include -I/share/userfile/luohao/petsc-3.22.1/arch-linux-c-opt/include
-----------------------------------------

Using C linker: mpicc
Using Fortran linker: mpif90
Using libraries: -Wl,-rpath,/share/userfile/luohao/petsc-3.22.1/arch-linux-c-opt/lib -L/share/userfile/luohao/petsc-3.22.1/arch-linux-c-opt/lib -lpetsc -Wl,-rpath,/share/software/intel/mkl/lib/intel64 -L/share/software/intel/mkl/lib/intel64 -Wl,-rpath,/share/software/mpich-4.0.3/lib -L/share/software/mpich-4.0.3/lib -Wl,-rpath,/share/software/gcc-13.2.0/lib64 -L/share/software/gcc-13.2.0/lib64 -Wl,-rpath,/home/luohao/.local/lib64 -L/home/luohao/.local/lib64 -Wl,-rpath,/share/software/gcc-13.2.0/lib/gcc/x86_64-pc-linux-gnu/13.2.0 -L/share/software/gcc-13.2.0/lib/gcc/x86_64-pc-linux-gnu/13.2.0 -Wl,-rpath,/share/software/gcc-13.2.0/lib -L/share/software/gcc-13.2.0/lib -Wl,-rpath,/share/software/gdb/gdb-11.1/lib -L/share/software/gdb/gdb-11.1/lib -Wl,-rpath,/share/software/binutils/binutils-2.37/lib -L/share/software/binutils/binutils-2.37/lib -Wl,-rpath,/home/luohao/.local/lib -L/home/luohao/.local/lib -Wl,-rpath,/share/userfile/luohao/petsc-3.22.1 -L/share/userfile/luohao/petsc-3.22.1 -lmkl_intel_lp64 -lmkl_core -lmkl_sequential -lpthread -lm -lX11 -ldl -lmpifort -lmpi -lgfortran -lm -lgfortran -lm -lgcc_s -lquadmath -lstdc++ -lquadmath -ldl
-----------------------------------------

WARNING! There are options you set that were not used!
WARNING! could be spelling mistake, etc!
There is one unused database option. It is:
Option left: name:-ksp_viewi (no value) source: command line
