    0 KSP Residual norm 8.573957275846e+01
    0 KSP preconditioned resid norm 8.573957275846e+01 true resid norm 5.399494160066e+00 ||r(i)||/||b|| 1.000000000000e+00
    1 KSP Residual norm 5.236403231764e+01
    1 KSP preconditioned resid norm 5.236403231764e+01 true resid norm 2.988716689066e+00 ||r(i)||/||b|| 5.535179038012e-01
    2 KSP Residual norm 3.843822595719e+01
    2 KSP preconditioned resid norm 3.843822595719e+01 true resid norm 2.080761334973e+00 ||r(i)||/||b|| 3.853622715924e-01
    3 KSP Residual norm 3.078291464283e+01
    3 KSP preconditioned resid norm 3.078291464283e+01 true resid norm 1.616492717916e+00 ||r(i)||/||b|| 2.993785473223e-01
    4 KSP Residual norm 2.588148070770e+01
    4 KSP preconditioned resid norm 2.588148070770e+01 true resid norm 1.332583609639e+00 ||r(i)||/||b|| 2.467978610838e-01
    5 KSP Residual norm 2.244706251937e+01
    5 KSP preconditioned resid norm 2.244706251937e+01 true resid norm 1.139820194842e+00 ||r(i)||/||b|| 2.110975882282e-01
    6 KSP Residual norm 1.989314297968e+01
    6 KSP preconditioned resid norm 1.989314297968e+01 true resid norm 9.997700064331e-01 ||r(i)||/||b|| 1.851599384674e-01
    7 KSP Residual norm 1.791188830062e+01
    7 KSP preconditioned resid norm 1.791188830062e+01 true resid norm 8.930579549128e-01 ||r(i)||/||b|| 1.653965961326e-01
    8 KSP Residual norm 1.632535196315e+01
    8 KSP preconditioned resid norm 1.632535196315e+01 true resid norm 8.088215862720e-01 ||r(i)||/||b|| 1.497958072173e-01
    9 KSP Residual norm 1.502314608332e+01
    9 KSP preconditioned resid norm 1.502314608332e+01 true resid norm 7.404854773215e-01 ||r(i)||/||b|| 1.371397866856e-01
   10 KSP Residual norm 1.393298430196e+01
   10 KSP preconditioned resid norm 1.393298430196e+01 true resid norm 6.838301715142e-01 ||r(i)||/||b|| 1.266470804935e-01
   11 KSP Residual norm 1.300545424850e+01
   11 KSP preconditioned resid norm 1.300545424850e+01 true resid norm 6.360203984216e-01 ||r(i)||/||b|| 1.177925893736e-01
   12 KSP Residual norm 1.220557818380e+01
   12 KSP preconditioned resid norm 1.220557818380e+01 true resid norm 5.950784307108e-01 ||r(i)||/||b|| 1.102100332123e-01
   13 KSP Residual norm 1.150786702169e+01
   13 KSP preconditioned resid norm 1.150786702169e+01 true resid norm 5.595813153464e-01 ||r(i)||/||b|| 1.036358775022e-01
   14 KSP Residual norm 1.089328540118e+01
   14 KSP preconditioned resid norm 1.089328540118e+01 true resid norm 5.284781827422e-01 ||r(i)||/||b|| 9.787549853294e-02
   15 KSP Residual norm 1.034731627586e+01
   15 KSP preconditioned resid norm 1.034731627586e+01 true resid norm 5.009754579266e-01 ||r(i)||/||b|| 9.278192420907e-02
   16 KSP Residual norm 9.858685526041e+00
   16 KSP preconditioned resid norm 9.858685526041e+00 true resid norm 4.764622106308e-01 ||r(i)||/||b|| 8.824200869678e-02
   17 KSP Residual norm 9.418497395543e+00
   17 KSP preconditioned resid norm 9.418497395543e+00 true resid norm 4.544601475826e-01 ||r(i)||/||b|| 8.416717087014e-02
   18 KSP Residual norm 9.019633786942e+00
   18 KSP preconditioned resid norm 9.019633786942e+00 true resid norm 4.345892360414e-01 ||r(i)||/||b|| 8.048702770263e-02
   19 KSP Residual norm 8.656327732855e+00
   19 KSP preconditioned resid norm 8.656327732855e+00 true resid norm 4.165435299712e-01 ||r(i)||/||b|| 7.714491721315e-02
   20 KSP Residual norm 8.323854656435e+00
   20 KSP preconditioned resid norm 8.323854656435e+00 true resid norm 4.000738253716e-01 ||r(i)||/||b|| 7.409468618941e-02
   21 KSP Residual norm 8.018305019045e+00
   21 KSP preconditioned resid norm 8.018305019045e+00 true resid norm 3.849749901310e-01 ||r(i)||/||b|| 7.129834364452e-02
   22 KSP Residual norm 7.736414295067e+00
   22 KSP preconditioned resid norm 7.736414295067e+00 true resid norm 3.710765582329e-01 ||r(i)||/||b|| 6.872431884034e-02
   23 KSP Residual norm 7.475434031978e+00
   23 KSP preconditioned resid norm 7.475434031978e+00 true resid norm 3.582356449714e-01 ||r(i)||/||b|| 6.634614916724e-02
   24 KSP Residual norm 7.233032820787e+00
   24 KSP preconditioned resid norm 7.233032820787e+00 true resid norm 3.463315395402e-01 ||r(i)||/||b|| 6.414147867807e-02
   25 KSP Residual norm 7.007219354205e+00
   25 KSP preconditioned resid norm 7.007219354205e+00 true resid norm 3.352615279297e-01 ||r(i)||/||b|| 6.209128447795e-02
   26 KSP Residual norm 6.796282009764e+00
   26 KSP preconditioned resid norm 6.796282009764e+00 true resid norm 3.249376305001e-01 ||r(i)||/||b|| 6.017927251468e-02
   27 KSP Residual norm 6.598740944757e+00
   27 KSP preconditioned resid norm 6.598740944757e+00 true resid norm 3.152840280543e-01 ||r(i)||/||b|| 5.839140088086e-02
   28 KSP Residual norm 6.413309769279e+00
   28 KSP preconditioned resid norm 6.413309769279e+00 true resid norm 3.062350120999e-01 ||r(i)||/||b|| 5.671550019718e-02
   29 KSP Residual norm 6.238864626471e+00
   29 KSP preconditioned resid norm 6.238864626471e+00 true resid norm 2.977333384260e-01 ||r(i)||/||b|| 5.514096869073e-02
   30 KSP Residual norm 6.074419055278e+00
   30 KSP preconditioned resid norm 6.074419055278e+00 true resid norm 2.897288940291e-01 ||r(i)||/||b|| 5.365852530629e-02
   31 KSP Residual norm 5.919103407110e+00
   31 KSP preconditioned resid norm 5.919103407110e+00 true resid norm 2.821776097037e-01 ||r(i)||/||b|| 5.226000831534e-02
   32 KSP Residual norm 5.772147878142e+00
   32 KSP preconditioned resid norm 5.772147878142e+00 true resid norm 2.750405668619e-01 ||r(i)||/||b|| 5.093820989679e-02
   33 KSP Residual norm 5.632868434296e+00
   33 KSP preconditioned resid norm 5.632868434296e+00 true resid norm 2.682832591258e-01 ||r(i)||/||b|| 4.968673938199e-02
   34 KSP Residual norm 5.500655067019e+00
   34 KSP preconditioned resid norm 5.500655067019e+00 true resid norm 2.618749781628e-01 ||r(i)||/||b|| 4.849990950997e-02
   35 KSP Residual norm 5.374961939723e+00
   35 KSP preconditioned resid norm 5.374961939723e+00 true resid norm 2.557882999466e-01 ||r(i)||/||b|| 4.737264128155e-02
   36 KSP Residual norm 5.255299077541e+00
   36 KSP preconditioned resid norm 5.255299077541e+00 true resid norm 2.499986527169e-01 ||r(i)||/||b|| 4.630038394445e-02
   37 KSP Residual norm 5.141225324321e+00
   37 KSP preconditioned resid norm 5.141225324321e+00 true resid norm 2.444839518114e-01 ||r(i)||/||b|| 4.527904736328e-02
   38 KSP Residual norm 5.032342346009e+00
   38 KSP preconditioned resid norm 5.032342346009e+00 true resid norm 2.392242895494e-01 ||r(i)||/||b|| 4.430494458512e-02
   39 KSP Residual norm 4.928289502616e+00
   39 KSP preconditioned resid norm 4.928289502616e+00 true resid norm 2.342016706804e-01 ||r(i)||/||b|| 4.337474284398e-02
   40 KSP Residual norm 4.828739444800e+00
   40 KSP preconditioned resid norm 4.828739444800e+00 true resid norm 2.293997857421e-01 ||r(i)||/||b|| 4.248542158609e-02
   41 KSP Residual norm 4.733394317797e+00
   41 KSP preconditioned resid norm 4.733394317797e+00 true resid norm 2.248038161104e-01 ||r(i)||/||b|| 4.163423636477e-02
   42 KSP Residual norm 4.641982476732e+00
   42 KSP preconditioned resid norm 4.641982476732e+00 true resid norm 2.204002656677e-01 ||r(i)||/||b|| 4.081868766481e-02
   43 KSP Residual norm 4.554255634330e+00
   43 KSP preconditioned resid norm 4.554255634330e+00 true resid norm 2.161768149242e-01 ||r(i)||/||b|| 4.003649388549e-02
   44 KSP Residual norm 4.469986375733e+00
   44 KSP preconditioned resid norm 4.469986375733e+00 true resid norm 2.121221941593e-01 ||r(i)||/||b|| 3.928556784599e-02
   45 KSP Residual norm 4.388965986200e+00
   45 KSP preconditioned resid norm 4.388965986200e+00 true resid norm 2.082260727388e-01 ||r(i)||/||b|| 3.856399628670e-02
   46 KSP Residual norm 4.311002546465e+00
   46 KSP preconditioned resid norm 4.311002546465e+00 true resid norm 2.044789622408e-01 ||r(i)||/||b|| 3.787002192781e-02
   47 KSP Residual norm 4.235919257865e+00
   47 KSP preconditioned resid norm 4.235919257865e+00 true resid norm 2.008721314117e-01 ||r(i)||/||b|| 3.720202771906e-02
   48 KSP Residual norm 4.163552965380e+00
   48 KSP preconditioned resid norm 4.163552965380e+00 true resid norm 1.973975312938e-01 ||r(i)||/||b|| 3.655852297307e-02
   49 KSP Residual norm 4.093752851709e+00
   49 KSP preconditioned resid norm 4.093752851709e+00 true resid norm 1.940477291255e-01 ||r(i)||/||b|| 3.593813112359e-02
   50 KSP Residual norm 4.026379279585e+00
   50 KSP preconditioned resid norm 4.026379279585e+00 true resid norm 1.908158498331e-01 ||r(i)||/||b|| 3.533957888952e-02
   51 KSP Residual norm 3.961302762976e+00
   51 KSP preconditioned resid norm 3.961302762976e+00 true resid norm 1.876955241108e-01 ||r(i)||/||b|| 3.476168665927e-02
   52 KSP Residual norm 3.898403050655e+00
   52 KSP preconditioned resid norm 3.898403050655e+00 true resid norm 1.846808422352e-01 ||r(i)||/||b|| 3.420335993713e-02
   53 KSP Residual norm 3.837568308001e+00
   53 KSP preconditioned resid norm 3.837568308001e+00 true resid norm 1.817663128862e-01 ||r(i)||/||b|| 3.366358171670e-02
   54 KSP Residual norm 3.778694384908e+00
   54 KSP preconditioned resid norm 3.778694384908e+00 true resid norm 1.789468263484e-01 ||r(i)||/||b|| 3.314140566571e-02
   55 KSP Residual norm 3.721684159353e+00
   55 KSP preconditioned resid norm 3.721684159353e+00 true resid norm 1.762176215563e-01 ||r(i)||/||b|| 3.263595002279e-02
   56 KSP Residual norm 3.666446947613e+00
   56 KSP preconditioned resid norm 3.666446947613e+00 true resid norm 1.735742565214e-01 ||r(i)||/||b|| 3.214639212042e-02
   57 KSP Residual norm 3.612897973336e+00
   57 KSP preconditioned resid norm 3.612897973336e+00 true resid norm 1.710125817406e-01 ||r(i)||/||b|| 3.167196346009e-02
   58 KSP Residual norm 3.560957888669e+00
   58 KSP preconditioned resid norm 3.560957888669e+00 true resid norm 1.685287162389e-01 ||r(i)||/||b|| 3.121194527541e-02
   59 KSP Residual norm 3.510552341589e+00
   59 KSP preconditioned resid norm 3.510552341589e+00 true resid norm 1.661190259467e-01 ||r(i)||/||b|| 3.076566452748e-02
   60 KSP Residual norm 3.461611584253e+00
   60 KSP preconditioned resid norm 3.461611584253e+00 true resid norm 1.637801041479e-01 ||r(i)||/||b|| 3.033249028384e-02
   61 KSP Residual norm 3.414070117911e+00
   61 KSP preconditioned resid norm 3.414070117911e+00 true resid norm 1.615087537704e-01 ||r(i)||/||b|| 2.991183043866e-02
   62 KSP Residual norm 3.367866370424e+00
   62 KSP preconditioned resid norm 3.367866370424e+00 true resid norm 1.593019713195e-01 ||r(i)||/||b|| 2.950312873708e-02
   63 KSP Residual norm 3.322942402924e+00
   63 KSP preconditioned resid norm 3.322942402924e+00 true resid norm 1.571569322761e-01 ||r(i)||/||b|| 2.910586207100e-02
   64 KSP Residual norm 3.279243642592e+00
   64 KSP preconditioned resid norm 3.279243642592e+00 true resid norm 1.550709778076e-01 ||r(i)||/||b|| 2.871953801792e-02
   65 KSP Residual norm 3.236718638850e+00
   65 KSP preconditioned resid norm 3.236718638850e+00 true resid norm 1.530416026541e-01 ||r(i)||/||b|| 2.834369259735e-02
   66 KSP Residual norm 3.195318840601e+00
   66 KSP preconditioned resid norm 3.195318840601e+00 true resid norm 1.510664440701e-01 ||r(i)||/||b|| 2.797788822282e-02
   67 KSP Residual norm 3.154998392423e+00
   67 KSP preconditioned resid norm 3.154998392423e+00 true resid norm 1.491432717146e-01 ||r(i)||/||b|| 2.762171182954e-02
   68 KSP Residual norm 3.115713947838e+00
   68 KSP preconditioned resid norm 3.115713947838e+00 true resid norm 1.472699783973e-01 ||r(i)||/||b|| 2.727477316051e-02
   69 KSP Residual norm 3.077424498016e+00
   69 KSP preconditioned resid norm 3.077424498016e+00 true resid norm 1.454445715949e-01 ||r(i)||/||b|| 2.693670319538e-02
   70 KSP Residual norm 3.040091214427e+00
   70 KSP preconditioned resid norm 3.040091214427e+00 true resid norm 1.436651656655e-01 ||r(i)||/||b|| 2.660715270849e-02
   71 KSP Residual norm 3.003677304134e+00
   71 KSP preconditioned resid norm 3.003677304134e+00 true resid norm 1.419299746928e-01 ||r(i)||/||b|| 2.628579094361e-02
   72 KSP Residual norm 2.968147876551e+00
   72 KSP preconditioned resid norm 2.968147876551e+00 true resid norm 1.402373059026e-01 ||r(i)||/||b|| 2.597230439468e-02
   73 KSP Residual norm 2.933469820604e+00
   73 KSP preconditioned resid norm 2.933469820604e+00 true resid norm 1.385855535976e-01 ||r(i)||/||b|| 2.566639568249e-02
   74 KSP Residual norm 2.899611691375e+00
   74 KSP preconditioned resid norm 2.899611691375e+00 true resid norm 1.369731935639e-01 ||r(i)||/||b|| 2.536778251876e-02
   75 KSP Residual norm 2.866543605361e+00
   75 KSP preconditioned resid norm 2.866543605361e+00 true resid norm 1.353987779065e-01 ||r(i)||/||b|| 2.507619674967e-02
   76 KSP Residual norm 2.834237143600e+00
   76 KSP preconditioned resid norm 2.834237143600e+00 true resid norm 1.338609302757e-01 ||r(i)||/||b|| 2.479138347176e-02
   77 KSP Residual norm 2.802665261983e+00
   77 KSP preconditioned resid norm 2.802665261983e+00 true resid norm 1.323583414499e-01 ||r(i)||/||b|| 2.451310021387e-02
   78 KSP Residual norm 2.771802208118e+00
   78 KSP preconditioned resid norm 2.771802208118e+00 true resid norm 1.308897652447e-01 ||r(i)||/||b|| 2.424111617951e-02
   79 KSP Residual norm 2.741623444216e+00
   79 KSP preconditioned resid norm 2.741623444216e+00 true resid norm 1.294540147197e-01 ||r(i)||/||b|| 2.397521154427e-02
   80 KSP Residual norm 2.712105575470e+00
   80 KSP preconditioned resid norm 2.712105575470e+00 true resid norm 1.280499586575e-01 ||r(i)||/||b|| 2.371517680389e-02
   81 KSP Residual norm 2.683226283490e+00
   81 KSP preconditioned resid norm 2.683226283490e+00 true resid norm 1.266765182944e-01 ||r(i)||/||b|| 2.346081216853e-02
   82 KSP Residual norm 2.654964264366e+00
   82 KSP preconditioned resid norm 2.654964264366e+00 true resid norm 1.253326642784e-01 ||r(i)||/||b|| 2.321192699963e-02
   83 KSP Residual norm 2.627299171003e+00
   83 KSP preconditioned resid norm 2.627299171003e+00 true resid norm 1.240174138398e-01 ||r(i)||/||b|| 2.296833928575e-02
   84 KSP Residual norm 2.600211559370e+00
   84 KSP preconditioned resid norm 2.600211559370e+00 true resid norm 1.227298281549e-01 ||r(i)||/||b|| 2.272987515435e-02
   85 KSP Residual norm 2.573682838365e+00
   85 KSP preconditioned resid norm 2.573682838365e+00 true resid norm 1.214690098881e-01 ||r(i)||/||b|| 2.249636841660e-02
   86 KSP Residual norm 2.547695223010e+00
   86 KSP preconditioned resid norm 2.547695223010e+00 true resid norm 1.202341008986e-01 ||r(i)||/||b|| 2.226766014266e-02
   87 KSP Residual norm 2.522231690717e+00
   87 KSP preconditioned resid norm 2.522231690717e+00 true resid norm 1.190242800991e-01 ||r(i)||/||b|| 2.204359826507e-02
   88 KSP Residual norm 2.497275940400e+00
   88 KSP preconditioned resid norm 2.497275940400e+00 true resid norm 1.178387614537e-01 ||r(i)||/||b|| 2.182403720801e-02
   89 KSP Residual norm 2.472812354206e+00
   89 KSP preconditioned resid norm 2.472812354206e+00 true resid norm 1.166767921063e-01 ||r(i)||/||b|| 2.160883754060e-02
   90 KSP Residual norm 2.448825961680e+00
   90 KSP preconditioned resid norm 2.448825961680e+00 true resid norm 1.155376506278e-01 ||r(i)||/||b|| 2.139786565236e-02
   91 KSP Residual norm 2.425302406181e+00
   91 KSP preconditioned resid norm 2.425302406181e+00 true resid norm 1.144206453746e-01 ||r(i)||/||b|| 2.119099344913e-02
   92 KSP Residual norm 2.402227913379e+00
   92 KSP preconditioned resid norm 2.402227913379e+00 true resid norm 1.133251129496e-01 ||r(i)||/||b|| 2.098809806810e-02
   93 KSP Residual norm 2.379589261699e+00
   93 KSP preconditioned resid norm 2.379589261699e+00 true resid norm 1.122504167586e-01 ||r(i)||/||b|| 2.078906161040e-02
   94 KSP Residual norm 2.357373754550e+00
   94 KSP preconditioned resid norm 2.357373754550e+00 true resid norm 1.111959456549e-01 ||r(i)||/||b|| 2.059377089011e-02
   95 KSP Residual norm 2.335569194233e+00
   95 KSP preconditioned resid norm 2.335569194233e+00 true resid norm 1.101611126658e-01 ||r(i)||/||b|| 2.040211719841e-02
   96 KSP Residual norm 2.314163857402e+00
   96 KSP preconditioned resid norm 2.314163857402e+00 true resid norm 1.091453537962e-01 ||r(i)||/||b|| 2.021399608196e-02
   97 KSP Residual norm 2.293146471966e+00
   97 KSP preconditioned resid norm 2.293146471966e+00 true resid norm 1.081481269020e-01 ||r(i)||/||b|| 2.002930713433e-02
   98 KSP Residual norm 2.272506195349e+00
   98 KSP preconditioned resid norm 2.272506195349e+00 true resid norm 1.071689106310e-01 ||r(i)||/||b|| 1.984795379975e-02
   99 KSP Residual norm 2.252232593993e+00
   99 KSP preconditioned resid norm 2.252232593993e+00 true resid norm 1.062072034240e-01 ||r(i)||/||b|| 1.966984318818e-02
  100 KSP Residual norm 2.232315624041e+00
  100 KSP preconditioned resid norm 2.232315624041e+00 true resid norm 1.052625225745e-01 ||r(i)||/||b|| 1.949488590116e-02
  101 KSP Residual norm 2.212745613111e+00
  101 KSP preconditioned resid norm 2.212745613111e+00 true resid norm 1.043344033411e-01 ||r(i)||/||b|| 1.932299586741e-02
  102 KSP Residual norm 2.193513243093e+00
  102 KSP preconditioned resid norm 2.193513243093e+00 true resid norm 1.034223981105e-01 ||r(i)||/||b|| 1.915409018782e-02
  103 KSP Residual norm 2.174609533896e+00
  103 KSP preconditioned resid norm 2.174609533896e+00 true resid norm 1.025260756072e-01 ||r(i)||/||b|| 1.898808898906e-02
  104 KSP Residual norm 2.156025828098e+00
  104 KSP preconditioned resid norm 2.156025828098e+00 true resid norm 1.016450201465e-01 ||r(i)||/||b|| 1.882491528526e-02
  105 KSP Residual norm 2.137753776420e+00
  105 KSP preconditioned resid norm 2.137753776420e+00 true resid norm 1.007788309289e-01 ||r(i)||/||b|| 1.866449484735e-02
  106 KSP Residual norm 2.119785323993e+00
  106 KSP preconditioned resid norm 2.119785323993e+00 true resid norm 9.992712137233e-02 ||r(i)||/||b|| 1.850675607937e-02
  107 KSP Residual norm 2.102112697352e+00
  107 KSP preconditioned resid norm 2.102112697352e+00 true resid norm 9.908951848091e-02 ||r(i)||/||b|| 1.835162990151e-02
  108 KSP Residual norm 2.084728392125e+00
  108 KSP preconditioned resid norm 2.084728392125e+00 true resid norm 9.826566224653e-02 ||r(i)||/||b|| 1.819904963937e-02
  109 KSP Residual norm 2.067625161359e+00
  109 KSP preconditioned resid norm 2.067625161359e+00 true resid norm 9.745520508260e-02 ||r(i)||/||b|| 1.804895091903e-02
  110 KSP Residual norm 2.050796004462e+00
  110 KSP preconditioned resid norm 2.050796004462e+00 true resid norm 9.665781128708e-02 ||r(i)||/||b|| 1.790127156761e-02
  111 KSP Residual norm 2.034234156709e+00
  111 KSP preconditioned resid norm 2.034234156709e+00 true resid norm 9.587315653345e-02 ||r(i)||/||b|| 1.775595151904e-02
  112 KSP Residual norm 2.017933079281e+00
  112 KSP preconditioned resid norm 2.017933079281e+00 true resid norm 9.510092738776e-02 ||r(i)||/||b|| 1.761293272453e-02
  113 KSP Residual norm 2.001886449815e+00
  113 KSP preconditioned resid norm 2.001886449815e+00 true resid norm 9.434082085024e-02 ||r(i)||/||b|| 1.747215906778e-02
  114 KSP Residual norm 1.986088153422e+00
  114 KSP preconditioned resid norm 1.986088153422e+00 true resid norm 9.359254392003e-02 ||r(i)||/||b|| 1.733357628428e-02
  115 KSP Residual norm 1.970532274153e+00
  115 KSP preconditioned resid norm 1.970532274153e+00 true resid norm 9.285581318163e-02 ||r(i)||/||b|| 1.719713188476e-02
  116 KSP Residual norm 1.955213086887e+00
  116 KSP preconditioned resid norm 1.955213086887e+00 true resid norm 9.213035441189e-02 ||r(i)||/||b|| 1.706277508239e-02
  117 KSP Residual norm 1.940125049610e+00
  117 KSP preconditioned resid norm 1.940125049610e+00 true resid norm 9.141590220624e-02 ||r(i)||/||b|| 1.693045672358e-02
  118 KSP Residual norm 1.925262796078e+00
  118 KSP preconditioned resid norm 1.925262796078e+00 true resid norm 9.071219962313e-02 ||r(i)||/||b|| 1.680012922211e-02
  119 KSP Residual norm 1.910621128818e+00
  119 KSP preconditioned resid norm 1.910621128818e+00 true resid norm 9.001899784565e-02 ||r(i)||/||b|| 1.667174649644e-02
  120 KSP Residual norm 1.896195012476e+00
  120 KSP preconditioned resid norm 1.896195012476e+00 true resid norm 8.933605585935e-02 ||r(i)||/||b|| 1.654526391010e-02
  121 KSP Residual norm 1.881979567469e+00
  121 KSP preconditioned resid norm 1.881979567469e+00 true resid norm 8.866314014530e-02 ||r(i)||/||b|| 1.642063821479e-02
  122 KSP Residual norm 1.867970063941e+00
  122 KSP preconditioned resid norm 1.867970063941e+00 true resid norm 8.800002438765e-02 ||r(i)||/||b|| 1.629782749623e-02
  123 KSP Residual norm 1.854161915996e+00
  123 KSP preconditioned resid norm 1.854161915996e+00 true resid norm 8.734648919483e-02 ||r(i)||/||b|| 1.617679112255e-02
  124 KSP Residual norm 1.840550676196e+00
  124 KSP preconditioned resid norm 1.840550676196e+00 true resid norm 8.670232183365e-02 ||r(i)||/||b|| 1.605748969503e-02
  125 KSP Residual norm 1.827132030315e+00
  125 KSP preconditioned resid norm 1.827132030315e+00 true resid norm 8.606731597559e-02 ||r(i)||/||b|| 1.593988500110e-02
  126 KSP Residual norm 1.813901792324e+00
  126 KSP preconditioned resid norm 1.813901792324e+00 true resid norm 8.544127145474e-02 ||r(i)||/||b|| 1.582393996953e-02
  127 KSP Residual norm 1.800855899610e+00
  127 KSP preconditioned resid norm 1.800855899610e+00 true resid norm 8.482399403654e-02 ||r(i)||/||b|| 1.570961862759e-02
  128 KSP Residual norm 1.787990408399e+00
  128 KSP preconditioned resid norm 1.787990408399e+00 true resid norm 8.421529519703e-02 ||r(i)||/||b|| 1.559688606016e-02
  129 KSP Residual norm 1.775301489391e+00
  129 KSP preconditioned resid norm 1.775301489391e+00 true resid norm 8.361499191184e-02 ||r(i)||/||b|| 1.548570837065e-02
  130 KSP Residual norm 1.762785423578e+00
  130 KSP preconditioned resid norm 1.762785423578e+00 true resid norm 8.302290645452e-02 ||r(i)||/||b|| 1.537605264370e-02
  131 KSP Residual norm 1.750438598252e+00
  131 KSP preconditioned resid norm 1.750438598252e+00 true resid norm 8.243886620373e-02 ||r(i)||/||b|| 1.526788690938e-02
  132 KSP Residual norm 1.738257503181e+00
  132 KSP preconditioned resid norm 1.738257503181e+00 true resid norm 8.186270345877e-02 ||r(i)||/||b|| 1.516118010909e-02
  133 KSP Residual norm 1.726238726950e+00
  133 KSP preconditioned resid norm 1.726238726950e+00 true resid norm 8.129425526310e-02 ||r(i)||/||b|| 1.505590206289e-02
  134 KSP Residual norm 1.714378953461e+00
  134 KSP preconditioned resid norm 1.714378953461e+00 true resid norm 8.073336323546e-02 ||r(i)||/||b|| 1.495202343815e-02
  135 KSP Residual norm 1.702674958577e+00
  135 KSP preconditioned resid norm 1.702674958577e+00 true resid norm 8.017987340807e-02 ||r(i)||/||b|| 1.484951571965e-02
  136 KSP Residual norm 1.691123606910e+00
  136 KSP preconditioned resid norm 1.691123606910e+00 true resid norm 7.963363607178e-02 ||r(i)||/||b|| 1.474835118088e-02
  137 KSP Residual norm 1.679721848740e+00
  137 KSP preconditioned resid norm 1.679721848740e+00 true resid norm 7.909450562764e-02 ||r(i)||/||b|| 1.464850285655e-02
  138 KSP Residual norm 1.668466717067e+00
  138 KSP preconditioned resid norm 1.668466717067e+00 true resid norm 7.856234044462e-02 ||r(i)||/||b|| 1.454994451622e-02
  139 KSP Residual norm 1.657355324780e+00
  139 KSP preconditioned resid norm 1.657355324780e+00 true resid norm 7.803700272334e-02 ||r(i)||/||b|| 1.445265063911e-02
  140 KSP Residual norm 1.646384861940e+00
  140 KSP preconditioned resid norm 1.646384861940e+00 true resid norm 7.751835836523e-02 ||r(i)||/||b|| 1.435659638981e-02
  141 KSP Residual norm 1.635552593178e+00
  141 KSP preconditioned resid norm 1.635552593178e+00 true resid norm 7.700627684713e-02 ||r(i)||/||b|| 1.426175759512e-02
  142 KSP Residual norm 1.624855855199e+00
  142 KSP preconditioned resid norm 1.624855855199e+00 true resid norm 7.650063110093e-02 ||r(i)||/||b|| 1.416811072169e-02
  143 KSP Residual norm 1.614292054374e+00
  143 KSP preconditioned resid norm 1.614292054374e+00 true resid norm 7.600129739806e-02 ||r(i)||/||b|| 1.407563285468e-02
  144 KSP Residual norm 1.603858664445e+00
  144 KSP preconditioned resid norm 1.603858664445e+00 true resid norm 7.550815523855e-02 ||r(i)||/||b|| 1.398430167718e-02
  145 KSP Residual norm 1.593553224308e+00
  145 KSP preconditioned resid norm 1.593553224308e+00 true resid norm 7.502108724458e-02 ||r(i)||/||b|| 1.389409545054e-02
  146 KSP Residual norm 1.583373335889e+00
  146 KSP preconditioned resid norm 1.583373335889e+00 true resid norm 7.453997905811e-02 ||r(i)||/||b|| 1.380499299534e-02
  147 KSP Residual norm 1.573316662096e+00
  147 KSP preconditioned resid norm 1.573316662096e+00 true resid norm 7.406471924263e-02 ||r(i)||/||b|| 1.371697367328e-02
  148 KSP Residual norm 1.563380924861e+00
  148 KSP preconditioned resid norm 1.563380924861e+00 true resid norm 7.359519918864e-02 ||r(i)||/||b|| 1.363001736958e-02
  149 KSP Residual norm 1.553563903249e+00
  149 KSP preconditioned resid norm 1.553563903249e+00 true resid norm 7.313131302281e-02 ||r(i)||/||b|| 1.354410447624e-02
  150 KSP Residual norm 1.543863431642e+00
  150 KSP preconditioned resid norm 1.543863431642e+00 true resid norm 7.267295752067e-02 ||r(i)||/||b|| 1.345921587584e-02
  151 KSP Residual norm 1.534277397990e+00
  151 KSP preconditioned resid norm 1.534277397990e+00 true resid norm 7.222003202259e-02 ||r(i)||/||b|| 1.337533292595e-02
  152 KSP Residual norm 1.524803742134e+00
  152 KSP preconditioned resid norm 1.524803742134e+00 true resid norm 7.177243835293e-02 ||r(i)||/||b|| 1.329243744419e-02
  153 KSP Residual norm 1.515440454184e+00
  153 KSP preconditioned resid norm 1.515440454184e+00 true resid norm 7.133008074229e-02 ||r(i)||/||b|| 1.321051169382e-02
  154 KSP Residual norm 1.506185572962e+00
  154 KSP preconditioned resid norm 1.506185572962e+00 true resid norm 7.089286575261e-02 ||r(i)||/||b|| 1.312953836989e-02
  155 KSP Residual norm 1.497037184503e+00
  155 KSP preconditioned resid norm 1.497037184503e+00 true resid norm 7.046070220512e-02 ||r(i)||/||b|| 1.304950058586e-02
  156 KSP Residual norm 1.487993420611e+00
  156 KSP preconditioned resid norm 1.487993420611e+00 true resid norm 7.003350111092e-02 ||r(i)||/||b|| 1.297038186075e-02
  157 KSP Residual norm 1.479052457465e+00
  157 KSP preconditioned resid norm 1.479052457465e+00 true resid norm 6.961117560410e-02 ||r(i)||/||b|| 1.289216610677e-02
  158 KSP Residual norm 1.470212514280e+00
  158 KSP preconditioned resid norm 1.470212514280e+00 true resid norm 6.919364087732e-02 ||r(i)||/||b|| 1.281483761740e-02
  159 KSP Residual norm 1.461471852012e+00
  159 KSP preconditioned resid norm 1.461471852012e+00 true resid norm 6.878081411979e-02 ||r(i)||/||b|| 1.273838105586e-02
  160 KSP Residual norm 1.452828772115e+00
  160 KSP preconditioned resid norm 1.452828772115e+00 true resid norm 6.837261445737e-02 ||r(i)||/||b|| 1.266278144406e-02
  161 KSP Residual norm 1.444281615339e+00
  161 KSP preconditioned resid norm 1.444281615339e+00 true resid norm 6.796896289492e-02 ||r(i)||/||b|| 1.258802415189e-02
  162 KSP Residual norm 1.435828760569e+00
  162 KSP preconditioned resid norm 1.435828760569e+00 true resid norm 6.756978226069e-02 ||r(i)||/||b|| 1.251409488697e-02
  163 KSP Residual norm 1.427468623709e+00
  163 KSP preconditioned resid norm 1.427468623709e+00 true resid norm 6.717499715264e-02 ||r(i)||/||b|| 1.244097968463e-02
  164 KSP Residual norm 1.419199656605e+00
  164 KSP preconditioned resid norm 1.419199656605e+00 true resid norm 6.678453388672e-02 ||r(i)||/||b|| 1.236866489840e-02
  165 KSP Residual norm 1.411020346003e+00
  165 KSP preconditioned resid norm 1.411020346003e+00 true resid norm 6.639832044693e-02 ||r(i)||/||b|| 1.229713719074e-02
  166 KSP Residual norm 1.402929212544e+00
  166 KSP preconditioned resid norm 1.402929212544e+00 true resid norm 6.601628643712e-02 ||r(i)||/||b|| 1.222638352410e-02
  167 KSP Residual norm 1.394924809796e+00
  167 KSP preconditioned resid norm 1.394924809796e+00 true resid norm 6.563836303447e-02 ||r(i)||/||b|| 1.215639115233e-02
  168 KSP Residual norm 1.387005723318e+00
  168 KSP preconditioned resid norm 1.387005723318e+00 true resid norm 6.526448294462e-02 ||r(i)||/||b|| 1.208714761233e-02
  169 KSP Residual norm 1.379170569753e+00
  169 KSP preconditioned resid norm 1.379170569753e+00 true resid norm 6.489458035825e-02 ||r(i)||/||b|| 1.201864071605e-02
  170 KSP Residual norm 1.371417995958e+00
  170 KSP preconditioned resid norm 1.371417995958e+00 true resid norm 6.452859090924e-02 ||r(i)||/||b|| 1.195085854273e-02
  171 KSP Residual norm 1.363746678159e+00
  171 KSP preconditioned resid norm 1.363746678159e+00 true resid norm 6.416645163419e-02 ||r(i)||/||b|| 1.188378943138e-02
  172 KSP Residual norm 1.356155321137e+00
  172 KSP preconditioned resid norm 1.356155321137e+00 true resid norm 6.380810093332e-02 ||r(i)||/||b|| 1.181742197357e-02
  173 KSP Residual norm 1.348642657435e+00
  173 KSP preconditioned resid norm 1.348642657435e+00 true resid norm 6.345347853272e-02 ||r(i)||/||b|| 1.175174500642e-02
  174 KSP Residual norm 1.341207446604e+00
  174 KSP preconditioned resid norm 1.341207446604e+00 true resid norm 6.310252544782e-02 ||r(i)||/||b|| 1.168674760583e-02
  175 KSP Residual norm 1.333848474459e+00
  175 KSP preconditioned resid norm 1.333848474459e+00 true resid norm 6.275518394808e-02 ||r(i)||/||b|| 1.162241907996e-02
  176 KSP Residual norm 1.326564552373e+00
  176 KSP preconditioned resid norm 1.326564552373e+00 true resid norm 6.241139752288e-02 ||r(i)||/||b|| 1.155874896291e-02
  177 KSP Residual norm 1.319354516585e+00
  177 KSP preconditioned resid norm 1.319354516585e+00 true resid norm 6.207111084851e-02 ||r(i)||/||b|| 1.149572700857e-02
  178 KSP Residual norm 1.312217227533e+00
  178 KSP preconditioned resid norm 1.312217227533e+00 true resid norm 6.173426975622e-02 ||r(i)||/||b|| 1.143334318477e-02
  179 KSP Residual norm 1.305151569210e+00
  179 KSP preconditioned resid norm 1.305151569210e+00 true resid norm 6.140082120139e-02 ||r(i)||/||b|| 1.137158766751e-02
  180 KSP Residual norm 1.298156448544e+00
  180 KSP preconditioned resid norm 1.298156448544e+00 true resid norm 6.107071323359e-02 ||r(i)||/||b|| 1.131045083542e-02
  181 KSP Residual norm 1.291230794788e+00
  181 KSP preconditioned resid norm 1.291230794788e+00 true resid norm 6.074389496767e-02 ||r(i)||/||b|| 1.124992326447e-02
  182 KSP Residual norm 1.284373558939e+00
  182 KSP preconditioned resid norm 1.284373558939e+00 true resid norm 6.042031655583e-02 ||r(i)||/||b|| 1.118999572269e-02
  183 KSP Residual norm 1.277583713173e+00
  183 KSP preconditioned resid norm 1.277583713173e+00 true resid norm 6.009992916043e-02 ||r(i)||/||b|| 1.113065916525e-02
  184 KSP Residual norm 1.270860250293e+00
  184 KSP preconditioned resid norm 1.270860250293e+00 true resid norm 5.978268492783e-02 ||r(i)||/||b|| 1.107190472952e-02
  185 KSP Residual norm 1.264202183205e+00
  185 KSP preconditioned resid norm 1.264202183205e+00 true resid norm 5.946853696292e-02 ||r(i)||/||b|| 1.101372373041e-02
  186 KSP Residual norm 1.257608544397e+00
  186 KSP preconditioned resid norm 1.257608544397e+00 true resid norm 5.915743930459e-02 ||r(i)||/||b|| 1.095610765581e-02
  187 KSP Residual norm 1.251078385444e+00
  187 KSP preconditioned resid norm 1.251078385444e+00 true resid norm 5.884934690181e-02 ||r(i)||/||b|| 1.089904816215e-02
  188 KSP Residual norm 1.244610776528e+00
  188 KSP preconditioned resid norm 1.244610776528e+00 true resid norm 5.854421559060e-02 ||r(i)||/||b|| 1.084253707015e-02
  189 KSP Residual norm 1.238204805965e+00
  189 KSP preconditioned resid norm 1.238204805965e+00 true resid norm 5.824200207158e-02 ||r(i)||/||b|| 1.078656636067e-02
  190 KSP Residual norm 1.231859579755e+00
  190 KSP preconditioned resid norm 1.231859579755e+00 true resid norm 5.794266388838e-02 ||r(i)||/||b|| 1.073112817066e-02
  191 KSP Residual norm 1.225574221145e+00
  191 KSP preconditioned resid norm 1.225574221145e+00 true resid norm 5.764615940651e-02 ||r(i)||/||b|| 1.067621478931e-02
  192 KSP Residual norm 1.219347870196e+00
  192 KSP preconditioned resid norm 1.219347870196e+00 true resid norm 5.735244779304e-02 ||r(i)||/||b|| 1.062181865427e-02
  193 KSP Residual norm 1.213179683377e+00
  193 KSP preconditioned resid norm 1.213179683377e+00 true resid norm 5.706148899682e-02 ||r(i)||/||b|| 1.056793234797e-02
  194 KSP Residual norm 1.207068833160e+00
  194 KSP preconditioned resid norm 1.207068833160e+00 true resid norm 5.677324372932e-02 ||r(i)||/||b|| 1.051454859405e-02
  195 KSP Residual norm 1.201014507633e+00
  195 KSP preconditioned resid norm 1.201014507633e+00 true resid norm 5.648767344602e-02 ||r(i)||/||b|| 1.046166025399e-02
  196 KSP Residual norm 1.195015910121e+00
  196 KSP preconditioned resid norm 1.195015910121e+00 true resid norm 5.620474032839e-02 ||r(i)||/||b|| 1.040926032369e-02
  197 KSP Residual norm 1.189072258824e+00
  197 KSP preconditioned resid norm 1.189072258824e+00 true resid norm 5.592440726641e-02 ||r(i)||/||b|| 1.035734193029e-02
  198 KSP Residual norm 1.183182786458e+00
  198 KSP preconditioned resid norm 1.183182786458e+00 true resid norm 5.564663784153e-02 ||r(i)||/||b|| 1.030589832897e-02
  199 KSP Residual norm 1.177346739912e+00
  199 KSP preconditioned resid norm 1.177346739912e+00 true resid norm 5.537139631028e-02 ||r(i)||/||b|| 1.025492289996e-02
  200 KSP Residual norm 1.171563379912e+00
  200 KSP preconditioned resid norm 1.171563379912e+00 true resid norm 5.509864758821e-02 ||r(i)||/||b|| 1.020440914553e-02
  201 KSP Residual norm 1.165831980700e+00
  201 KSP preconditioned resid norm 1.165831980700e+00 true resid norm 5.482835723436e-02 ||r(i)||/||b|| 1.015435068712e-02
  202 KSP Residual norm 1.160151829713e+00
  202 KSP preconditioned resid norm 1.160151829713e+00 true resid norm 5.456049143622e-02 ||r(i)||/||b|| 1.010474126257e-02
  203 KSP Residual norm 1.154522227282e+00
  203 KSP preconditioned resid norm 1.154522227282e+00 true resid norm 5.429501699508e-02 ||r(i)||/||b|| 1.005557472340e-02
  204 KSP Residual norm 1.148942486329e+00
  204 KSP preconditioned resid norm 1.148942486329e+00 true resid norm 5.403190131179e-02 ||r(i)||/||b|| 1.000684503215e-02
  205 KSP Residual norm 1.143411932084e+00
  205 KSP preconditioned resid norm 1.143411932084e+00 true resid norm 5.377111237294e-02 ||r(i)||/||b|| 9.958546259875e-03
  206 KSP Residual norm 1.137929901799e+00
  206 KSP preconditioned resid norm 1.137929901799e+00 true resid norm 5.351261873749e-02 ||r(i)||/||b|| 9.910672583603e-03
  207 KSP Residual norm 1.132495744477e+00
  207 KSP preconditioned resid norm 1.132495744477e+00 true resid norm 5.325638952367e-02 ||r(i)||/||b|| 9.863218283954e-03
  208 KSP Residual norm 1.127108820607e+00
  208 KSP preconditioned resid norm 1.127108820607e+00 true resid norm 5.300239439633e-02 ||r(i)||/||b|| 9.816177742784e-03
  209 KSP Residual norm 1.121768501906e+00
  209 KSP preconditioned resid norm 1.121768501906e+00 true resid norm 5.275060355465e-02 ||r(i)||/||b|| 9.769545440901e-03
  210 KSP Residual norm 1.116474171068e+00
  210 KSP preconditioned resid norm 1.116474171068e+00 true resid norm 5.250098772011e-02 ||r(i)||/||b|| 9.723315955854e-03
  211 KSP Residual norm 1.111225221519e+00
  211 KSP preconditioned resid norm 1.111225221519e+00 true resid norm 5.225351812492e-02 ||r(i)||/||b|| 9.677483959771e-03
  212 KSP Residual norm 1.106021057184e+00
  212 KSP preconditioned resid norm 1.106021057184e+00 true resid norm 5.200816650062e-02 ||r(i)||/||b|| 9.632044217265e-03
  213 KSP Residual norm 1.100861092250e+00
  213 KSP preconditioned resid norm 1.100861092250e+00 true resid norm 5.176490506715e-02 ||r(i)||/||b|| 9.586991583396e-03
  214 KSP Residual norm 1.095744750950e+00
  214 KSP preconditioned resid norm 1.095744750950e+00 true resid norm 5.152370652208e-02 ||r(i)||/||b|| 9.542321001686e-03
  215 KSP Residual norm 1.090671467336e+00
  215 KSP preconditioned resid norm 1.090671467336e+00 true resid norm 5.128454403024e-02 ||r(i)||/||b|| 9.498027502193e-03
  216 KSP Residual norm 1.085640685073e+00
  216 KSP preconditioned resid norm 1.085640685073e+00 true resid norm 5.104739121355e-02 ||r(i)||/||b|| 9.454106199631e-03
  217 KSP Residual norm 1.080651857230e+00
  217 KSP preconditioned resid norm 1.080651857230e+00 true resid norm 5.081222214121e-02 ||r(i)||/||b|| 9.410552291547e-03
  218 KSP Residual norm 1.075704446080e+00
  218 KSP preconditioned resid norm 1.075704446080e+00 true resid norm 5.057901132002e-02 ||r(i)||/||b|| 9.367361056540e-03
  219 KSP Residual norm 1.070797922902e+00
  219 KSP preconditioned resid norm 1.070797922902e+00 true resid norm 5.034773368514e-02 ||r(i)||/||b|| 9.324527852536e-03
  220 KSP Residual norm 1.065931767794e+00
  220 KSP preconditioned resid norm 1.065931767794e+00 true resid norm 5.011836459094e-02 ||r(i)||/||b|| 9.282048115100e-03
  221 KSP Residual norm 1.061105469485e+00
  221 KSP preconditioned resid norm 1.061105469485e+00 true resid norm 4.989087980212e-02 ||r(i)||/||b|| 9.239917355798e-03
  222 KSP Residual norm 1.056318525152e+00
  222 KSP preconditioned resid norm 1.056318525152e+00 true resid norm 4.966525548519e-02 ||r(i)||/||b|| 9.198131160601e-03
  223 KSP Residual norm 1.051570440251e+00
  223 KSP preconditioned resid norm 1.051570440251e+00 true resid norm 4.944146819995e-02 ||r(i)||/||b|| 9.156685188330e-03
  224 KSP Residual norm 1.046860728338e+00
  224 KSP preconditioned resid norm 1.046860728338e+00 true resid norm 4.921949489143e-02 ||r(i)||/||b|| 9.115575169143e-03
  225 KSP Residual norm 1.042188910909e+00
  225 KSP preconditioned resid norm 1.042188910909e+00 true resid norm 4.899931288186e-02 ||r(i)||/||b|| 9.074796903059e-03
  226 KSP Residual norm 1.037554517231e+00
  226 KSP preconditioned resid norm 1.037554517231e+00 true resid norm 4.878089986290e-02 ||r(i)||/||b|| 9.034346258520e-03
  227 KSP Residual norm 1.032957084188e+00
  227 KSP preconditioned resid norm 1.032957084188e+00 true resid norm 4.856423388813e-02 ||r(i)||/||b|| 8.994219170992e-03
  228 KSP Residual norm 1.028396156122e+00
  228 KSP preconditioned resid norm 1.028396156122e+00 true resid norm 4.834929336566e-02 ||r(i)||/||b|| 8.954411641602e-03
  229 KSP Residual norm 1.023871284688e+00
  229 KSP preconditioned resid norm 1.023871284688e+00 true resid norm 4.813605705093e-02 ||r(i)||/||b|| 8.914919735803e-03
  230 KSP Residual norm 1.019382028703e+00
  230 KSP preconditioned resid norm 1.019382028703e+00 true resid norm 4.792450403974e-02 ||r(i)||/||b|| 8.875739582086e-03
  231 KSP Residual norm 1.014927954005e+00
  231 KSP preconditioned resid norm 1.014927954005e+00 true resid norm 4.771461376141e-02 ||r(i)||/||b|| 8.836867370706e-03
  232 KSP Residual norm 1.010508633312e+00
  232 KSP preconditioned resid norm 1.010508633312e+00 true resid norm 4.750636597212e-02 ||r(i)||/||b|| 8.798299352461e-03
  233 KSP Residual norm 1.006123646086e+00
  233 KSP preconditioned resid norm 1.006123646086e+00 true resid norm 4.729974074846e-02 ||r(i)||/||b|| 8.760031837478e-03
  234 KSP Residual norm 1.001772578400e+00
  234 KSP preconditioned resid norm 1.001772578400e+00 true resid norm 4.709471848103e-02 ||r(i)||/||b|| 8.722061194053e-03
  235 KSP Residual norm 9.974550228122e-01
  235 KSP preconditioned resid norm 9.974550228122e-01 true resid norm 4.689127986834e-02 ||r(i)||/||b|| 8.684383847499e-03
  236 KSP Residual norm 9.931705782333e-01
  236 KSP preconditioned resid norm 9.931705782333e-01 true resid norm 4.668940591076e-02 ||r(i)||/||b|| 8.646996279035e-03
  237 KSP Residual norm 9.889188498078e-01
  237 KSP preconditioned resid norm 9.889188498078e-01 true resid norm 4.648907790464e-02 ||r(i)||/||b|| 8.609895024698e-03
  238 KSP Residual norm 9.846994487925e-01
  238 KSP preconditioned resid norm 9.846994487925e-01 true resid norm 4.629027743658e-02 ||r(i)||/||b|| 8.573076674281e-03
  239 KSP Residual norm 9.805119924386e-01
  239 KSP preconditioned resid norm 9.805119924386e-01 true resid norm 4.609298637784e-02 ||r(i)||/||b|| 8.536537870295e-03
  240 KSP Residual norm 9.763561038774e-01
  240 KSP preconditioned resid norm 9.763561038774e-01 true resid norm 4.589718687888e-02 ||r(i)||/||b|| 8.500275306959e-03
  241 KSP Residual norm 9.722314120084e-01
  241 KSP preconditioned resid norm 9.722314120084e-01 true resid norm 4.570286136403e-02 ||r(i)||/||b|| 8.464285729215e-03
  242 KSP Residual norm 9.681375513902e-01
  242 KSP preconditioned resid norm 9.681375513902e-01 true resid norm 4.550999252628e-02 ||r(i)||/||b|| 8.428565931762e-03
  243 KSP Residual norm 9.640741621333e-01
  243 KSP preconditioned resid norm 9.640741621333e-01 true resid norm 4.531856332222e-02 ||r(i)||/||b|| 8.393112758115e-03
  244 KSP Residual norm 9.600408897967e-01
  244 KSP preconditioned resid norm 9.600408897967e-01 true resid norm 4.512855696703e-02 ||r(i)||/||b|| 8.357923099685e-03
  245 KSP Residual norm 9.560373852852e-01
  245 KSP preconditioned resid norm 9.560373852852e-01 true resid norm 4.493995692971e-02 ||r(i)||/||b|| 8.322993894887e-03
  246 KSP Residual norm 9.520633047509e-01
  246 KSP preconditioned resid norm 9.520633047509e-01 true resid norm 4.475274692827e-02 ||r(i)||/||b|| 8.288322128257e-03
  247 KSP Residual norm 9.481183094953e-01
  247 KSP preconditioned resid norm 9.481183094953e-01 true resid norm 4.456691092516e-02 ||r(i)||/||b|| 8.253904829599e-03
  248 KSP Residual norm 9.442020658752e-01
  248 KSP preconditioned resid norm 9.442020658752e-01 true resid norm 4.438243312273e-02 ||r(i)||/||b|| 8.219739073149e-03
  249 KSP Residual norm 9.403142452092e-01
  249 KSP preconditioned resid norm 9.403142452092e-01 true resid norm 4.419929795883e-02 ||r(i)||/||b|| 8.185821976754e-03
  250 KSP Residual norm 9.364545236876e-01
  250 KSP preconditioned resid norm 9.364545236876e-01 true resid norm 4.401749010246e-02 ||r(i)||/||b|| 8.152150701080e-03
  251 KSP Residual norm 9.326225822836e-01
  251 KSP preconditioned resid norm 9.326225822836e-01 true resid norm 4.383699444962e-02 ||r(i)||/||b|| 8.118722448823e-03
  252 KSP Residual norm 9.288181066670e-01
  252 KSP preconditioned resid norm 9.288181066670e-01 true resid norm 4.365779611912e-02 ||r(i)||/||b|| 8.085534463951e-03
  253 KSP Residual norm 9.250407871191e-01
  253 KSP preconditioned resid norm 9.250407871191e-01 true resid norm 4.347988044861e-02 ||r(i)||/||b|| 8.052584030960e-03
  254 KSP Residual norm 9.212903184504e-01
  254 KSP preconditioned resid norm 9.212903184504e-01 true resid norm 4.330323299061e-02 ||r(i)||/||b|| 8.019868474138e-03
  255 KSP Residual norm 9.175663999193e-01
  255 KSP preconditioned resid norm 9.175663999193e-01 true resid norm 4.312783950866e-02 ||r(i)||/||b|| 7.987385156858e-03
  256 KSP Residual norm 9.138687351532e-01
  256 KSP preconditioned resid norm 9.138687351532e-01 true resid norm 4.295368597356e-02 ||r(i)||/||b|| 7.955131480878e-03
  257 KSP Residual norm 9.101970320712e-01
  257 KSP preconditioned resid norm 9.101970320712e-01 true resid norm 4.278075855970e-02 ||r(i)||/||b|| 7.923104885658e-03
  258 KSP Residual norm 9.065510028077e-01
  258 KSP preconditioned resid norm 9.065510028077e-01 true resid norm 4.260904364145e-02 ||r(i)||/||b|| 7.891302847696e-03
  259 KSP Residual norm 9.029303636394e-01
  259 KSP preconditioned resid norm 9.029303636394e-01 true resid norm 4.243852778961e-02 ||r(i)||/||b|| 7.859722879873e-03
  260 KSP Residual norm 8.993348349119e-01
  260 KSP preconditioned resid norm 8.993348349119e-01 true resid norm 4.226919776802e-02 ||r(i)||/||b|| 7.828362530815e-03
  261 KSP Residual norm 8.957641409691e-01
  261 KSP preconditioned resid norm 8.957641409691e-01 true resid norm 4.210104053012e-02 ||r(i)||/||b|| 7.797219384270e-03
  262 KSP Residual norm 8.922180100840e-01
  262 KSP preconditioned resid norm 8.922180100840e-01 true resid norm 4.193404321571e-02 ||r(i)||/||b|| 7.766291058493e-03
  263 KSP Residual norm 8.886961743903e-01
  263 KSP preconditioned resid norm 8.886961743903e-01 true resid norm 4.176819314767e-02 ||r(i)||/||b|| 7.735575205652e-03
  264 KSP Residual norm 8.851983698165e-01
  264 KSP preconditioned resid norm 8.851983698165e-01 true resid norm 4.160347782884e-02 ||r(i)||/||b|| 7.705069511240e-03
  265 KSP Residual norm 8.817243360203e-01
  265 KSP preconditioned resid norm 8.817243360203e-01 true resid norm 4.143988493891e-02 ||r(i)||/||b|| 7.674771693502e-03
  266 KSP Residual norm 8.782738163250e-01
  266 KSP preconditioned resid norm 8.782738163250e-01 true resid norm 4.127740233136e-02 ||r(i)||/||b|| 7.644679502876e-03
  267 KSP Residual norm 8.748465576574e-01
  267 KSP preconditioned resid norm 8.748465576574e-01 true resid norm 4.111601803055e-02 ||r(i)||/||b|| 7.614790721441e-03
  268 KSP Residual norm 8.714423104863e-01
  268 KSP preconditioned resid norm 8.714423104863e-01 true resid norm 4.095572022876e-02 ||r(i)||/||b|| 7.585103162379e-03
  269 KSP Residual norm 8.680608287629e-01
  269 KSP preconditioned resid norm 8.680608287629e-01 true resid norm 4.079649728341e-02 ||r(i)||/||b|| 7.555614669451e-03
  270 KSP Residual norm 8.647018698622e-01
  270 KSP preconditioned resid norm 8.647018698622e-01 true resid norm 4.063833771420e-02 ||r(i)||/||b|| 7.526323116480e-03
  271 KSP Residual norm 8.613651945254e-01
  271 KSP preconditioned resid norm 8.613651945254e-01 true resid norm 4.048123020044e-02 ||r(i)||/||b|| 7.497226406843e-03
  272 KSP Residual norm 8.580505668037e-01
  272 KSP preconditioned resid norm 8.580505668037e-01 true resid norm 4.032516357835e-02 ||r(i)||/||b|| 7.468322472980e-03
  273 KSP Residual norm 8.547577540036e-01
  273 KSP preconditioned resid norm 8.547577540036e-01 true resid norm 4.017012683844e-02 ||r(i)||/||b|| 7.439609275908e-03
  274 KSP Residual norm 8.514865266323e-01
  274 KSP preconditioned resid norm 8.514865266323e-01 true resid norm 4.001610912297e-02 ||r(i)||/||b|| 7.411084804743e-03
  275 KSP Residual norm 8.482366583453e-01
  275 KSP preconditioned resid norm 8.482366583453e-01 true resid norm 3.986309972340e-02 ||r(i)||/||b|| 7.382747076240e-03
  276 KSP Residual norm 8.450079258941e-01
  276 KSP preconditioned resid norm 8.450079258941e-01 true resid norm 3.971108807797e-02 ||r(i)||/||b|| 7.354594134329e-03
  277 KSP Residual norm 8.418001090760e-01
  277 KSP preconditioned resid norm 8.418001090760e-01 true resid norm 3.956006376924e-02 ||r(i)||/||b|| 7.326624049678e-03
  278 KSP Residual norm 8.386129906836e-01
  278 KSP preconditioned resid norm 8.386129906836e-01 true resid norm 3.941001652175e-02 ||r(i)||/||b|| 7.298834919246e-03
  279 KSP Residual norm 8.354463564565e-01
  279 KSP preconditioned resid norm 8.354463564565e-01 true resid norm 3.926093619972e-02 ||r(i)||/||b|| 7.271224865856e-03
  280 KSP Residual norm 8.322999950333e-01
  280 KSP preconditioned resid norm 8.322999950333e-01 true resid norm 3.911281280472e-02 ||r(i)||/||b|| 7.243792037779e-03
  281 KSP Residual norm 8.291736979044e-01
  281 KSP preconditioned resid norm 8.291736979044e-01 true resid norm 3.896563647350e-02 ||r(i)||/||b|| 7.216534608313e-03
  282 KSP Residual norm 8.260672593664e-01
  282 KSP preconditioned resid norm 8.260672593664e-01 true resid norm 3.881939747577e-02 ||r(i)||/||b|| 7.189450775383e-03
  283 KSP Residual norm 8.229804764768e-01
  283 KSP preconditioned resid norm 8.229804764768e-01 true resid norm 3.867408621206e-02 ||r(i)||/||b|| 7.162538761147e-03
  284 KSP Residual norm 8.199131490095e-01
  284 KSP preconditioned resid norm 8.199131490095e-01 true resid norm 3.852969321164e-02 ||r(i)||/||b|| 7.135796811598e-03
  285 KSP Residual norm 8.168650794120e-01
  285 KSP preconditioned resid norm 8.168650794120e-01 true resid norm 3.838620913044e-02 ||r(i)||/||b|| 7.109223196190e-03
  286 KSP Residual norm 8.138360727620e-01
  286 KSP preconditioned resid norm 8.138360727620e-01 true resid norm 3.824362474902e-02 ||r(i)||/||b|| 7.082816207462e-03
  287 KSP Residual norm 8.108259367264e-01
  287 KSP preconditioned resid norm 8.108259367264e-01 true resid norm 3.810193097061e-02 ||r(i)||/||b|| 7.056574160669e-03
  288 KSP Residual norm 8.078344815199e-01
  288 KSP preconditioned resid norm 8.078344815199e-01 true resid norm 3.796111881915e-02 ||r(i)||/||b|| 7.030495393422e-03
  289 KSP Residual norm 8.048615198650e-01
  289 KSP preconditioned resid norm 8.048615198650e-01 true resid norm 3.782117943740e-02 ||r(i)||/||b|| 7.004578265335e-03
  290 KSP Residual norm 8.019068669524e-01
  290 KSP preconditioned resid norm 8.019068669524e-01 true resid norm 3.768210408504e-02 ||r(i)||/||b|| 6.978821157679e-03
  291 KSP Residual norm 7.989703404023e-01
  291 KSP preconditioned resid norm 7.989703404023e-01 true resid norm 3.754388413683e-02 ||r(i)||/||b|| 6.953222473042e-03
  292 KSP Residual norm 7.960517602266e-01
  292 KSP preconditioned resid norm 7.960517602266e-01 true resid norm 3.740651108086e-02 ||r(i)||/||b|| 6.927780634993e-03
  293 KSP Residual norm 7.931509487915e-01
  293 KSP preconditioned resid norm 7.931509487915e-01 true resid norm 3.726997651672e-02 ||r(i)||/||b|| 6.902494087755e-03
  294 KSP Residual norm 7.902677307808e-01
  294 KSP preconditioned resid norm 7.902677307808e-01 true resid norm 3.713427215379e-02 ||r(i)||/||b|| 6.877361295884e-03
  295 KSP Residual norm 7.874019331602e-01
  295 KSP preconditioned resid norm 7.874019331602e-01 true resid norm 3.699938980953e-02 ||r(i)||/||b|| 6.852380743955e-03
  296 KSP Residual norm 7.845533851419e-01
  296 KSP preconditioned resid norm 7.845533851419e-01 true resid norm 3.686532140782e-02 ||r(i)||/||b|| 6.827550936248e-03
  297 KSP Residual norm 7.817219181499e-01
  297 KSP preconditioned resid norm 7.817219181499e-01 true resid norm 3.673205897730e-02 ||r(i)||/||b|| 6.802870396446e-03
  298 KSP Residual norm 7.789073657864e-01
  298 KSP preconditioned resid norm 7.789073657864e-01 true resid norm 3.659959464975e-02 ||r(i)||/||b|| 6.778337667339e-03
  299 KSP Residual norm 7.761095637979e-01
  299 KSP preconditioned resid norm 7.761095637979e-01 true resid norm 3.646792065855e-02 ||r(i)||/||b|| 6.753951310525e-03
  300 KSP Residual norm 7.733283500429e-01
  300 KSP preconditioned resid norm 7.733283500429e-01 true resid norm 3.633702933707e-02 ||r(i)||/||b|| 6.729709906126e-03
  301 KSP Residual norm 7.705635644594e-01
  301 KSP preconditioned resid norm 7.705635644594e-01 true resid norm 3.620691311718e-02 ||r(i)||/||b|| 6.705612052506e-03
  302 KSP Residual norm 7.678150490334e-01
  302 KSP preconditioned resid norm 7.678150490334e-01 true resid norm 3.607756452773e-02 ||r(i)||/||b|| 6.681656365991e-03
  303 KSP Residual norm 7.650826477680e-01
  303 KSP preconditioned resid norm 7.650826477680e-01 true resid norm 3.594897619311e-02 ||r(i)||/||b|| 6.657841480594e-03
  304 KSP Residual norm 7.623662066527e-01
  304 KSP preconditioned resid norm 7.623662066527e-01 true resid norm 3.582114083176e-02 ||r(i)||/||b|| 6.634166047755e-03
  305 KSP Residual norm 7.596655736336e-01
  305 KSP preconditioned resid norm 7.596655736336e-01 true resid norm 3.569405125478e-02 ||r(i)||/||b|| 6.610628736070e-03
  306 KSP Residual norm 7.569805985839e-01
  306 KSP preconditioned resid norm 7.569805985839e-01 true resid norm 3.556770036451e-02 ||r(i)||/||b|| 6.587228231037e-03
  307 KSP Residual norm 7.543111332750e-01
  307 KSP preconditioned resid norm 7.543111332750e-01 true resid norm 3.544208115319e-02 ||r(i)||/||b|| 6.563963234800e-03
  308 KSP Residual norm 7.516570313482e-01
  308 KSP preconditioned resid norm 7.516570313482e-01 true resid norm 3.531718670159e-02 ||r(i)||/||b|| 6.540832465899e-03
  309 KSP Residual norm 7.490181482867e-01
  309 KSP preconditioned resid norm 7.490181482867e-01 true resid norm 3.519301017771e-02 ||r(i)||/||b|| 6.517834659030e-03
  310 KSP Residual norm 7.463943413883e-01
  310 KSP preconditioned resid norm 7.463943413883e-01 true resid norm 3.506954483543e-02 ||r(i)||/||b|| 6.494968564796e-03
  311 KSP Residual norm 7.437854697381e-01
  311 KSP preconditioned resid norm 7.437854697381e-01 true resid norm 3.494678401330e-02 ||r(i)||/||b|| 6.472232949479e-03
  312 KSP Residual norm 7.411913941827e-01
  312 KSP preconditioned resid norm 7.411913941827e-01 true resid norm 3.482472113323e-02 ||r(i)||/||b|| 6.449626594800e-03
  313 KSP Residual norm 7.386119773036e-01
  313 KSP preconditioned resid norm 7.386119773036e-01 true resid norm 3.470334969928e-02 ||r(i)||/||b|| 6.427148297695e-03
  314 KSP Residual norm 7.360470833916e-01
  314 KSP preconditioned resid norm 7.360470833916e-01 true resid norm 3.458266329646e-02 ||r(i)||/||b|| 6.404796870089e-03
  315 KSP Residual norm 7.334965784223e-01
  315 KSP preconditioned resid norm 7.334965784223e-01 true resid norm 3.446265558949e-02 ||r(i)||/||b|| 6.382571138677e-03
  316 KSP Residual norm 7.309603300306e-01
  316 KSP preconditioned resid norm 7.309603300306e-01 true resid norm 3.434332032170e-02 ||r(i)||/||b|| 6.360469944702e-03
  317 KSP Residual norm 7.284382074871e-01
  317 KSP preconditioned resid norm 7.284382074871e-01 true resid norm 3.422465131380e-02 ||r(i)||/||b|| 6.338492143750e-03
  318 KSP Residual norm 7.259300816736e-01
  318 KSP preconditioned resid norm 7.259300816736e-01 true resid norm 3.410664246282e-02 ||r(i)||/||b|| 6.316636605531e-03
  319 KSP Residual norm 7.234358250601e-01
  319 KSP preconditioned resid norm 7.234358250601e-01 true resid norm 3.398928774095e-02 ||r(i)||/||b|| 6.294902213680e-03
  320 KSP Residual norm 7.209553116816e-01
  320 KSP preconditioned resid norm 7.209553116816e-01 true resid norm 3.387258119445e-02 ||r(i)||/||b|| 6.273287865551e-03
  321 KSP Residual norm 7.184884171152e-01
  321 KSP preconditioned resid norm 7.184884171152e-01 true resid norm 3.375651694261e-02 ||r(i)||/||b|| 6.251792472018e-03
  322 KSP Residual norm 7.160350184580e-01
  322 KSP preconditioned resid norm 7.160350184580e-01 true resid norm 3.364108917663e-02 ||r(i)||/||b|| 6.230414957281e-03
  323 KSP Residual norm 7.135949943052e-01
  323 KSP preconditioned resid norm 7.135949943052e-01 true resid norm 3.352629215864e-02 ||r(i)||/||b|| 6.209154258671e-03
  324 KSP Residual norm 7.111682247283e-01
  324 KSP preconditioned resid norm 7.111682247283e-01 true resid norm 3.341212022067e-02 ||r(i)||/||b|| 6.188009326462e-03
  325 KSP Residual norm 7.087545912540e-01
  325 KSP preconditioned resid norm 7.087545912540e-01 true resid norm 3.329856776358e-02 ||r(i)||/||b|| 6.166979123683e-03
  326 KSP Residual norm 7.063539768435e-01
  326 KSP preconditioned resid norm 7.063539768435e-01 true resid norm 3.318562925616e-02 ||r(i)||/||b|| 6.146062625939e-03
  327 KSP Residual norm 7.039662658716e-01
  327 KSP preconditioned resid norm 7.039662658716e-01 true resid norm 3.307329923409e-02 ||r(i)||/||b|| 6.125258821224e-03
  328 KSP Residual norm 7.015913441068e-01
  328 KSP preconditioned resid norm 7.015913441068e-01 true resid norm 3.296157229903e-02 ||r(i)||/||b|| 6.104566709750e-03
  329 KSP Residual norm 6.992290986914e-01
  329 KSP preconditioned resid norm 6.992290986914e-01 true resid norm 3.285044311763e-02 ||r(i)||/||b|| 6.083985303770e-03
  330 KSP Residual norm 6.968794181218e-01
  330 KSP preconditioned resid norm 6.968794181218e-01 true resid norm 3.273990642066e-02 ||r(i)||/||b|| 6.063513627406e-03
  331 KSP Residual norm 6.945421922295e-01
  331 KSP preconditioned resid norm 6.945421922295e-01 true resid norm 3.262995700205e-02 ||r(i)||/||b|| 6.043150716483e-03
  332 KSP Residual norm 6.922173121620e-01
  332 KSP preconditioned resid norm 6.922173121620e-01 true resid norm 3.252058971802e-02 ||r(i)||/||b|| 6.022895618359e-03
  333 KSP Residual norm 6.899046703644e-01
  333 KSP preconditioned resid norm 6.899046703644e-01 true resid norm 3.241179948619e-02 ||r(i)||/||b|| 6.002747391765e-03
  334 KSP Residual norm 6.876041605608e-01
  334 KSP preconditioned resid norm 6.876041605608e-01 true resid norm 3.230358128472e-02 ||r(i)||/||b|| 5.982705106643e-03
  335 KSP Residual norm 6.853156777368e-01
  335 KSP preconditioned resid norm 6.853156777368e-01 true resid norm 3.219593015144e-02 ||r(i)||/||b|| 5.962767843988e-03
  336 KSP Residual norm 6.830391181211e-01
  336 KSP preconditioned resid norm 6.830391181211e-01 true resid norm 3.208884118305e-02 ||r(i)||/||b|| 5.942934695694e-03
  337 KSP Residual norm 6.807743791686e-01
  337 KSP preconditioned resid norm 6.807743791686e-01 true resid norm 3.198230953424e-02 ||r(i)||/||b|| 5.923204764398e-03
  338 KSP Residual norm 6.785213595432e-01
  338 KSP preconditioned resid norm 6.785213595432e-01 true resid norm 3.187633041692e-02 ||r(i)||/||b|| 5.903577163333e-03
  339 KSP Residual norm 6.762799591005e-01
  339 KSP preconditioned resid norm 6.762799591005e-01 true resid norm 3.177089909938e-02 ||r(i)||/||b|| 5.884051016177e-03
  340 KSP Residual norm 6.740500788717e-01
  340 KSP preconditioned resid norm 6.740500788717e-01 true resid norm 3.166601090555e-02 ||r(i)||/||b|| 5.864625456908e-03
  341 KSP Residual norm 6.718316210469e-01
  341 KSP preconditioned resid norm 6.718316210469e-01 true resid norm 3.156166121420e-02 ||r(i)||/||b|| 5.845299629662e-03
  342 KSP Residual norm 6.696244889591e-01
  342 KSP preconditioned resid norm 6.696244889591e-01 true resid norm 3.145784545816e-02 ||r(i)||/||b|| 5.826072688589e-03
  343 KSP Residual norm 6.674285870685e-01
  343 KSP preconditioned resid norm 6.674285870685e-01 true resid norm 3.135455912361e-02 ||r(i)||/||b|| 5.806943797718e-03
  344 KSP Residual norm 6.652438209468e-01
  344 KSP preconditioned resid norm 6.652438209468e-01 true resid norm 3.125179774931e-02 ||r(i)||/||b|| 5.787912130814e-03
  345 KSP Residual norm 6.630700972616e-01
  345 KSP preconditioned resid norm 6.630700972616e-01 true resid norm 3.114955692588e-02 ||r(i)||/||b|| 5.768976871252e-03
  346 KSP Residual norm 6.609073237618e-01
  346 KSP preconditioned resid norm 6.609073237618e-01 true resid norm 3.104783229509e-02 ||r(i)||/||b|| 5.750137211874e-03
  347 KSP Residual norm 6.587554092625e-01
  347 KSP preconditioned resid norm 6.587554092625e-01 true resid norm 3.094661954916e-02 ||r(i)||/||b|| 5.731392354869e-03
  348 KSP Residual norm 6.566142636299e-01
  348 KSP preconditioned resid norm 6.566142636299e-01 true resid norm 3.084591443005e-02 ||r(i)||/||b|| 5.712741511638e-03
  349 KSP Residual norm 6.544837977678e-01
  349 KSP preconditioned resid norm 6.544837977678e-01 true resid norm 3.074571272879e-02 ||r(i)||/||b|| 5.694183902667e-03
  350 KSP Residual norm 6.523639236027e-01
  350 KSP preconditioned resid norm 6.523639236027e-01 true resid norm 3.064601028480e-02 ||r(i)||/||b|| 5.675718757408e-03
  351 KSP Residual norm 6.502545540701e-01
  351 KSP preconditioned resid norm 6.502545540701e-01 true resid norm 3.054680298524e-02 ||r(i)||/||b|| 5.657345314151e-03
  352 KSP Residual norm 6.481556031005e-01
  352 KSP preconditioned resid norm 6.481556031005e-01 true resid norm 3.044808676434e-02 ||r(i)||/||b|| 5.639062819908e-03
  353 KSP Residual norm 6.460669856064e-01
  353 KSP preconditioned resid norm 6.460669856064e-01 true resid norm 3.034985760278e-02 ||r(i)||/||b|| 5.620870530288e-03
  354 KSP Residual norm 6.439886174683e-01
  354 KSP preconditioned resid norm 6.439886174683e-01 true resid norm 3.025211152704e-02 ||r(i)||/||b|| 5.602767709387e-03
  355 KSP Residual norm 6.419204155220e-01
  355 KSP preconditioned resid norm 6.419204155220e-01 true resid norm 3.015484460880e-02 ||r(i)||/||b|| 5.584753629667e-03
  356 KSP Residual norm 6.398622975457e-01
  356 KSP preconditioned resid norm 6.398622975457e-01 true resid norm 3.005805296429e-02 ||r(i)||/||b|| 5.566827571849e-03
  357 KSP Residual norm 6.378141822468e-01
  357 KSP preconditioned resid norm 6.378141822468e-01 true resid norm 2.996173275374e-02 ||r(i)||/||b|| 5.548988824793e-03
  358 KSP Residual norm 6.357759892500e-01
  358 KSP preconditioned resid norm 6.357759892500e-01 true resid norm 2.986588018073e-02 ||r(i)||/||b|| 5.531236685394e-03
  359 KSP Residual norm 6.337476390844e-01
  359 KSP preconditioned resid norm 6.337476390844e-01 true resid norm 2.977049149165e-02 ||r(i)||/||b|| 5.513570458475e-03
  360 KSP Residual norm 6.317290531717e-01
  360 KSP preconditioned resid norm 6.317290531717e-01 true resid norm 2.967556297509e-02 ||r(i)||/||b|| 5.495989456673e-03
  361 KSP Residual norm 6.297201538140e-01
  361 KSP preconditioned resid norm 6.297201538140e-01 true resid norm 2.958109096130e-02 ||r(i)||/||b|| 5.478493000341e-03
  362 KSP Residual norm 6.277208641822e-01
  362 KSP preconditioned resid norm 6.277208641822e-01 true resid norm 2.948707182163e-02 ||r(i)||/||b|| 5.461080417441e-03
  363 KSP Residual norm 6.257311083043e-01
  363 KSP preconditioned resid norm 6.257311083043e-01 true resid norm 2.939350196794e-02 ||r(i)||/||b|| 5.443751043445e-03
  364 KSP Residual norm 6.237508110537e-01
  364 KSP preconditioned resid norm 6.237508110537e-01 true resid norm 2.930037785211e-02 ||r(i)||/||b|| 5.426504221231e-03
  365 KSP Residual norm 6.217798981383e-01
  365 KSP preconditioned resid norm 6.217798981383e-01 true resid norm 2.920769596548e-02 ||r(i)||/||b|| 5.409339300985e-03
  366 KSP Residual norm 6.198182960894e-01
  366 KSP preconditioned resid norm 6.198182960894e-01 true resid norm 2.911545283834e-02 ||r(i)||/||b|| 5.392255640106e-03
  367 KSP Residual norm 6.178659322504e-01
  367 KSP preconditioned resid norm 6.178659322504e-01 true resid norm 2.902364503937e-02 ||r(i)||/||b|| 5.375252603109e-03
  368 KSP Residual norm 6.159227347662e-01
  368 KSP preconditioned resid norm 6.159227347662e-01 true resid norm 2.893226917519e-02 ||r(i)||/||b|| 5.358329561530e-03
  369 KSP Residual norm 6.139886325730e-01
  369 KSP preconditioned resid norm 6.139886325730e-01 true resid norm 2.884132188981e-02 ||r(i)||/||b|| 5.341485893830e-03
  370 KSP Residual norm 6.120635553870e-01
  370 KSP preconditioned resid norm 6.120635553870e-01 true resid norm 2.875079986416e-02 ||r(i)||/||b|| 5.324720985310e-03
  371 KSP Residual norm 6.101474336949e-01
  371 KSP preconditioned resid norm 6.101474336949e-01 true resid norm 2.866069981560e-02 ||r(i)||/||b|| 5.308034228015e-03
  372 KSP Residual norm 6.082401987432e-01
  372 KSP preconditioned resid norm 6.082401987432e-01 true resid norm 2.857101849742e-02 ||r(i)||/||b|| 5.291425020649e-03
  373 KSP Residual norm 6.063417825287e-01
  373 KSP preconditioned resid norm 6.063417825287e-01 true resid norm 2.848175269839e-02 ||r(i)||/||b|| 5.274892768482e-03
  374 KSP Residual norm 6.044521177880e-01
  374 KSP preconditioned resid norm 6.044521177880e-01 true resid norm 2.839289924229e-02 ||r(i)||/||b|| 5.258436883270e-03
  375 KSP Residual norm 6.025711379885e-01
  375 KSP preconditioned resid norm 6.025711379885e-01 true resid norm 2.830445498744e-02 ||r(i)||/||b|| 5.242056783165e-03
  376 KSP Residual norm 6.006987773183e-01
  376 KSP preconditioned resid norm 6.006987773183e-01 true resid norm 2.821641682623e-02 ||r(i)||/||b|| 5.225751892634e-03
  377 KSP Residual norm 5.988349706770e-01
  377 KSP preconditioned resid norm 5.988349706770e-01 true resid norm 2.812878168475e-02 ||r(i)||/||b|| 5.209521642376e-03
  378 KSP Residual norm 5.969796536666e-01
  378 KSP preconditioned resid norm 5.969796536666e-01 true resid norm 2.804154652224e-02 ||r(i)||/||b|| 5.193365469237e-03
  379 KSP Residual norm 5.951327625819e-01
  379 KSP preconditioned resid norm 5.951327625819e-01 true resid norm 2.795470833074e-02 ||r(i)||/||b|| 5.177282816137e-03
  380 KSP Residual norm 5.932942344018e-01
  380 KSP preconditioned resid norm 5.932942344018e-01 true resid norm 2.786826413465e-02 ||r(i)||/||b|| 5.161273131983e-03
  381 KSP Residual norm 5.914640067803e-01
  381 KSP preconditioned resid norm 5.914640067803e-01 true resid norm 2.778221099026e-02 ||r(i)||/||b|| 5.145335871597e-03
  382 KSP Residual norm 5.896420180380e-01
  382 KSP preconditioned resid norm 5.896420180380e-01 true resid norm 2.769654598542e-02 ||r(i)||/||b|| 5.129470495635e-03
  383 KSP Residual norm 5.878282071531e-01
  383 KSP preconditioned resid norm 5.878282071531e-01 true resid norm 2.761126623903e-02 ||r(i)||/||b|| 5.113676470518e-03
  384 KSP Residual norm 5.860225137530e-01
  384 KSP preconditioned resid norm 5.860225137530e-01 true resid norm 2.752636890073e-02 ||r(i)||/||b|| 5.097953268347e-03
  385 KSP Residual norm 5.842248781062e-01
  385 KSP preconditioned resid norm 5.842248781062e-01 true resid norm 2.744185115045e-02 ||r(i)||/||b|| 5.082300366839e-03
  386 KSP Residual norm 5.824352411135e-01
  386 KSP preconditioned resid norm 5.824352411135e-01 true resid norm 2.735771019804e-02 ||r(i)||/||b|| 5.066717249251e-03
  387 KSP Residual norm 5.806535443007e-01
  387 KSP preconditioned resid norm 5.806535443007e-01 true resid norm 2.727394328286e-02 ||r(i)||/||b|| 5.051203404307e-03
  388 KSP Residual norm 5.788797298095e-01
  388 KSP preconditioned resid norm 5.788797298095e-01 true resid norm 2.719054767345e-02 ||r(i)||/||b|| 5.035758326132e-03
  389 KSP Residual norm 5.771137403905e-01
  389 KSP preconditioned resid norm 5.771137403905e-01 true resid norm 2.710752066711e-02 ||r(i)||/||b|| 5.020381514178e-03
  390 KSP Residual norm 5.753555193951e-01
  390 KSP preconditioned resid norm 5.753555193951e-01 true resid norm 2.702485958953e-02 ||r(i)||/||b|| 5.005072473158e-03
  391 KSP Residual norm 5.736050107676e-01
  391 KSP preconditioned resid norm 5.736050107676e-01 true resid norm 2.694256179445e-02 ||r(i)||/||b|| 4.989830712980e-03
  392 KSP Residual norm 5.718621590380e-01
  392 KSP preconditioned resid norm 5.718621590380e-01 true resid norm 2.686062466332e-02 ||r(i)||/||b|| 4.974655748677e-03
  393 KSP Residual norm 5.701269093141e-01
  393 KSP preconditioned resid norm 5.701269093141e-01 true resid norm 2.677904560489e-02 ||r(i)||/||b|| 4.959547100346e-03
  394 KSP Residual norm 5.683992072749e-01
  394 KSP preconditioned resid norm 5.683992072749e-01 true resid norm 2.669782205491e-02 ||r(i)||/||b|| 4.944504293080e-03
  395 KSP Residual norm 5.666789991622e-01
  395 KSP preconditioned resid norm 5.666789991622e-01 true resid norm 2.661695147575e-02 ||r(i)||/||b|| 4.929526856905e-03
  396 KSP Residual norm 5.649662317747e-01
  396 KSP preconditioned resid norm 5.649662317747e-01 true resid norm 2.653643135610e-02 ||r(i)||/||b|| 4.914614326720e-03
  397 KSP Residual norm 5.632608524601e-01
  397 KSP preconditioned resid norm 5.632608524601e-01 true resid norm 2.645625921062e-02 ||r(i)||/||b|| 4.899766242232e-03
  398 KSP Residual norm 5.615628091084e-01
  398 KSP preconditioned resid norm 5.615628091084e-01 true resid norm 2.637643257960e-02 ||r(i)||/||b|| 4.884982147897e-03
  399 KSP Residual norm 5.598720501451e-01
  399 KSP preconditioned resid norm 5.598720501451e-01 true resid norm 2.629694902864e-02 ||r(i)||/||b|| 4.870261592860e-03
  400 KSP Residual norm 5.581885245244e-01
  400 KSP preconditioned resid norm 5.581885245244e-01 true resid norm 2.621780614835e-02 ||r(i)||/||b|| 4.855604130893e-03
  401 KSP Residual norm 5.565121817228e-01
  401 KSP preconditioned resid norm 5.565121817228e-01 true resid norm 2.613900155401e-02 ||r(i)||/||b|| 4.841009320342e-03
  402 KSP Residual norm 5.548429717320e-01
  402 KSP preconditioned resid norm 5.548429717320e-01 true resid norm 2.606053288528e-02 ||r(i)||/||b|| 4.826476724065e-03
  403 KSP Residual norm 5.531808450529e-01
  403 KSP preconditioned resid norm 5.531808450529e-01 true resid norm 2.598239780588e-02 ||r(i)||/||b|| 4.812005909376e-03
  404 KSP Residual norm 5.515257526891e-01
  404 KSP preconditioned resid norm 5.515257526891e-01 true resid norm 2.590459400329e-02 ||r(i)||/||b|| 4.797596447992e-03
  405 KSP Residual norm 5.498776461405e-01
  405 KSP preconditioned resid norm 5.498776461405e-01 true resid norm 2.582711918845e-02 ||r(i)||/||b|| 4.783247915974e-03
  406 KSP Residual norm 5.482364773972e-01
  406 KSP preconditioned resid norm 5.482364773972e-01 true resid norm 2.574997109549e-02 ||r(i)||/||b|| 4.768959893676e-03
  407 KSP Residual norm 5.466021989335e-01
  407 KSP preconditioned resid norm 5.466021989335e-01 true resid norm 2.567314748142e-02 ||r(i)||/||b|| 4.754731965689e-03
  408 KSP Residual norm 5.449747637015e-01
  408 KSP preconditioned resid norm 5.449747637015e-01 true resid norm 2.559664612582e-02 ||r(i)||/||b|| 4.740563720789e-03
  409 KSP Residual norm 5.433541251257e-01
  409 KSP preconditioned resid norm 5.433541251257e-01 true resid norm 2.552046483062e-02 ||r(i)||/||b|| 4.726454751886e-03
  410 KSP Residual norm 5.417402370966e-01
  410 KSP preconditioned resid norm 5.417402370966e-01 true resid norm 2.544460141978e-02 ||r(i)||/||b|| 4.712404655971e-03
  411 KSP Residual norm 5.401330539653e-01
  411 KSP preconditioned resid norm 5.401330539653e-01 true resid norm 2.536905373902e-02 ||r(i)||/||b|| 4.698413034067e-03
  412 KSP Residual norm 5.385325305377e-01
  412 KSP preconditioned resid norm 5.385325305377e-01 true resid norm 2.529381965556e-02 ||r(i)||/||b|| 4.684479491177e-03
  413 KSP Residual norm 5.369386220688e-01
  413 KSP preconditioned resid norm 5.369386220688e-01 true resid norm 2.521889705785e-02 ||r(i)||/||b|| 4.670603636238e-03
  414 KSP Residual norm 5.353512842573e-01
  414 KSP preconditioned resid norm 5.353512842573e-01 true resid norm 2.514428385530e-02 ||r(i)||/||b|| 4.656785082067e-03
  415 KSP Residual norm 5.337704732399e-01
  415 KSP preconditioned resid norm 5.337704732399e-01 true resid norm 2.506997797806e-02 ||r(i)||/||b|| 4.643023445320e-03
  416 KSP Residual norm 5.321961455862e-01
  416 KSP preconditioned resid norm 5.321961455862e-01 true resid norm 2.499597737669e-02 ||r(i)||/||b|| 4.629318346441e-03
  417 KSP Residual norm 5.306282582934e-01
  417 KSP preconditioned resid norm 5.306282582934e-01 true resid norm 2.492228002200e-02 ||r(i)||/||b|| 4.615669409613e-03
  418 KSP Residual norm 5.290667687806e-01
  418 KSP preconditioned resid norm 5.290667687806e-01 true resid norm 2.484888390473e-02 ||r(i)||/||b|| 4.602076262719e-03
  419 KSP Residual norm 5.275116348842e-01
  419 KSP preconditioned resid norm 5.275116348842e-01 true resid norm 2.477578703534e-02 ||r(i)||/||b|| 4.588538537290e-03
  420 KSP Residual norm 5.259628148525e-01
  420 KSP preconditioned resid norm 5.259628148525e-01 true resid norm 2.470298744375e-02 ||r(i)||/||b|| 4.575055868464e-03
  421 KSP Residual norm 5.244202673408e-01
  421 KSP preconditioned resid norm 5.244202673408e-01 true resid norm 2.463048317913e-02 ||r(i)||/||b|| 4.561627894941e-03
  422 KSP Residual norm 5.228839514063e-01
  422 KSP preconditioned resid norm 5.228839514063e-01 true resid norm 2.455827230964e-02 ||r(i)||/||b|| 4.548254258939e-03
  423 KSP Residual norm 5.213538265033e-01
  423 KSP preconditioned resid norm 5.213538265033e-01 true resid norm 2.448635292221e-02 ||r(i)||/||b|| 4.534934606153e-03
  424 KSP Residual norm 5.198298524786e-01
  424 KSP preconditioned resid norm 5.198298524786e-01 true resid norm 2.441472312230e-02 ||r(i)||/||b|| 4.521668585711e-03
  425 KSP Residual norm 5.183119895662e-01
  425 KSP preconditioned resid norm 5.183119895662e-01 true resid norm 2.434338103371e-02 ||r(i)||/||b|| 4.508455850133e-03
  426 KSP Residual norm 5.168001983832e-01
  426 KSP preconditioned resid norm 5.168001983832e-01 true resid norm 2.427232479830e-02 ||r(i)||/||b|| 4.495296055289e-03
  427 KSP Residual norm 5.152944399247e-01
  427 KSP preconditioned resid norm 5.152944399247e-01 true resid norm 2.420155257583e-02 ||r(i)||/||b|| 4.482188860361e-03
  428 KSP Residual norm 5.137946755597e-01
  428 KSP preconditioned resid norm 5.137946755597e-01 true resid norm 2.413106254371e-02 ||r(i)||/||b|| 4.469133927800e-03
  429 KSP Residual norm 5.123008670262e-01
  429 KSP preconditioned resid norm 5.123008670262e-01 true resid norm 2.406085289679e-02 ||r(i)||/||b|| 4.456130923289e-03
  430 KSP Residual norm 5.108129764270e-01
  430 KSP preconditioned resid norm 5.108129764270e-01 true resid norm 2.399092184716e-02 ||r(i)||/||b|| 4.443179515703e-03
  431 KSP Residual norm 5.093309662251e-01
  431 KSP preconditioned resid norm 5.093309662251e-01 true resid norm 2.392126762395e-02 ||r(i)||/||b|| 4.430279377069e-03
  432 KSP Residual norm 5.078547992397e-01
  432 KSP preconditioned resid norm 5.078547992397e-01 true resid norm 2.385188847309e-02 ||r(i)||/||b|| 4.417430182533e-03
  433 KSP Residual norm 5.063844386416e-01
  433 KSP preconditioned resid norm 5.063844386416e-01 true resid norm 2.378278265715e-02 ||r(i)||/||b|| 4.404631610317e-03
  434 KSP Residual norm 5.049198479494e-01
  434 KSP preconditioned resid norm 5.049198479494e-01 true resid norm 2.371394845512e-02 ||r(i)||/||b|| 4.391883341685e-03
  435 KSP Residual norm 5.034609910249e-01
  435 KSP preconditioned resid norm 5.034609910249e-01 true resid norm 2.364538416223e-02 ||r(i)||/||b|| 4.379185060909e-03
  436 KSP Residual norm 5.020078320693e-01
  436 KSP preconditioned resid norm 5.020078320693e-01 true resid norm 2.357708808971e-02 ||r(i)||/||b|| 4.366536455227e-03
  437 KSP Residual norm 5.005603356192e-01
  437 KSP preconditioned resid norm 5.005603356192e-01 true resid norm 2.350905856468e-02 ||r(i)||/||b|| 4.353937214814e-03
  438 KSP Residual norm 4.991184665423e-01
  438 KSP preconditioned resid norm 4.991184665423e-01 true resid norm 2.344129392989e-02 ||r(i)||/||b|| 4.341387032743e-03
  439 KSP Residual norm 4.976821900340e-01
  439 KSP preconditioned resid norm 4.976821900340e-01 true resid norm 2.337379254354e-02 ||r(i)||/||b|| 4.328885604954e-03
  440 KSP Residual norm 4.962514716129e-01
  440 KSP preconditioned resid norm 4.962514716129e-01 true resid norm 2.330655277917e-02 ||r(i)||/||b|| 4.316432630216e-03
  441 KSP Residual norm 4.948262771176e-01
  441 KSP preconditioned resid norm 4.948262771176e-01 true resid norm 2.323957302538e-02 ||r(i)||/||b|| 4.304027810097e-03
  442 KSP Residual norm 4.934065727024e-01
  442 KSP preconditioned resid norm 4.934065727024e-01 true resid norm 2.317285168572e-02 ||r(i)||/||b|| 4.291670848929e-03
  443 KSP Residual norm 4.919923248340e-01
  443 KSP preconditioned resid norm 4.919923248340e-01 true resid norm 2.310638717848e-02 ||r(i)||/||b|| 4.279361453777e-03
  444 KSP Residual norm 4.905835002875e-01
  444 KSP preconditioned resid norm 4.905835002875e-01 true resid norm 2.304017793654e-02 ||r(i)||/||b|| 4.267099334404e-03
  445 KSP Residual norm 4.891800661430e-01
  445 KSP preconditioned resid norm 4.891800661430e-01 true resid norm 2.297422240718e-02 ||r(i)||/||b|| 4.254884203245e-03
  446 KSP Residual norm 4.877819897820e-01
  446 KSP preconditioned resid norm 4.877819897820e-01 true resid norm 2.290851905192e-02 ||r(i)||/||b|| 4.242715775368e-03
  447 KSP Residual norm 4.863892388839e-01
  447 KSP preconditioned resid norm 4.863892388839e-01 true resid norm 2.284306634635e-02 ||r(i)||/||b|| 4.230593768449e-03
  448 KSP Residual norm 4.850017814222e-01
  448 KSP preconditioned resid norm 4.850017814222e-01 true resid norm 2.277786277998e-02 ||r(i)||/||b|| 4.218517902741e-03
  449 KSP Residual norm 4.836195856616e-01
  449 KSP preconditioned resid norm 4.836195856616e-01 true resid norm 2.271290685605e-02 ||r(i)||/||b|| 4.206487901039e-03
  450 KSP Residual norm 4.822426201541e-01
  450 KSP preconditioned resid norm 4.822426201541e-01 true resid norm 2.264819709139e-02 ||r(i)||/||b|| 4.194503488658e-03
  451 KSP Residual norm 4.808708537363e-01
  451 KSP preconditioned resid norm 4.808708537363e-01 true resid norm 2.258373201625e-02 ||r(i)||/||b|| 4.182564393397e-03
  452 KSP Residual norm 4.795042555253e-01
  452 KSP preconditioned resid norm 4.795042555253e-01 true resid norm 2.251951017417e-02 ||r(i)||/||b|| 4.170670345515e-03
  453 KSP Residual norm 4.781427949160e-01
  453 KSP preconditioned resid norm 4.781427949160e-01 true resid norm 2.245553012179e-02 ||r(i)||/||b|| 4.158821077698e-03
  454 KSP Residual norm 4.767864415779e-01
  454 KSP preconditioned resid norm 4.767864415779e-01 true resid norm 2.239179042873e-02 ||r(i)||/||b|| 4.147016325036e-03
  455 KSP Residual norm 4.754351654516e-01
  455 KSP preconditioned resid norm 4.754351654516e-01 true resid norm 2.232828967741e-02 ||r(i)||/||b|| 4.135255824990e-03
  456 KSP Residual norm 4.740889367460e-01
  456 KSP preconditioned resid norm 4.740889367460e-01 true resid norm 2.226502646294e-02 ||r(i)||/||b|| 4.123539317369e-03
  457 KSP Residual norm 4.727477259351e-01
  457 KSP preconditioned resid norm 4.727477259351e-01 true resid norm 2.220199939292e-02 ||r(i)||/||b|| 4.111866544301e-03
  458 KSP Residual norm 4.714115037547e-01
  458 KSP preconditioned resid norm 4.714115037547e-01 true resid norm 2.213920708737e-02 ||r(i)||/||b|| 4.100237250206e-03
  459 KSP Residual norm 4.700802411999e-01
  459 KSP preconditioned resid norm 4.700802411999e-01 true resid norm 2.207664817852e-02 ||r(i)||/||b|| 4.088651181771e-03
  460 KSP Residual norm 4.687539095219e-01
  460 KSP preconditioned resid norm 4.687539095219e-01 true resid norm 2.201432131069e-02 ||r(i)||/||b|| 4.077108087922e-03
  461 KSP Residual norm 4.674324802248e-01
  461 KSP preconditioned resid norm 4.674324802248e-01 true resid norm 2.195222514019e-02 ||r(i)||/||b|| 4.065607719802e-03
  462 KSP Residual norm 4.661159250631e-01
  462 KSP preconditioned resid norm 4.661159250631e-01 true resid norm 2.189035833513e-02 ||r(i)||/||b|| 4.054149830742e-03
  463 KSP Residual norm 4.648042160389e-01
  463 KSP preconditioned resid norm 4.648042160389e-01 true resid norm 2.182871957530e-02 ||r(i)||/||b|| 4.042734176238e-03
  464 KSP Residual norm 4.634973253987e-01
  464 KSP preconditioned resid norm 4.634973253987e-01 true resid norm 2.176730755206e-02 ||r(i)||/||b|| 4.031360513925e-03
  465 KSP Residual norm 4.621952256309e-01
  465 KSP preconditioned resid norm 4.621952256309e-01 true resid norm 2.170612096819e-02 ||r(i)||/||b|| 4.020028603555e-03
  466 KSP Residual norm 4.608978894631e-01
  466 KSP preconditioned resid norm 4.608978894631e-01 true resid norm 2.164515853777e-02 ||r(i)||/||b|| 4.008738206970e-03
  467 KSP Residual norm 4.596052898590e-01
  467 KSP preconditioned resid norm 4.596052898590e-01 true resid norm 2.158441898603e-02 ||r(i)||/||b|| 3.997489088083e-03
  468 KSP Residual norm 4.583174000164e-01
  468 KSP preconditioned resid norm 4.583174000164e-01 true resid norm 2.152390104926e-02 ||r(i)||/||b|| 3.986281012849e-03
  469 KSP Residual norm 4.570341933641e-01
  469 KSP preconditioned resid norm 4.570341933641e-01 true resid norm 2.146360347465e-02 ||r(i)||/||b|| 3.975113749245e-03
  470 KSP Residual norm 4.557556435593e-01
  470 KSP preconditioned resid norm 4.557556435593e-01 true resid norm 2.140352502019e-02 ||r(i)||/||b|| 3.963987067249e-03
  471 KSP Residual norm 4.544817244852e-01
  471 KSP preconditioned resid norm 4.544817244852e-01 true resid norm 2.134366445454e-02 ||r(i)||/||b|| 3.952900738812e-03
  472 KSP Residual norm 4.532124102486e-01
  472 KSP preconditioned resid norm 4.532124102486e-01 true resid norm 2.128402055691e-02 ||r(i)||/||b|| 3.941854537842e-03
  473 KSP Residual norm 4.519476751768e-01
  473 KSP preconditioned resid norm 4.519476751768e-01 true resid norm 2.122459211695e-02 ||r(i)||/||b|| 3.930848240178e-03
  474 KSP Residual norm 4.506874938160e-01
  474 KSP preconditioned resid norm 4.506874938160e-01 true resid norm 2.116537793463e-02 ||r(i)||/||b|| 3.919881623572e-03
  475 KSP Residual norm 4.494318409282e-01
  475 KSP preconditioned resid norm 4.494318409282e-01 true resid norm 2.110637682011e-02 ||r(i)||/||b|| 3.908954467663e-03
  476 KSP Residual norm 4.481806914891e-01
  476 KSP preconditioned resid norm 4.481806914891e-01 true resid norm 2.104758759365e-02 ||r(i)||/||b|| 3.898066553959e-03
  477 KSP Residual norm 4.469340206855e-01
  477 KSP preconditioned resid norm 4.469340206855e-01 true resid norm 2.098900908549e-02 ||r(i)||/||b|| 3.887217665817e-03
  478 KSP Residual norm 4.456918039134e-01
  478 KSP preconditioned resid norm 4.456918039134e-01 true resid norm 2.093064013571e-02 ||r(i)||/||b|| 3.876407588421e-03
  479 KSP Residual norm 4.444540167750e-01
  479 KSP preconditioned resid norm 4.444540167750e-01 true resid norm 2.087247959419e-02 ||r(i)||/||b|| 3.865636108760e-03
  480 KSP Residual norm 4.432206350772e-01
  480 KSP preconditioned resid norm 4.432206350772e-01 true resid norm 2.081452632042e-02 ||r(i)||/||b|| 3.854903015613e-03
  481 KSP Residual norm 4.419916348288e-01
  481 KSP preconditioned resid norm 4.419916348288e-01 true resid norm 2.075677918346e-02 ||r(i)||/||b|| 3.844208099525e-03
  482 KSP Residual norm 4.407669922385e-01
  482 KSP preconditioned resid norm 4.407669922385e-01 true resid norm 2.069923706179e-02 ||r(i)||/||b|| 3.833551152788e-03
  483 KSP Residual norm 4.395466837125e-01
  483 KSP preconditioned resid norm 4.395466837125e-01 true resid norm 2.064189884324e-02 ||r(i)||/||b|| 3.822931969425e-03
  484 KSP Residual norm 4.383306858528e-01
  484 KSP preconditioned resid norm 4.383306858528e-01 true resid norm 2.058476342485e-02 ||r(i)||/||b|| 3.812350345166e-03
  485 KSP Residual norm 4.371189754544e-01
  485 KSP preconditioned resid norm 4.371189754544e-01 true resid norm 2.052782971281e-02 ||r(i)||/||b|| 3.801806077433e-03
  486 KSP Residual norm 4.359115295038e-01
  486 KSP preconditioned resid norm 4.359115295038e-01 true resid norm 2.047109662233e-02 ||r(i)||/||b|| 3.791298965323e-03
  487 KSP Residual norm 4.347083251765e-01
  487 KSP preconditioned resid norm 4.347083251765e-01 true resid norm 2.041456307756e-02 ||r(i)||/||b|| 3.780828809584e-03
  488 KSP Residual norm 4.335093398352e-01
  488 KSP preconditioned resid norm 4.335093398352e-01 true resid norm 2.035822801148e-02 ||r(i)||/||b|| 3.770395412600e-03
  489 KSP Residual norm 4.323145510277e-01
  489 KSP preconditioned resid norm 4.323145510277e-01 true resid norm 2.030209036581e-02 ||r(i)||/||b|| 3.759998578378e-03
  490 KSP Residual norm 4.311239364848e-01
  490 KSP preconditioned resid norm 4.311239364848e-01 true resid norm 2.024614909091e-02 ||r(i)||/||b|| 3.749638112520e-03
  491 KSP Residual norm 4.299374741182e-01
  491 KSP preconditioned resid norm 4.299374741182e-01 true resid norm 2.019040314571e-02 ||r(i)||/||b|| 3.739313822217e-03
  492 KSP Residual norm 4.287551420192e-01
  492 KSP preconditioned resid norm 4.287551420192e-01 true resid norm 2.013485149758e-02 ||r(i)||/||b|| 3.729025516222e-03
  493 KSP Residual norm 4.275769184559e-01
  493 KSP preconditioned resid norm 4.275769184559e-01 true resid norm 2.007949312225e-02 ||r(i)||/||b|| 3.718773004840e-03
  494 KSP Residual norm 4.264027818717e-01
  494 KSP preconditioned resid norm 4.264027818717e-01 true resid norm 2.002432700374e-02 ||r(i)||/||b|| 3.708556099909e-03
  495 KSP Residual norm 4.252327108838e-01
  495 KSP preconditioned resid norm 4.252327108838e-01 true resid norm 1.996935213426e-02 ||r(i)||/||b|| 3.698374614783e-03
  496 KSP Residual norm 4.240666842805e-01
  496 KSP preconditioned resid norm 4.240666842805e-01 true resid norm 1.991456751411e-02 ||r(i)||/||b|| 3.688228364316e-03
  497 KSP Residual norm 4.229046810200e-01
  497 KSP preconditioned resid norm 4.229046810200e-01 true resid norm 1.985997215162e-02 ||r(i)||/||b|| 3.678117164846e-03
  498 KSP Residual norm 4.217466802286e-01
  498 KSP preconditioned resid norm 4.217466802286e-01 true resid norm 1.980556506303e-02 ||r(i)||/||b|| 3.668040834179e-03
  499 KSP Residual norm 4.205926611984e-01
  499 KSP preconditioned resid norm 4.205926611984e-01 true resid norm 1.975134527244e-02 ||r(i)||/||b|| 3.657999191575e-03
  500 KSP Residual norm 4.194426033861e-01
  500 KSP preconditioned resid norm 4.194426033861e-01 true resid norm 1.969731181168e-02 ||r(i)||/||b|| 3.647992057730e-03
  501 KSP Residual norm 4.182964864108e-01
  501 KSP preconditioned resid norm 4.182964864108e-01 true resid norm 1.964346372030e-02 ||r(i)||/||b|| 3.638019254762e-03
  502 KSP Residual norm 4.171542900528e-01
  502 KSP preconditioned resid norm 4.171542900528e-01 true resid norm 1.958980004540e-02 ||r(i)||/||b|| 3.628080606196e-03
  503 KSP Residual norm 4.160159942513e-01
  503 KSP preconditioned resid norm 4.160159942513e-01 true resid norm 1.953631984164e-02 ||r(i)||/||b|| 3.618175936948e-03
  504 KSP Residual norm 4.148815791031e-01
  504 KSP preconditioned resid norm 4.148815791031e-01 true resid norm 1.948302217109e-02 ||r(i)||/||b|| 3.608305073313e-03
  505 KSP Residual norm 4.137510248609e-01
  505 KSP preconditioned resid norm 4.137510248609e-01 true resid norm 1.942990610318e-02 ||r(i)||/||b|| 3.598467842947e-03
  506 KSP Residual norm 4.126243119316e-01
  506 KSP preconditioned resid norm 4.126243119316e-01 true resid norm 1.937697071462e-02 ||r(i)||/||b|| 3.588664074855e-03
  507 KSP Residual norm 4.115014208748e-01
  507 KSP preconditioned resid norm 4.115014208748e-01 true resid norm 1.932421508933e-02 ||r(i)||/||b|| 3.578893599377e-03
  508 KSP Residual norm 4.103823324008e-01
  508 KSP preconditioned resid norm 4.103823324008e-01 true resid norm 1.927163831837e-02 ||r(i)||/||b|| 3.569156248172e-03
  509 KSP Residual norm 4.092670273696e-01
  509 KSP preconditioned resid norm 4.092670273696e-01 true resid norm 1.921923949982e-02 ||r(i)||/||b|| 3.559451854206e-03
  510 KSP Residual norm 4.081554867890e-01
  510 KSP preconditioned resid norm 4.081554867890e-01 true resid norm 1.916701773877e-02 ||r(i)||/||b|| 3.549780251737e-03
  511 KSP Residual norm 4.070476918131e-01
  511 KSP preconditioned resid norm 4.070476918131e-01 true resid norm 1.911497214721e-02 ||r(i)||/||b|| 3.540141276303e-03
  512 KSP Residual norm 4.059436237409e-01
  512 KSP preconditioned resid norm 4.059436237409e-01 true resid norm 1.906310184395e-02 ||r(i)||/||b|| 3.530534764708e-03
  513 KSP Residual norm 4.048432640145e-01
  513 KSP preconditioned resid norm 4.048432640145e-01 true resid norm 1.901140595460e-02 ||r(i)||/||b|| 3.520960555009e-03
  514 KSP Residual norm 4.037465942180e-01
  514 KSP preconditioned resid norm 4.037465942180e-01 true resid norm 1.895988361142e-02 ||r(i)||/||b|| 3.511418486503e-03
  515 KSP Residual norm 4.026535960758e-01
  515 KSP preconditioned resid norm 4.026535960758e-01 true resid norm 1.890853395334e-02 ||r(i)||/||b|| 3.501908399713e-03
  516 KSP Residual norm 4.015642514514e-01
  516 KSP preconditioned resid norm 4.015642514514e-01 true resid norm 1.885735612581e-02 ||r(i)||/||b|| 3.492430136377e-03
  517 KSP Residual norm 4.004785423454e-01
  517 KSP preconditioned resid norm 4.004785423454e-01 true resid norm 1.880634928079e-02 ||r(i)||/||b|| 3.482983539436e-03
  518 KSP Residual norm 3.993964508948e-01
  518 KSP preconditioned resid norm 3.993964508948e-01 true resid norm 1.875551257666e-02 ||r(i)||/||b|| 3.473568453018e-03
  519 KSP Residual norm 3.983179593712e-01
  519 KSP preconditioned resid norm 3.983179593712e-01 true resid norm 1.870484517816e-02 ||r(i)||/||b|| 3.464184722431e-03
  520 KSP Residual norm 3.972430501794e-01
  520 KSP preconditioned resid norm 3.972430501794e-01 true resid norm 1.865434625631e-02 ||r(i)||/||b|| 3.454832194147e-03
  521 KSP Residual norm 3.961717058564e-01
  521 KSP preconditioned resid norm 3.961717058564e-01 true resid norm 1.860401498836e-02 ||r(i)||/||b|| 3.445510715792e-03
  522 KSP Residual norm 3.951039090695e-01
  522 KSP preconditioned resid norm 3.951039090695e-01 true resid norm 1.855385055775e-02 ||r(i)||/||b|| 3.436220136133e-03
  523 KSP Residual norm 3.940396426155e-01
  523 KSP preconditioned resid norm 3.940396426155e-01 true resid norm 1.850385215398e-02 ||r(i)||/||b|| 3.426960305066e-03
  524 KSP Residual norm 3.929788894190e-01
  524 KSP preconditioned resid norm 3.929788894190e-01 true resid norm 1.845401897263e-02 ||r(i)||/||b|| 3.417731073609e-03
  525 KSP Residual norm 3.919216325315e-01
  525 KSP preconditioned resid norm 3.919216325315e-01 true resid norm 1.840435021523e-02 ||r(i)||/||b|| 3.408532293884e-03
  526 KSP Residual norm 3.908678551297e-01
  526 KSP preconditioned resid norm 3.908678551297e-01 true resid norm 1.835484508923e-02 ||r(i)||/||b|| 3.399363819111e-03
  527 KSP Residual norm 3.898175405144e-01
  527 KSP preconditioned resid norm 3.898175405144e-01 true resid norm 1.830550280796e-02 ||r(i)||/||b|| 3.390225503593e-03
  528 KSP Residual norm 3.887706721095e-01
  528 KSP preconditioned resid norm 3.887706721095e-01 true resid norm 1.825632259053e-02 ||r(i)||/||b|| 3.381117202709e-03
  529 KSP Residual norm 3.877272334604e-01
  529 KSP preconditioned resid norm 3.877272334604e-01 true resid norm 1.820730366179e-02 ||r(i)||/||b|| 3.372038772901e-03
  530 KSP Residual norm 3.866872082329e-01
  530 KSP preconditioned resid norm 3.866872082329e-01 true resid norm 1.815844525230e-02 ||r(i)||/||b|| 3.362990071662e-03
  531 KSP Residual norm 3.856505802121e-01
  531 KSP preconditioned resid norm 3.856505802121e-01 true resid norm 1.810974659821e-02 ||r(i)||/||b|| 3.353970957528e-03
  532 KSP Residual norm 3.846173333011e-01
  532 KSP preconditioned resid norm 3.846173333011e-01 true resid norm 1.806120694126e-02 ||r(i)||/||b|| 3.344981290069e-03
  533 KSP Residual norm 3.835874515199e-01
  533 KSP preconditioned resid norm 3.835874515199e-01 true resid norm 1.801282552870e-02 ||r(i)||/||b|| 3.336020929872e-03
  534 KSP Residual norm 3.825609190042e-01
  534 KSP preconditioned resid norm 3.825609190042e-01 true resid norm 1.796460161326e-02 ||r(i)||/||b|| 3.327089738539e-03
  535 KSP Residual norm 3.815377200044e-01
  535 KSP preconditioned resid norm 3.815377200044e-01 true resid norm 1.791653445304e-02 ||r(i)||/||b|| 3.318187578671e-03
  536 KSP Residual norm 3.805178388839e-01
  536 KSP preconditioned resid norm 3.805178388839e-01 true resid norm 1.786862331152e-02 ||r(i)||/||b|| 3.309314313861e-03
  537 KSP Residual norm 3.795012601188e-01
  537 KSP preconditioned resid norm 3.795012601188e-01 true resid norm 1.782086745746e-02 ||r(i)||/||b|| 3.300469808684e-03
  538 KSP Residual norm 3.784879682964e-01
  538 KSP preconditioned resid norm 3.784879682964e-01 true resid norm 1.777326616490e-02 ||r(i)||/||b|| 3.291653928686e-03
  539 KSP Residual norm 3.774779481138e-01
  539 KSP preconditioned resid norm 3.774779481138e-01 true resid norm 1.772581871303e-02 ||r(i)||/||b|| 3.282866540375e-03
  540 KSP Residual norm 3.764711843775e-01
  540 KSP preconditioned resid norm 3.764711843775e-01 true resid norm 1.767852438623e-02 ||r(i)||/||b|| 3.274107511214e-03
  541 KSP Residual norm 3.754676620016e-01
  541 KSP preconditioned resid norm 3.754676620016e-01 true resid norm 1.763138247394e-02 ||r(i)||/||b|| 3.265376709606e-03
  542 KSP Residual norm 3.744673660073e-01
  542 KSP preconditioned resid norm 3.744673660073e-01 true resid norm 1.758439227065e-02 ||r(i)||/||b|| 3.256674004891e-03
  543 KSP Residual norm 3.734702815218e-01
  543 KSP preconditioned resid norm 3.734702815218e-01 true resid norm 1.753755307587e-02 ||r(i)||/||b|| 3.247999267334e-03
  544 KSP Residual norm 3.724763937768e-01
  544 KSP preconditioned resid norm 3.724763937768e-01 true resid norm 1.749086419402e-02 ||r(i)||/||b|| 3.239352368113e-03
  545 KSP Residual norm 3.714856881082e-01
  545 KSP preconditioned resid norm 3.714856881082e-01 true resid norm 1.744432493446e-02 ||r(i)||/||b|| 3.230733179318e-03
  546 KSP Residual norm 3.704981499543e-01
  546 KSP preconditioned resid norm 3.704981499543e-01 true resid norm 1.739793461136e-02 ||r(i)||/||b|| 3.222141573933e-03
  547 KSP Residual norm 3.695137648556e-01
  547 KSP preconditioned resid norm 3.695137648556e-01 true resid norm 1.735169254372e-02 ||r(i)||/||b|| 3.213577425835e-03
  548 KSP Residual norm 3.685325184531e-01
  548 KSP preconditioned resid norm 3.685325184531e-01 true resid norm 1.730559805528e-02 ||r(i)||/||b|| 3.205040609780e-03
  549 KSP Residual norm 3.675543964880e-01
  549 KSP preconditioned resid norm 3.675543964880e-01 true resid norm 1.725965047452e-02 ||r(i)||/||b|| 3.196531001398e-03
  550 KSP Residual norm 3.665793848001e-01
  550 KSP preconditioned resid norm 3.665793848001e-01 true resid norm 1.721384913455e-02 ||r(i)||/||b|| 3.188048477182e-03
  551 KSP Residual norm 3.656074693274e-01
  551 KSP preconditioned resid norm 3.656074693274e-01 true resid norm 1.716819337313e-02 ||r(i)||/||b|| 3.179592914481e-03
  552 KSP Residual norm 3.646386361048e-01
  552 KSP preconditioned resid norm 3.646386361048e-01 true resid norm 1.712268253258e-02 ||r(i)||/||b|| 3.171164191494e-03
  553 KSP Residual norm 3.636728712633e-01
  553 KSP preconditioned resid norm 3.636728712633e-01 true resid norm 1.707731595978e-02 ||r(i)||/||b|| 3.162762187258e-03
  554 KSP Residual norm 3.627101610291e-01
  554 KSP preconditioned resid norm 3.627101610291e-01 true resid norm 1.703209300605e-02 ||r(i)||/||b|| 3.154386781640e-03
  555 KSP Residual norm 3.617504917228e-01
  555 KSP preconditioned resid norm 3.617504917228e-01 true resid norm 1.698701302722e-02 ||r(i)||/||b|| 3.146037855333e-03
  556 KSP Residual norm 3.607938497582e-01
  556 KSP preconditioned resid norm 3.607938497582e-01 true resid norm 1.694207538348e-02 ||r(i)||/||b|| 3.137715289847e-03
  557 KSP Residual norm 3.598402216416e-01
  557 KSP preconditioned resid norm 3.598402216416e-01 true resid norm 1.689727943940e-02 ||r(i)||/||b|| 3.129418967497e-03
  558 KSP Residual norm 3.588895939711e-01
  558 KSP preconditioned resid norm 3.588895939711e-01 true resid norm 1.685262456387e-02 ||r(i)||/||b|| 3.121148771400e-03
  559 KSP Residual norm 3.579419534354e-01
  559 KSP preconditioned resid norm 3.579419534354e-01 true resid norm 1.680811013007e-02 ||r(i)||/||b|| 3.112904585467e-03
  560 KSP Residual norm 3.569972868133e-01
  560 KSP preconditioned resid norm 3.569972868133e-01 true resid norm 1.676373551541e-02 ||r(i)||/||b|| 3.104686294393e-03
  561 KSP Residual norm 3.560555809725e-01
  561 KSP preconditioned resid norm 3.560555809725e-01 true resid norm 1.671950010151e-02 ||r(i)||/||b|| 3.096493783652e-03
  562 KSP Residual norm 3.551168228689e-01
  562 KSP preconditioned resid norm 3.551168228689e-01 true resid norm 1.667540327415e-02 ||r(i)||/||b|| 3.088326939490e-03
  563 KSP Residual norm 3.541809995461e-01
  563 KSP preconditioned resid norm 3.541809995461e-01 true resid norm 1.663144442323e-02 ||r(i)||/||b|| 3.080185648914e-03
  564 KSP Residual norm 3.532480981340e-01
  564 KSP preconditioned resid norm 3.532480981340e-01 true resid norm 1.658762294274e-02 ||r(i)||/||b|| 3.072069799689e-03
  565 KSP Residual norm 3.523181058485e-01
  565 KSP preconditioned resid norm 3.523181058485e-01 true resid norm 1.654393823071e-02 ||r(i)||/||b|| 3.063979280330e-03
  566 KSP Residual norm 3.513910099902e-01
  566 KSP preconditioned resid norm 3.513910099902e-01 true resid norm 1.650038968918e-02 ||r(i)||/||b|| 3.055913980094e-03
  567 KSP Residual norm 3.504667979444e-01
  567 KSP preconditioned resid norm 3.504667979444e-01 true resid norm 1.645697672418e-02 ||r(i)||/||b|| 3.047873788974e-03
  568 KSP Residual norm 3.495454571793e-01
  568 KSP preconditioned resid norm 3.495454571793e-01 true resid norm 1.641369874566e-02 ||r(i)||/||b|| 3.039858597691e-03
  569 KSP Residual norm 3.486269752462e-01
  569 KSP preconditioned resid norm 3.486269752462e-01 true resid norm 1.637055516746e-02 ||r(i)||/||b|| 3.031868297688e-03
  570 KSP Residual norm 3.477113397780e-01
  570 KSP preconditioned resid norm 3.477113397780e-01 true resid norm 1.632754540730e-02 ||r(i)||/||b|| 3.023902781127e-03
  571 KSP Residual norm 3.467985384889e-01
  571 KSP preconditioned resid norm 3.467985384889e-01 true resid norm 1.628466888673e-02 ||r(i)||/||b|| 3.015961940873e-03
  572 KSP Residual norm 3.458885591736e-01
  572 KSP preconditioned resid norm 3.458885591736e-01 true resid norm 1.624192503107e-02 ||r(i)||/||b|| 3.008045670498e-03
  573 KSP Residual norm 3.449813897063e-01
  573 KSP preconditioned resid norm 3.449813897063e-01 true resid norm 1.619931326942e-02 ||r(i)||/||b|| 3.000153864269e-03
  574 KSP Residual norm 3.440770180402e-01
  574 KSP preconditioned resid norm 3.440770180402e-01 true resid norm 1.615683303460e-02 ||r(i)||/||b|| 2.992286417142e-03
  575 KSP Residual norm 3.431754322069e-01
  575 KSP preconditioned resid norm 3.431754322069e-01 true resid norm 1.611448376312e-02 ||r(i)||/||b|| 2.984443224756e-03
  576 KSP Residual norm 3.422766203151e-01
  576 KSP preconditioned resid norm 3.422766203151e-01 true resid norm 1.607226489513e-02 ||r(i)||/||b|| 2.976624183427e-03
  577 KSP Residual norm 3.413805705509e-01
  577 KSP preconditioned resid norm 3.413805705509e-01 true resid norm 1.603017587442e-02 ||r(i)||/||b|| 2.968829190145e-03
  578 KSP Residual norm 3.404872711761e-01
  578 KSP preconditioned resid norm 3.404872711761e-01 true resid norm 1.598821614837e-02 ||r(i)||/||b|| 2.961058142561e-03
  579 KSP Residual norm 3.395967105280e-01
  579 KSP preconditioned resid norm 3.395967105280e-01 true resid norm 1.594638516792e-02 ||r(i)||/||b|| 2.953310938986e-03
  580 KSP Residual norm 3.387088770189e-01
  580 KSP preconditioned resid norm 3.387088770189e-01 true resid norm 1.590468238751e-02 ||r(i)||/||b|| 2.945587478387e-03
  581 KSP Residual norm 3.378237591349e-01
  581 KSP preconditioned resid norm 3.378237591349e-01 true resid norm 1.586310726512e-02 ||r(i)||/||b|| 2.937887660374e-03
  582 KSP Residual norm 3.369413454358e-01
  582 KSP preconditioned resid norm 3.369413454358e-01 true resid norm 1.582165926215e-02 ||r(i)||/||b|| 2.930211385200e-03
  583 KSP Residual norm 3.360616245539e-01
  583 KSP preconditioned resid norm 3.360616245539e-01 true resid norm 1.578033784345e-02 ||r(i)||/||b|| 2.922558553755e-03
  584 KSP Residual norm 3.351845851938e-01
  584 KSP preconditioned resid norm 3.351845851938e-01 true resid norm 1.573914247728e-02 ||r(i)||/||b|| 2.914929067557e-03
  585 KSP Residual norm 3.343102161316e-01
  585 KSP preconditioned resid norm 3.343102161316e-01 true resid norm 1.569807263525e-02 ||r(i)||/||b|| 2.907322828748e-03
  586 KSP Residual norm 3.334385062141e-01
  586 KSP preconditioned resid norm 3.334385062141e-01 true resid norm 1.565712779234e-02 ||r(i)||/||b|| 2.899739740092e-03
  587 KSP Residual norm 3.325694443585e-01
  587 KSP preconditioned resid norm 3.325694443585e-01 true resid norm 1.561630742680e-02 ||r(i)||/||b|| 2.892179704961e-03
  588 KSP Residual norm 3.317030195515e-01
  588 KSP preconditioned resid norm 3.317030195515e-01 true resid norm 1.557561102021e-02 ||r(i)||/||b|| 2.884642627341e-03
  589 KSP Residual norm 3.308392208488e-01
  589 KSP preconditioned resid norm 3.308392208488e-01 true resid norm 1.553503805736e-02 ||r(i)||/||b|| 2.877128411815e-03
  590 KSP Residual norm 3.299780373744e-01
  590 KSP preconditioned resid norm 3.299780373744e-01 true resid norm 1.549458802629e-02 ||r(i)||/||b|| 2.869636963567e-03
  591 KSP Residual norm 3.291194583203e-01
  591 KSP preconditioned resid norm 3.291194583203e-01 true resid norm 1.545426041824e-02 ||r(i)||/||b|| 2.862168188371e-03
  592 KSP Residual norm 3.282634729455e-01
  592 KSP preconditioned resid norm 3.282634729455e-01 true resid norm 1.541405472759e-02 ||r(i)||/||b|| 2.854721992588e-03
  593 KSP Residual norm 3.274100705757e-01
  593 KSP preconditioned resid norm 3.274100705757e-01 true resid norm 1.537397045189e-02 ||r(i)||/||b|| 2.847298283161e-03
  594 KSP Residual norm 3.265592406026e-01
  594 KSP preconditioned resid norm 3.265592406026e-01 true resid norm 1.533400709180e-02 ||r(i)||/||b|| 2.839896967609e-03
  595 KSP Residual norm 3.257109724832e-01
  595 KSP preconditioned resid norm 3.257109724832e-01 true resid norm 1.529416415103e-02 ||r(i)||/||b|| 2.832517954024e-03
  596 KSP Residual norm 3.248652557395e-01
  596 KSP preconditioned resid norm 3.248652557395e-01 true resid norm 1.525444113641e-02 ||r(i)||/||b|| 2.825161151062e-03
  597 KSP Residual norm 3.240220799580e-01
  597 KSP preconditioned resid norm 3.240220799580e-01 true resid norm 1.521483755774e-02 ||r(i)||/||b|| 2.817826467944e-03
  598 KSP Residual norm 3.231814347886e-01
  598 KSP preconditioned resid norm 3.231814347886e-01 true resid norm 1.517535292788e-02 ||r(i)||/||b|| 2.810513814444e-03
  599 KSP Residual norm 3.223433099447e-01
  599 KSP preconditioned resid norm 3.223433099447e-01 true resid norm 1.513598676262e-02 ||r(i)||/||b|| 2.803223100891e-03
  600 KSP Residual norm 3.215076952023e-01
  600 KSP preconditioned resid norm 3.215076952023e-01 true resid norm 1.509673858075e-02 ||r(i)||/||b|| 2.795954238159e-03
  601 KSP Residual norm 3.206745803993e-01
  601 KSP preconditioned resid norm 3.206745803993e-01 true resid norm 1.505760790396e-02 ||r(i)||/||b|| 2.788707137666e-03
  602 KSP Residual norm 3.198439554356e-01
  602 KSP preconditioned resid norm 3.198439554356e-01 true resid norm 1.501859425686e-02 ||r(i)||/||b|| 2.781481711368e-03
  603 KSP Residual norm 3.190158102718e-01
  603 KSP preconditioned resid norm 3.190158102718e-01 true resid norm 1.497969716693e-02 ||r(i)||/||b|| 2.774277871754e-03
  604 KSP Residual norm 3.181901349293e-01
  604 KSP preconditioned resid norm 3.181901349293e-01 true resid norm 1.494091616451e-02 ||r(i)||/||b|| 2.767095531840e-03
  605 KSP Residual norm 3.173669194895e-01
  605 KSP preconditioned resid norm 3.173669194895e-01 true resid norm 1.490225078277e-02 ||r(i)||/||b|| 2.759934605168e-03
  606 KSP Residual norm 3.165461540932e-01
  606 KSP preconditioned resid norm 3.165461540932e-01 true resid norm 1.486370055767e-02 ||r(i)||/||b|| 2.752795005799e-03
  607 KSP Residual norm 3.157278289402e-01
  607 KSP preconditioned resid norm 3.157278289402e-01 true resid norm 1.482526502799e-02 ||r(i)||/||b|| 2.745676648311e-03
  608 KSP Residual norm 3.149119342891e-01
  608 KSP preconditioned resid norm 3.149119342891e-01 true resid norm 1.478694373522e-02 ||r(i)||/||b|| 2.738579447791e-03
  609 KSP Residual norm 3.140984604563e-01
  609 KSP preconditioned resid norm 3.140984604563e-01 true resid norm 1.474873622364e-02 ||r(i)||/||b|| 2.731503319833e-03
  610 KSP Residual norm 3.132873978158e-01
  610 KSP preconditioned resid norm 3.132873978158e-01 true resid norm 1.471064204019e-02 ||r(i)||/||b|| 2.724448180534e-03
  611 KSP Residual norm 3.124787367986e-01
  611 KSP preconditioned resid norm 3.124787367986e-01 true resid norm 1.467266073455e-02 ||r(i)||/||b|| 2.717413946488e-03
  612 KSP Residual norm 3.116724678924e-01
  612 KSP preconditioned resid norm 3.116724678924e-01 true resid norm 1.463479185902e-02 ||r(i)||/||b|| 2.710400534786e-03
  613 KSP Residual norm 3.108685816410e-01
  613 KSP preconditioned resid norm 3.108685816410e-01 true resid norm 1.459703496857e-02 ||r(i)||/||b|| 2.703407863005e-03
  614 KSP Residual norm 3.100670686437e-01
  614 KSP preconditioned resid norm 3.100670686437e-01 true resid norm 1.455938962081e-02 ||r(i)||/||b|| 2.696435849211e-03
  615 KSP Residual norm 3.092679195551e-01
  615 KSP preconditioned resid norm 3.092679195551e-01 true resid norm 1.452185537591e-02 ||r(i)||/||b|| 2.689484411949e-03
  616 KSP Residual norm 3.084711250846e-01
  616 KSP preconditioned resid norm 3.084711250846e-01 true resid norm 1.448443179664e-02 ||r(i)||/||b|| 2.682553470243e-03
  617 KSP Residual norm 3.076766759956e-01
  617 KSP preconditioned resid norm 3.076766759956e-01 true resid norm 1.444711844835e-02 ||r(i)||/||b|| 2.675642943592e-03
  618 KSP Residual norm 3.068845631056e-01
  618 KSP preconditioned resid norm 3.068845631056e-01 true resid norm 1.440991489889e-02 ||r(i)||/||b|| 2.668752751963e-03
  619 KSP Residual norm 3.060947772854e-01
  619 KSP preconditioned resid norm 3.060947772854e-01 true resid norm 1.437282071864e-02 ||r(i)||/||b|| 2.661882815790e-03
  620 KSP Residual norm 3.053073094586e-01
  620 KSP preconditioned resid norm 3.053073094586e-01 true resid norm 1.433583548049e-02 ||r(i)||/||b|| 2.655033055969e-03
  621 KSP Residual norm 3.045221506014e-01
  621 KSP preconditioned resid norm 3.045221506014e-01 true resid norm 1.429895875978e-02 ||r(i)||/||b|| 2.648203393853e-03
  622 KSP Residual norm 3.037392917422e-01
  622 KSP preconditioned resid norm 3.037392917422e-01 true resid norm 1.426219013432e-02 ||r(i)||/||b|| 2.641393751252e-03
  623 KSP Residual norm 3.029587239609e-01
  623 KSP preconditioned resid norm 3.029587239609e-01 true resid norm 1.422552918436e-02 ||r(i)||/||b|| 2.634604050425e-03
  624 KSP Residual norm 3.021804383886e-01
  624 KSP preconditioned resid norm 3.021804383886e-01 true resid norm 1.418897549254e-02 ||r(i)||/||b|| 2.627834214079e-03
  625 KSP Residual norm 3.014044262074e-01
  625 KSP preconditioned resid norm 3.014044262074e-01 true resid norm 1.415252864393e-02 ||r(i)||/||b|| 2.621084165365e-03
  626 KSP Residual norm 3.006306786495e-01
  626 KSP preconditioned resid norm 3.006306786495e-01 true resid norm 1.411618822594e-02 ||r(i)||/||b|| 2.614353827872e-03
  627 KSP Residual norm 2.998591869974e-01
  627 KSP preconditioned resid norm 2.998591869974e-01 true resid norm 1.407995382836e-02 ||r(i)||/||b|| 2.607643125627e-03
  628 KSP Residual norm 2.990899425830e-01
  628 KSP preconditioned resid norm 2.990899425830e-01 true resid norm 1.404382504331e-02 ||r(i)||/||b|| 2.600951983090e-03
  629 KSP Residual norm 2.983229367875e-01
  629 KSP preconditioned resid norm 2.983229367875e-01 true resid norm 1.400780146522e-02 ||r(i)||/||b|| 2.594280325150e-03
  630 KSP Residual norm 2.975581610407e-01
  630 KSP preconditioned resid norm 2.975581610407e-01 true resid norm 1.397188269084e-02 ||r(i)||/||b|| 2.587628077122e-03
  631 KSP Residual norm 2.967956068211e-01
  631 KSP preconditioned resid norm 2.967956068211e-01 true resid norm 1.393606831919e-02 ||r(i)||/||b|| 2.580995164743e-03
  632 KSP Residual norm 2.960352656550e-01
  632 KSP preconditioned resid norm 2.960352656550e-01 true resid norm 1.390035795154e-02 ||r(i)||/||b|| 2.574381514169e-03
  633 KSP Residual norm 2.952771291164e-01
  633 KSP preconditioned resid norm 2.952771291164e-01 true resid norm 1.386475119142e-02 ||r(i)||/||b|| 2.567787051972e-03
  634 KSP Residual norm 2.945211888265e-01
  634 KSP preconditioned resid norm 2.945211888265e-01 true resid norm 1.382924764458e-02 ||r(i)||/||b|| 2.561211705137e-03
  635 KSP Residual norm 2.937674364534e-01
  635 KSP preconditioned resid norm 2.937674364534e-01 true resid norm 1.379384691899e-02 ||r(i)||/||b|| 2.554655401058e-03
  636 KSP Residual norm 2.930158637118e-01
  636 KSP preconditioned resid norm 2.930158637118e-01 true resid norm 1.375854862481e-02 ||r(i)||/||b|| 2.548118067534e-03
  637 KSP Residual norm 2.922664623624e-01
  637 KSP preconditioned resid norm 2.922664623624e-01 true resid norm 1.372335237435e-02 ||r(i)||/||b|| 2.541599632767e-03
  638 KSP Residual norm 2.915192242117e-01
  638 KSP preconditioned resid norm 2.915192242117e-01 true resid norm 1.368825778211e-02 ||r(i)||/||b|| 2.535100025360e-03
  639 KSP Residual norm 2.907741411116e-01
  639 KSP preconditioned resid norm 2.907741411116e-01 true resid norm 1.365326446472e-02 ||r(i)||/||b|| 2.528619174310e-03
  640 KSP Residual norm 2.900312049592e-01
  640 KSP preconditioned resid norm 2.900312049592e-01 true resid norm 1.361837204091e-02 ||r(i)||/||b|| 2.522157009008e-03
  641 KSP Residual norm 2.892904076962e-01
  641 KSP preconditioned resid norm 2.892904076962e-01 true resid norm 1.358358013155e-02 ||r(i)||/||b|| 2.515713459236e-03
  642 KSP Residual norm 2.885517413085e-01
  642 KSP preconditioned resid norm 2.885517413085e-01 true resid norm 1.354888835958e-02 ||r(i)||/||b|| 2.509288455163e-03
  643 KSP Residual norm 2.878151978263e-01
  643 KSP preconditioned resid norm 2.878151978263e-01 true resid norm 1.351429635001e-02 ||r(i)||/||b|| 2.502881927341e-03
  644 KSP Residual norm 2.870807693232e-01
  644 KSP preconditioned resid norm 2.870807693232e-01 true resid norm 1.347980372994e-02 ||r(i)||/||b|| 2.496493806704e-03
  645 KSP Residual norm 2.863484479163e-01
  645 KSP preconditioned resid norm 2.863484479163e-01 true resid norm 1.344541012847e-02 ||r(i)||/||b|| 2.490124024562e-03
  646 KSP Residual norm 2.856182257656e-01
  646 KSP preconditioned resid norm 2.856182257656e-01 true resid norm 1.341111517674e-02 ||r(i)||/||b|| 2.483772512604e-03
  647 KSP Residual norm 2.848900950737e-01
  647 KSP preconditioned resid norm 2.848900950737e-01 true resid norm 1.337691850791e-02 ||r(i)||/||b|| 2.477439202888e-03
  648 KSP Residual norm 2.841640480857e-01
  648 KSP preconditioned resid norm 2.841640480857e-01 true resid norm 1.334281975713e-02 ||r(i)||/||b|| 2.471124027842e-03
  649 KSP Residual norm 2.834400770886e-01
  649 KSP preconditioned resid norm 2.834400770886e-01 true resid norm 1.330881856153e-02 ||r(i)||/||b|| 2.464826920262e-03
  650 KSP Residual norm 2.827181744109e-01
  650 KSP preconditioned resid norm 2.827181744109e-01 true resid norm 1.327491456019e-02 ||r(i)||/||b|| 2.458547813306e-03
  651 KSP Residual norm 2.819983324229e-01
  651 KSP preconditioned resid norm 2.819983324229e-01 true resid norm 1.324110739415e-02 ||r(i)||/||b|| 2.452286640493e-03
  652 KSP Residual norm 2.812805435354e-01
  652 KSP preconditioned resid norm 2.812805435354e-01 true resid norm 1.320739670639e-02 ||r(i)||/||b|| 2.446043335701e-03
  653 KSP Residual norm 2.805648002003e-01
  653 KSP preconditioned resid norm 2.805648002003e-01 true resid norm 1.317378214179e-02 ||r(i)||/||b|| 2.439817833163e-03
  654 KSP Residual norm 2.798510949098e-01
  654 KSP preconditioned resid norm 2.798510949098e-01 true resid norm 1.314026334715e-02 ||r(i)||/||b|| 2.433610067465e-03
  655 KSP Residual norm 2.791394201963e-01
  655 KSP preconditioned resid norm 2.791394201963e-01 true resid norm 1.310683997117e-02 ||r(i)||/||b|| 2.427419973542e-03
  656 KSP Residual norm 2.784297686317e-01
  656 KSP preconditioned resid norm 2.784297686317e-01 true resid norm 1.307351166439e-02 ||r(i)||/||b|| 2.421247486677e-03
  657 KSP Residual norm 2.777221328278e-01
  657 KSP preconditioned resid norm 2.777221328278e-01 true resid norm 1.304027807924e-02 ||r(i)||/||b|| 2.415092542498e-03
  658 KSP Residual norm 2.770165054354e-01
  658 KSP preconditioned resid norm 2.770165054354e-01 true resid norm 1.300713886999e-02 ||r(i)||/||b|| 2.408955076975e-03
  659 KSP Residual norm 2.763128791441e-01
  659 KSP preconditioned resid norm 2.763128791441e-01 true resid norm 1.297409369274e-02 ||r(i)||/||b|| 2.402835026417e-03
  660 KSP Residual norm 2.756112466824e-01
  660 KSP preconditioned resid norm 2.756112466824e-01 true resid norm 1.294114220541e-02 ||r(i)||/||b|| 2.396732327469e-03
  661 KSP Residual norm 2.749116008170e-01
  661 KSP preconditioned resid norm 2.749116008170e-01 true resid norm 1.290828406774e-02 ||r(i)||/||b|| 2.390646917114e-03
  662 KSP Residual norm 2.742139343524e-01
  662 KSP preconditioned resid norm 2.742139343524e-01 true resid norm 1.287551894123e-02 ||r(i)||/||b|| 2.384578732663e-03
  663 KSP Residual norm 2.735182401312e-01
  663 KSP preconditioned resid norm 2.735182401312e-01 true resid norm 1.284284648919e-02 ||r(i)||/||b|| 2.378527711757e-03
  664 KSP Residual norm 2.728245110334e-01
  664 KSP preconditioned resid norm 2.728245110334e-01 true resid norm 1.281026637668e-02 ||r(i)||/||b|| 2.372493792367e-03
  665 KSP Residual norm 2.721327399760e-01
  665 KSP preconditioned resid norm 2.721327399760e-01 true resid norm 1.277777827052e-02 ||r(i)||/||b|| 2.366476912786e-03
  666 KSP Residual norm 2.714429199131e-01
  666 KSP preconditioned resid norm 2.714429199131e-01 true resid norm 1.274538183926e-02 ||r(i)||/||b|| 2.360477011628e-03
  667 KSP Residual norm 2.707550438355e-01
  667 KSP preconditioned resid norm 2.707550438355e-01 true resid norm 1.271307675318e-02 ||r(i)||/||b|| 2.354494027830e-03
  668 KSP Residual norm 2.700691047701e-01
  668 KSP preconditioned resid norm 2.700691047701e-01 true resid norm 1.268086268428e-02 ||r(i)||/||b|| 2.348527900644e-03
  669 KSP Residual norm 2.693850957802e-01
  669 KSP preconditioned resid norm 2.693850957802e-01 true resid norm 1.264873930625e-02 ||r(i)||/||b|| 2.342578569637e-03
  670 KSP Residual norm 2.687030099648e-01
  670 KSP preconditioned resid norm 2.687030099648e-01 true resid norm 1.261670629448e-02 ||r(i)||/||b|| 2.336645974690e-03
  671 KSP Residual norm 2.680228404584e-01
  671 KSP preconditioned resid norm 2.680228404584e-01 true resid norm 1.258476332603e-02 ||r(i)||/||b|| 2.330730055994e-03
  672 KSP Residual norm 2.673445804311e-01
  672 KSP preconditioned resid norm 2.673445804311e-01 true resid norm 1.255291007962e-02 ||r(i)||/||b|| 2.324830754048e-03
  673 KSP Residual norm 2.666682230877e-01
  673 KSP preconditioned resid norm 2.666682230877e-01 true resid norm 1.252114623564e-02 ||r(i)||/||b|| 2.318948009656e-03
  674 KSP Residual norm 2.659937616681e-01
  674 KSP preconditioned resid norm 2.659937616681e-01 true resid norm 1.248947147608e-02 ||r(i)||/||b|| 2.313081763927e-03
  675 KSP Residual norm 2.653211894465e-01
  675 KSP preconditioned resid norm 2.653211894465e-01 true resid norm 1.245788548460e-02 ||r(i)||/||b|| 2.307231958271e-03
  676 KSP Residual norm 2.646504997316e-01
  676 KSP preconditioned resid norm 2.646504997316e-01 true resid norm 1.242638794645e-02 ||r(i)||/||b|| 2.301398534396e-03
  677 KSP Residual norm 2.639816858661e-01
  677 KSP preconditioned resid norm 2.639816858661e-01 true resid norm 1.239497854850e-02 ||r(i)||/||b|| 2.295581434308e-03
  678 KSP Residual norm 2.633147412264e-01
  678 KSP preconditioned resid norm 2.633147412264e-01 true resid norm 1.236365697920e-02 ||r(i)||/||b|| 2.289780600310e-03
  679 KSP Residual norm 2.626496592227e-01
  679 KSP preconditioned resid norm 2.626496592227e-01 true resid norm 1.233242292859e-02 ||r(i)||/||b|| 2.283995974993e-03
  680 KSP Residual norm 2.619864332981e-01
  680 KSP preconditioned resid norm 2.619864332981e-01 true resid norm 1.230127608827e-02 ||r(i)||/||b|| 2.278227501244e-03
  681 KSP Residual norm 2.613250569293e-01
  681 KSP preconditioned resid norm 2.613250569293e-01 true resid norm 1.227021615140e-02 ||r(i)||/||b|| 2.272475122235e-03
  682 KSP Residual norm 2.606655236254e-01
  682 KSP preconditioned resid norm 2.606655236254e-01 true resid norm 1.223924281270e-02 ||r(i)||/||b|| 2.266738781425e-03
  683 KSP Residual norm 2.600078269283e-01
  683 KSP preconditioned resid norm 2.600078269283e-01 true resid norm 1.220835576840e-02 ||r(i)||/||b|| 2.261018422558e-03
  684 KSP Residual norm 2.593519604124e-01
  684 KSP preconditioned resid norm 2.593519604124e-01 true resid norm 1.217755471629e-02 ||r(i)||/||b|| 2.255313989660e-03
  685 KSP Residual norm 2.586979176839e-01
  685 KSP preconditioned resid norm 2.586979176839e-01 true resid norm 1.214683935564e-02 ||r(i)||/||b|| 2.249625427040e-03
  686 KSP Residual norm 2.580456923813e-01
  686 KSP preconditioned resid norm 2.580456923813e-01 true resid norm 1.211620938724e-02 ||r(i)||/||b|| 2.243952679281e-03
  687 KSP Residual norm 2.573952781745e-01
  687 KSP preconditioned resid norm 2.573952781745e-01 true resid norm 1.208566451338e-02 ||r(i)||/||b|| 2.238295691244e-03
  688 KSP Residual norm 2.567466687651e-01
  688 KSP preconditioned resid norm 2.567466687651e-01 true resid norm 1.205520443781e-02 ||r(i)||/||b|| 2.232654408068e-03
  689 KSP Residual norm 2.560998578856e-01
  689 KSP preconditioned resid norm 2.560998578856e-01 true resid norm 1.202482886577e-02 ||r(i)||/||b|| 2.227028775159e-03
  690 KSP Residual norm 2.554548393000e-01
  690 KSP preconditioned resid norm 2.554548393000e-01 true resid norm 1.199453750395e-02 ||r(i)||/||b|| 2.221418738197e-03
  691 KSP Residual norm 2.548116068026e-01
  691 KSP preconditioned resid norm 2.548116068026e-01 true resid norm 1.196433006051e-02 ||r(i)||/||b|| 2.215824243130e-03
  692 KSP Residual norm 2.541701542187e-01
  692 KSP preconditioned resid norm 2.541701542187e-01 true resid norm 1.193420624503e-02 ||r(i)||/||b|| 2.210245236172e-03
  693 KSP Residual norm 2.535304754037e-01
  693 KSP preconditioned resid norm 2.535304754037e-01 true resid norm 1.190416576851e-02 ||r(i)||/||b|| 2.204681663804e-03
  694 KSP Residual norm 2.528925642434e-01
  694 KSP preconditioned resid norm 2.528925642434e-01 true resid norm 1.187420834341e-02 ||r(i)||/||b|| 2.199133472767e-03
  695 KSP Residual norm 2.522564146533e-01
  695 KSP preconditioned resid norm 2.522564146533e-01 true resid norm 1.184433368357e-02 ||r(i)||/||b|| 2.193600610067e-03
  696 KSP Residual norm 2.516220205787e-01
  696 KSP preconditioned resid norm 2.516220205787e-01 true resid norm 1.181454150424e-02 ||r(i)||/||b|| 2.188083022966e-03
  697 KSP Residual norm 2.509893759947e-01
  697 KSP preconditioned resid norm 2.509893759947e-01 true resid norm 1.178483152206e-02 ||r(i)||/||b|| 2.182580658985e-03
  698 KSP Residual norm 2.503584749053e-01
  698 KSP preconditioned resid norm 2.503584749053e-01 true resid norm 1.175520345505e-02 ||r(i)||/||b|| 2.177093465901e-03
  699 KSP Residual norm 2.497293113441e-01
  699 KSP preconditioned resid norm 2.497293113441e-01 true resid norm 1.172565702261e-02 ||r(i)||/||b|| 2.171621391746e-03
  700 KSP Residual norm 2.491018793732e-01
  700 KSP preconditioned resid norm 2.491018793732e-01 true resid norm 1.169619194548e-02 ||r(i)||/||b|| 2.166164384802e-03
  701 KSP Residual norm 2.484761730836e-01
  701 KSP preconditioned resid norm 2.484761730836e-01 true resid norm 1.166680794578e-02 ||r(i)||/||b|| 2.160722393603e-03
  702 KSP Residual norm 2.478521865950e-01
  702 KSP preconditioned resid norm 2.478521865950e-01 true resid norm 1.163750474696e-02 ||r(i)||/||b|| 2.155295366931e-03
  703 KSP Residual norm 2.472299140552e-01
  703 KSP preconditioned resid norm 2.472299140552e-01 true resid norm 1.160828207381e-02 ||r(i)||/||b|| 2.149883253817e-03
  704 KSP Residual norm 2.466093496402e-01
  704 KSP preconditioned resid norm 2.466093496402e-01 true resid norm 1.157913965244e-02 ||r(i)||/||b|| 2.144486003536e-03
  705 KSP Residual norm 2.459904875541e-01
  705 KSP preconditioned resid norm 2.459904875541e-01 true resid norm 1.155007721027e-02 ||r(i)||/||b|| 2.139103565607e-03
  706 KSP Residual norm 2.453733220284e-01
  706 KSP preconditioned resid norm 2.453733220284e-01 true resid norm 1.152109447605e-02 ||r(i)||/||b|| 2.133735889791e-03
  707 KSP Residual norm 2.447578473226e-01
  707 KSP preconditioned resid norm 2.447578473226e-01 true resid norm 1.149219117980e-02 ||r(i)||/||b|| 2.128382926089e-03
  708 KSP Residual norm 2.441440577233e-01
  708 KSP preconditioned resid norm 2.441440577233e-01 true resid norm 1.146336705285e-02 ||r(i)||/||b|| 2.123044624742e-03
  709 KSP Residual norm 2.435319475444e-01
  709 KSP preconditioned resid norm 2.435319475444e-01 true resid norm 1.143462182781e-02 ||r(i)||/||b|| 2.117720936227e-03
  710 KSP Residual norm 2.429215111268e-01
  710 KSP preconditioned resid norm 2.429215111268e-01 true resid norm 1.140595523854e-02 ||r(i)||/||b|| 2.112411811257e-03
  711 KSP Residual norm 2.423127428382e-01
  711 KSP preconditioned resid norm 2.423127428382e-01 true resid norm 1.137736702019e-02 ||r(i)||/||b|| 2.107117200781e-03
  712 KSP Residual norm 2.417056370731e-01
  712 KSP preconditioned resid norm 2.417056370731e-01 true resid norm 1.134885690915e-02 ||r(i)||/||b|| 2.101837055976e-03
  713 KSP Residual norm 2.411001882522e-01
  713 KSP preconditioned resid norm 2.411001882522e-01 true resid norm 1.132042464307e-02 ||r(i)||/||b|| 2.096571328254e-03
  714 KSP Residual norm 2.404963908228e-01
  714 KSP preconditioned resid norm 2.404963908228e-01 true resid norm 1.129206996082e-02 ||r(i)||/||b|| 2.091319969255e-03
  715 KSP Residual norm 2.398942392580e-01
  715 KSP preconditioned resid norm 2.398942392580e-01 true resid norm 1.126379260251e-02 ||r(i)||/||b|| 2.086082930846e-03
  716 KSP Residual norm 2.392937280571e-01
  716 KSP preconditioned resid norm 2.392937280571e-01 true resid norm 1.123559230948e-02 ||r(i)||/||b|| 2.080860165120e-03
  717 KSP Residual norm 2.386948517452e-01
  717 KSP preconditioned resid norm 2.386948517452e-01 true resid norm 1.120746882426e-02 ||r(i)||/||b|| 2.075651624397e-03
  718 KSP Residual norm 2.380976048727e-01
  718 KSP preconditioned resid norm 2.380976048727e-01 true resid norm 1.117942189061e-02 ||r(i)||/||b|| 2.070457261218e-03
  719 KSP Residual norm 2.375019820156e-01
  719 KSP preconditioned resid norm 2.375019820156e-01 true resid norm 1.115145125348e-02 ||r(i)||/||b|| 2.065277028347e-03
  720 KSP Residual norm 2.369079777754e-01
  720 KSP preconditioned resid norm 2.369079777754e-01 true resid norm 1.112355665899e-02 ||r(i)||/||b|| 2.060110878767e-03
  721 KSP Residual norm 2.363155867783e-01
  721 KSP preconditioned resid norm 2.363155867783e-01 true resid norm 1.109573785448e-02 ||r(i)||/||b|| 2.054958765682e-03
  722 KSP Residual norm 2.357248036757e-01
  722 KSP preconditioned resid norm 2.357248036757e-01 true resid norm 1.106799458842e-02 ||r(i)||/||b|| 2.049820642511e-03
  723 KSP Residual norm 2.351356231436e-01
  723 KSP preconditioned resid norm 2.351356231436e-01 true resid norm 1.104032661049e-02 ||r(i)||/||b|| 2.044696462891e-03
  724 KSP Residual norm 2.345480398827e-01
  724 KSP preconditioned resid norm 2.345480398827e-01 true resid norm 1.101273367149e-02 ||r(i)||/||b|| 2.039586180671e-03
  725 KSP Residual norm 2.339620486181e-01
  725 KSP preconditioned resid norm 2.339620486181e-01 true resid norm 1.098521552339e-02 ||r(i)||/||b|| 2.034489749917e-03
  726 KSP Residual norm 2.333776440993e-01
  726 KSP preconditioned resid norm 2.333776440993e-01 true resid norm 1.095777191931e-02 ||r(i)||/||b|| 2.029407124903e-03
  727 KSP Residual norm 2.327948210996e-01
  727 KSP preconditioned resid norm 2.327948210996e-01 true resid norm 1.093040261349e-02 ||r(i)||/||b|| 2.024338260115e-03
  728 KSP Residual norm 2.322135744168e-01
  728 KSP preconditioned resid norm 2.322135744168e-01 true resid norm 1.090310736131e-02 ||r(i)||/||b|| 2.019283110248e-03
  729 KSP Residual norm 2.316338988719e-01
  729 KSP preconditioned resid norm 2.316338988719e-01 true resid norm 1.087588591925e-02 ||r(i)||/||b|| 2.014241630205e-03
  730 KSP Residual norm 2.310557893101e-01
  730 KSP preconditioned resid norm 2.310557893101e-01 true resid norm 1.084873804494e-02 ||r(i)||/||b|| 2.009213775093e-03
  731 KSP Residual norm 2.304792405997e-01
  731 KSP preconditioned resid norm 2.304792405997e-01 true resid norm 1.082166349709e-02 ||r(i)||/||b|| 2.004199500228e-03
  732 KSP Residual norm 2.299042476325e-01
  732 KSP preconditioned resid norm 2.299042476325e-01 true resid norm 1.079466203551e-02 ||r(i)||/||b|| 1.999198761126e-03
  733 KSP Residual norm 2.293308053237e-01
  733 KSP preconditioned resid norm 2.293308053237e-01 true resid norm 1.076773342111e-02 ||r(i)||/||b|| 1.994211513506e-03
  734 KSP Residual norm 2.287589086112e-01
  734 KSP preconditioned resid norm 2.287589086112e-01 true resid norm 1.074087741589e-02 ||r(i)||/||b|| 1.989237713289e-03
  735 KSP Residual norm 2.281885524560e-01
  735 KSP preconditioned resid norm 2.281885524560e-01 true resid norm 1.071409378291e-02 ||r(i)||/||b|| 1.984277316596e-03
  736 KSP Residual norm 2.276197318418e-01
  736 KSP preconditioned resid norm 2.276197318418e-01 true resid norm 1.068738228633e-02 ||r(i)||/||b|| 1.979330279746e-03
  737 KSP Residual norm 2.270524417751e-01
  737 KSP preconditioned resid norm 2.270524417751e-01 true resid norm 1.066074269134e-02 ||r(i)||/||b|| 1.974396559253e-03
  738 KSP Residual norm 2.264866772845e-01
  738 KSP preconditioned resid norm 2.264866772845e-01 true resid norm 1.063417476421e-02 ||r(i)||/||b|| 1.969476111829e-03
  739 KSP Residual norm 2.259224334212e-01
  739 KSP preconditioned resid norm 2.259224334212e-01 true resid norm 1.060767827226e-02 ||r(i)||/||b|| 1.964568894382e-03
  740 KSP Residual norm 2.253597052585e-01
  740 KSP preconditioned resid norm 2.253597052585e-01 true resid norm 1.058125298385e-02 ||r(i)||/||b|| 1.959674864011e-03
  741 KSP Residual norm 2.247984878918e-01
  741 KSP preconditioned resid norm 2.247984878918e-01 true resid norm 1.055489866838e-02 ||r(i)||/||b|| 1.954793978007e-03
  742 KSP Residual norm 2.242387764383e-01
  742 KSP preconditioned resid norm 2.242387764383e-01 true resid norm 1.052861509627e-02 ||r(i)||/||b|| 1.949926193853e-03
  743 KSP Residual norm 2.236805660370e-01
  743 KSP preconditioned resid norm 2.236805660370e-01 true resid norm 1.050240203898e-02 ||r(i)||/||b|| 1.945071469223e-03
  744 KSP Residual norm 2.231238518485e-01
  744 KSP preconditioned resid norm 2.231238518485e-01 true resid norm 1.047625926898e-02 ||r(i)||/||b|| 1.940229761977e-03
  745 KSP Residual norm 2.225686290551e-01
  745 KSP preconditioned resid norm 2.225686290551e-01 true resid norm 1.045018655975e-02 ||r(i)||/||b|| 1.935401030163e-03
  746 KSP Residual norm 2.220148928601e-01
  746 KSP preconditioned resid norm 2.220148928601e-01 true resid norm 1.042418368579e-02 ||r(i)||/||b|| 1.930585232017e-03
  747 KSP Residual norm 2.214626384883e-01
  747 KSP preconditioned resid norm 2.214626384883e-01 true resid norm 1.039825042257e-02 ||r(i)||/||b|| 1.925782325958e-03
  748 KSP Residual norm 2.209118611854e-01
  748 KSP preconditioned resid norm 2.209118611854e-01 true resid norm 1.037238654658e-02 ||r(i)||/||b|| 1.920992270589e-03
  749 KSP Residual norm 2.203625562182e-01
  749 KSP preconditioned resid norm 2.203625562182e-01 true resid norm 1.034659183528e-02 ||r(i)||/||b|| 1.916215024697e-03
  750 KSP Residual norm 2.198147188743e-01
  750 KSP preconditioned resid norm 2.198147188743e-01 true resid norm 1.032086606713e-02 ||r(i)||/||b|| 1.911450547249e-03
  751 KSP Residual norm 2.192683444619e-01
  751 KSP preconditioned resid norm 2.192683444619e-01 true resid norm 1.029520902153e-02 ||r(i)||/||b|| 1.906698797394e-03
  752 KSP Residual norm 2.187234283098e-01
  752 KSP preconditioned resid norm 2.187234283098e-01 true resid norm 1.026962047889e-02 ||r(i)||/||b|| 1.901959734458e-03
  753 KSP Residual norm 2.181799657674e-01
  753 KSP preconditioned resid norm 2.181799657674e-01 true resid norm 1.024410022055e-02 ||r(i)||/||b|| 1.897233317949e-03
  754 KSP Residual norm 2.176379522041e-01
  754 KSP preconditioned resid norm 2.176379522041e-01 true resid norm 1.021864802881e-02 ||r(i)||/||b|| 1.892519507547e-03
  755 KSP Residual norm 2.170973830098e-01
  755 KSP preconditioned resid norm 2.170973830098e-01 true resid norm 1.019326368695e-02 ||r(i)||/||b|| 1.887818263113e-03
  756 KSP Residual norm 2.165582535943e-01
  756 KSP preconditioned resid norm 2.165582535943e-01 true resid norm 1.016794697915e-02 ||r(i)||/||b|| 1.883129544680e-03
  757 KSP Residual norm 2.160205593873e-01
  757 KSP preconditioned resid norm 2.160205593873e-01 true resid norm 1.014269769055e-02 ||r(i)||/||b|| 1.878453312454e-03
  758 KSP Residual norm 2.154842958385e-01
  758 KSP preconditioned resid norm 2.154842958385e-01 true resid norm 1.011751560724e-02 ||r(i)||/||b|| 1.873789526816e-03
  759 KSP Residual norm 2.149494584171e-01
  759 KSP preconditioned resid norm 2.149494584171e-01 true resid norm 1.009240051621e-02 ||r(i)||/||b|| 1.869138148319e-03
  760 KSP Residual norm 2.144160426120e-01
  760 KSP preconditioned resid norm 2.144160426120e-01 true resid norm 1.006735220537e-02 ||r(i)||/||b|| 1.864499137684e-03
  761 KSP Residual norm 2.138840439314e-01
  761 KSP preconditioned resid norm 2.138840439314e-01 true resid norm 1.004237046358e-02 ||r(i)||/||b|| 1.859872455804e-03
  762 KSP Residual norm 2.133534579031e-01
  762 KSP preconditioned resid norm 2.133534579031e-01 true resid norm 1.001745508058e-02 ||r(i)||/||b|| 1.855258063739e-03
  763 KSP Residual norm 2.128242800738e-01
  763 KSP preconditioned resid norm 2.128242800738e-01 true resid norm 9.992605847007e-03 ||r(i)||/||b|| 1.850655922718e-03
  764 KSP Residual norm 2.122965060097e-01
  764 KSP preconditioned resid norm 2.122965060097e-01 true resid norm 9.967822554428e-03 ||r(i)||/||b|| 1.846065994135e-03
  765 KSP Residual norm 2.117701312955e-01
  765 KSP preconditioned resid norm 2.117701312955e-01 true resid norm 9.943104995281e-03 ||r(i)||/||b|| 1.841488239550e-03
  766 KSP Residual norm 2.112451515351e-01
  766 KSP preconditioned resid norm 2.112451515351e-01 true resid norm 9.918452962900e-03 ||r(i)||/||b|| 1.836922620688e-03
  767 KSP Residual norm 2.107215623512e-01
  767 KSP preconditioned resid norm 2.107215623512e-01 true resid norm 9.893866251501e-03 ||r(i)||/||b|| 1.832369099438e-03
  768 KSP Residual norm 2.101993593849e-01
  768 KSP preconditioned resid norm 2.101993593849e-01 true resid norm 9.869344656177e-03 ||r(i)||/||b|| 1.827827637850e-03
  769 KSP Residual norm 2.096785382960e-01
  769 KSP preconditioned resid norm 2.096785382960e-01 true resid norm 9.844887972894e-03 ||r(i)||/||b|| 1.823298198136e-03
  770 KSP Residual norm 2.091590947627e-01
  770 KSP preconditioned resid norm 2.091590947627e-01 true resid norm 9.820495998483e-03 ||r(i)||/||b|| 1.818780742669e-03
  771 KSP Residual norm 2.086410244814e-01
  771 KSP preconditioned resid norm 2.086410244814e-01 true resid norm 9.796168530639e-03 ||r(i)||/||b|| 1.814275233982e-03
  772 KSP Residual norm 2.081243231669e-01
  772 KSP preconditioned resid norm 2.081243231669e-01 true resid norm 9.771905367913e-03 ||r(i)||/||b|| 1.809781634766e-03
  773 KSP Residual norm 2.076089865519e-01
  773 KSP preconditioned resid norm 2.076089865519e-01 true resid norm 9.747706309707e-03 ||r(i)||/||b|| 1.805299907869e-03
  774 KSP Residual norm 2.070950103872e-01
  774 KSP preconditioned resid norm 2.070950103872e-01 true resid norm 9.723571156270e-03 ||r(i)||/||b|| 1.800830016298e-03
  775 KSP Residual norm 2.065823904415e-01
  775 KSP preconditioned resid norm 2.065823904415e-01 true resid norm 9.699499708693e-03 ||r(i)||/||b|| 1.796371923213e-03
  776 KSP Residual norm 2.060711225012e-01
  776 KSP preconditioned resid norm 2.060711225012e-01 true resid norm 9.675491768902e-03 ||r(i)||/||b|| 1.791925591931e-03
  777 KSP Residual norm 2.055612023703e-01
  777 KSP preconditioned resid norm 2.055612023703e-01 true resid norm 9.651547139655e-03 ||r(i)||/||b|| 1.787490985922e-03
  778 KSP Residual norm 2.050526258705e-01
  778 KSP preconditioned resid norm 2.050526258705e-01 true resid norm 9.627665624537e-03 ||r(i)||/||b|| 1.783068068809e-03
  779 KSP Residual norm 2.045453888410e-01
  779 KSP preconditioned resid norm 2.045453888410e-01 true resid norm 9.603847027954e-03 ||r(i)||/||b|| 1.778656804369e-03
  780 KSP Residual norm 2.040394871380e-01
  780 KSP preconditioned resid norm 2.040394871380e-01 true resid norm 9.580091155128e-03 ||r(i)||/||b|| 1.774257156528e-03
  781 KSP Residual norm 2.035349166355e-01
  781 KSP preconditioned resid norm 2.035349166355e-01 true resid norm 9.556397812096e-03 ||r(i)||/||b|| 1.769869089363e-03
  782 KSP Residual norm 2.030316732242e-01
  782 KSP preconditioned resid norm 2.030316732242e-01 true resid norm 9.532766805699e-03 ||r(i)||/||b|| 1.765492567100e-03
  783 KSP Residual norm 2.025297528121e-01
  783 KSP preconditioned resid norm 2.025297528121e-01 true resid norm 9.509197943582e-03 ||r(i)||/||b|| 1.761127554116e-03
  784 KSP Residual norm 2.020291513240e-01
  784 KSP preconditioned resid norm 2.020291513240e-01 true resid norm 9.485691034187e-03 ||r(i)||/||b|| 1.756774014933e-03
  785 KSP Residual norm 2.015298647016e-01
  785 KSP preconditioned resid norm 2.015298647016e-01 true resid norm 9.462245886749e-03 ||r(i)||/||b|| 1.752431914221e-03
  786 KSP Residual norm 2.010318889035e-01
  786 KSP preconditioned resid norm 2.010318889035e-01 true resid norm 9.438862311293e-03 ||r(i)||/||b|| 1.748101216796e-03
  787 KSP Residual norm 2.005352199047e-01
  787 KSP preconditioned resid norm 2.005352199047e-01 true resid norm 9.415540118627e-03 ||r(i)||/||b|| 1.743781887619e-03
  788 KSP Residual norm 2.000398536969e-01
  788 KSP preconditioned resid norm 2.000398536969e-01 true resid norm 9.392279120338e-03 ||r(i)||/||b|| 1.739473891796e-03
  789 KSP Residual norm 1.995457862884e-01
  789 KSP preconditioned resid norm 1.995457862884e-01 true resid norm 9.369079128787e-03 ||r(i)||/||b|| 1.735177194575e-03
  790 KSP Residual norm 1.990530137036e-01
  790 KSP preconditioned resid norm 1.990530137036e-01 true resid norm 9.345939957107e-03 ||r(i)||/||b|| 1.730891761348e-03
  791 KSP Residual norm 1.985615319833e-01
  791 KSP preconditioned resid norm 1.985615319833e-01 true resid norm 9.322861419196e-03 ||r(i)||/||b|| 1.726617557649e-03
  792 KSP Residual norm 1.980713371845e-01
  792 KSP preconditioned resid norm 1.980713371845e-01 true resid norm 9.299843329713e-03 ||r(i)||/||b|| 1.722354549153e-03
  793 KSP Residual norm 1.975824253802e-01
  793 KSP preconditioned resid norm 1.975824253802e-01 true resid norm 9.276885504076e-03 ||r(i)||/||b|| 1.718102701673e-03
  794 KSP Residual norm 1.970947926597e-01
  794 KSP preconditioned resid norm 1.970947926597e-01 true resid norm 9.253987758453e-03 ||r(i)||/||b|| 1.713861981164e-03
  795 KSP Residual norm 1.966084351277e-01
  795 KSP preconditioned resid norm 1.966084351277e-01 true resid norm 9.231149909763e-03 ||r(i)||/||b|| 1.709632353718e-03
  796 KSP Residual norm 1.961233489051e-01
  796 KSP preconditioned resid norm 1.961233489051e-01 true resid norm 9.208371775666e-03 ||r(i)||/||b|| 1.705413785567e-03
  797 KSP Residual norm 1.956395301283e-01
  797 KSP preconditioned resid norm 1.956395301283e-01 true resid norm 9.185653174565e-03 ||r(i)||/||b|| 1.701206243077e-03
  798 KSP Residual norm 1.951569749496e-01
  798 KSP preconditioned resid norm 1.951569749496e-01 true resid norm 9.162993925597e-03 ||r(i)||/||b|| 1.697009692753e-03
  799 KSP Residual norm 1.946756795366e-01
  799 KSP preconditioned resid norm 1.946756795366e-01 true resid norm 9.140393848629e-03 ||r(i)||/||b|| 1.692824101233e-03
  800 KSP Residual norm 1.941956400724e-01
  800 KSP preconditioned resid norm 1.941956400724e-01 true resid norm 9.117852764259e-03 ||r(i)||/||b|| 1.688649435292e-03
  801 KSP Residual norm 1.937168527555e-01
  801 KSP preconditioned resid norm 1.937168527555e-01 true resid norm 9.095370493805e-03 ||r(i)||/||b|| 1.684485661837e-03
  802 KSP Residual norm 1.932393137997e-01
  802 KSP preconditioned resid norm 1.932393137997e-01 true resid norm 9.072946859305e-03 ||r(i)||/||b|| 1.680332747909e-03
  803 KSP Residual norm 1.927630194340e-01
  803 KSP preconditioned resid norm 1.927630194340e-01 true resid norm 9.050581683512e-03 ||r(i)||/||b|| 1.676190660682e-03
  804 KSP Residual norm 1.922879659025e-01
  804 KSP preconditioned resid norm 1.922879659025e-01 true resid norm 9.028274789890e-03 ||r(i)||/||b|| 1.672059367461e-03
  805 KSP Residual norm 1.918141494642e-01
  805 KSP preconditioned resid norm 1.918141494642e-01 true resid norm 9.006026002610e-03 ||r(i)||/||b|| 1.667938835682e-03
  806 KSP Residual norm 1.913415663932e-01
  806 KSP preconditioned resid norm 1.913415663932e-01 true resid norm 8.983835146545e-03 ||r(i)||/||b|| 1.663829032910e-03
  807 KSP Residual norm 1.908702129784e-01
  807 KSP preconditioned resid norm 1.908702129784e-01 true resid norm 8.961702047268e-03 ||r(i)||/||b|| 1.659729926842e-03
  808 KSP Residual norm 1.904000855235e-01
  808 KSP preconditioned resid norm 1.904000855235e-01 true resid norm 8.939626531046e-03 ||r(i)||/||b|| 1.655641485301e-03
  809 KSP Residual norm 1.899311803468e-01
  809 KSP preconditioned resid norm 1.899311803468e-01 true resid norm 8.917608424840e-03 ||r(i)||/||b|| 1.651563676241e-03
  810 KSP Residual norm 1.894634937813e-01
  810 KSP preconditioned resid norm 1.894634937813e-01 true resid norm 8.895647556294e-03 ||r(i)||/||b|| 1.647496467740e-03
  811 KSP Residual norm 1.889970221745e-01
  811 KSP preconditioned resid norm 1.889970221745e-01 true resid norm 8.873743753738e-03 ||r(i)||/||b|| 1.643439828006e-03
  812 KSP Residual norm 1.885317618884e-01
  812 KSP preconditioned resid norm 1.885317618884e-01 true resid norm 8.851896846182e-03 ||r(i)||/||b|| 1.639393725370e-03
  813 KSP Residual norm 1.880677092992e-01
  813 KSP preconditioned resid norm 1.880677092992e-01 true resid norm 8.830106663312e-03 ||r(i)||/||b|| 1.635358128289e-03
  814 KSP Residual norm 1.876048607975e-01
  814 KSP preconditioned resid norm 1.876048607975e-01 true resid norm 8.808373035483e-03 ||r(i)||/||b|| 1.631333005345e-03
  815 KSP Residual norm 1.871432127881e-01
  815 KSP preconditioned resid norm 1.871432127881e-01 true resid norm 8.786695793723e-03 ||r(i)||/||b|| 1.627318325244e-03
  816 KSP Residual norm 1.866827616899e-01
  816 KSP preconditioned resid norm 1.866827616899e-01 true resid norm 8.765074769721e-03 ||r(i)||/||b|| 1.623314056814e-03
  817 KSP Residual norm 1.862235039360e-01
  817 KSP preconditioned resid norm 1.862235039360e-01 true resid norm 8.743509795830e-03 ||r(i)||/||b|| 1.619320169007e-03
  818 KSP Residual norm 1.857654359732e-01
  818 KSP preconditioned resid norm 1.857654359732e-01 true resid norm 8.722000705057e-03 ||r(i)||/||b|| 1.615336630895e-03
  819 KSP Residual norm 1.853085542624e-01
  819 KSP preconditioned resid norm 1.853085542624e-01 true resid norm 8.700547331066e-03 ||r(i)||/||b|| 1.611363411672e-03
  820 KSP Residual norm 1.848528552782e-01
  820 KSP preconditioned resid norm 1.848528552782e-01 true resid norm 8.679149508169e-03 ||r(i)||/||b|| 1.607400480652e-03
  821 KSP Residual norm 1.843983355091e-01
  821 KSP preconditioned resid norm 1.843983355091e-01 true resid norm 8.657807071327e-03 ||r(i)||/||b|| 1.603447807270e-03
  822 KSP Residual norm 1.839449914571e-01
  822 KSP preconditioned resid norm 1.839449914571e-01 true resid norm 8.636519856141e-03 ||r(i)||/||b|| 1.599505361079e-03
  823 KSP Residual norm 1.834928196379e-01
  823 KSP preconditioned resid norm 1.834928196379e-01 true resid norm 8.615287698854e-03 ||r(i)||/||b|| 1.595573111750e-03
  824 KSP Residual norm 1.830418165807e-01
  824 KSP preconditioned resid norm 1.830418165807e-01 true resid norm 8.594110436345e-03 ||r(i)||/||b|| 1.591651029073e-03
  825 KSP Residual norm 1.825919788280e-01
  825 KSP preconditioned resid norm 1.825919788280e-01 true resid norm 8.572987906123e-03 ||r(i)||/||b|| 1.587739082955e-03
  826 KSP Residual norm 1.821433029360e-01
  826 KSP preconditioned resid norm 1.821433029360e-01 true resid norm 8.551919946330e-03 ||r(i)||/||b|| 1.583837243418e-03
  827 KSP Residual norm 1.816957854738e-01
  827 KSP preconditioned resid norm 1.816957854738e-01 true resid norm 8.530906395730e-03 ||r(i)||/||b|| 1.579945480601e-03
  828 KSP Residual norm 1.812494230242e-01
  828 KSP preconditioned resid norm 1.812494230242e-01 true resid norm 8.509947093713e-03 ||r(i)||/||b|| 1.576063764760e-03
  829 KSP Residual norm 1.808042121826e-01
  829 KSP preconditioned resid norm 1.808042121826e-01 true resid norm 8.489041880286e-03 ||r(i)||/||b|| 1.572192066262e-03
  830 KSP Residual norm 1.803601495580e-01
  830 KSP preconditioned resid norm 1.803601495580e-01 true resid norm 8.468190596072e-03 ||r(i)||/||b|| 1.568330355592e-03
  831 KSP Residual norm 1.799172317721e-01
  831 KSP preconditioned resid norm 1.799172317721e-01 true resid norm 8.447393082305e-03 ||r(i)||/||b|| 1.564478603344e-03
  832 KSP Residual norm 1.794754554596e-01
  832 KSP preconditioned resid norm 1.794754554596e-01 true resid norm 8.426649180830e-03 ||r(i)||/||b|| 1.560636780229e-03
  833 KSP Residual norm 1.790348172682e-01
  833 KSP preconditioned resid norm 1.790348172682e-01 true resid norm 8.405958734099e-03 ||r(i)||/||b|| 1.556804857068e-03
  834 KSP Residual norm 1.785953138583e-01
  834 KSP preconditioned resid norm 1.785953138583e-01 true resid norm 8.385321585162e-03 ||r(i)||/||b|| 1.552982804793e-03
  835 KSP Residual norm 1.781569419030e-01
  835 KSP preconditioned resid norm 1.781569419030e-01 true resid norm 8.364737577673e-03 ||r(i)||/||b|| 1.549170594449e-03
  836 KSP Residual norm 1.777196980883e-01
  836 KSP preconditioned resid norm 1.777196980883e-01 true resid norm 8.344206555880e-03 ||r(i)||/||b|| 1.545368197190e-03
  837 KSP Residual norm 1.772835791125e-01
  837 KSP preconditioned resid norm 1.772835791125e-01 true resid norm 8.323728364623e-03 ||r(i)||/||b|| 1.541575584281e-03
  838 KSP Residual norm 1.768485816866e-01
  838 KSP preconditioned resid norm 1.768485816866e-01 true resid norm 8.303302849335e-03 ||r(i)||/||b|| 1.537792727094e-03
  839 KSP Residual norm 1.764147025341e-01
  839 KSP preconditioned resid norm 1.764147025341e-01 true resid norm 8.282929856031e-03 ||r(i)||/||b|| 1.534019597112e-03
  840 KSP Residual norm 1.759819383908e-01
  840 KSP preconditioned resid norm 1.759819383908e-01 true resid norm 8.262609231314e-03 ||r(i)||/||b|| 1.530256165924e-03
  841 KSP Residual norm 1.755502860049e-01
  841 KSP preconditioned resid norm 1.755502860049e-01 true resid norm 8.242340822366e-03 ||r(i)||/||b|| 1.526502405230e-03
  842 KSP Residual norm 1.751197421369e-01
  842 KSP preconditioned resid norm 1.751197421369e-01 true resid norm 8.222124476944e-03 ||r(i)||/||b|| 1.522758286832e-03
  843 KSP Residual norm 1.746903035594e-01
  843 KSP preconditioned resid norm 1.746903035594e-01 true resid norm 8.201960043383e-03 ||r(i)||/||b|| 1.519023782643e-03
  844 KSP Residual norm 1.742619670573e-01
  844 KSP preconditioned resid norm 1.742619670573e-01 true resid norm 8.181847370588e-03 ||r(i)||/||b|| 1.515298864679e-03
  845 KSP Residual norm 1.738347294275e-01
  845 KSP preconditioned resid norm 1.738347294275e-01 true resid norm 8.161786308030e-03 ||r(i)||/||b|| 1.511583505061e-03
  846 KSP Residual norm 1.734085874789e-01
  846 KSP preconditioned resid norm 1.734085874789e-01 true resid norm 8.141776705749e-03 ||r(i)||/||b|| 1.507877676017e-03
  847 KSP Residual norm 1.729835380323e-01
  847 KSP preconditioned resid norm 1.729835380323e-01 true resid norm 8.121818414345e-03 ||r(i)||/||b|| 1.504181349878e-03
  848 KSP Residual norm 1.725595779206e-01
  848 KSP preconditioned resid norm 1.725595779206e-01 true resid norm 8.101911284977e-03 ||r(i)||/||b|| 1.500494499077e-03
  849 KSP Residual norm 1.721367039882e-01
  849 KSP preconditioned resid norm 1.721367039882e-01 true resid norm 8.082055169364e-03 ||r(i)||/||b|| 1.496817096153e-03
  850 KSP Residual norm 1.717149130917e-01
  850 KSP preconditioned resid norm 1.717149130917e-01 true resid norm 8.062249919774e-03 ||r(i)||/||b|| 1.493149113745e-03
  851 KSP Residual norm 1.712942020989e-01
  851 KSP preconditioned resid norm 1.712942020989e-01 true resid norm 8.042495389029e-03 ||r(i)||/||b|| 1.489490524596e-03
  852 KSP Residual norm 1.708745678898e-01
  852 KSP preconditioned resid norm 1.708745678898e-01 true resid norm 8.022791430497e-03 ||r(i)||/||b|| 1.485841301549e-03
  853 KSP Residual norm 1.704560073555e-01
  853 KSP preconditioned resid norm 1.704560073555e-01 true resid norm 8.003137898091e-03 ||r(i)||/||b|| 1.482201417548e-03
  854 KSP Residual norm 1.700385173988e-01
  854 KSP preconditioned resid norm 1.700385173988e-01 true resid norm 7.983534646269e-03 ||r(i)||/||b|| 1.478570845638e-03
  855 KSP Residual norm 1.696220949342e-01
  855 KSP preconditioned resid norm 1.696220949342e-01 true resid norm 7.963981530024e-03 ||r(i)||/||b|| 1.474949558965e-03
  856 KSP Residual norm 1.692067368872e-01
  856 KSP preconditioned resid norm 1.692067368872e-01 true resid norm 7.944478404889e-03 ||r(i)||/||b|| 1.471337530772e-03
  857 KSP Residual norm 1.687924401950e-01
  857 KSP preconditioned resid norm 1.687924401950e-01 true resid norm 7.925025126929e-03 ||r(i)||/||b|| 1.467734734402e-03
  858 KSP Residual norm 1.683792018058e-01
  858 KSP preconditioned resid norm 1.683792018058e-01 true resid norm 7.905621552741e-03 ||r(i)||/||b|| 1.464141143296e-03
  859 KSP Residual norm 1.679670186793e-01
  859 KSP preconditioned resid norm 1.679670186793e-01 true resid norm 7.886267539450e-03 ||r(i)||/||b|| 1.460556730994e-03
  860 KSP Residual norm 1.675558877861e-01
  860 KSP preconditioned resid norm 1.675558877861e-01 true resid norm 7.866962944706e-03 ||r(i)||/||b|| 1.456981471133e-03
  861 KSP Residual norm 1.671458061082e-01
  861 KSP preconditioned resid norm 1.671458061082e-01 true resid norm 7.847707626683e-03 ||r(i)||/||b|| 1.453415337445e-03
  862 KSP Residual norm 1.667367706384e-01
  862 KSP preconditioned resid norm 1.667367706384e-01 true resid norm 7.828501444076e-03 ||r(i)||/||b|| 1.449858303760e-03
  863 KSP Residual norm 1.663287783807e-01
  863 KSP preconditioned resid norm 1.663287783807e-01 true resid norm 7.809344256094e-03 ||r(i)||/||b|| 1.446310344004e-03
  864 KSP Residual norm 1.659218263500e-01
  864 KSP preconditioned resid norm 1.659218263500e-01 true resid norm 7.790235922465e-03 ||r(i)||/||b|| 1.442771432198e-03
  865 KSP Residual norm 1.655159115720e-01
  865 KSP preconditioned resid norm 1.655159115720e-01 true resid norm 7.771176303428e-03 ||r(i)||/||b|| 1.439241542458e-03
  866 KSP Residual norm 1.651110310833e-01
  866 KSP preconditioned resid norm 1.651110310833e-01 true resid norm 7.752165259730e-03 ||r(i)||/||b|| 1.435720648994e-03
  867 KSP Residual norm 1.647071819313e-01
  867 KSP preconditioned resid norm 1.647071819313e-01 true resid norm 7.733202652628e-03 ||r(i)||/||b|| 1.432208726110e-03
  868 KSP Residual norm 1.643043611742e-01
  868 KSP preconditioned resid norm 1.643043611742e-01 true resid norm 7.714288343882e-03 ||r(i)||/||b|| 1.428705748204e-03
  869 KSP Residual norm 1.639025658807e-01
  869 KSP preconditioned resid norm 1.639025658807e-01 true resid norm 7.695422195753e-03 ||r(i)||/||b|| 1.425211689767e-03
  870 KSP Residual norm 1.635017931303e-01
  870 KSP preconditioned resid norm 1.635017931303e-01 true resid norm 7.676604071005e-03 ||r(i)||/||b|| 1.421726525381e-03
  871 KSP Residual norm 1.631020400128e-01
  871 KSP preconditioned resid norm 1.631020400128e-01 true resid norm 7.657833832895e-03 ||r(i)||/||b|| 1.418250229722e-03
  872 KSP Residual norm 1.627033036289e-01
  872 KSP preconditioned resid norm 1.627033036289e-01 true resid norm 7.639111345177e-03 ||r(i)||/||b|| 1.414782777556e-03
  873 KSP Residual norm 1.623055810893e-01
  873 KSP preconditioned resid norm 1.623055810893e-01 true resid norm 7.620436472095e-03 ||r(i)||/||b|| 1.411324143742e-03
  874 KSP Residual norm 1.619088695156e-01
  874 KSP preconditioned resid norm 1.619088695156e-01 true resid norm 7.601809078386e-03 ||r(i)||/||b|| 1.407874303228e-03
  875 KSP Residual norm 1.615131660394e-01
  875 KSP preconditioned resid norm 1.615131660394e-01 true resid norm 7.583229029271e-03 ||r(i)||/||b|| 1.404433231052e-03
  876 KSP Residual norm 1.611184678027e-01
  876 KSP preconditioned resid norm 1.611184678027e-01 true resid norm 7.564696190456e-03 ||r(i)||/||b|| 1.401000902344e-03
  877 KSP Residual norm 1.607247719578e-01
  877 KSP preconditioned resid norm 1.607247719578e-01 true resid norm 7.546210428130e-03 ||r(i)||/||b|| 1.397577292321e-03
  878 KSP Residual norm 1.603320756672e-01
  878 KSP preconditioned resid norm 1.603320756672e-01 true resid norm 7.527771608962e-03 ||r(i)||/||b|| 1.394162376290e-03
  879 KSP Residual norm 1.599403761035e-01
  879 KSP preconditioned resid norm 1.599403761035e-01 true resid norm 7.509379600097e-03 ||r(i)||/||b|| 1.390756129646e-03
  880 KSP Residual norm 1.595496704493e-01
  880 KSP preconditioned resid norm 1.595496704493e-01 true resid norm 7.491034269158e-03 ||r(i)||/||b|| 1.387358527871e-03
  881 KSP Residual norm 1.591599558976e-01
  881 KSP preconditioned resid norm 1.591599558976e-01 true resid norm 7.472735484237e-03 ||r(i)||/||b|| 1.383969546537e-03
  882 KSP Residual norm 1.587712296511e-01
  882 KSP preconditioned resid norm 1.587712296511e-01 true resid norm 7.454483113900e-03 ||r(i)||/||b|| 1.380589161302e-03
  883 KSP Residual norm 1.583834889224e-01
  883 KSP preconditioned resid norm 1.583834889224e-01 true resid norm 7.436277027179e-03 ||r(i)||/||b|| 1.377217347909e-03
  884 KSP Residual norm 1.579967309343e-01
  884 KSP preconditioned resid norm 1.579967309343e-01 true resid norm 7.418117093570e-03 ||r(i)||/||b|| 1.373854082190e-03
  885 KSP Residual norm 1.576109529191e-01
  885 KSP preconditioned resid norm 1.576109529191e-01 true resid norm 7.400003183038e-03 ||r(i)||/||b|| 1.370499340062e-03
  886 KSP Residual norm 1.572261521193e-01
  886 KSP preconditioned resid norm 1.572261521193e-01 true resid norm 7.381935166003e-03 ||r(i)||/||b|| 1.367153097525e-03
  887 KSP Residual norm 1.568423257869e-01
  887 KSP preconditioned resid norm 1.568423257869e-01 true resid norm 7.363912913347e-03 ||r(i)||/||b|| 1.363815330667e-03
  888 KSP Residual norm 1.564594711836e-01
  888 KSP preconditioned resid norm 1.564594711836e-01 true resid norm 7.345936296410e-03 ||r(i)||/||b|| 1.360486015660e-03
  889 KSP Residual norm 1.560775855808e-01
  889 KSP preconditioned resid norm 1.560775855808e-01 true resid norm 7.328005186983e-03 ||r(i)||/||b|| 1.357165128760e-03
  890 KSP Residual norm 1.556966662595e-01
  890 KSP preconditioned resid norm 1.556966662595e-01 true resid norm 7.310119457312e-03 ||r(i)||/||b|| 1.353852646305e-03
  891 KSP Residual norm 1.553167105105e-01
  891 KSP preconditioned resid norm 1.553167105105e-01 true resid norm 7.292278980091e-03 ||r(i)||/||b|| 1.350548544718e-03
  892 KSP Residual norm 1.549377156338e-01
  892 KSP preconditioned resid norm 1.549377156338e-01 true resid norm 7.274483628464e-03 ||r(i)||/||b|| 1.347252800506e-03
  893 KSP Residual norm 1.545596789390e-01
  893 KSP preconditioned resid norm 1.545596789390e-01 true resid norm 7.256733276019e-03 ||r(i)||/||b|| 1.343965390256e-03
  894 KSP Residual norm 1.541825977452e-01
  894 KSP preconditioned resid norm 1.541825977452e-01 true resid norm 7.239027796787e-03 ||r(i)||/||b|| 1.340686290639e-03
  895 KSP Residual norm 1.538064693807e-01
  895 KSP preconditioned resid norm 1.538064693807e-01 true resid norm 7.221367065243e-03 ||r(i)||/||b|| 1.337415478407e-03
  896 KSP Residual norm 1.534312911833e-01
  896 KSP preconditioned resid norm 1.534312911833e-01 true resid norm 7.203750956298e-03 ||r(i)||/||b|| 1.334152930394e-03
  897 KSP Residual norm 1.530570605001e-01
  897 KSP preconditioned resid norm 1.530570605001e-01 true resid norm 7.186179345303e-03 ||r(i)||/||b|| 1.330898623514e-03
  898 KSP Residual norm 1.526837746875e-01
  898 KSP preconditioned resid norm 1.526837746875e-01 true resid norm 7.168652108040e-03 ||r(i)||/||b|| 1.327652534761e-03
  899 KSP Residual norm 1.523114311107e-01
  899 KSP preconditioned resid norm 1.523114311107e-01 true resid norm 7.151169120729e-03 ||r(i)||/||b|| 1.324414641212e-03
  900 KSP Residual norm 1.519400271447e-01
  900 KSP preconditioned resid norm 1.519400271447e-01 true resid norm 7.133730260017e-03 ||r(i)||/||b|| 1.321184920020e-03
  901 KSP Residual norm 1.515695601730e-01
  901 KSP preconditioned resid norm 1.515695601730e-01 true resid norm 7.116335402981e-03 ||r(i)||/||b|| 1.317963348421e-03
  902 KSP Residual norm 1.512000275887e-01
  902 KSP preconditioned resid norm 1.512000275887e-01 true resid norm 7.098984427124e-03 ||r(i)||/||b|| 1.314749903727e-03
  903 KSP Residual norm 1.508314267935e-01
  903 KSP preconditioned resid norm 1.508314267935e-01 true resid norm 7.081677210375e-03 ||r(i)||/||b|| 1.311544563332e-03
  904 KSP Residual norm 1.504637551983e-01
  904 KSP preconditioned resid norm 1.504637551983e-01 true resid norm 7.064413631085e-03 ||r(i)||/||b|| 1.308347304703e-03
  905 KSP Residual norm 1.500970102230e-01
  905 KSP preconditioned resid norm 1.500970102230e-01 true resid norm 7.047193568024e-03 ||r(i)||/||b|| 1.305158105391e-03
  906 KSP Residual norm 1.497311892963e-01
  906 KSP preconditioned resid norm 1.497311892963e-01 true resid norm 7.030016900383e-03 ||r(i)||/||b|| 1.301976943021e-03
  907 KSP Residual norm 1.493662898557e-01
  907 KSP preconditioned resid norm 1.493662898557e-01 true resid norm 7.012883507768e-03 ||r(i)||/||b|| 1.298803795295e-03
  908 KSP Residual norm 1.490023093476e-01
  908 KSP preconditioned resid norm 1.490023093476e-01 true resid norm 6.995793270201e-03 ||r(i)||/||b|| 1.295638639994e-03
  909 KSP Residual norm 1.486392452273e-01
  909 KSP preconditioned resid norm 1.486392452273e-01 true resid norm 6.978746068115e-03 ||r(i)||/||b|| 1.292481454972e-03
  910 KSP Residual norm 1.482770949585e-01
  910 KSP preconditioned resid norm 1.482770949585e-01 true resid norm 6.961741782355e-03 ||r(i)||/||b|| 1.289332218163e-03
  911 KSP Residual norm 1.479158560139e-01
  911 KSP preconditioned resid norm 1.479158560139e-01 true resid norm 6.944780294174e-03 ||r(i)||/||b|| 1.286190907574e-03
  912 KSP Residual norm 1.475555258747e-01
  912 KSP preconditioned resid norm 1.475555258747e-01 true resid norm 6.927861485232e-03 ||r(i)||/||b|| 1.283057501288e-03
  913 KSP Residual norm 1.471961020308e-01
  913 KSP preconditioned resid norm 1.471961020308e-01 true resid norm 6.910985237594e-03 ||r(i)||/||b|| 1.279931977463e-03
  914 KSP Residual norm 1.468375819806e-01
  914 KSP preconditioned resid norm 1.468375819806e-01 true resid norm 6.894151433729e-03 ||r(i)||/||b|| 1.276814314333e-03
  915 KSP Residual norm 1.464799632311e-01
  915 KSP preconditioned resid norm 1.464799632311e-01 true resid norm 6.877359956504e-03 ||r(i)||/||b|| 1.273704490204e-03
  916 KSP Residual norm 1.461232432976e-01
  916 KSP preconditioned resid norm 1.461232432976e-01 true resid norm 6.860610689189e-03 ||r(i)||/||b|| 1.270602483457e-03
  917 KSP Residual norm 1.457674197042e-01
  917 KSP preconditioned resid norm 1.457674197042e-01 true resid norm 6.843903515450e-03 ||r(i)||/||b|| 1.267508272546e-03
  918 KSP Residual norm 1.454124899830e-01
  918 KSP preconditioned resid norm 1.454124899830e-01 true resid norm 6.827238319347e-03 ||r(i)||/||b|| 1.264421836001e-03
  919 KSP Residual norm 1.450584516748e-01
  919 KSP preconditioned resid norm 1.450584516748e-01 true resid norm 6.810614985335e-03 ||r(i)||/||b|| 1.261343152421e-03
  920 KSP Residual norm 1.447053023286e-01
  920 KSP preconditioned resid norm 1.447053023286e-01 true resid norm 6.794033398262e-03 ||r(i)||/||b|| 1.258272200479e-03
  921 KSP Residual norm 1.443530395017e-01
  921 KSP preconditioned resid norm 1.443530395017e-01 true resid norm 6.777493443364e-03 ||r(i)||/||b|| 1.255208958922e-03
  922 KSP Residual norm 1.440016607596e-01
  922 KSP preconditioned resid norm 1.440016607596e-01 true resid norm 6.760995006266e-03 ||r(i)||/||b|| 1.252153406567e-03
  923 KSP Residual norm 1.436511636762e-01
  923 KSP preconditioned resid norm 1.436511636762e-01 true resid norm 6.744537972980e-03 ||r(i)||/||b|| 1.249105522303e-03
  924 KSP Residual norm 1.433015458333e-01
  924 KSP preconditioned resid norm 1.433015458333e-01 true resid norm 6.728122229901e-03 ||r(i)||/||b|| 1.246065285089e-03
  925 KSP Residual norm 1.429528048211e-01
  925 KSP preconditioned resid norm 1.429528048211e-01 true resid norm 6.711747663809e-03 ||r(i)||/||b|| 1.243032673958e-03
  926 KSP Residual norm 1.426049382378e-01
  926 KSP preconditioned resid norm 1.426049382378e-01 true resid norm 6.695414161862e-03 ||r(i)||/||b|| 1.240007668011e-03
  927 KSP Residual norm 1.422579436896e-01
  927 KSP preconditioned resid norm 1.422579436896e-01 true resid norm 6.679121611601e-03 ||r(i)||/||b|| 1.236990246420e-03
  928 KSP Residual norm 1.419118187909e-01
  928 KSP preconditioned resid norm 1.419118187909e-01 true resid norm 6.662869900943e-03 ||r(i)||/||b|| 1.233980388426e-03
  929 KSP Residual norm 1.415665611639e-01
  929 KSP preconditioned resid norm 1.415665611639e-01 true resid norm 6.646658918179e-03 ||r(i)||/||b|| 1.230978073342e-03
  930 KSP Residual norm 1.412221684389e-01
  930 KSP preconditioned resid norm 1.412221684389e-01 true resid norm 6.630488551977e-03 ||r(i)||/||b|| 1.227983280548e-03
  931 KSP Residual norm 1.408786382541e-01
  931 KSP preconditioned resid norm 1.408786382541e-01 true resid norm 6.614358691376e-03 ||r(i)||/||b|| 1.224995989494e-03
  932 KSP Residual norm 1.405359682555e-01
  932 KSP preconditioned resid norm 1.405359682555e-01 true resid norm 6.598269225786e-03 ||r(i)||/||b|| 1.222016179698e-03
  933 KSP Residual norm 1.401941560969e-01
  933 KSP preconditioned resid norm 1.401941560969e-01 true resid norm 6.582220044985e-03 ||r(i)||/||b|| 1.219043830747e-03
  934 KSP Residual norm 1.398531994402e-01
  934 KSP preconditioned resid norm 1.398531994402e-01 true resid norm 6.566211039120e-03 ||r(i)||/||b|| 1.216078922297e-03
  935 KSP Residual norm 1.395130959549e-01
  935 KSP preconditioned resid norm 1.395130959549e-01 true resid norm 6.550242098703e-03 ||r(i)||/||b|| 1.213121434068e-03
  936 KSP Residual norm 1.391738433180e-01
  936 KSP preconditioned resid norm 1.391738433180e-01 true resid norm 6.534313114610e-03 ||r(i)||/||b|| 1.210171345852e-03
  937 KSP Residual norm 1.388354392146e-01
  937 KSP preconditioned resid norm 1.388354392146e-01 true resid norm 6.518423978078e-03 ||r(i)||/||b|| 1.207228637506e-03
  938 KSP Residual norm 1.384978813374e-01
  938 KSP preconditioned resid norm 1.384978813374e-01 true resid norm 6.502574580707e-03 ||r(i)||/||b|| 1.204293288953e-03
  939 KSP Residual norm 1.381611673864e-01
  939 KSP preconditioned resid norm 1.381611673864e-01 true resid norm 6.486764814454e-03 ||r(i)||/||b|| 1.201365280183e-03
  940 KSP Residual norm 1.378252950696e-01
  940 KSP preconditioned resid norm 1.378252950696e-01 true resid norm 6.470994571636e-03 ||r(i)||/||b|| 1.198444591253e-03
  941 KSP Residual norm 1.374902621025e-01
  941 KSP preconditioned resid norm 1.374902621025e-01 true resid norm 6.455263744923e-03 ||r(i)||/||b|| 1.195531202287e-03
  942 KSP Residual norm 1.371560662078e-01
  942 KSP preconditioned resid norm 1.371560662078e-01 true resid norm 6.439572227341e-03 ||r(i)||/||b|| 1.192625093470e-03
  943 KSP Residual norm 1.368227051162e-01
  943 KSP preconditioned resid norm 1.368227051162e-01 true resid norm 6.423919912268e-03 ||r(i)||/||b|| 1.189726245058e-03
  944 KSP Residual norm 1.364901765655e-01
  944 KSP preconditioned resid norm 1.364901765655e-01 true resid norm 6.408306693434e-03 ||r(i)||/||b|| 1.186834637368e-03
  945 KSP Residual norm 1.361584783011e-01
  945 KSP preconditioned resid norm 1.361584783011e-01 true resid norm 6.392732464916e-03 ||r(i)||/||b|| 1.183950250784e-03
  946 KSP Residual norm 1.358276080756e-01
  946 KSP preconditioned resid norm 1.358276080756e-01 true resid norm 6.377197121143e-03 ||r(i)||/||b|| 1.181073065753e-03
  947 KSP Residual norm 1.354975636493e-01
  947 KSP preconditioned resid norm 1.354975636493e-01 true resid norm 6.361700556886e-03 ||r(i)||/||b|| 1.178203062786e-03
  948 KSP Residual norm 1.351683427896e-01
  948 KSP preconditioned resid norm 1.351683427896e-01 true resid norm 6.346242667264e-03 ||r(i)||/||b|| 1.175340222460e-03
  949 KSP Residual norm 1.348399432712e-01
  949 KSP preconditioned resid norm 1.348399432712e-01 true resid norm 6.330823347738e-03 ||r(i)||/||b|| 1.172484525413e-03
  950 KSP Residual norm 1.345123628762e-01
  950 KSP preconditioned resid norm 1.345123628762e-01 true resid norm 6.315442494111e-03 ||r(i)||/||b|| 1.169635952349e-03
  951 KSP Residual norm 1.341855993938e-01
  951 KSP preconditioned resid norm 1.341855993938e-01 true resid norm 6.300100002526e-03 ||r(i)||/||b|| 1.166794484032e-03
  952 KSP Residual norm 1.338596506205e-01
  952 KSP preconditioned resid norm 1.338596506205e-01 true resid norm 6.284795769465e-03 ||r(i)||/||b|| 1.163960101290e-03
  953 KSP Residual norm 1.335345143599e-01
  953 KSP preconditioned resid norm 1.335345143599e-01 true resid norm 6.269529691747e-03 ||r(i)||/||b|| 1.161132785014e-03
  954 KSP Residual norm 1.332101884228e-01
  954 KSP preconditioned resid norm 1.332101884228e-01 true resid norm 6.254301666527e-03 ||r(i)||/||b|| 1.158312516158e-03
  955 KSP Residual norm 1.328866706271e-01
  955 KSP preconditioned resid norm 1.328866706271e-01 true resid norm 6.239111591295e-03 ||r(i)||/||b|| 1.155499275736e-03
  956 KSP Residual norm 1.325639587978e-01
  956 KSP preconditioned resid norm 1.325639587978e-01 true resid norm 6.223959363873e-03 ||r(i)||/||b|| 1.152693044823e-03
  957 KSP Residual norm 1.322420507668e-01
  957 KSP preconditioned resid norm 1.322420507668e-01 true resid norm 6.208844882413e-03 ||r(i)||/||b|| 1.149893804559e-03
  958 KSP Residual norm 1.319209443733e-01
  958 KSP preconditioned resid norm 1.319209443733e-01 true resid norm 6.193768045400e-03 ||r(i)||/||b|| 1.147101536142e-03
  959 KSP Residual norm 1.316006374632e-01
  959 KSP preconditioned resid norm 1.316006374632e-01 true resid norm 6.178728751644e-03 ||r(i)||/||b|| 1.144316220831e-03
  960 KSP Residual norm 1.312811278895e-01
  960 KSP preconditioned resid norm 1.312811278895e-01 true resid norm 6.163726900286e-03 ||r(i)||/||b|| 1.141537839946e-03
  961 KSP Residual norm 1.309624135121e-01
  961 KSP preconditioned resid norm 1.309624135121e-01 true resid norm 6.148762390788e-03 ||r(i)||/||b|| 1.138766374870e-03
  962 KSP Residual norm 1.306444921977e-01
  962 KSP preconditioned resid norm 1.306444921977e-01 true resid norm 6.133835122940e-03 ||r(i)||/||b|| 1.136001807041e-03
  963 KSP Residual norm 1.303273618202e-01
  963 KSP preconditioned resid norm 1.303273618202e-01 true resid norm 6.118944996852e-03 ||r(i)||/||b|| 1.133244117960e-03
  964 KSP Residual norm 1.300110202599e-01
  964 KSP preconditioned resid norm 1.300110202599e-01 true resid norm 6.104091912958e-03 ||r(i)||/||b|| 1.130493289187e-03
  965 KSP Residual norm 1.296954654041e-01
  965 KSP preconditioned resid norm 1.296954654041e-01 true resid norm 6.089275772009e-03 ||r(i)||/||b|| 1.127749302341e-03
  966 KSP Residual norm 1.293806951469e-01
  966 KSP preconditioned resid norm 1.293806951469e-01 true resid norm 6.074496475077e-03 ||r(i)||/||b|| 1.125012139101e-03
  967 KSP Residual norm 1.290667073892e-01
  967 KSP preconditioned resid norm 1.290667073892e-01 true resid norm 6.059753923550e-03 ||r(i)||/||b|| 1.122281781202e-03
  968 KSP Residual norm 1.287535000385e-01
  968 KSP preconditioned resid norm 1.287535000385e-01 true resid norm 6.045048019132e-03 ||r(i)||/||b|| 1.119558210441e-03
  969 KSP Residual norm 1.284410710090e-01
  969 KSP preconditioned resid norm 1.284410710090e-01 true resid norm 6.030378663842e-03 ||r(i)||/||b|| 1.116841408671e-03
  970 KSP Residual norm 1.281294182216e-01
  970 KSP preconditioned resid norm 1.281294182216e-01 true resid norm 6.015745760010e-03 ||r(i)||/||b|| 1.114131357804e-03
  971 KSP Residual norm 1.278185396038e-01
  971 KSP preconditioned resid norm 1.278185396038e-01 true resid norm 6.001149210280e-03 ||r(i)||/||b|| 1.111428039809e-03
  972 KSP Residual norm 1.275084330897e-01
  972 KSP preconditioned resid norm 1.275084330897e-01 true resid norm 5.986588917607e-03 ||r(i)||/||b|| 1.108731436712e-03
  973 KSP Residual norm 1.271990966201e-01
  973 KSP preconditioned resid norm 1.271990966201e-01 true resid norm 5.972064785251e-03 ||r(i)||/||b|| 1.106041530597e-03
  974 KSP Residual norm 1.268905281421e-01
  974 KSP preconditioned resid norm 1.268905281421e-01 true resid norm 5.957576716785e-03 ||r(i)||/||b|| 1.103358303607e-03
  975 KSP Residual norm 1.265827256096e-01
  975 KSP preconditioned resid norm 1.265827256096e-01 true resid norm 5.943124616085e-03 ||r(i)||/||b|| 1.100681737937e-03
  976 KSP Residual norm 1.262756869827e-01
  976 KSP preconditioned resid norm 1.262756869827e-01 true resid norm 5.928708387333e-03 ||r(i)||/||b|| 1.098011815844e-03
  977 KSP Residual norm 1.259694102283e-01
  977 KSP preconditioned resid norm 1.259694102283e-01 true resid norm 5.914327935014e-03 ||r(i)||/||b|| 1.095348519636e-03
  978 KSP Residual norm 1.256638933193e-01
  978 KSP preconditioned resid norm 1.256638933193e-01 true resid norm 5.899983163917e-03 ||r(i)||/||b|| 1.092691831682e-03
  979 KSP Residual norm 1.253591342355e-01
  979 KSP preconditioned resid norm 1.253591342355e-01 true resid norm 5.885673979132e-03 ||r(i)||/||b|| 1.090041734402e-03
  980 KSP Residual norm 1.250551309627e-01
  980 KSP preconditioned resid norm 1.250551309627e-01 true resid norm 5.871400286048e-03 ||r(i)||/||b|| 1.087398210275e-03
  981 KSP Residual norm 1.247518814932e-01
  981 KSP preconditioned resid norm 1.247518814932e-01 true resid norm 5.857161990353e-03 ||r(i)||/||b|| 1.084761241835e-03
  982 KSP Residual norm 1.244493838256e-01
  982 KSP preconditioned resid norm 1.244493838256e-01 true resid norm 5.842958998033e-03 ||r(i)||/||b|| 1.082130811669e-03
  983 KSP Residual norm 1.241476359649e-01
  983 KSP preconditioned resid norm 1.241476359649e-01 true resid norm 5.828791215369e-03 ||r(i)||/||b|| 1.079506902420e-03
  984 KSP Residual norm 1.238466359222e-01
  984 KSP preconditioned resid norm 1.238466359222e-01 true resid norm 5.814658548939e-03 ||r(i)||/||b|| 1.076889496787e-03
  985 KSP Residual norm 1.235463817150e-01
  985 KSP preconditioned resid norm 1.235463817150e-01 true resid norm 5.800560905612e-03 ||r(i)||/||b|| 1.074278577522e-03
  986 KSP Residual norm 1.232468713669e-01
  986 KSP preconditioned resid norm 1.232468713669e-01 true resid norm 5.786498192551e-03 ||r(i)||/||b|| 1.071674127430e-03
  987 KSP Residual norm 1.229481029078e-01
  987 KSP preconditioned resid norm 1.229481029078e-01 true resid norm 5.772470317211e-03 ||r(i)||/||b|| 1.069076129372e-03
  988 KSP Residual norm 1.226500743736e-01
  988 KSP preconditioned resid norm 1.226500743736e-01 true resid norm 5.758477187335e-03 ||r(i)||/||b|| 1.066484566262e-03
  989 KSP Residual norm 1.223527838067e-01
  989 KSP preconditioned resid norm 1.223527838067e-01 true resid norm 5.744518710955e-03 ||r(i)||/||b|| 1.063899421068e-03
  990 KSP Residual norm 1.220562292551e-01
  990 KSP preconditioned resid norm 1.220562292551e-01 true resid norm 5.730594796393e-03 ||r(i)||/||b|| 1.061320676810e-03
  991 KSP Residual norm 1.217604087734e-01
  991 KSP preconditioned resid norm 1.217604087734e-01 true resid norm 5.716705352254e-03 ||r(i)||/||b|| 1.058748316561e-03
  992 KSP Residual norm 1.214653204219e-01
  992 KSP preconditioned resid norm 1.214653204219e-01 true resid norm 5.702850287430e-03 ||r(i)||/||b|| 1.056182323449e-03
  993 KSP Residual norm 1.211709622672e-01
  993 KSP preconditioned resid norm 1.211709622672e-01 true resid norm 5.689029511097e-03 ||r(i)||/||b|| 1.053622680653e-03
  994 KSP Residual norm 1.208773323816e-01
  994 KSP preconditioned resid norm 1.208773323816e-01 true resid norm 5.675242932714e-03 ||r(i)||/||b|| 1.051069371403e-03
  995 KSP Residual norm 1.205844288438e-01
  995 KSP preconditioned resid norm 1.205844288438e-01 true resid norm 5.661490462020e-03 ||r(i)||/||b|| 1.048522378984e-03
  996 KSP Residual norm 1.202922497381e-01
  996 KSP preconditioned resid norm 1.202922497381e-01 true resid norm 5.647772009037e-03 ||r(i)||/||b|| 1.045981686730e-03
  997 KSP Residual norm 1.200007931550e-01
  997 KSP preconditioned resid norm 1.200007931550e-01 true resid norm 5.634087484063e-03 ||r(i)||/||b|| 1.043447278031e-03
  998 KSP Residual norm 1.197100571907e-01
  998 KSP preconditioned resid norm 1.197100571907e-01 true resid norm 5.620436797677e-03 ||r(i)||/||b|| 1.040919136323e-03
  999 KSP Residual norm 1.194200399474e-01
  999 KSP preconditioned resid norm 1.194200399474e-01 true resid norm 5.606819860734e-03 ||r(i)||/||b|| 1.038397245098e-03
  1000 KSP Residual norm 1.191307395333e-01
  1000 KSP preconditioned resid norm 1.191307395333e-01 true resid norm 5.593236584365e-03 ||r(i)||/||b|| 1.035881587896e-03
  1001 KSP Residual norm 1.188421540622e-01
  1001 KSP preconditioned resid norm 1.188421540622e-01 true resid norm 5.579686879975e-03 ||r(i)||/||b|| 1.033372148310e-03
  1002 KSP Residual norm 1.185542816539e-01
  1002 KSP preconditioned resid norm 1.185542816539e-01 true resid norm 5.566170659243e-03 ||r(i)||/||b|| 1.030868909982e-03
  1003 KSP Residual norm 1.182671204338e-01
  1003 KSP preconditioned resid norm 1.182671204338e-01 true resid norm 5.552687834121e-03 ||r(i)||/||b|| 1.028371856606e-03
  1004 KSP Residual norm 1.179806685334e-01
  1004 KSP preconditioned resid norm 1.179806685334e-01 true resid norm 5.539238316831e-03 ||r(i)||/||b|| 1.025880971925e-03
  1005 KSP Residual norm 1.176949240896e-01
  1005 KSP preconditioned resid norm 1.176949240896e-01 true resid norm 5.525822019867e-03 ||r(i)||/||b|| 1.023396239732e-03
  1006 KSP Residual norm 1.174098852453e-01
  1006 KSP preconditioned resid norm 1.174098852453e-01 true resid norm 5.512438855990e-03 ||r(i)||/||b|| 1.020917643871e-03
  1007 KSP Residual norm 1.171255501488e-01
  1007 KSP preconditioned resid norm 1.171255501488e-01 true resid norm 5.499088738231e-03 ||r(i)||/||b|| 1.018445168235e-03
  1008 KSP Residual norm 1.168419169545e-01
  1008 KSP preconditioned resid norm 1.168419169545e-01 true resid norm 5.485771579888e-03 ||r(i)||/||b|| 1.015978796766e-03
  1009 KSP Residual norm 1.165589838220e-01
  1009 KSP preconditioned resid norm 1.165589838220e-01 true resid norm 5.472487294523e-03 ||r(i)||/||b|| 1.013518513456e-03
  1010 KSP Residual norm 1.162767489168e-01
  1010 KSP preconditioned resid norm 1.162767489168e-01 true resid norm 5.459235795963e-03 ||r(i)||/||b|| 1.011064302345e-03
  1011 KSP Residual norm 1.159952104100e-01
  1011 KSP preconditioned resid norm 1.159952104100e-01 true resid norm 5.446016998301e-03 ||r(i)||/||b|| 1.008616147523e-03
  1012 KSP Residual norm 1.157143664782e-01
  1012 KSP preconditioned resid norm 1.157143664782e-01 true resid norm 5.432830815890e-03 ||r(i)||/||b|| 1.006174033129e-03
  1013 KSP Residual norm 1.154342153036e-01
  1013 KSP preconditioned resid norm 1.154342153036e-01 true resid norm 5.419677163346e-03 ||r(i)||/||b|| 1.003737943348e-03
  1014 KSP Residual norm 1.151547550740e-01
  1014 KSP preconditioned resid norm 1.151547550740e-01 true resid norm 5.406555955545e-03 ||r(i)||/||b|| 1.001307862416e-03
  1015 KSP Residual norm 1.148759839827e-01
  1015 KSP preconditioned resid norm 1.148759839827e-01 true resid norm 5.393467107623e-03 ||r(i)||/||b|| 9.988837746159e-04
  1016 KSP Residual norm 1.145979002283e-01
  1016 KSP preconditioned resid norm 1.145979002283e-01 true resid norm 5.380410534974e-03 ||r(i)||/||b|| 9.964656642777e-04
  1017 KSP Residual norm 1.143205020153e-01
  1017 KSP preconditioned resid norm 1.143205020153e-01 true resid norm 5.367386153248e-03 ||r(i)||/||b|| 9.940535157802e-04
  1018 KSP Residual norm 1.140437875531e-01
  1018 KSP preconditioned resid norm 1.140437875531e-01 true resid norm 5.354393878355e-03 ||r(i)||/||b|| 9.916473135493e-04
  1019 KSP Residual norm 1.137677550571e-01
  1019 KSP preconditioned resid norm 1.137677550571e-01 true resid norm 5.341433626456e-03 ||r(i)||/||b|| 9.892470420582e-04
  1020 KSP Residual norm 1.134924027477e-01
  1020 KSP preconditioned resid norm 1.134924027477e-01 true resid norm 5.328505313969e-03 ||r(i)||/||b|| 9.868526858271e-04
  1021 KSP Residual norm 1.132177288508e-01
  1021 KSP preconditioned resid norm 1.132177288508e-01 true resid norm 5.315608857565e-03 ||r(i)||/||b|| 9.844642294232e-04
  1022 KSP Residual norm 1.129437315978e-01
  1022 KSP preconditioned resid norm 1.129437315978e-01 true resid norm 5.302744174166e-03 ||r(i)||/||b|| 9.820816574605e-04
  1023 KSP Residual norm 1.126704092253e-01
  1023 KSP preconditioned resid norm 1.126704092253e-01 true resid norm 5.289911180947e-03 ||r(i)||/||b|| 9.797049545993e-04
  1024 KSP Residual norm 1.123977599752e-01
  1024 KSP preconditioned resid norm 1.123977599752e-01 true resid norm 5.277109795331e-03 ||r(i)||/||b|| 9.773341055464e-04
  1025 KSP Residual norm 1.121257820948e-01
  1025 KSP preconditioned resid norm 1.121257820948e-01 true resid norm 5.264339934993e-03 ||r(i)||/||b|| 9.749690950547e-04
  1026 KSP Residual norm 1.118544738367e-01
  1026 KSP preconditioned resid norm 1.118544738367e-01 true resid norm 5.251601517854e-03 ||r(i)||/||b|| 9.726099079233e-04
  1027 KSP Residual norm 1.115838334586e-01
  1027 KSP preconditioned resid norm 1.115838334586e-01 true resid norm 5.238894462084e-03 ||r(i)||/||b|| 9.702565289967e-04
  1028 KSP Residual norm 1.113138592237e-01
  1028 KSP preconditioned resid norm 1.113138592237e-01 true resid norm 5.226218686098e-03 ||r(i)||/||b|| 9.679089431654e-04
  1029 KSP Residual norm 1.110445494002e-01
  1029 KSP preconditioned resid norm 1.110445494002e-01 true resid norm 5.213574108556e-03 ||r(i)||/||b|| 9.655671353651e-04
  1030 KSP Residual norm 1.107759022615e-01
  1030 KSP preconditioned resid norm 1.107759022615e-01 true resid norm 5.200960648364e-03 ||r(i)||/||b|| 9.632310905769e-04
  1031 KSP Residual norm 1.105079160864e-01
  1031 KSP preconditioned resid norm 1.105079160864e-01 true resid norm 5.188378224670e-03 ||r(i)||/||b|| 9.609007938267e-04
  1032 KSP Residual norm 1.102405891586e-01
  1032 KSP preconditioned resid norm 1.102405891586e-01 true resid norm 5.175826756866e-03 ||r(i)||/||b|| 9.585762301858e-04
  1033 KSP Residual norm 1.099739197670e-01
  1033 KSP preconditioned resid norm 1.099739197670e-01 true resid norm 5.163306164584e-03 ||r(i)||/||b|| 9.562573847697e-04
  1034 KSP Residual norm 1.097079062058e-01
  1034 KSP preconditioned resid norm 1.097079062058e-01 true resid norm 5.150816367697e-03 ||r(i)||/||b|| 9.539442427388e-04
  1035 KSP Residual norm 1.094425467741e-01
  1035 KSP preconditioned resid norm 1.094425467741e-01 true resid norm 5.138357286317e-03 ||r(i)||/||b|| 9.516367892977e-04
  1036 KSP Residual norm 1.091778397761e-01
  1036 KSP preconditioned resid norm 1.091778397761e-01 true resid norm 5.125928840796e-03 ||r(i)||/||b|| 9.493350096953e-04
  1037 KSP Residual norm 1.089137835212e-01
  1037 KSP preconditioned resid norm 1.089137835212e-01 true resid norm 5.113530951723e-03 ||r(i)||/||b|| 9.470388892245e-04
  1038 KSP Residual norm 1.086503763236e-01
  1038 KSP preconditioned resid norm 1.086503763236e-01 true resid norm 5.101163539924e-03 ||r(i)||/||b|| 9.447484132220e-04
  1039 KSP Residual norm 1.083876165028e-01
  1039 KSP preconditioned resid norm 1.083876165028e-01 true resid norm 5.088826526460e-03 ||r(i)||/||b|| 9.424635670683e-04
  1040 KSP Residual norm 1.081255023830e-01
  1040 KSP preconditioned resid norm 1.081255023830e-01 true resid norm 5.076519832629e-03 ||r(i)||/||b|| 9.401843361873e-04
  1041 KSP Residual norm 1.078640322937e-01
  1041 KSP preconditioned resid norm 1.078640322937e-01 true resid norm 5.064243379960e-03 ||r(i)||/||b|| 9.379107060463e-04
  1042 KSP Residual norm 1.076032045690e-01
  1042 KSP preconditioned resid norm 1.076032045690e-01 true resid norm 5.051997090219e-03 ||r(i)||/||b|| 9.356426621557e-04
  1043 KSP Residual norm 1.073430175484e-01
  1043 KSP preconditioned resid norm 1.073430175484e-01 true resid norm 5.039780885400e-03 ||r(i)||/||b|| 9.333801900692e-04
  1044 KSP Residual norm 1.070834695758e-01
  1044 KSP preconditioned resid norm 1.070834695758e-01 true resid norm 5.027594687732e-03 ||r(i)||/||b|| 9.311232753829e-04
  1045 KSP Residual norm 1.068245590004e-01
  1045 KSP preconditioned resid norm 1.068245590004e-01 true resid norm 5.015438419672e-03 ||r(i)||/||b|| 9.288719037359e-04
  1046 KSP Residual norm 1.065662841761e-01
  1046 KSP preconditioned resid norm 1.065662841761e-01 true resid norm 5.003312003907e-03 ||r(i)||/||b|| 9.266260608097e-04
  1047 KSP Residual norm 1.063086434617e-01
  1047 KSP preconditioned resid norm 1.063086434617e-01 true resid norm 4.991215363355e-03 ||r(i)||/||b|| 9.243857323283e-04
  1048 KSP Residual norm 1.060516352210e-01
  1048 KSP preconditioned resid norm 1.060516352210e-01 true resid norm 4.979148421159e-03 ||r(i)||/||b|| 9.221509040577e-04
  1049 KSP Residual norm 1.057952578223e-01
  1049 KSP preconditioned resid norm 1.057952578223e-01 true resid norm 4.967111100690e-03 ||r(i)||/||b|| 9.199215618059e-04
  1050 KSP Residual norm 1.055395096390e-01
  1050 KSP preconditioned resid norm 1.055395096390e-01 true resid norm 4.955103325544e-03 ||r(i)||/||b|| 9.176976914229e-04
  1051 KSP Residual norm 1.052843890492e-01
  1051 KSP preconditioned resid norm 1.052843890492e-01 true resid norm 4.943125019545e-03 ||r(i)||/||b|| 9.154792788005e-04
  1052 KSP Residual norm 1.050298944357e-01
  1052 KSP preconditioned resid norm 1.050298944357e-01 true resid norm 4.931176106738e-03 ||r(i)||/||b|| 9.132663098717e-04
  1053 KSP Residual norm 1.047760241862e-01
  1053 KSP preconditioned resid norm 1.047760241862e-01 true resid norm 4.919256511393e-03 ||r(i)||/||b|| 9.110587706113e-04
  1054 KSP Residual norm 1.045227766929e-01
  1054 KSP preconditioned resid norm 1.045227766929e-01 true resid norm 4.907366158003e-03 ||r(i)||/||b|| 9.088566470350e-04
  1055 KSP Residual norm 1.042701503531e-01
  1055 KSP preconditioned resid norm 1.042701503531e-01 true resid norm 4.895504971282e-03 ||r(i)||/||b|| 9.066599251997e-04
  1056 KSP Residual norm 1.040181435684e-01
  1056 KSP preconditioned resid norm 1.040181435684e-01 true resid norm 4.883672876165e-03 ||r(i)||/||b|| 9.044685912032e-04
  1057 KSP Residual norm 1.037667547453e-01
  1057 KSP preconditioned resid norm 1.037667547453e-01 true resid norm 4.871869797808e-03 ||r(i)||/||b|| 9.022826311842e-04
  1058 KSP Residual norm 1.035159822950e-01
  1058 KSP preconditioned resid norm 1.035159822950e-01 true resid norm 4.860095661585e-03 ||r(i)||/||b|| 9.001020313217e-04
  1059 KSP Residual norm 1.032658246332e-01
  1059 KSP preconditioned resid norm 1.032658246332e-01 true resid norm 4.848350393090e-03 ||r(i)||/||b|| 8.979267778355e-04
  1060 KSP Residual norm 1.030162801803e-01
  1060 KSP preconditioned resid norm 1.030162801803e-01 true resid norm 4.836633918132e-03 ||r(i)||/||b|| 8.957568569854e-04
  1061 KSP Residual norm 1.027673473613e-01
  1061 KSP preconditioned resid norm 1.027673473613e-01 true resid norm 4.824946162739e-03 ||r(i)||/||b|| 8.935922550716e-04
  1062 KSP Residual norm 1.025190246059e-01
  1062 KSP preconditioned resid norm 1.025190246059e-01 true resid norm 4.813287053155e-03 ||r(i)||/||b|| 8.914329584341e-04
  1063 KSP Residual norm 1.022713103482e-01
  1063 KSP preconditioned resid norm 1.022713103482e-01 true resid norm 4.801656515838e-03 ||r(i)||/||b|| 8.892789534528e-04
  1064 KSP Residual norm 1.020242030269e-01
  1064 KSP preconditioned resid norm 1.020242030269e-01 true resid norm 4.790054477460e-03 ||r(i)||/||b|| 8.871302265473e-04
  1065 KSP Residual norm 1.017777010854e-01
  1065 KSP preconditioned resid norm 1.017777010854e-01 true resid norm 4.778480864909e-03 ||r(i)||/||b|| 8.849867641769e-04
  1066 KSP Residual norm 1.015318029715e-01
  1066 KSP preconditioned resid norm 1.015318029715e-01 true resid norm 4.766935605282e-03 ||r(i)||/||b|| 8.828485528400e-04
  1067 KSP Residual norm 1.012865071376e-01
  1067 KSP preconditioned resid norm 1.012865071376e-01 true resid norm 4.755418625892e-03 ||r(i)||/||b|| 8.807155790744e-04
  1068 KSP Residual norm 1.010418120403e-01
  1068 KSP preconditioned resid norm 1.010418120403e-01 true resid norm 4.743929854259e-03 ||r(i)||/||b|| 8.785878294572e-04
  1069 KSP Residual norm 1.007977161411e-01
  1069 KSP preconditioned resid norm 1.007977161411e-01 true resid norm 4.732469218117e-03 ||r(i)||/||b|| 8.764652906040e-04
  1070 KSP Residual norm 1.005542179057e-01
  1070 KSP preconditioned resid norm 1.005542179057e-01 true resid norm 4.721036645408e-03 ||r(i)||/||b|| 8.743479491697e-04
  1071 KSP Residual norm 1.003113158042e-01
  1071 KSP preconditioned resid norm 1.003113158042e-01 true resid norm 4.709632064282e-03 ||r(i)||/||b|| 8.722357918476e-04
  1072 KSP Residual norm 1.000690083114e-01
  1072 KSP preconditioned resid norm 1.000690083114e-01 true resid norm 4.698255403098e-03 ||r(i)||/||b|| 8.701288053695e-04
  1073 KSP Residual norm 9.982729390620e-02
  1073 KSP preconditioned resid norm 9.982729390620e-02 true resid norm 4.686906590422e-03 ||r(i)||/||b|| 8.680269765057e-04
  1074 KSP Residual norm 9.958617107210e-02
  1074 KSP preconditioned resid norm 9.958617107210e-02 true resid norm 4.675585555027e-03 ||r(i)||/||b|| 8.659302920646e-04
  1075 KSP Residual norm 9.934563829689e-02
  1075 KSP preconditioned resid norm 9.934563829689e-02 true resid norm 4.664292225891e-03 ||r(i)||/||b|| 8.638387388929e-04
  1076 KSP Residual norm 9.910569407272e-02
  1076 KSP preconditioned resid norm 9.910569407272e-02 true resid norm 4.653026532197e-03 ||r(i)||/||b|| 8.617523038751e-04
  1077 KSP Residual norm 9.886633689613e-02
  1077 KSP preconditioned resid norm 9.886633689613e-02 true resid norm 4.641788403333e-03 ||r(i)||/||b|| 8.596709739336e-04
  1078 KSP Residual norm 9.862756526794e-02
  1078 KSP preconditioned resid norm 9.862756526794e-02 true resid norm 4.630577768888e-03 ||r(i)||/||b|| 8.575947360283e-04
  1079 KSP Residual norm 9.838937769331e-02
  1079 KSP preconditioned resid norm 9.838937769331e-02 true resid norm 4.619394558657e-03 ||r(i)||/||b|| 8.555235771569e-04
  1080 KSP Residual norm 9.815177268170e-02
  1080 KSP preconditioned resid norm 9.815177268170e-02 true resid norm 4.608238702636e-03 ||r(i)||/||b|| 8.534574843543e-04
  1081 KSP Residual norm 9.791474874684e-02
  1081 KSP preconditioned resid norm 9.791474874684e-02 true resid norm 4.597110131019e-03 ||r(i)||/||b|| 8.513964446927e-04
  1082 KSP Residual norm 9.767830440673e-02
  1082 KSP preconditioned resid norm 9.767830440673e-02 true resid norm 4.586008774206e-03 ||r(i)||/||b|| 8.493404452815e-04
  1083 KSP Residual norm 9.744243818362e-02
  1083 KSP preconditioned resid norm 9.744243818362e-02 true resid norm 4.574934562791e-03 ||r(i)||/||b|| 8.472894732671e-04
  1084 KSP Residual norm 9.720714860399e-02
  1084 KSP preconditioned resid norm 9.720714860399e-02 true resid norm 4.563887427572e-03 ||r(i)||/||b|| 8.452435158326e-04
  1085 KSP Residual norm 9.697243419854e-02
  1085 KSP preconditioned resid norm 9.697243419854e-02 true resid norm 4.552867299541e-03 ||r(i)||/||b|| 8.432025601979e-04
  1086 KSP Residual norm 9.673829350218e-02
  1086 KSP preconditioned resid norm 9.673829350218e-02 true resid norm 4.541874109891e-03 ||r(i)||/||b|| 8.411665936195e-04
  1087 KSP Residual norm 9.650472505401e-02
  1087 KSP preconditioned resid norm 9.650472505401e-02 true resid norm 4.530907790010e-03 ||r(i)||/||b|| 8.391356033904e-04
  1088 KSP Residual norm 9.627172739730e-02
  1088 KSP preconditioned resid norm 9.627172739730e-02 true resid norm 4.519968271483e-03 ||r(i)||/||b|| 8.371095768399e-04
  1089 KSP Residual norm 9.603929907947e-02
  1089 KSP preconditioned resid norm 9.603929907947e-02 true resid norm 4.509055486088e-03 ||r(i)||/||b|| 8.350885013334e-04
  1090 KSP Residual norm 9.580743865209e-02
  1090 KSP preconditioned resid norm 9.580743865209e-02 true resid norm 4.498169365801e-03 ||r(i)||/||b|| 8.330723642723e-04
  1091 KSP Residual norm 9.557614467087e-02
  1091 KSP preconditioned resid norm 9.557614467087e-02 true resid norm 4.487309842790e-03 ||r(i)||/||b|| 8.310611530942e-04
  1092 KSP Residual norm 9.534541569560e-02
  1092 KSP preconditioned resid norm 9.534541569560e-02 true resid norm 4.476476849417e-03 ||r(i)||/||b|| 8.290548552723e-04
  1093 KSP Residual norm 9.511525029020e-02
  1093 KSP preconditioned resid norm 9.511525029020e-02 true resid norm 4.465670318237e-03 ||r(i)||/||b|| 8.270534583154e-04
  1094 KSP Residual norm 9.488564702265e-02
  1094 KSP preconditioned resid norm 9.488564702265e-02 true resid norm 4.454890181994e-03 ||r(i)||/||b|| 8.250569497680e-04
  1095 KSP Residual norm 9.465660446504e-02
  1095 KSP preconditioned resid norm 9.465660446504e-02 true resid norm 4.444136373628e-03 ||r(i)||/||b|| 8.230653172099e-04
  1096 KSP Residual norm 9.442812119345e-02
  1096 KSP preconditioned resid norm 9.442812119345e-02 true resid norm 4.433408826265e-03 ||r(i)||/||b|| 8.210785482562e-04
  1097 KSP Residual norm 9.420019578806e-02
  1097 KSP preconditioned resid norm 9.420019578806e-02 true resid norm 4.422707473223e-03 ||r(i)||/||b|| 8.190966305572e-04
  1098 KSP Residual norm 9.397282683304e-02
  1098 KSP preconditioned resid norm 9.397282683304e-02 true resid norm 4.412032248010e-03 ||r(i)||/||b|| 8.171195517982e-04
  1099 KSP Residual norm 9.374601291657e-02
  1099 KSP preconditioned resid norm 9.374601291657e-02 true resid norm 4.401383084320e-03 ||r(i)||/||b|| 8.151472996993e-04
  1100 KSP Residual norm 9.351975263085e-02
  1100 KSP preconditioned resid norm 9.351975263085e-02 true resid norm 4.390759916037e-03 ||r(i)||/||b|| 8.131798620157e-04
  1101 KSP Residual norm 9.329404457204e-02
  1101 KSP preconditioned resid norm 9.329404457204e-02 true resid norm 4.380162677230e-03 ||r(i)||/||b|| 8.112172265368e-04
  1102 KSP Residual norm 9.306888734028e-02
  1102 KSP preconditioned resid norm 9.306888734028e-02 true resid norm 4.369591302157e-03 ||r(i)||/||b|| 8.092593810868e-04
  1103 KSP Residual norm 9.284427953966e-02
  1103 KSP preconditioned resid norm 9.284427953966e-02 true resid norm 4.359045725259e-03 ||r(i)||/||b|| 8.073063135244e-04
  1104 KSP Residual norm 9.262021977820e-02
  1104 KSP preconditioned resid norm 9.262021977820e-02 true resid norm 4.348525881165e-03 ||r(i)||/||b|| 8.053580117422e-04
  1105 KSP Residual norm 9.239670666786e-02
  1105 KSP preconditioned resid norm 9.239670666786e-02 true resid norm 4.338031704685e-03 ||r(i)||/||b|| 8.034144636675e-04
  1106 KSP Residual norm 9.217373882451e-02
  1106 KSP preconditioned resid norm 9.217373882451e-02 true resid norm 4.327563130816e-03 ||r(i)||/||b|| 8.014756572611e-04
  1107 KSP Residual norm 9.195131486791e-02
  1107 KSP preconditioned resid norm 9.195131486791e-02 true resid norm 4.317120094737e-03 ||r(i)||/||b|| 7.995415805180e-04
  1108 KSP Residual norm 9.172943342170e-02
  1108 KSP preconditioned resid norm 9.172943342170e-02 true resid norm 4.306702531809e-03 ||r(i)||/||b|| 7.976122214670e-04
  1109 KSP Residual norm 9.150809311340e-02
  1109 KSP preconditioned resid norm 9.150809311340e-02 true resid norm 4.296310377574e-03 ||r(i)||/||b|| 7.956875681706e-04
  1110 KSP Residual norm 9.128729257439e-02
  1110 KSP preconditioned resid norm 9.128729257439e-02 true resid norm 4.285943567759e-03 ||r(i)||/||b|| 7.937676087247e-04
  1111 KSP Residual norm 9.106703043988e-02
  1111 KSP preconditioned resid norm 9.106703043988e-02 true resid norm 4.275602038266e-03 ||r(i)||/||b|| 7.918523312588e-04
  1112 KSP Residual norm 9.084730534892e-02
  1112 KSP preconditioned resid norm 9.084730534892e-02 true resid norm 4.265285725183e-03 ||r(i)||/||b|| 7.899417239356e-04
  1113 KSP Residual norm 9.062811594437e-02
  1113 KSP preconditioned resid norm 9.062811594437e-02 true resid norm 4.254994564771e-03 ||r(i)||/||b|| 7.880357749510e-04
  1114 KSP Residual norm 9.040946087290e-02
  1114 KSP preconditioned resid norm 9.040946087290e-02 true resid norm 4.244728493476e-03 ||r(i)||/||b|| 7.861344725343e-04
  1115 KSP Residual norm 9.019133878494e-02
  1115 KSP preconditioned resid norm 9.019133878494e-02 true resid norm 4.234487447916e-03 ||r(i)||/||b|| 7.842378049473e-04
  1116 KSP Residual norm 8.997374833475e-02
  1116 KSP preconditioned resid norm 8.997374833475e-02 true resid norm 4.224271364891e-03 ||r(i)||/||b|| 7.823457604849e-04
  1117 KSP Residual norm 8.975668818030e-02
  1117 KSP preconditioned resid norm 8.975668818030e-02 true resid norm 4.214080181376e-03 ||r(i)||/||b|| 7.804583274749e-04
  1118 KSP Residual norm 8.954015698334e-02
  1118 KSP preconditioned resid norm 8.954015698334e-02 true resid norm 4.203913834521e-03 ||r(i)||/||b|| 7.785754942774e-04
  1119 KSP Residual norm 8.932415340934e-02
  1119 KSP preconditioned resid norm 8.932415340934e-02 true resid norm 4.193772261655e-03 ||r(i)||/||b|| 7.766972492851e-04
  1120 KSP Residual norm 8.910867612751e-02
  1120 KSP preconditioned resid norm 8.910867612751e-02 true resid norm 4.183655400277e-03 ||r(i)||/||b|| 7.748235809234e-04
  1121 KSP Residual norm 8.889372381076e-02
  1121 KSP preconditioned resid norm 8.889372381076e-02 true resid norm 4.173563188066e-03 ||r(i)||/||b|| 7.729544776495e-04
  1122 KSP Residual norm 8.867929513569e-02
  1122 KSP preconditioned resid norm 8.867929513569e-02 true resid norm 4.163495562869e-03 ||r(i)||/||b|| 7.710899279532e-04
  1123 KSP Residual norm 8.846538878259e-02
  1123 KSP preconditioned resid norm 8.846538878259e-02 true resid norm 4.153452462711e-03 ||r(i)||/||b|| 7.692299203562e-04
  1124 KSP Residual norm 8.825200343544e-02
  1124 KSP preconditioned resid norm 8.825200343544e-02 true resid norm 4.143433825787e-03 ||r(i)||/||b|| 7.673744434120e-04
  1125 KSP Residual norm 8.803913778185e-02
  1125 KSP preconditioned resid norm 8.803913778185e-02 true resid norm 4.133439590464e-03 ||r(i)||/||b|| 7.655234857061e-04
  1126 KSP Residual norm 8.782679051310e-02
  1126 KSP preconditioned resid norm 8.782679051310e-02 true resid norm 4.123469695280e-03 ||r(i)||/||b|| 7.636770358559e-04
  1127 KSP Residual norm 8.761496032408e-02
  1127 KSP preconditioned resid norm 8.761496032408e-02 true resid norm 4.113524078946e-03 ||r(i)||/||b|| 7.618350825100e-04
  1128 KSP Residual norm 8.740364591333e-02
  1128 KSP preconditioned resid norm 8.740364591333e-02 true resid norm 4.103602680341e-03 ||r(i)||/||b|| 7.599976143489e-04
  1129 KSP Residual norm 8.719284598298e-02
  1129 KSP preconditioned resid norm 8.719284598298e-02 true resid norm 4.093705438513e-03 ||r(i)||/||b|| 7.581646200842e-04
  1130 KSP Residual norm 8.698255923876e-02
  1130 KSP preconditioned resid norm 8.698255923876e-02 true resid norm 4.083832292682e-03 ||r(i)||/||b|| 7.563360884591e-04
  1131 KSP Residual norm 8.677278438998e-02
  1131 KSP preconditioned resid norm 8.677278438998e-02 true resid norm 4.073983182233e-03 ||r(i)||/||b|| 7.545120082477e-04
  1132 KSP Residual norm 8.656352014952e-02
  1132 KSP preconditioned resid norm 8.656352014952e-02 true resid norm 4.064158046721e-03 ||r(i)||/||b|| 7.526923682554e-04
  1133 KSP Residual norm 8.635476523384e-02
  1133 KSP preconditioned resid norm 8.635476523384e-02 true resid norm 4.054356825868e-03 ||r(i)||/||b|| 7.508771573183e-04
  1134 KSP Residual norm 8.614651836293e-02
  1134 KSP preconditioned resid norm 8.614651836293e-02 true resid norm 4.044579459560e-03 ||r(i)||/||b|| 7.490663643038e-04
  1135 KSP Residual norm 8.593877826031e-02
  1135 KSP preconditioned resid norm 8.593877826031e-02 true resid norm 4.034825887854e-03 ||r(i)||/||b|| 7.472599781096e-04
  1136 KSP Residual norm 8.573154365303e-02
  1136 KSP preconditioned resid norm 8.573154365303e-02 true resid norm 4.025096050969e-03 ||r(i)||/||b|| 7.454579876644e-04
  1137 KSP Residual norm 8.552481327166e-02
  1137 KSP preconditioned resid norm 8.552481327166e-02 true resid norm 4.015389889289e-03 ||r(i)||/||b|| 7.436603819272e-04
  1138 KSP Residual norm 8.531858585025e-02
  1138 KSP preconditioned resid norm 8.531858585025e-02 true resid norm 4.005707343363e-03 ||r(i)||/||b|| 7.418671498876e-04
  1139 KSP Residual norm 8.511286012637e-02
  1139 KSP preconditioned resid norm 8.511286012637e-02 true resid norm 3.996048353905e-03 ||r(i)||/||b|| 7.400782805655e-04
  1140 KSP Residual norm 8.490763484101e-02
  1140 KSP preconditioned resid norm 8.490763484101e-02 true resid norm 3.986412861792e-03 ||r(i)||/||b|| 7.382937630111e-04
  1141 KSP Residual norm 8.470290873869e-02
  1141 KSP preconditioned resid norm 8.470290873869e-02 true resid norm 3.976800808061e-03 ||r(i)||/||b|| 7.365135863045e-04
  1142 KSP Residual norm 8.449868056732e-02
  1142 KSP preconditioned resid norm 8.449868056732e-02 true resid norm 3.967212133914e-03 ||r(i)||/||b|| 7.347377395562e-04
  1143 KSP Residual norm 8.429494907829e-02
  1143 KSP preconditioned resid norm 8.429494907829e-02 true resid norm 3.957646780714e-03 ||r(i)||/||b|| 7.329662119064e-04
  1144 KSP Residual norm 8.409171302641e-02
  1144 KSP preconditioned resid norm 8.409171302641e-02 true resid norm 3.948104689985e-03 ||r(i)||/||b|| 7.311989925250e-04
  1145 KSP Residual norm 8.388897116991e-02
  1145 KSP preconditioned resid norm 8.388897116991e-02 true resid norm 3.938585803411e-03 ||r(i)||/||b|| 7.294360706120e-04
  1146 KSP Residual norm 8.368672227039e-02
  1146 KSP preconditioned resid norm 8.368672227039e-02 true resid norm 3.929090062837e-03 ||r(i)||/||b|| 7.276774353968e-04
  1147 KSP Residual norm 8.348496509290e-02
  1147 KSP preconditioned resid norm 8.348496509290e-02 true resid norm 3.919617410266e-03 ||r(i)||/||b|| 7.259230761383e-04
  1148 KSP Residual norm 8.328369840584e-02
  1148 KSP preconditioned resid norm 8.328369840584e-02 true resid norm 3.910167787861e-03 ||r(i)||/||b|| 7.241729821250e-04
  1149 KSP Residual norm 8.308292098097e-02
  1149 KSP preconditioned resid norm 8.308292098097e-02 true resid norm 3.900741137944e-03 ||r(i)||/||b|| 7.224271426745e-04
  1150 KSP Residual norm 8.288263159345e-02
  1150 KSP preconditioned resid norm 8.288263159345e-02 true resid norm 3.891337402993e-03 ||r(i)||/||b|| 7.206855471337e-04
  1151 KSP Residual norm 8.268282902174e-02
  1151 KSP preconditioned resid norm 8.268282902174e-02 true resid norm 3.881956525644e-03 ||r(i)||/||b|| 7.189481848789e-04
  1152 KSP Residual norm 8.248351204767e-02
  1152 KSP preconditioned resid norm 8.248351204767e-02 true resid norm 3.872598448691e-03 ||r(i)||/||b|| 7.172150453151e-04
  1153 KSP Residual norm 8.228467945639e-02
  1153 KSP preconditioned resid norm 8.228467945639e-02 true resid norm 3.863263115082e-03 ||r(i)||/||b|| 7.154861178764e-04
  1154 KSP Residual norm 8.208633003635e-02
  1154 KSP preconditioned resid norm 8.208633003635e-02 true resid norm 3.853950467924e-03 ||r(i)||/||b|| 7.137613920257e-04
  1155 KSP Residual norm 8.188846257933e-02
  1155 KSP preconditioned resid norm 8.188846257933e-02 true resid norm 3.844660450475e-03 ||r(i)||/||b|| 7.120408572547e-04
  1156 KSP Residual norm 8.169107588038e-02
  1156 KSP preconditioned resid norm 8.169107588038e-02 true resid norm 3.835393006152e-03 ||r(i)||/||b|| 7.103245030836e-04
  1157 KSP Residual norm 8.149416873784e-02
  1157 KSP preconditioned resid norm 8.149416873784e-02 true resid norm 3.826148078522e-03 ||r(i)||/||b|| 7.086123190613e-04
  1158 KSP Residual norm 8.129773995333e-02
  1158 KSP preconditioned resid norm 8.129773995333e-02 true resid norm 3.816925611310e-03 ||r(i)||/||b|| 7.069042947651e-04
  1159 KSP Residual norm 8.110178833170e-02
  1159 KSP preconditioned resid norm 8.110178833170e-02 true resid norm 3.807725548391e-03 ||r(i)||/||b|| 7.052004198008e-04
  1160 KSP Residual norm 8.090631268109e-02
  1160 KSP preconditioned resid norm 8.090631268109e-02 true resid norm 3.798547833793e-03 ||r(i)||/||b|| 7.035006838023e-04
  1161 KSP Residual norm 8.071131181285e-02
  1161 KSP preconditioned resid norm 8.071131181285e-02 true resid norm 3.789392411698e-03 ||r(i)||/||b|| 7.018050764317e-04
  1162 KSP Residual norm 8.051678454157e-02
  1162 KSP preconditioned resid norm 8.051678454157e-02 true resid norm 3.780259226437e-03 ||r(i)||/||b|| 7.001135873792e-04
  1163 KSP Residual norm 8.032272968504e-02
  1163 KSP preconditioned resid norm 8.032272968504e-02 true resid norm 3.771148222494e-03 ||r(i)||/||b|| 6.984262063630e-04
  1164 KSP Residual norm 8.012914606429e-02
  1164 KSP preconditioned resid norm 8.012914606429e-02 true resid norm 3.762059344504e-03 ||r(i)||/||b|| 6.967429231293e-04
  1165 KSP Residual norm 7.993603250351e-02
  1165 KSP preconditioned resid norm 7.993603250351e-02 true resid norm 3.752992537250e-03 ||r(i)||/||b|| 6.950637274519e-04
  1166 KSP Residual norm 7.974338783009e-02
  1166 KSP preconditioned resid norm 7.974338783009e-02 true resid norm 3.743947745667e-03 ||r(i)||/||b|| 6.933886091325e-04
  1167 KSP Residual norm 7.955121087460e-02
  1167 KSP preconditioned resid norm 7.955121087460e-02 true resid norm 3.734924914838e-03 ||r(i)||/||b|| 6.917175580004e-04
  1168 KSP Residual norm 7.935950047077e-02
  1168 KSP preconditioned resid norm 7.935950047077e-02 true resid norm 3.725923989994e-03 ||r(i)||/||b|| 6.900505639122e-04
  1169 KSP Residual norm 7.916825545548e-02
  1169 KSP preconditioned resid norm 7.916825545548e-02 true resid norm 3.716944916516e-03 ||r(i)||/||b|| 6.883876167523e-04
  1170 KSP Residual norm 7.897747466877e-02
  1170 KSP preconditioned resid norm 7.897747466877e-02 true resid norm 3.707987639930e-03 ||r(i)||/||b|| 6.867287064321e-04
  1171 KSP Residual norm 7.878715695378e-02
  1171 KSP preconditioned resid norm 7.878715695378e-02 true resid norm 3.699052105912e-03 ||r(i)||/||b|| 6.850738228906e-04
  1172 KSP Residual norm 7.859730115681e-02
  1172 KSP preconditioned resid norm 7.859730115681e-02 true resid norm 3.690138260283e-03 ||r(i)||/||b|| 6.834229560938e-04
  1173 KSP Residual norm 7.840790612725e-02
  1173 KSP preconditioned resid norm 7.840790612725e-02 true resid norm 3.681246049012e-03 ||r(i)||/||b|| 6.817760960346e-04
  1174 KSP Residual norm 7.821897071759e-02
  1174 KSP preconditioned resid norm 7.821897071759e-02 true resid norm 3.672375418211e-03 ||r(i)||/||b|| 6.801332327333e-04
  1175 KSP Residual norm 7.803049378344e-02
  1175 KSP preconditioned resid norm 7.803049378344e-02 true resid norm 3.663526314139e-03 ||r(i)||/||b|| 6.784943562368e-04
  1176 KSP Residual norm 7.784247418346e-02
  1176 KSP preconditioned resid norm 7.784247418346e-02 true resid norm 3.654698683200e-03 ||r(i)||/||b|| 6.768594566190e-04
  1177 KSP Residual norm 7.765491077940e-02
  1177 KSP preconditioned resid norm 7.765491077940e-02 true resid norm 3.645892471941e-03 ||r(i)||/||b|| 6.752285239803e-04
  1178 KSP Residual norm 7.746780243608e-02
  1178 KSP preconditioned resid norm 7.746780243608e-02 true resid norm 3.637107627056e-03 ||r(i)||/||b|| 6.736015484479e-04
  1179 KSP Residual norm 7.728114802134e-02
  1179 KSP preconditioned resid norm 7.728114802134e-02 true resid norm 3.628344095378e-03 ||r(i)||/||b|| 6.719785201757e-04
  1180 KSP Residual norm 7.709494640610e-02
  1180 KSP preconditioned resid norm 7.709494640610e-02 true resid norm 3.619601823887e-03 ||r(i)||/||b|| 6.703594293437e-04
  1181 KSP Residual norm 7.690919646429e-02
  1181 KSP preconditioned resid norm 7.690919646429e-02 true resid norm 3.610880759702e-03 ||r(i)||/||b|| 6.687442661587e-04
  1182 KSP Residual norm 7.672389707288e-02
  1182 KSP preconditioned resid norm 7.672389707288e-02 true resid norm 3.602180850086e-03 ||r(i)||/||b|| 6.671330208536e-04
  1183 KSP Residual norm 7.653904711183e-02
  1183 KSP preconditioned resid norm 7.653904711183e-02 true resid norm 3.593502042444e-03 ||r(i)||/||b|| 6.655256836874e-04
  1184 KSP Residual norm 7.635464546412e-02
  1184 KSP preconditioned resid norm 7.635464546412e-02 true resid norm 3.584844284321e-03 ||r(i)||/||b|| 6.639222449454e-04
  1185 KSP Residual norm 7.617069101573e-02
  1185 KSP preconditioned resid norm 7.617069101573e-02 true resid norm 3.576207523402e-03 ||r(i)||/||b|| 6.623226949390e-04
  1186 KSP Residual norm 7.598718265560e-02
  1186 KSP preconditioned resid norm 7.598718265560e-02 true resid norm 3.567591707514e-03 ||r(i)||/||b|| 6.607270240053e-04
  1187 KSP Residual norm 7.580411927567e-02
  1187 KSP preconditioned resid norm 7.580411927567e-02 true resid norm 3.558996784623e-03 ||r(i)||/||b|| 6.591352225075e-04
  1188 KSP Residual norm 7.562149977083e-02
  1188 KSP preconditioned resid norm 7.562149977083e-02 true resid norm 3.550422702834e-03 ||r(i)||/||b|| 6.575472808346e-04
  1189 KSP Residual norm 7.543932303893e-02
  1189 KSP preconditioned resid norm 7.543932303893e-02 true resid norm 3.541869410390e-03 ||r(i)||/||b|| 6.559631894012e-04
  1190 KSP Residual norm 7.525758798076e-02
  1190 KSP preconditioned resid norm 7.525758798076e-02 true resid norm 3.533336855675e-03 ||r(i)||/||b|| 6.543829386476e-04
  1191 KSP Residual norm 7.507629350006e-02
  1191 KSP preconditioned resid norm 7.507629350006e-02 true resid norm 3.524824987208e-03 ||r(i)||/||b|| 6.528065190397e-04
  1192 KSP Residual norm 7.489543850348e-02
  1192 KSP preconditioned resid norm 7.489543850348e-02 true resid norm 3.516333753647e-03 ||r(i)||/||b|| 6.512339210686e-04
  1193 KSP Residual norm 7.471502190061e-02
  1193 KSP preconditioned resid norm 7.471502190061e-02 true resid norm 3.507863103788e-03 ||r(i)||/||b|| 6.496651352512e-04
  1194 KSP Residual norm 7.453504260393e-02
  1194 KSP preconditioned resid norm 7.453504260393e-02 true resid norm 3.499412986561e-03 ||r(i)||/||b|| 6.481001521294e-04
  1195 KSP Residual norm 7.435549952882e-02
  1195 KSP preconditioned resid norm 7.435549952882e-02 true resid norm 3.490983351034e-03 ||r(i)||/||b|| 6.465389622704e-04
  1196 KSP Residual norm 7.417639159356e-02
  1196 KSP preconditioned resid norm 7.417639159356e-02 true resid norm 3.482574146411e-03 ||r(i)||/||b|| 6.449815562665e-04
  1197 KSP Residual norm 7.399771771930e-02
  1197 KSP preconditioned resid norm 7.399771771930e-02 true resid norm 3.474185322032e-03 ||r(i)||/||b|| 6.434279247353e-04
  1198 KSP Residual norm 7.381947683007e-02
  1198 KSP preconditioned resid norm 7.381947683007e-02 true resid norm 3.465816827368e-03 ||r(i)||/||b|| 6.418780583190e-04
  1199 KSP Residual norm 7.364166785276e-02
  1199 KSP preconditioned resid norm 7.364166785276e-02 true resid norm 3.457468612029e-03 ||r(i)||/||b|| 6.403319476850e-04
  1200 KSP Residual norm 7.346428971711e-02
  1200 KSP preconditioned resid norm 7.346428971711e-02 true resid norm 3.449140625756e-03 ||r(i)||/||b|| 6.387895835254e-04
  1201 KSP Residual norm 7.328734135571e-02
  1201 KSP preconditioned resid norm 7.328734135571e-02 true resid norm 3.440832818427e-03 ||r(i)||/||b|| 6.372509565571e-04
  1202 KSP Residual norm 7.311082170399e-02
  1202 KSP preconditioned resid norm 7.311082170399e-02 true resid norm 3.432545140048e-03 ||r(i)||/||b|| 6.357160575216e-04
  1203 KSP Residual norm 7.293472970019e-02
  1203 KSP preconditioned resid norm 7.293472970019e-02 true resid norm 3.424277540764e-03 ||r(i)||/||b|| 6.341848771852e-04
  1204 KSP Residual norm 7.275906428537e-02
  1204 KSP preconditioned resid norm 7.275906428537e-02 true resid norm 3.416029970846e-03 ||r(i)||/||b|| 6.326574063383e-04
  1205 KSP Residual norm 7.258382440343e-02
  1205 KSP preconditioned resid norm 7.258382440343e-02 true resid norm 3.407802380702e-03 ||r(i)||/||b|| 6.311336357961e-04
  1206 KSP Residual norm 7.240900900102e-02
  1206 KSP preconditioned resid norm 7.240900900102e-02 true resid norm 3.399594720870e-03 ||r(i)||/||b|| 6.296135563981e-04
  1207 KSP Residual norm 7.223461702761e-02
  1207 KSP preconditioned resid norm 7.223461702761e-02 true resid norm 3.391406942017e-03 ||r(i)||/||b|| 6.280971590079e-04
  1208 KSP Residual norm 7.206064743546e-02
  1208 KSP preconditioned resid norm 7.206064743546e-02 true resid norm 3.383238994944e-03 ||r(i)||/||b|| 6.265844345135e-04
  1209 KSP Residual norm 7.188709917958e-02
  1209 KSP preconditioned resid norm 7.188709917958e-02 true resid norm 3.375090830579e-03 ||r(i)||/||b|| 6.250753738269e-04
  1210 KSP Residual norm 7.171397121777e-02
  1210 KSP preconditioned resid norm 7.171397121777e-02 true resid norm 3.366962399983e-03 ||r(i)||/||b|| 6.235699678842e-04
  1211 KSP Residual norm 7.154126251056e-02
  1211 KSP preconditioned resid norm 7.154126251056e-02 true resid norm 3.358853654345e-03 ||r(i)||/||b|| 6.220682076455e-04
  1212 KSP Residual norm 7.136897202124e-02
  1212 KSP preconditioned resid norm 7.136897202124e-02 true resid norm 3.350764544982e-03 ||r(i)||/||b|| 6.205700840949e-04
  1213 KSP Residual norm 7.119709871585e-02
  1213 KSP preconditioned resid norm 7.119709871585e-02 true resid norm 3.342695023342e-03 ||r(i)||/||b|| 6.190755882400e-04
  1214 KSP Residual norm 7.102564156314e-02
  1214 KSP preconditioned resid norm 7.102564156314e-02 true resid norm 3.334645040998e-03 ||r(i)||/||b|| 6.175847111126e-04
  1215 KSP Residual norm 7.085459953459e-02
  1215 KSP preconditioned resid norm 7.085459953459e-02 true resid norm 3.326614549655e-03 ||r(i)||/||b|| 6.160974437677e-04
  1216 KSP Residual norm 7.068397160440e-02
  1216 KSP preconditioned resid norm 7.068397160440e-02 true resid norm 3.318603501143e-03 ||r(i)||/||b|| 6.146137772843e-04
  1217 KSP Residual norm 7.051375674946e-02
  1217 KSP preconditioned resid norm 7.051375674946e-02 true resid norm 3.310611847418e-03 ||r(i)||/||b|| 6.131337027647e-04
  1218 KSP Residual norm 7.034395394938e-02
  1218 KSP preconditioned resid norm 7.034395394938e-02 true resid norm 3.302639540565e-03 ||r(i)||/||b|| 6.116572113348e-04
  1219 KSP Residual norm 7.017456218643e-02
  1219 KSP preconditioned resid norm 7.017456218643e-02 true resid norm 3.294686532794e-03 ||r(i)||/||b|| 6.101842941438e-04
  1220 KSP Residual norm 7.000558044558e-02
  1220 KSP preconditioned resid norm 7.000558044558e-02 true resid norm 3.286752776441e-03 ||r(i)||/||b|| 6.087149423643e-04
  1221 KSP Residual norm 6.983700771447e-02
  1221 KSP preconditioned resid norm 6.983700771447e-02 true resid norm 3.278838223968e-03 ||r(i)||/||b|| 6.072491471919e-04
  1222 KSP Residual norm 6.966884298338e-02
  1222 KSP preconditioned resid norm 6.966884298338e-02 true resid norm 3.270942827962e-03 ||r(i)||/||b|| 6.057868998457e-04
  1223 KSP Residual norm 6.950108524528e-02
  1223 KSP preconditioned resid norm 6.950108524528e-02 true resid norm 3.263066541133e-03 ||r(i)||/||b|| 6.043281915677e-04
  1224 KSP Residual norm 6.933373349576e-02
  1224 KSP preconditioned resid norm 6.933373349576e-02 true resid norm 3.255209316318e-03 ||r(i)||/||b|| 6.028730136229e-04
  1225 KSP Residual norm 6.916678673306e-02
  1225 KSP preconditioned resid norm 6.916678673306e-02 true resid norm 3.247371106477e-03 ||r(i)||/||b|| 6.014213572994e-04
  1226 KSP Residual norm 6.900024395805e-02
  1226 KSP preconditioned resid norm 6.900024395805e-02 true resid norm 3.239551864693e-03 ||r(i)||/||b|| 5.999732139081e-04
  1227 KSP Residual norm 6.883410417422e-02
  1227 KSP preconditioned resid norm 6.883410417422e-02 true resid norm 3.231751544171e-03 ||r(i)||/||b|| 5.985285747826e-04
  1228 KSP Residual norm 6.866836638768e-02
  1228 KSP preconditioned resid norm 6.866836638768e-02 true resid norm 3.223970098242e-03 ||r(i)||/||b|| 5.970874312795e-04
  1229 KSP Residual norm 6.850302960713e-02
  1229 KSP preconditioned resid norm 6.850302960713e-02 true resid norm 3.216207480357e-03 ||r(i)||/||b|| 5.956497747778e-04
  1230 KSP Residual norm 6.833809284388e-02
  1230 KSP preconditioned resid norm 6.833809284388e-02 true resid norm 3.208463644090e-03 ||r(i)||/||b|| 5.942155966793e-04
  1231 KSP Residual norm 6.817355511183e-02
  1231 KSP preconditioned resid norm 6.817355511183e-02 true resid norm 3.200738543136e-03 ||r(i)||/||b|| 5.927848884082e-04
  1232 KSP Residual norm 6.800941542747e-02
  1232 KSP preconditioned resid norm 6.800941542747e-02 true resid norm 3.193032131311e-03 ||r(i)||/||b|| 5.913576414114e-04
  1233 KSP Residual norm 6.784567280985e-02
  1233 KSP preconditioned resid norm 6.784567280985e-02 true resid norm 3.185344362554e-03 ||r(i)||/||b|| 5.899338471577e-04
  1234 KSP Residual norm 6.768232628058e-02
  1234 KSP preconditioned resid norm 6.768232628058e-02 true resid norm 3.177675190921e-03 ||r(i)||/||b|| 5.885134971389e-04
  1235 KSP Residual norm 6.751937486386e-02
  1235 KSP preconditioned resid norm 6.751937486386e-02 true resid norm 3.170024570593e-03 ||r(i)||/||b|| 5.870965828684e-04
  1236 KSP Residual norm 6.735681758641e-02
  1236 KSP preconditioned resid norm 6.735681758641e-02 true resid norm 3.162392455866e-03 ||r(i)||/||b|| 5.856830958823e-04
  1237 KSP Residual norm 6.719465347751e-02
  1237 KSP preconditioned resid norm 6.719465347751e-02 true resid norm 3.154778801158e-03 ||r(i)||/||b|| 5.842730277385e-04
  1238 KSP Residual norm 6.703288156897e-02
  1238 KSP preconditioned resid norm 6.703288156897e-02 true resid norm 3.147183561007e-03 ||r(i)||/||b|| 5.828663700171e-04
  1239 KSP Residual norm 6.687150089511e-02
  1239 KSP preconditioned resid norm 6.687150089511e-02 true resid norm 3.139606690066e-03 ||r(i)||/||b|| 5.814631143202e-04
  1240 KSP Residual norm 6.671051049281e-02
  1240 KSP preconditioned resid norm 6.671051049281e-02 true resid norm 3.132048143110e-03 ||r(i)||/||b|| 5.800632522717e-04
  1241 KSP Residual norm 6.654990940143e-02
  1241 KSP preconditioned resid norm 6.654990940143e-02 true resid norm 3.124507875031e-03 ||r(i)||/||b|| 5.786667755175e-04
  1242 KSP Residual norm 6.638969666284e-02
  1242 KSP preconditioned resid norm 6.638969666284e-02 true resid norm 3.116985840838e-03 ||r(i)||/||b|| 5.772736757252e-04
  1243 KSP Residual norm 6.622987132141e-02
  1243 KSP preconditioned resid norm 6.622987132141e-02 true resid norm 3.109481995658e-03 ||r(i)||/||b|| 5.758839445841e-04
  1244 KSP Residual norm 6.607043242400e-02
  1244 KSP preconditioned resid norm 6.607043242400e-02 true resid norm 3.101996294733e-03 ||r(i)||/||b|| 5.744975738052e-04
  1245 KSP Residual norm 6.591137901995e-02
  1245 KSP preconditioned resid norm 6.591137901995e-02 true resid norm 3.094528693425e-03 ||r(i)||/||b|| 5.731145551210e-04
  1246 KSP Residual norm 6.575271016109e-02
  1246 KSP preconditioned resid norm 6.575271016109e-02 true resid norm 3.087079147210e-03 ||r(i)||/||b|| 5.717348802858e-04
  1247 KSP Residual norm 6.559442490168e-02
  1247 KSP preconditioned resid norm 6.559442490168e-02 true resid norm 3.079647611679e-03 ||r(i)||/||b|| 5.703585410751e-04
  1248 KSP Residual norm 6.543652229848e-02
  1248 KSP preconditioned resid norm 6.543652229848e-02 true resid norm 3.072234042541e-03 ||r(i)||/||b|| 5.689855292858e-04
  1249 KSP Residual norm 6.527900141068e-02
  1249 KSP preconditioned resid norm 6.527900141068e-02 true resid norm 3.064838395618e-03 ||r(i)||/||b|| 5.676158367362e-04
  1250 KSP Residual norm 6.512186129991e-02
  1250 KSP preconditioned resid norm 6.512186129991e-02 true resid norm 3.057460626849e-03 ||r(i)||/||b|| 5.662494552659e-04
  1251 KSP Residual norm 6.496510103026e-02
  1251 KSP preconditioned resid norm 6.496510103026e-02 true resid norm 3.050100692285e-03 ||r(i)||/||b|| 5.648863767357e-04
  1252 KSP Residual norm 6.480871966822e-02
  1252 KSP preconditioned resid norm 6.480871966822e-02 true resid norm 3.042758548093e-03 ||r(i)||/||b|| 5.635265930273e-04
  1253 KSP Residual norm 6.465271628273e-02
  1253 KSP preconditioned resid norm 6.465271628273e-02 true resid norm 3.035434150553e-03 ||r(i)||/||b|| 5.621700960439e-04
  1254 KSP Residual norm 6.449708994513e-02
  1254 KSP preconditioned resid norm 6.449708994513e-02 true resid norm 3.028127456058e-03 ||r(i)||/||b|| 5.608168777094e-04
  1255 KSP Residual norm 6.434183972917e-02
  1255 KSP preconditioned resid norm 6.434183972917e-02 true resid norm 3.020838421116e-03 ||r(i)||/||b|| 5.594669299686e-04
  1256 KSP Residual norm 6.418696471100e-02
  1256 KSP preconditioned resid norm 6.418696471100e-02 true resid norm 3.013567002345e-03 ||r(i)||/||b|| 5.581202447875e-04
  1257 KSP Residual norm 6.403246396917e-02
  1257 KSP preconditioned resid norm 6.403246396917e-02 true resid norm 3.006313156477e-03 ||r(i)||/||b|| 5.567768141526e-04
  1258 KSP Residual norm 6.387833658462e-02
  1258 KSP preconditioned resid norm 6.387833658462e-02 true resid norm 2.999076840358e-03 ||r(i)||/||b|| 5.554366300714e-04
  1259 KSP Residual norm 6.372458164064e-02
  1259 KSP preconditioned resid norm 6.372458164064e-02 true resid norm 2.991858010941e-03 ||r(i)||/||b|| 5.540996845720e-04
  1260 KSP Residual norm 6.357119822294e-02
  1260 KSP preconditioned resid norm 6.357119822294e-02 true resid norm 2.984656625295e-03 ||r(i)||/||b|| 5.527659697030e-04
  1261 KSP Residual norm 6.341818541956e-02
  1261 KSP preconditioned resid norm 6.341818541956e-02 true resid norm 2.977472640597e-03 ||r(i)||/||b|| 5.514354775338e-04
  1262 KSP Residual norm 6.326554232090e-02
  1262 KSP preconditioned resid norm 6.326554232090e-02 true resid norm 2.970306014137e-03 ||r(i)||/||b|| 5.501082001542e-04
  1263 KSP Residual norm 6.311326801972e-02
  1263 KSP preconditioned resid norm 6.311326801972e-02 true resid norm 2.963156703314e-03 ||r(i)||/||b|| 5.487841296745e-04
  1264 KSP Residual norm 6.296136161114e-02
  1264 KSP preconditioned resid norm 6.296136161114e-02 true resid norm 2.956024665638e-03 ||r(i)||/||b|| 5.474632582253e-04
  1265 KSP Residual norm 6.280982219258e-02
  1265 KSP preconditioned resid norm 6.280982219258e-02 true resid norm 2.948909858728e-03 ||r(i)||/||b|| 5.461455779576e-04
  1266 KSP Residual norm 6.265864886383e-02
  1266 KSP preconditioned resid norm 6.265864886383e-02 true resid norm 2.941812240313e-03 ||r(i)||/||b|| 5.448310810427e-04
  1267 KSP Residual norm 6.250784072696e-02
  1267 KSP preconditioned resid norm 6.250784072696e-02 true resid norm 2.934731768230e-03 ||r(i)||/||b|| 5.435197596721e-04
  1268 KSP Residual norm 6.235739688640e-02
  1268 KSP preconditioned resid norm 6.235739688640e-02 true resid norm 2.927668400427e-03 ||r(i)||/||b|| 5.422116060573e-04
  1269 KSP Residual norm 6.220731644886e-02
  1269 KSP preconditioned resid norm 6.220731644886e-02 true resid norm 2.920622094958e-03 ||r(i)||/||b|| 5.409066124301e-04
  1270 KSP Residual norm 6.205759852337e-02
  1270 KSP preconditioned resid norm 6.205759852337e-02 true resid norm 2.913592809987e-03 ||r(i)||/||b|| 5.396047710423e-04
  1271 KSP Residual norm 6.190824222124e-02
  1271 KSP preconditioned resid norm 6.190824222124e-02 true resid norm 2.906580503785e-03 ||r(i)||/||b|| 5.383060741656e-04
  1272 KSP Residual norm 6.175924665608e-02
  1272 KSP preconditioned resid norm 6.175924665608e-02 true resid norm 2.899585134731e-03 ||r(i)||/||b|| 5.370105140915e-04
  1273 KSP Residual norm 6.161061094378e-02
  1273 KSP preconditioned resid norm 6.161061094378e-02 true resid norm 2.892606661311e-03 ||r(i)||/||b|| 5.357180831316e-04
  1274 KSP Residual norm 6.146233420252e-02
  1274 KSP preconditioned resid norm 6.146233420252e-02 true resid norm 2.885645042117e-03 ||r(i)||/||b|| 5.344287736171e-04
  1275 KSP Residual norm 6.131441555271e-02
  1275 KSP preconditioned resid norm 6.131441555271e-02 true resid norm 2.878700235849e-03 ||r(i)||/||b|| 5.331425778991e-04
  1276 KSP Residual norm 6.116685411707e-02
  1276 KSP preconditioned resid norm 6.116685411707e-02 true resid norm 2.871772201313e-03 ||r(i)||/||b|| 5.318594883483e-04
  1277 KSP Residual norm 6.101964902054e-02
  1277 KSP preconditioned resid norm 6.101964902054e-02 true resid norm 2.864860897419e-03 ||r(i)||/||b|| 5.305794973550e-04
  1278 KSP Residual norm 6.087279939033e-02
  1278 KSP preconditioned resid norm 6.087279939033e-02 true resid norm 2.857966283186e-03 ||r(i)||/||b|| 5.293025973290e-04
  1279 KSP Residual norm 6.072630435588e-02
  1279 KSP preconditioned resid norm 6.072630435588e-02 true resid norm 2.851088317735e-03 ||r(i)||/||b|| 5.280287806997e-04
  1280 KSP Residual norm 6.058016304887e-02
  1280 KSP preconditioned resid norm 6.058016304887e-02 true resid norm 2.844226960295e-03 ||r(i)||/||b|| 5.267580399161e-04
  1281 KSP Residual norm 6.043437460320e-02
  1281 KSP preconditioned resid norm 6.043437460320e-02 true resid norm 2.837382170197e-03 ||r(i)||/||b|| 5.254903674462e-04
  1282 KSP Residual norm 6.028893815503e-02
  1282 KSP preconditioned resid norm 6.028893815503e-02 true resid norm 2.830553906878e-03 ||r(i)||/||b|| 5.242257557778e-04
  1283 KSP Residual norm 6.014385284268e-02
  1283 KSP preconditioned resid norm 6.014385284268e-02 true resid norm 2.823742129879e-03 ||r(i)||/||b|| 5.229641974175e-04
  1284 KSP Residual norm 5.999911780672e-02
  1284 KSP preconditioned resid norm 5.999911780672e-02 true resid norm 2.816946798845e-03 ||r(i)||/||b|| 5.217056848915e-04
  1285 KSP Residual norm 5.985473218992e-02
  1285 KSP preconditioned resid norm 5.985473218992e-02 true resid norm 2.810167873523e-03 ||r(i)||/||b|| 5.204502107450e-04
  1286 KSP Residual norm 5.971069513723e-02
  1286 KSP preconditioned resid norm 5.971069513723e-02 true resid norm 2.803405313765e-03 ||r(i)||/||b|| 5.191977675424e-04
  1287 KSP Residual norm 5.956700579580e-02
  1287 KSP preconditioned resid norm 5.956700579580e-02 true resid norm 2.796659079524e-03 ||r(i)||/||b|| 5.179483478670e-04
  1288 KSP Residual norm 5.942366331497e-02
  1288 KSP preconditioned resid norm 5.942366331497e-02 true resid norm 2.789929130858e-03 ||r(i)||/||b|| 5.167019443213e-04
  1289 KSP Residual norm 5.928066684624e-02
  1289 KSP preconditioned resid norm 5.928066684624e-02 true resid norm 2.783215427925e-03 ||r(i)||/||b|| 5.154585495266e-04
  1290 KSP Residual norm 5.913801554331e-02
  1290 KSP preconditioned resid norm 5.913801554331e-02 true resid norm 2.776517930986e-03 ||r(i)||/||b|| 5.142181561230e-04
  1291 KSP Residual norm 5.899570856201e-02
  1291 KSP preconditioned resid norm 5.899570856201e-02 true resid norm 2.769836600404e-03 ||r(i)||/||b|| 5.129807567697e-04
  1292 KSP Residual norm 5.885374506036e-02
  1292 KSP preconditioned resid norm 5.885374506036e-02 true resid norm 2.763171396644e-03 ||r(i)||/||b|| 5.117463441445e-04
  1293 KSP Residual norm 5.871212419852e-02
  1293 KSP preconditioned resid norm 5.871212419852e-02 true resid norm 2.756522280269e-03 ||r(i)||/||b|| 5.105149109440e-04
  1294 KSP Residual norm 5.857084513879e-02
  1294 KSP preconditioned resid norm 5.857084513879e-02 true resid norm 2.749889211946e-03 ||r(i)||/||b|| 5.092864498834e-04
  1295 KSP Residual norm 5.842990704562e-02
  1295 KSP preconditioned resid norm 5.842990704562e-02 true resid norm 2.743272152442e-03 ||r(i)||/||b|| 5.080609536966e-04
  1296 KSP Residual norm 5.828930908559e-02
  1296 KSP preconditioned resid norm 5.828930908559e-02 true resid norm 2.736671062623e-03 ||r(i)||/||b|| 5.068384151359e-04
  1297 KSP Residual norm 5.814905042741e-02
  1297 KSP preconditioned resid norm 5.814905042741e-02 true resid norm 2.730085903456e-03 ||r(i)||/||b|| 5.056188269723e-04
  1298 KSP Residual norm 5.800913024190e-02
  1298 KSP preconditioned resid norm 5.800913024190e-02 true resid norm 2.723516636008e-03 ||r(i)||/||b|| 5.044021819952e-04
  1299 KSP Residual norm 5.786954770203e-02
  1299 KSP preconditioned resid norm 5.786954770203e-02 true resid norm 2.716963221442e-03 ||r(i)||/||b|| 5.031884730123e-04
  1300 KSP Residual norm 5.773030198283e-02
  1300 KSP preconditioned resid norm 5.773030198283e-02 true resid norm 2.710425621026e-03 ||r(i)||/||b|| 5.019776928498e-04
  1301 KSP Residual norm 5.759139226147e-02
  1301 KSP preconditioned resid norm 5.759139226147e-02 true resid norm 2.703903796121e-03 ||r(i)||/||b|| 5.007698343521e-04
  1302 KSP Residual norm 5.745281771721e-02
  1302 KSP preconditioned resid norm 5.745281771721e-02 true resid norm 2.697397708191e-03 ||r(i)||/||b|| 4.995648903818e-04
  1303 KSP Residual norm 5.731457753139e-02
  1303 KSP preconditioned resid norm 5.731457753139e-02 true resid norm 2.690907318795e-03 ||r(i)||/||b|| 4.983628538199e-04
  1304 KSP Residual norm 5.717667088744e-02
  1304 KSP preconditioned resid norm 5.717667088744e-02 true resid norm 2.684432589591e-03 ||r(i)||/||b|| 4.971637175653e-04
  1305 KSP Residual norm 5.703909697089e-02
  1305 KSP preconditioned resid norm 5.703909697089e-02 true resid norm 2.677973482335e-03 ||r(i)||/||b|| 4.959674745352e-04
  1306 KSP Residual norm 5.690185496931e-02
  1306 KSP preconditioned resid norm 5.690185496931e-02 true resid norm 2.671529958881e-03 ||r(i)||/||b|| 4.947741176645e-04
  1307 KSP Residual norm 5.676494407235e-02
  1307 KSP preconditioned resid norm 5.676494407235e-02 true resid norm 2.665101981179e-03 ||r(i)||/||b|| 4.935836399065e-04
  1308 KSP Residual norm 5.662836347174e-02
  1308 KSP preconditioned resid norm 5.662836347174e-02 true resid norm 2.658689511276e-03 ||r(i)||/||b|| 4.923960342321e-04
  1309 KSP Residual norm 5.649211236124e-02
  1309 KSP preconditioned resid norm 5.649211236124e-02 true resid norm 2.652292511316e-03 ||r(i)||/||b|| 4.912112936304e-04
  1310 KSP Residual norm 5.635618993666e-02
  1310 KSP preconditioned resid norm 5.635618993666e-02 true resid norm 2.645910943538e-03 ||r(i)||/||b|| 4.900294111079e-04
  1311 KSP Residual norm 5.622059539589e-02
  1311 KSP preconditioned resid norm 5.622059539589e-02 true resid norm 2.639544770278e-03 ||r(i)||/||b|| 4.888503796893e-04
  1312 KSP Residual norm 5.608532793881e-02
  1312 KSP preconditioned resid norm 5.608532793881e-02 true resid norm 2.633193953969e-03 ||r(i)||/||b|| 4.876741924167e-04
  1313 KSP Residual norm 5.595038676737e-02
  1313 KSP preconditioned resid norm 5.595038676737e-02 true resid norm 2.626858457137e-03 ||r(i)||/||b|| 4.865008423502e-04
  1314 KSP Residual norm 5.581577108551e-02
  1314 KSP preconditioned resid norm 5.581577108551e-02 true resid norm 2.620538242405e-03 ||r(i)||/||b|| 4.853303225673e-04
  1315 KSP Residual norm 5.568148009924e-02
  1315 KSP preconditioned resid norm 5.568148009924e-02 true resid norm 2.614233272489e-03 ||r(i)||/||b|| 4.841626261630e-04
  1316 KSP Residual norm 5.554751301653e-02
  1316 KSP preconditioned resid norm 5.554751301653e-02 true resid norm 2.607943510202e-03 ||r(i)||/||b|| 4.829977462501e-04
  1317 KSP Residual norm 5.541386904739e-02
  1317 KSP preconditioned resid norm 5.541386904739e-02 true resid norm 2.601668918450e-03 ||r(i)||/||b|| 4.818356759586e-04
  1318 KSP Residual norm 5.528054740384e-02
  1318 KSP preconditioned resid norm 5.528054740384e-02 true resid norm 2.595409460233e-03 ||r(i)||/||b|| 4.806764084362e-04
  1319 KSP Residual norm 5.514754729989e-02
  1319 KSP preconditioned resid norm 5.514754729989e-02 true resid norm 2.589165098645e-03 ||r(i)||/||b|| 4.795199368477e-04
  1320 KSP Residual norm 5.501486795152e-02
  1320 KSP preconditioned resid norm 5.501486795152e-02 true resid norm 2.582935796873e-03 ||r(i)||/||b|| 4.783662543755e-04
  1321 KSP Residual norm 5.488250857673e-02
  1321 KSP preconditioned resid norm 5.488250857673e-02 true resid norm 2.576721518200e-03 ||r(i)||/||b|| 4.772153542190e-04
  1322 KSP Residual norm 5.475046839548e-02
  1322 KSP preconditioned resid norm 5.475046839548e-02 true resid norm 2.570522225997e-03 ||r(i)||/||b|| 4.760672295951e-04
  1323 KSP Residual norm 5.461874662972e-02
  1323 KSP preconditioned resid norm 5.461874662972e-02 true resid norm 2.564337883734e-03 ||r(i)||/||b|| 4.749218737376e-04
  1324 KSP Residual norm 5.448734250335e-02
  1324 KSP preconditioned resid norm 5.448734250335e-02 true resid norm 2.558168454968e-03 ||r(i)||/||b|| 4.737792798977e-04
  1325 KSP Residual norm 5.435625524225e-02
  1325 KSP preconditioned resid norm 5.435625524225e-02 true resid norm 2.552013903351e-03 ||r(i)||/||b|| 4.726394413435e-04
  1326 KSP Residual norm 5.422548407426e-02
  1326 KSP preconditioned resid norm 5.422548407426e-02 true resid norm 2.545874192627e-03 ||r(i)||/||b|| 4.715023513602e-04
  1327 KSP Residual norm 5.409502822916e-02
  1327 KSP preconditioned resid norm 5.409502822916e-02 true resid norm 2.539749286631e-03 ||r(i)||/||b|| 4.703680032501e-04
  1328 KSP Residual norm 5.396488693868e-02
  1328 KSP preconditioned resid norm 5.396488693868e-02 true resid norm 2.533639149289e-03 ||r(i)||/||b|| 4.692363903322e-04
  1329 KSP Residual norm 5.383505943651e-02
  1329 KSP preconditioned resid norm 5.383505943651e-02 true resid norm 2.527543744620e-03 ||r(i)||/||b|| 4.681075059425e-04
  1330 KSP Residual norm 5.370554495826e-02
  1330 KSP preconditioned resid norm 5.370554495826e-02 true resid norm 2.521463036732e-03 ||r(i)||/||b|| 4.669813434340e-04
  1331 KSP Residual norm 5.357634274147e-02
  1331 KSP preconditioned resid norm 5.357634274147e-02 true resid norm 2.515396989825e-03 ||r(i)||/||b|| 4.658578961763e-04
  1332 KSP Residual norm 5.344745202561e-02
  1332 KSP preconditioned resid norm 5.344745202561e-02 true resid norm 2.509345568188e-03 ||r(i)||/||b|| 4.647371575557e-04
  1333 KSP Residual norm 5.331887205207e-02
  1333 KSP preconditioned resid norm 5.331887205207e-02 true resid norm 2.503308736202e-03 ||r(i)||/||b|| 4.636191209755e-04
  1334 KSP Residual norm 5.319060206416e-02
  1334 KSP preconditioned resid norm 5.319060206416e-02 true resid norm 2.497286458338e-03 ||r(i)||/||b|| 4.625037798554e-04
  1335 KSP Residual norm 5.306264130709e-02
  1335 KSP preconditioned resid norm 5.306264130709e-02 true resid norm 2.491278699153e-03 ||r(i)||/||b|| 4.613911276316e-04
  1336 KSP Residual norm 5.293498902798e-02
  1336 KSP preconditioned resid norm 5.293498902798e-02 true resid norm 2.485285423299e-03 ||r(i)||/||b|| 4.602811577573e-04
  1337 KSP Residual norm 5.280764447585e-02
  1337 KSP preconditioned resid norm 5.280764447585e-02 true resid norm 2.479306595513e-03 ||r(i)||/||b|| 4.591738637019e-04
  1338 KSP Residual norm 5.268060690161e-02
  1338 KSP preconditioned resid norm 5.268060690161e-02 true resid norm 2.473342180623e-03 ||r(i)||/||b|| 4.580692389512e-04
  1339 KSP Residual norm 5.255387555807e-02
  1339 KSP preconditioned resid norm 5.255387555807e-02 true resid norm 2.467392143544e-03 ||r(i)||/||b|| 4.569672770076e-04
  1340 KSP Residual norm 5.242744969989e-02
  1340 KSP preconditioned resid norm 5.242744969989e-02 true resid norm 2.461456449281e-03 ||r(i)||/||b|| 4.558679713898e-04
  1341 KSP Residual norm 5.230132858365e-02
  1341 KSP preconditioned resid norm 5.230132858365e-02 true resid norm 2.455535062926e-03 ||r(i)||/||b|| 4.547713156330e-04
  1342 KSP Residual norm 5.217551146778e-02
  1342 KSP preconditioned resid norm 5.217551146778e-02 true resid norm 2.449627949660e-03 ||r(i)||/||b|| 4.536773032884e-04
  1343 KSP Residual norm 5.204999761257e-02
  1343 KSP preconditioned resid norm 5.204999761257e-02 true resid norm 2.443735074752e-03 ||r(i)||/||b|| 4.525859279236e-04
  1344 KSP Residual norm 5.192478628019e-02
  1344 KSP preconditioned resid norm 5.192478628019e-02 true resid norm 2.437856403556e-03 ||r(i)||/||b|| 4.514971831225e-04
  1345 KSP Residual norm 5.179987673467e-02
  1345 KSP preconditioned resid norm 5.179987673467e-02 true resid norm 2.431991901516e-03 ||r(i)||/||b|| 4.504110624848e-04
  1346 KSP Residual norm 5.167526824186e-02
  1346 KSP preconditioned resid norm 5.167526824186e-02 true resid norm 2.426141534162e-03 ||r(i)||/||b|| 4.493275596268e-04
  1347 KSP Residual norm 5.155096006948e-02
  1347 KSP preconditioned resid norm 5.155096006948e-02 true resid norm 2.420305267109e-03 ||r(i)||/||b|| 4.482466681804e-04
  1348 KSP Residual norm 5.142695148711e-02
  1348 KSP preconditioned resid norm 5.142695148711e-02 true resid norm 2.414483066062e-03 ||r(i)||/||b|| 4.471683817938e-04
  1349 KSP Residual norm 5.130324176612e-02
  1349 KSP preconditioned resid norm 5.130324176612e-02 true resid norm 2.408674896809e-03 ||r(i)||/||b|| 4.460926941311e-04
  1350 KSP Residual norm 5.117983017975e-02
  1350 KSP preconditioned resid norm 5.117983017975e-02 true resid norm 2.402880725225e-03 ||r(i)||/||b|| 4.450195988722e-04
  1351 KSP Residual norm 5.105671600305e-02
  1351 KSP preconditioned resid norm 5.105671600305e-02 true resid norm 2.397100517273e-03 ||r(i)||/||b|| 4.439490897131e-04
  1352 KSP Residual norm 5.093389851289e-02
  1352 KSP preconditioned resid norm 5.093389851289e-02 true resid norm 2.391334238997e-03 ||r(i)||/||b|| 4.428811603655e-04
  1353 KSP Residual norm 5.081137698796e-02
  1353 KSP preconditioned resid norm 5.081137698796e-02 true resid norm 2.385581856530e-03 ||r(i)||/||b|| 4.418158045570e-04
  1354 KSP Residual norm 5.068915070877e-02
  1354 KSP preconditioned resid norm 5.068915070877e-02 true resid norm 2.379843336089e-03 ||r(i)||/||b|| 4.407530160307e-04
  1355 KSP Residual norm 5.056721895761e-02
  1355 KSP preconditioned resid norm 5.056721895761e-02 true resid norm 2.374118643976e-03 ||r(i)||/||b|| 4.396927885458e-04
  1356 KSP Residual norm 5.044558101861e-02
  1356 KSP preconditioned resid norm 5.044558101861e-02 true resid norm 2.368407746576e-03 ||r(i)||/||b|| 4.386351158767e-04
  1357 KSP Residual norm 5.032423617765e-02
  1357 KSP preconditioned resid norm 5.032423617765e-02 true resid norm 2.362710610361e-03 ||r(i)||/||b|| 4.375799918140e-04
  1358 KSP Residual norm 5.020318372244e-02
  1358 KSP preconditioned resid norm 5.020318372244e-02 true resid norm 2.357027201885e-03 ||r(i)||/||b|| 4.365274101632e-04
  1359 KSP Residual norm 5.008242294245e-02
  1359 KSP preconditioned resid norm 5.008242294245e-02 true resid norm 2.351357487787e-03 ||r(i)||/||b|| 4.354773647460e-04
  1360 KSP Residual norm 4.996195312895e-02
  1360 KSP preconditioned resid norm 4.996195312895e-02 true resid norm 2.345701434788e-03 ||r(i)||/||b|| 4.344298493990e-04
  1361 KSP Residual norm 4.984177357498e-02
  1361 KSP preconditioned resid norm 4.984177357498e-02 true resid norm 2.340059009696e-03 ||r(i)||/||b|| 4.333848579747e-04
  1362 KSP Residual norm 4.972188357534e-02
  1362 KSP preconditioned resid norm 4.972188357534e-02 true resid norm 2.334430179397e-03 ||r(i)||/||b|| 4.323423843408e-04
  1363 KSP Residual norm 4.960228242662e-02
  1363 KSP preconditioned resid norm 4.960228242662e-02 true resid norm 2.328814910865e-03 ||r(i)||/||b|| 4.313024223804e-04
  1364 KSP Residual norm 4.948296942714e-02
  1364 KSP preconditioned resid norm 4.948296942714e-02 true resid norm 2.323213171154e-03 ||r(i)||/||b|| 4.302649659919e-04
  1365 KSP Residual norm 4.936394387701e-02
  1365 KSP preconditioned resid norm 4.936394387701e-02 true resid norm 2.317624927401e-03 ||r(i)||/||b|| 4.292300090890e-04
  1366 KSP Residual norm 4.924520507807e-02
  1366 KSP preconditioned resid norm 4.924520507807e-02 true resid norm 2.312050146825e-03 ||r(i)||/||b|| 4.281975456006e-04
  1367 KSP Residual norm 4.912675233392e-02
  1367 KSP preconditioned resid norm 4.912675233392e-02 true resid norm 2.306488796728e-03 ||r(i)||/||b|| 4.271675694710e-04
  1368 KSP Residual norm 4.900858494989e-02
  1368 KSP preconditioned resid norm 4.900858494989e-02 true resid norm 2.300940844493e-03 ||r(i)||/||b|| 4.261400746592e-04
  1369 KSP Residual norm 4.889070223305e-02
  1369 KSP preconditioned resid norm 4.889070223305e-02 true resid norm 2.295406257584e-03 ||r(i)||/||b|| 4.251150551399e-04
  1370 KSP Residual norm 4.877310349222e-02
  1370 KSP preconditioned resid norm 4.877310349222e-02 true resid norm 2.289885003548e-03 ||r(i)||/||b|| 4.240925049024e-04
  1371 KSP Residual norm 4.865578803792e-02
  1371 KSP preconditioned resid norm 4.865578803792e-02 true resid norm 2.284377050013e-03 ||r(i)||/||b|| 4.230724179512e-04
  1372 KSP Residual norm 4.853875518243e-02
  1372 KSP preconditioned resid norm 4.853875518243e-02 true resid norm 2.278882364685e-03 ||r(i)||/||b|| 4.220547883059e-04
  1373 KSP Residual norm 4.842200423970e-02
  1373 KSP preconditioned resid norm 4.842200423970e-02 true resid norm 2.273400915356e-03 ||r(i)||/||b|| 4.210396100008e-04
  1374 KSP Residual norm 4.830553452544e-02
  1374 KSP preconditioned resid norm 4.830553452544e-02 true resid norm 2.267932669893e-03 ||r(i)||/||b|| 4.200268770853e-04
  1375 KSP Residual norm 4.818934535705e-02
  1375 KSP preconditioned resid norm 4.818934535705e-02 true resid norm 2.262477596247e-03 ||r(i)||/||b|| 4.190165836237e-04
  1376 KSP Residual norm 4.807343605363e-02
  1376 KSP preconditioned resid norm 4.807343605363e-02 true resid norm 2.257035662448e-03 ||r(i)||/||b|| 4.180087236950e-04
  1377 KSP Residual norm 4.795780593599e-02
  1377 KSP preconditioned resid norm 4.795780593599e-02 true resid norm 2.251606836605e-03 ||r(i)||/||b|| 4.170032913930e-04
  1378 KSP Residual norm 4.784245432662e-02
  1378 KSP preconditioned resid norm 4.784245432662e-02 true resid norm 2.246191086907e-03 ||r(i)||/||b|| 4.160002808263e-04
  1379 KSP Residual norm 4.772738054972e-02
  1379 KSP preconditioned resid norm 4.772738054972e-02 true resid norm 2.240788381624e-03 ||r(i)||/||b|| 4.149996861181e-04
  1380 KSP Residual norm 4.761258393117e-02
  1380 KSP preconditioned resid norm 4.761258393117e-02 true resid norm 2.235398689103e-03 ||r(i)||/||b|| 4.140015014064e-04
  1381 KSP Residual norm 4.749806379853e-02
  1381 KSP preconditioned resid norm 4.749806379853e-02 true resid norm 2.230021977770e-03 ||r(i)||/||b|| 4.130057208438e-04
  1382 KSP Residual norm 4.738381948103e-02
  1382 KSP preconditioned resid norm 4.738381948103e-02 true resid norm 2.224658216132e-03 ||r(i)||/||b|| 4.120123385975e-04
  1383 KSP Residual norm 4.726985030958e-02
  1383 KSP preconditioned resid norm 4.726985030958e-02 true resid norm 2.219307372773e-03 ||r(i)||/||b|| 4.110213488490e-04
  1384 KSP Residual norm 4.715615561676e-02
  1384 KSP preconditioned resid norm 4.715615561676e-02 true resid norm 2.213969416354e-03 ||r(i)||/||b|| 4.100327457947e-04
  1385 KSP Residual norm 4.704273473680e-02
  1385 KSP preconditioned resid norm 4.704273473680e-02 true resid norm 2.208644315617e-03 ||r(i)||/||b|| 4.090465236452e-04
  1386 KSP Residual norm 4.692958700562e-02
  1386 KSP preconditioned resid norm 4.692958700562e-02 true resid norm 2.203332039381e-03 ||r(i)||/||b|| 4.080626766255e-04
  1387 KSP Residual norm 4.681671176075e-02
  1387 KSP preconditioned resid norm 4.681671176075e-02 true resid norm 2.198032556540e-03 ||r(i)||/||b|| 4.070811989753e-04
  1388 KSP Residual norm 4.670410834141e-02
  1388 KSP preconditioned resid norm 4.670410834141e-02 true resid norm 2.192745836069e-03 ||r(i)||/||b|| 4.061020849483e-04
  1389 KSP Residual norm 4.659177608845e-02
  1389 KSP preconditioned resid norm 4.659177608845e-02 true resid norm 2.187471847019e-03 ||r(i)||/||b|| 4.051253288127e-04
  1390 KSP Residual norm 4.647971434435e-02
  1390 KSP preconditioned resid norm 4.647971434435e-02 true resid norm 2.182210558518e-03 ||r(i)||/||b|| 4.041509248509e-04
  1391 KSP Residual norm 4.636792245324e-02
  1391 KSP preconditioned resid norm 4.636792245324e-02 true resid norm 2.176961939770e-03 ||r(i)||/||b|| 4.031788673596e-04
  1392 KSP Residual norm 4.625639976087e-02
  1392 KSP preconditioned resid norm 4.625639976087e-02 true resid norm 2.171725960058e-03 ||r(i)||/||b|| 4.022091506496e-04
  1393 KSP Residual norm 4.614514561465e-02
  1393 KSP preconditioned resid norm 4.614514561465e-02 true resid norm 2.166502588738e-03 ||r(i)||/||b|| 4.012417690459e-04
  1394 KSP Residual norm 4.603415936357e-02
  1394 KSP preconditioned resid norm 4.603415936357e-02 true resid norm 2.161291795245e-03 ||r(i)||/||b|| 4.002767168877e-04
  1395 KSP Residual norm 4.592344035826e-02
  1395 KSP preconditioned resid norm 4.592344035826e-02 true resid norm 2.156093549090e-03 ||r(i)||/||b|| 3.993139885281e-04
  1396 KSP Residual norm 4.581298795097e-02
  1396 KSP preconditioned resid norm 4.581298795097e-02 true resid norm 2.150907819858e-03 ||r(i)||/||b|| 3.983535783344e-04
  1397 KSP Residual norm 4.570280149555e-02
  1397 KSP preconditioned resid norm 4.570280149555e-02 true resid norm 2.145734577211e-03 ||r(i)||/||b|| 3.973954806879e-04
  1398 KSP Residual norm 4.559288034746e-02
  1398 KSP preconditioned resid norm 4.559288034746e-02 true resid norm 2.140573790886e-03 ||r(i)||/||b|| 3.964396899838e-04
  1399 KSP Residual norm 4.548322386376e-02
  1399 KSP preconditioned resid norm 4.548322386376e-02 true resid norm 2.135425430695e-03 ||r(i)||/||b|| 3.954862006312e-04
  1400 KSP Residual norm 4.537383140312e-02
  1400 KSP preconditioned resid norm 4.537383140312e-02 true resid norm 2.130289466525e-03 ||r(i)||/||b|| 3.945350070532e-04
  1401 KSP Residual norm 4.526470232578e-02
  1401 KSP preconditioned resid norm 4.526470232578e-02 true resid norm 2.125165868339e-03 ||r(i)||/||b|| 3.935861036866e-04
  1402 KSP Residual norm 4.515583599358e-02
  1402 KSP preconditioned resid norm 4.515583599358e-02 true resid norm 2.120054606173e-03 ||r(i)||/||b|| 3.926394849823e-04
  1403 KSP Residual norm 4.504723176994e-02
  1403 KSP preconditioned resid norm 4.504723176994e-02 true resid norm 2.114955650139e-03 ||r(i)||/||b|| 3.916951454046e-04
  1404 KSP Residual norm 4.493888901988e-02
  1404 KSP preconditioned resid norm 4.493888901988e-02 true resid norm 2.109868970421e-03 ||r(i)||/||b|| 3.907530794319e-04
  1405 KSP Residual norm 4.483080710998e-02
  1405 KSP preconditioned resid norm 4.483080710998e-02 true resid norm 2.104794537278e-03 ||r(i)||/||b|| 3.898132815561e-04
  1406 KSP Residual norm 4.472298540838e-02
  1406 KSP preconditioned resid norm 4.472298540838e-02 true resid norm 2.099732321045e-03 ||r(i)||/||b|| 3.888757462827e-04
  1407 KSP Residual norm 4.461542328480e-02
  1407 KSP preconditioned resid norm 4.461542328480e-02 true resid norm 2.094682292127e-03 ||r(i)||/||b|| 3.879404681311e-04
  1408 KSP Residual norm 4.450812011054e-02
  1408 KSP preconditioned resid norm 4.450812011054e-02 true resid norm 2.089644421005e-03 ||r(i)||/||b|| 3.870074416340e-04
  1409 KSP Residual norm 4.440107525843e-02
  1409 KSP preconditioned resid norm 4.440107525843e-02 true resid norm 2.084618678232e-03 ||r(i)||/||b|| 3.860766613379e-04
  1410 KSP Residual norm 4.429428810287e-02
  1410 KSP preconditioned resid norm 4.429428810287e-02 true resid norm 2.079605034435e-03 ||r(i)||/||b|| 3.851481218028e-04
  1411 KSP Residual norm 4.418775801981e-02
  1411 KSP preconditioned resid norm 4.418775801981e-02 true resid norm 2.074603460312e-03 ||r(i)||/||b|| 3.842218176019e-04
  1412 KSP Residual norm 4.408148438675e-02
  1412 KSP preconditioned resid norm 4.408148438675e-02 true resid norm 2.069613926635e-03 ||r(i)||/||b|| 3.832977433223e-04
  1413 KSP Residual norm 4.397546658272e-02
  1413 KSP preconditioned resid norm 4.397546658272e-02 true resid norm 2.064636404250e-03 ||r(i)||/||b|| 3.823758935642e-04
  1414 KSP Residual norm 4.386970398830e-02
  1414 KSP preconditioned resid norm 4.386970398830e-02 true resid norm 2.059670864071e-03 ||r(i)||/||b|| 3.814562629411e-04
  1415 KSP Residual norm 4.376419598561e-02
  1415 KSP preconditioned resid norm 4.376419598561e-02 true resid norm 2.054717277089e-03 ||r(i)||/||b|| 3.805388460803e-04
  1416 KSP Residual norm 4.365894195827e-02
  1416 KSP preconditioned resid norm 4.365894195827e-02 true resid norm 2.049775614362e-03 ||r(i)||/||b|| 3.796236376219e-04
  1417 KSP Residual norm 4.355394129147e-02
  1417 KSP preconditioned resid norm 4.355394129147e-02 true resid norm 2.044845847024e-03 ||r(i)||/||b|| 3.787106322195e-04
  1418 KSP Residual norm 4.344919337188e-02
  1418 KSP preconditioned resid norm 4.344919337188e-02 true resid norm 2.039927946278e-03 ||r(i)||/||b|| 3.777998245401e-04
  1419 KSP Residual norm 4.334469758772e-02
  1419 KSP preconditioned resid norm 4.334469758772e-02 true resid norm 2.035021883399e-03 ||r(i)||/||b|| 3.768912092636e-04
  1420 KSP Residual norm 4.324045332871e-02
  1420 KSP preconditioned resid norm 4.324045332871e-02 true resid norm 2.030127629732e-03 ||r(i)||/||b|| 3.759847810832e-04
  1421 KSP Residual norm 4.313645998608e-02
  1421 KSP preconditioned resid norm 4.313645998608e-02 true resid norm 2.025245156695e-03 ||r(i)||/||b|| 3.750805347052e-04
  1422 KSP Residual norm 4.303271695257e-02
  1422 KSP preconditioned resid norm 4.303271695257e-02 true resid norm 2.020374435775e-03 ||r(i)||/||b|| 3.741784648491e-04
  1423 KSP Residual norm 4.292922362242e-02
  1423 KSP preconditioned resid norm 4.292922362242e-02 true resid norm 2.015515438530e-03 ||r(i)||/||b|| 3.732785662474e-04
  1424 KSP Residual norm 4.282597939136e-02
  1424 KSP preconditioned resid norm 4.282597939136e-02 true resid norm 2.010668136590e-03 ||r(i)||/||b|| 3.723808336455e-04
  1425 KSP Residual norm 4.272298365663e-02
  1425 KSP preconditioned resid norm 4.272298365663e-02 true resid norm 2.005832501651e-03 ||r(i)||/||b|| 3.714852618021e-04
  1426 KSP Residual norm 4.262023581695e-02
  1426 KSP preconditioned resid norm 4.262023581695e-02 true resid norm 2.001008505483e-03 ||r(i)||/||b|| 3.705918454885e-04
  1427 KSP Residual norm 4.251773527253e-02
  1427 KSP preconditioned resid norm 4.251773527253e-02 true resid norm 1.996196119925e-03 ||r(i)||/||b|| 3.697005794892e-04
  1428 KSP Residual norm 4.241548142505e-02
  1428 KSP preconditioned resid norm 4.241548142505e-02 true resid norm 1.991395316884e-03 ||r(i)||/||b|| 3.688114586014e-04
  1429 KSP Residual norm 4.231347367770e-02
  1429 KSP preconditioned resid norm 4.231347367770e-02 true resid norm 1.986606068338e-03 ||r(i)||/||b|| 3.679244776354e-04
  1430 KSP Residual norm 4.221171143510e-02
  1430 KSP preconditioned resid norm 4.221171143510e-02 true resid norm 1.981828346333e-03 ||r(i)||/||b|| 3.670396314140e-04
  1431 KSP Residual norm 4.211019410337e-02
  1431 KSP preconditioned resid norm 4.211019410337e-02 true resid norm 1.977062122985e-03 ||r(i)||/||b|| 3.661569147731e-04
  1432 KSP Residual norm 4.200892109010e-02
  1432 KSP preconditioned resid norm 4.200892109010e-02 true resid norm 1.972307370479e-03 ||r(i)||/||b|| 3.652763225610e-04
  1433 KSP Residual norm 4.190789180433e-02
  1433 KSP preconditioned resid norm 4.190789180433e-02 true resid norm 1.967564061067e-03 ||r(i)||/||b|| 3.643978496392e-04
  1434 KSP Residual norm 4.180710565655e-02
  1434 KSP preconditioned resid norm 4.180710565655e-02 true resid norm 1.962832167073e-03 ||r(i)||/||b|| 3.635214908814e-04
  1435 KSP Residual norm 4.170656205873e-02
  1435 KSP preconditioned resid norm 4.170656205873e-02 true resid norm 1.958111660884e-03 ||r(i)||/||b|| 3.626472411742e-04
  1436 KSP Residual norm 4.160626042427e-02
  1436 KSP preconditioned resid norm 4.160626042427e-02 true resid norm 1.953402514961e-03 ||r(i)||/||b|| 3.617750954170e-04
  1437 KSP Residual norm 4.150620016803e-02
  1437 KSP preconditioned resid norm 4.150620016803e-02 true resid norm 1.948704701829e-03 ||r(i)||/||b|| 3.609050485213e-04
  1438 KSP Residual norm 4.140638070630e-02
  1438 KSP preconditioned resid norm 4.140638070630e-02 true resid norm 1.944018194082e-03 ||r(i)||/||b|| 3.600370954116e-04
  1439 KSP Residual norm 4.130680145683e-02
  1439 KSP preconditioned resid norm 4.130680145683e-02 true resid norm 1.939342964382e-03 ||r(i)||/||b|| 3.591712310247e-04
  1440 KSP Residual norm 4.120746183879e-02
  1440 KSP preconditioned resid norm 4.120746183879e-02 true resid norm 1.934678985457e-03 ||r(i)||/||b|| 3.583074503100e-04
  1441 KSP Residual norm 4.110836127278e-02
  1441 KSP preconditioned resid norm 4.110836127278e-02 true resid norm 1.930026230104e-03 ||r(i)||/||b|| 3.574457482292e-04
  1442 KSP Residual norm 4.100949918085e-02
  1442 KSP preconditioned resid norm 4.100949918085e-02 true resid norm 1.925384671186e-03 ||r(i)||/||b|| 3.565861197566e-04
  1443 KSP Residual norm 4.091087498644e-02
  1443 KSP preconditioned resid norm 4.091087498644e-02 true resid norm 1.920754281634e-03 ||r(i)||/||b|| 3.557285598788e-04
  1444 KSP Residual norm 4.081248811445e-02
  1444 KSP preconditioned resid norm 4.081248811445e-02 true resid norm 1.916135034444e-03 ||r(i)||/||b|| 3.548730635947e-04
  1445 KSP Residual norm 4.071433799117e-02
  1445 KSP preconditioned resid norm 4.071433799117e-02 true resid norm 1.911526902681e-03 ||r(i)||/||b|| 3.540196259157e-04
  1446 KSP Residual norm 4.061642404430e-02
  1446 KSP preconditioned resid norm 4.061642404430e-02 true resid norm 1.906929859473e-03 ||r(i)||/||b|| 3.531682418653e-04
  1447 KSP Residual norm 4.051874570298e-02
  1447 KSP preconditioned resid norm 4.051874570298e-02 true resid norm 1.902343878016e-03 ||r(i)||/||b|| 3.523189064794e-04
  1448 KSP Residual norm 4.042130239773e-02
  1448 KSP preconditioned resid norm 4.042130239773e-02 true resid norm 1.897768931574e-03 ||r(i)||/||b|| 3.514716148060e-04
  1449 KSP Residual norm 4.032409356047e-02
  1449 KSP preconditioned resid norm 4.032409356047e-02 true resid norm 1.893204993474e-03 ||r(i)||/||b|| 3.506263619055e-04
  1450 KSP Residual norm 4.022711862454e-02
  1450 KSP preconditioned resid norm 4.022711862454e-02 true resid norm 1.888652037109e-03 ||r(i)||/||b|| 3.497831428502e-04
  1451 KSP Residual norm 4.013037702466e-02
  1451 KSP preconditioned resid norm 4.013037702466e-02 true resid norm 1.884110035939e-03 ||r(i)||/||b|| 3.489419527246e-04
  1452 KSP Residual norm 4.003386819693e-02
  1452 KSP preconditioned resid norm 4.003386819693e-02 true resid norm 1.879578963488e-03 ||r(i)||/||b|| 3.481027866256e-04
  1453 KSP Residual norm 3.993759157888e-02
  1453 KSP preconditioned resid norm 3.993759157888e-02 true resid norm 1.875058793346e-03 ||r(i)||/||b|| 3.472656396618e-04
  1454 KSP Residual norm 3.984154660937e-02
  1454 KSP preconditioned resid norm 3.984154660937e-02 true resid norm 1.870549499167e-03 ||r(i)||/||b|| 3.464305069539e-04
  1455 KSP Residual norm 3.974573272869e-02
  1455 KSP preconditioned resid norm 3.974573272869e-02 true resid norm 1.866051054671e-03 ||r(i)||/||b|| 3.455973836349e-04
  1456 KSP Residual norm 3.965014937846e-02
  1456 KSP preconditioned resid norm 3.965014937846e-02 true resid norm 1.861563433641e-03 ||r(i)||/||b|| 3.447662648493e-04
  1457 KSP Residual norm 3.955479600172e-02
  1457 KSP preconditioned resid norm 3.955479600172e-02 true resid norm 1.857086609928e-03 ||r(i)||/||b|| 3.439371457539e-04
  1458 KSP Residual norm 3.945967204283e-02
  1458 KSP preconditioned resid norm 3.945967204283e-02 true resid norm 1.852620557443e-03 ||r(i)||/||b|| 3.431100215172e-04
  1459 KSP Residual norm 3.936477694757e-02
  1459 KSP preconditioned resid norm 3.936477694757e-02 true resid norm 1.848165250163e-03 ||r(i)||/||b|| 3.422848873199e-04
  1460 KSP Residual norm 3.927011016304e-02
  1460 KSP preconditioned resid norm 3.927011016304e-02 true resid norm 1.843720662130e-03 ||r(i)||/||b|| 3.414617383542e-04
  1461 KSP Residual norm 3.917567113771e-02
  1461 KSP preconditioned resid norm 3.917567113771e-02 true resid norm 1.839286767448e-03 ||r(i)||/||b|| 3.406405698243e-04
  1462 KSP Residual norm 3.908145932142e-02
  1462 KSP preconditioned resid norm 3.908145932142e-02 true resid norm 1.834863540286e-03 ||r(i)||/||b|| 3.398213769460e-04
  1463 KSP Residual norm 3.898747416536e-02
  1463 KSP preconditioned resid norm 3.898747416536e-02 true resid norm 1.830450954876e-03 ||r(i)||/||b|| 3.390041549472e-04
  1464 KSP Residual norm 3.889371512203e-02
  1464 KSP preconditioned resid norm 3.889371512203e-02 true resid norm 1.826048985513e-03 ||r(i)||/||b|| 3.381888990672e-04
  1465 KSP Residual norm 3.880018164534e-02
  1465 KSP preconditioned resid norm 3.880018164534e-02 true resid norm 1.821657606555e-03 ||r(i)||/||b|| 3.373756045572e-04
  1466 KSP Residual norm 3.870687319048e-02
  1466 KSP preconditioned resid norm 3.870687319048e-02 true resid norm 1.817276792425e-03 ||r(i)||/||b|| 3.365642666799e-04
  1467 KSP Residual norm 3.861378921402e-02
  1467 KSP preconditioned resid norm 3.861378921402e-02 true resid norm 1.812906517606e-03 ||r(i)||/||b|| 3.357548807097e-04
  1468 KSP Residual norm 3.852092917384e-02
  1468 KSP preconditioned resid norm 3.852092917384e-02 true resid norm 1.808546756645e-03 ||r(i)||/||b|| 3.349474419328e-04
  1469 KSP Residual norm 3.842829252916e-02
  1469 KSP preconditioned resid norm 3.842829252916e-02 true resid norm 1.804197484152e-03 ||r(i)||/||b|| 3.341419456466e-04
  1470 KSP Residual norm 3.833587874053e-02
  1470 KSP preconditioned resid norm 3.833587874053e-02 true resid norm 1.799858674798e-03 ||r(i)||/||b|| 3.333383871604e-04
  1471 KSP Residual norm 3.824368726983e-02
  1471 KSP preconditioned resid norm 3.824368726983e-02 true resid norm 1.795530303318e-03 ||r(i)||/||b|| 3.325367617947e-04
  1472 KSP Residual norm 3.815171758024e-02
  1472 KSP preconditioned resid norm 3.815171758024e-02 true resid norm 1.791212344507e-03 ||r(i)||/||b|| 3.317370648818e-04
  1473 KSP Residual norm 3.805996913627e-02
  1473 KSP preconditioned resid norm 3.805996913627e-02 true resid norm 1.786904773223e-03 ||r(i)||/||b|| 3.309392917652e-04
  1474 KSP Residual norm 3.796844140374e-02
  1474 KSP preconditioned resid norm 3.796844140374e-02 true resid norm 1.782607564386e-03 ||r(i)||/||b|| 3.301434378001e-04
  1475 KSP Residual norm 3.787713384980e-02
  1475 KSP preconditioned resid norm 3.787713384980e-02 true resid norm 1.778320692976e-03 ||r(i)||/||b|| 3.293494983526e-04
  1476 KSP Residual norm 3.778604594287e-02
  1476 KSP preconditioned resid norm 3.778604594287e-02 true resid norm 1.774044134036e-03 ||r(i)||/||b|| 3.285574688008e-04
  1477 KSP Residual norm 3.769517715271e-02
  1477 KSP preconditioned resid norm 3.769517715271e-02 true resid norm 1.769777862670e-03 ||r(i)||/||b|| 3.277673445337e-04
  1478 KSP Residual norm 3.760452695036e-02
  1478 KSP preconditioned resid norm 3.760452695036e-02 true resid norm 1.765521854042e-03 ||r(i)||/||b|| 3.269791209517e-04
  1479 KSP Residual norm 3.751409480815e-02
  1479 KSP preconditioned resid norm 3.751409480815e-02 true resid norm 1.761276083378e-03 ||r(i)||/||b|| 3.261927934666e-04
  1480 KSP Residual norm 3.742388019973e-02
  1480 KSP preconditioned resid norm 3.742388019973e-02 true resid norm 1.757040525965e-03 ||r(i)||/||b|| 3.254083575012e-04
  1481 KSP Residual norm 3.733388260002e-02
  1481 KSP preconditioned resid norm 3.733388260002e-02 true resid norm 1.752815157148e-03 ||r(i)||/||b|| 3.246258084899e-04
  1482 KSP Residual norm 3.724410148523e-02
  1482 KSP preconditioned resid norm 3.724410148523e-02 true resid norm 1.748599952336e-03 ||r(i)||/||b|| 3.238451418779e-04
  1483 KSP Residual norm 3.715453633285e-02
  1483 KSP preconditioned resid norm 3.715453633285e-02 true resid norm 1.744394886995e-03 ||r(i)||/||b|| 3.230663531218e-04
  1484 KSP Residual norm 3.706518662166e-02
  1484 KSP preconditioned resid norm 3.706518662166e-02 true resid norm 1.740199936654e-03 ||r(i)||/||b|| 3.222894376893e-04
  1485 KSP Residual norm 3.697605183172e-02
  1485 KSP preconditioned resid norm 3.697605183172e-02 true resid norm 1.736015076901e-03 ||r(i)||/||b|| 3.215143910591e-04
  1486 KSP Residual norm 3.688713144434e-02
  1486 KSP preconditioned resid norm 3.688713144434e-02 true resid norm 1.731840283382e-03 ||r(i)||/||b|| 3.207412087211e-04
  1487 KSP Residual norm 3.679842494214e-02
  1487 KSP preconditioned resid norm 3.679842494214e-02 true resid norm 1.727675531805e-03 ||r(i)||/||b|| 3.199698861761e-04
  1488 KSP Residual norm 3.670993180896e-02
  1488 KSP preconditioned resid norm 3.670993180896e-02 true resid norm 1.723520797936e-03 ||r(i)||/||b|| 3.192004189362e-04
  1489 KSP Residual norm 3.662165152993e-02
  1489 KSP preconditioned resid norm 3.662165152993e-02 true resid norm 1.719376057602e-03 ||r(i)||/||b|| 3.184328025241e-04
  1490 KSP Residual norm 3.653358359145e-02
  1490 KSP preconditioned resid norm 3.653358359145e-02 true resid norm 1.715241286688e-03 ||r(i)||/||b|| 3.176670324738e-04
  1491 KSP Residual norm 3.644572748116e-02
  1491 KSP preconditioned resid norm 3.644572748116e-02 true resid norm 1.711116461137e-03 ||r(i)||/||b|| 3.169031043300e-04
  1492 KSP Residual norm 3.635808268796e-02
  1492 KSP preconditioned resid norm 3.635808268796e-02 true resid norm 1.707001556952e-03 ||r(i)||/||b|| 3.161410136485e-04
  1493 KSP Residual norm 3.627064870199e-02
  1493 KSP preconditioned resid norm 3.627064870199e-02 true resid norm 1.702896550197e-03 ||r(i)||/||b|| 3.153807559958e-04
  1494 KSP Residual norm 3.618342501466e-02
  1494 KSP preconditioned resid norm 3.618342501466e-02 true resid norm 1.698801416990e-03 ||r(i)||/||b|| 3.146223269494e-04
  1495 KSP Residual norm 3.609641111861e-02
  1495 KSP preconditioned resid norm 3.609641111861e-02 true resid norm 1.694716133511e-03 ||r(i)||/||b|| 3.138657220976e-04
  1496 KSP Residual norm 3.600960650772e-02
  1496 KSP preconditioned resid norm 3.600960650772e-02 true resid norm 1.690640675997e-03 ||r(i)||/||b|| 3.131109370393e-04
  1497 KSP Residual norm 3.592301067711e-02
  1497 KSP preconditioned resid norm 3.592301067711e-02 true resid norm 1.686575020742e-03 ||r(i)||/||b|| 3.123579673844e-04
  1498 KSP Residual norm 3.583662312314e-02
  1498 KSP preconditioned resid norm 3.583662312314e-02 true resid norm 1.682519144101e-03 ||r(i)||/||b|| 3.116068087535e-04
  1499 KSP Residual norm 3.575044334339e-02
  1499 KSP preconditioned resid norm 3.575044334339e-02 true resid norm 1.678473022484e-03 ||r(i)||/||b|| 3.108574567778e-04
  1500 KSP Residual norm 3.566447083668e-02
  1500 KSP preconditioned resid norm 3.566447083668e-02 true resid norm 1.674436632361e-03 ||r(i)||/||b|| 3.101099070992e-04
  1501 KSP Residual norm 3.557870510306e-02
  1501 KSP preconditioned resid norm 3.557870510306e-02 true resid norm 1.670409950256e-03 ||r(i)||/||b|| 3.093641553704e-04
  1502 KSP Residual norm 3.549314564378e-02
  1502 KSP preconditioned resid norm 3.549314564378e-02 true resid norm 1.666392952754e-03 ||r(i)||/||b|| 3.086201972546e-04
  1503 KSP Residual norm 3.540779196133e-02
  1503 KSP preconditioned resid norm 3.540779196133e-02 true resid norm 1.662385616497e-03 ||r(i)||/||b|| 3.078780284256e-04
  1504 KSP Residual norm 3.532264355941e-02
  1504 KSP preconditioned resid norm 3.532264355941e-02 true resid norm 1.658387918180e-03 ||r(i)||/||b|| 3.071376445678e-04
  1505 KSP Residual norm 3.523769994293e-02
  1505 KSP preconditioned resid norm 3.523769994293e-02 true resid norm 1.654399834561e-03 ||r(i)||/||b|| 3.063990413763e-04
  1506 KSP Residual norm 3.515296061801e-02
  1506 KSP preconditioned resid norm 3.515296061801e-02 true resid norm 1.650421342450e-03 ||r(i)||/||b|| 3.056622145564e-04
  1507 KSP Residual norm 3.506842509198e-02
  1507 KSP preconditioned resid norm 3.506842509198e-02 true resid norm 1.646452418716e-03 ||r(i)||/||b|| 3.049271598241e-04
  1508 KSP Residual norm 3.498409287338e-02
  1508 KSP preconditioned resid norm 3.498409287338e-02 true resid norm 1.642493040284e-03 ||r(i)||/||b|| 3.041938729059e-04
  1509 KSP Residual norm 3.489996347192e-02
  1509 KSP preconditioned resid norm 3.489996347192e-02 true resid norm 1.638543184134e-03 ||r(i)||/||b|| 3.034623495387e-04
  1510 KSP Residual norm 3.481603639855e-02
  1510 KSP preconditioned resid norm 3.481603639855e-02 true resid norm 1.634602827306e-03 ||r(i)||/||b|| 3.027325854697e-04
  1511 KSP Residual norm 3.473231116538e-02
  1511 KSP preconditioned resid norm 3.473231116538e-02 true resid norm 1.630671946891e-03 ||r(i)||/||b|| 3.020045764567e-04
  1512 KSP Residual norm 3.464878728574e-02
  1512 KSP preconditioned resid norm 3.464878728574e-02 true resid norm 1.626750520040e-03 ||r(i)||/||b|| 3.012783182675e-04
  1513 KSP Residual norm 3.456546427412e-02
  1513 KSP preconditioned resid norm 3.456546427412e-02 true resid norm 1.622838523958e-03 ||r(i)||/||b|| 3.005538066807e-04
  1514 KSP Residual norm 3.448234164621e-02
  1514 KSP preconditioned resid norm 3.448234164621e-02 true resid norm 1.618935935907e-03 ||r(i)||/||b|| 2.998310374849e-04
  1515 KSP Residual norm 3.439941891889e-02
  1515 KSP preconditioned resid norm 3.439941891889e-02 true resid norm 1.615042733201e-03 ||r(i)||/||b|| 2.991100064791e-04
  1516 KSP Residual norm 3.431669561021e-02
  1516 KSP preconditioned resid norm 3.431669561021e-02 true resid norm 1.611158893214e-03 ||r(i)||/||b|| 2.983907094724e-04
  1517 KSP Residual norm 3.423417123938e-02
  1517 KSP preconditioned resid norm 3.423417123938e-02 true resid norm 1.607284393373e-03 ||r(i)||/||b|| 2.976731422843e-04
  1518 KSP Residual norm 3.415184532682e-02
  1518 KSP preconditioned resid norm 3.415184532682e-02 true resid norm 1.603419211159e-03 ||r(i)||/||b|| 2.969573007444e-04
  1519 KSP Residual norm 3.406971739408e-02
  1519 KSP preconditioned resid norm 3.406971739408e-02 true resid norm 1.599563324109e-03 ||r(i)||/||b|| 2.962431806926e-04
  1520 KSP Residual norm 3.398778696392e-02
  1520 KSP preconditioned resid norm 3.398778696392e-02 true resid norm 1.595716709817e-03 ||r(i)||/||b|| 2.955307779789e-04
  1521 KSP Residual norm 3.390605356022e-02
  1521 KSP preconditioned resid norm 3.390605356022e-02 true resid norm 1.591879345927e-03 ||r(i)||/||b|| 2.948200884632e-04
  1522 KSP Residual norm 3.382451670805e-02
  1522 KSP preconditioned resid norm 3.382451670805e-02 true resid norm 1.588051210142e-03 ||r(i)||/||b|| 2.941111080159e-04
  1523 KSP Residual norm 3.374317593363e-02
  1523 KSP preconditioned resid norm 3.374317593363e-02 true resid norm 1.584232280217e-03 ||r(i)||/||b|| 2.934038325171e-04
  1524 KSP Residual norm 3.366203076434e-02
  1524 KSP preconditioned resid norm 3.366203076434e-02 true resid norm 1.580422533962e-03 ||r(i)||/||b|| 2.926982578572e-04
  1525 KSP Residual norm 3.358108072871e-02
  1525 KSP preconditioned resid norm 3.358108072871e-02 true resid norm 1.576621949239e-03 ||r(i)||/||b|| 2.919943799365e-04
  1526 KSP Residual norm 3.350032535640e-02
  1526 KSP preconditioned resid norm 3.350032535640e-02 true resid norm 1.572830503969e-03 ||r(i)||/||b|| 2.912921946654e-04
  1527 KSP Residual norm 3.341976417826e-02
  1527 KSP preconditioned resid norm 3.341976417826e-02 true resid norm 1.569048176121e-03 ||r(i)||/||b|| 2.905916979641e-04
  1528 KSP Residual norm 3.333939672624e-02
  1528 KSP preconditioned resid norm 3.333939672624e-02 true resid norm 1.565274943722e-03 ||r(i)||/||b|| 2.898928857629e-04
  1529 KSP Residual norm 3.325922253346e-02
  1529 KSP preconditioned resid norm 3.325922253346e-02 true resid norm 1.561510784850e-03 ||r(i)||/||b|| 2.891957540020e-04
  1530 KSP Residual norm 3.317924113416e-02
  1530 KSP preconditioned resid norm 3.317924113416e-02 true resid norm 1.557755677638e-03 ||r(i)||/||b|| 2.885002986314e-04
  1531 KSP Residual norm 3.309945206373e-02
  1531 KSP preconditioned resid norm 3.309945206373e-02 true resid norm 1.554009600271e-03 ||r(i)||/||b|| 2.878065156111e-04
  1532 KSP Residual norm 3.301985485867e-02
  1532 KSP preconditioned resid norm 3.301985485867e-02 true resid norm 1.550272530988e-03 ||r(i)||/||b|| 2.871144009107e-04
  1533 KSP Residual norm 3.294044905664e-02
  1533 KSP preconditioned resid norm 3.294044905664e-02 true resid norm 1.546544448082e-03 ||r(i)||/||b|| 2.864239505100e-04
  1534 KSP Residual norm 3.286123419639e-02
  1534 KSP preconditioned resid norm 3.286123419639e-02 true resid norm 1.542825329896e-03 ||r(i)||/||b|| 2.857351603983e-04
  1535 KSP Residual norm 3.278220981783e-02
  1535 KSP preconditioned resid norm 3.278220981783e-02 true resid norm 1.539115154829e-03 ||r(i)||/||b|| 2.850480265748e-04
  1536 KSP Residual norm 3.270337546197e-02
  1536 KSP preconditioned resid norm 3.270337546197e-02 true resid norm 1.535413901330e-03 ||r(i)||/||b|| 2.843625450483e-04
  1537 KSP Residual norm 3.262473067093e-02
  1537 KSP preconditioned resid norm 3.262473067093e-02 true resid norm 1.531721547902e-03 ||r(i)||/||b|| 2.836787118376e-04
  1538 KSP Residual norm 3.254627498797e-02
  1538 KSP preconditioned resid norm 3.254627498797e-02 true resid norm 1.528038073100e-03 ||r(i)||/||b|| 2.829965229709e-04
  1539 KSP Residual norm 3.246800795745e-02
  1539 KSP preconditioned resid norm 3.246800795745e-02 true resid norm 1.524363455532e-03 ||r(i)||/||b|| 2.823159744862e-04
  1540 KSP Residual norm 3.238992912483e-02
  1540 KSP preconditioned resid norm 3.238992912483e-02 true resid norm 1.520697673855e-03 ||r(i)||/||b|| 2.816370624312e-04
  1541 KSP Residual norm 3.231203803668e-02
  1541 KSP preconditioned resid norm 3.231203803668e-02 true resid norm 1.517040706783e-03 ||r(i)||/||b|| 2.809597828631e-04
  1542 KSP Residual norm 3.223433424070e-02
  1542 KSP preconditioned resid norm 3.223433424070e-02 true resid norm 1.513392533077e-03 ||r(i)||/||b|| 2.802841318488e-04
  1543 KSP Residual norm 3.215681728564e-02
  1543 KSP preconditioned resid norm 3.215681728564e-02 true resid norm 1.509753131552e-03 ||r(i)||/||b|| 2.796101054647e-04
  1544 KSP Residual norm 3.207948672140e-02
  1544 KSP preconditioned resid norm 3.207948672140e-02 true resid norm 1.506122481076e-03 ||r(i)||/||b|| 2.789376997969e-04
  1545 KSP Residual norm 3.200234209895e-02
  1545 KSP preconditioned resid norm 3.200234209895e-02 true resid norm 1.502500560564e-03 ||r(i)||/||b|| 2.782669109408e-04
  1546 KSP Residual norm 3.192538297034e-02
  1546 KSP preconditioned resid norm 3.192538297034e-02 true resid norm 1.498887348988e-03 ||r(i)||/||b|| 2.775977350014e-04
  1547 KSP Residual norm 3.184860888874e-02
  1547 KSP preconditioned resid norm 3.184860888874e-02 true resid norm 1.495282825366e-03 ||r(i)||/||b|| 2.769301680932e-04
  1548 KSP Residual norm 3.177201940839e-02
  1548 KSP preconditioned resid norm 3.177201940839e-02 true resid norm 1.491686968769e-03 ||r(i)||/||b|| 2.762642063402e-04
  1549 KSP Residual norm 3.169561408462e-02
  1549 KSP preconditioned resid norm 3.169561408462e-02 true resid norm 1.488099758322e-03 ||r(i)||/||b|| 2.755998458758e-04
  1550 KSP Residual norm 3.161939247383e-02
  1550 KSP preconditioned resid norm 3.161939247383e-02 true resid norm 1.484521173195e-03 ||r(i)||/||b|| 2.749370828428e-04
  1551 KSP Residual norm 3.154335413351e-02
  1551 KSP preconditioned resid norm 3.154335413351e-02 true resid norm 1.480951192613e-03 ||r(i)||/||b|| 2.742759133932e-04
  1552 KSP Residual norm 3.146749862222e-02
  1552 KSP preconditioned resid norm 3.146749862222e-02 true resid norm 1.477389795850e-03 ||r(i)||/||b|| 2.736163336886e-04
  1553 KSP Residual norm 3.139182549961e-02
  1553 KSP preconditioned resid norm 3.139182549961e-02 true resid norm 1.473836962231e-03 ||r(i)||/||b|| 2.729583398999e-04
  1554 KSP Residual norm 3.131633432638e-02
  1554 KSP preconditioned resid norm 3.131633432638e-02 true resid norm 1.470292671130e-03 ||r(i)||/||b|| 2.723019282072e-04
  1555 KSP Residual norm 3.124102466431e-02
  1555 KSP preconditioned resid norm 3.124102466431e-02 true resid norm 1.466756901972e-03 ||r(i)||/||b|| 2.716470948001e-04
  1556 KSP Residual norm 3.116589607623e-02
  1556 KSP preconditioned resid norm 3.116589607623e-02 true resid norm 1.463229634233e-03 ||r(i)||/||b|| 2.709938358771e-04
  1557 KSP Residual norm 3.109094812605e-02
  1557 KSP preconditioned resid norm 3.109094812605e-02 true resid norm 1.459710847436e-03 ||r(i)||/||b|| 2.703421476464e-04
  1558 KSP Residual norm 3.101618037874e-02
  1558 KSP preconditioned resid norm 3.101618037874e-02 true resid norm 1.456200521158e-03 ||r(i)||/||b|| 2.696920263250e-04
  1559 KSP Residual norm 3.094159240032e-02
  1559 KSP preconditioned resid norm 3.094159240032e-02 true resid norm 1.452698635022e-03 ||r(i)||/||b|| 2.690434681393e-04
  1560 KSP Residual norm 3.086718375786e-02
  1560 KSP preconditioned resid norm 3.086718375786e-02 true resid norm 1.449205168702e-03 ||r(i)||/||b|| 2.683964693249e-04
  1561 KSP Residual norm 3.079295401949e-02
  1561 KSP preconditioned resid norm 3.079295401949e-02 true resid norm 1.445720101922e-03 ||r(i)||/||b|| 2.677510261265e-04
  1562 KSP Residual norm 3.071890275439e-02
  1562 KSP preconditioned resid norm 3.071890275439e-02 true resid norm 1.442243414453e-03 ||r(i)||/||b|| 2.671071347979e-04
  1563 KSP Residual norm 3.064502953279e-02
  1563 KSP preconditioned resid norm 3.064502953279e-02 true resid norm 1.438775086118e-03 ||r(i)||/||b|| 2.664647916020e-04
  1564 KSP Residual norm 3.057133392594e-02
  1564 KSP preconditioned resid norm 3.057133392594e-02 true resid norm 1.435315096787e-03 ||r(i)||/||b|| 2.658239928108e-04
  1565 KSP Residual norm 3.049781550617e-02
  1565 KSP preconditioned resid norm 3.049781550617e-02 true resid norm 1.431863426381e-03 ||r(i)||/||b|| 2.651847347054e-04
  1566 KSP Residual norm 3.042447384682e-02
  1566 KSP preconditioned resid norm 3.042447384682e-02 true resid norm 1.428420054866e-03 ||r(i)||/||b|| 2.645470135759e-04
  1567 KSP Residual norm 3.035130852227e-02
  1567 KSP preconditioned resid norm 3.035130852227e-02 true resid norm 1.424984962261e-03 ||r(i)||/||b|| 2.639108257213e-04
  1568 KSP Residual norm 3.027831910795e-02
  1568 KSP preconditioned resid norm 3.027831910795e-02 true resid norm 1.421558128630e-03 ||r(i)||/||b|| 2.632761674499e-04
  1569 KSP Residual norm 3.020550518030e-02
  1569 KSP preconditioned resid norm 3.020550518030e-02 true resid norm 1.418139534089e-03 ||r(i)||/||b|| 2.626430350785e-04
  1570 KSP Residual norm 3.013286631680e-02
  1570 KSP preconditioned resid norm 3.013286631680e-02 true resid norm 1.414729158798e-03 ||r(i)||/||b|| 2.620114249333e-04
  1571 KSP Residual norm 3.006040209596e-02
  1571 KSP preconditioned resid norm 3.006040209596e-02 true resid norm 1.411326982969e-03 ||r(i)||/||b|| 2.613813333492e-04
  1572 KSP Residual norm 2.998811209731e-02
  1572 KSP preconditioned resid norm 2.998811209731e-02 true resid norm 1.407932986860e-03 ||r(i)||/||b|| 2.607527566699e-04
  1573 KSP Residual norm 2.991599590138e-02
  1573 KSP preconditioned resid norm 2.991599590138e-02 true resid norm 1.404547150778e-03 ||r(i)||/||b|| 2.601256912482e-04
  1574 KSP Residual norm 2.984405308976e-02
  1574 KSP preconditioned resid norm 2.984405308976e-02 true resid norm 1.401169455076e-03 ||r(i)||/||b|| 2.595001334457e-04
  1575 KSP Residual norm 2.977228324502e-02
  1575 KSP preconditioned resid norm 2.977228324502e-02 true resid norm 1.397799880157e-03 ||r(i)||/||b|| 2.588760796327e-04
  1576 KSP Residual norm 2.970068595076e-02
  1576 KSP preconditioned resid norm 2.970068595076e-02 true resid norm 1.394438406471e-03 ||r(i)||/||b|| 2.582535261884e-04
  1577 KSP Residual norm 2.962926079158e-02
  1577 KSP preconditioned resid norm 2.962926079158e-02 true resid norm 1.391085014513e-03 ||r(i)||/||b|| 2.576324695008e-04
  1578 KSP Residual norm 2.955800735309e-02
  1578 KSP preconditioned resid norm 2.955800735309e-02 true resid norm 1.387739684829e-03 ||r(i)||/||b|| 2.570129059667e-04
  1579 KSP Residual norm 2.948692522193e-02
  1579 KSP preconditioned resid norm 2.948692522193e-02 true resid norm 1.384402398009e-03 ||r(i)||/||b|| 2.563948319915e-04
  1580 KSP Residual norm 2.941601398570e-02
  1580 KSP preconditioned resid norm 2.941601398570e-02 true resid norm 1.381073134693e-03 ||r(i)||/||b|| 2.557782439895e-04
  1581 KSP Residual norm 2.934527323303e-02
  1581 KSP preconditioned resid norm 2.934527323303e-02 true resid norm 1.377751875566e-03 ||r(i)||/||b|| 2.551631383836e-04
  1582 KSP Residual norm 2.927470255355e-02
  1582 KSP preconditioned resid norm 2.927470255355e-02 true resid norm 1.374438601361e-03 ||r(i)||/||b|| 2.545495116054e-04
  1583 KSP Residual norm 2.920430153786e-02
  1583 KSP preconditioned resid norm 2.920430153786e-02 true resid norm 1.371133292856e-03 ||r(i)||/||b|| 2.539373600951e-04
  1584 KSP Residual norm 2.913406977759e-02
  1584 KSP preconditioned resid norm 2.913406977759e-02 true resid norm 1.367835930877e-03 ||r(i)||/||b|| 2.533266803016e-04
  1585 KSP Residual norm 2.906400686533e-02
  1585 KSP preconditioned resid norm 2.906400686533e-02 true resid norm 1.364546496298e-03 ||r(i)||/||b|| 2.527174686825e-04
  1586 KSP Residual norm 2.899411239466e-02
  1586 KSP preconditioned resid norm 2.899411239466e-02 true resid norm 1.361264970035e-03 ||r(i)||/||b|| 2.521097217037e-04
  1587 KSP Residual norm 2.892438596017e-02
  1587 KSP preconditioned resid norm 2.892438596017e-02 true resid norm 1.357991333055e-03 ||r(i)||/||b|| 2.515034358401e-04
  1588 KSP Residual norm 2.885482715740e-02
  1588 KSP preconditioned resid norm 2.885482715740e-02 true resid norm 1.354725566369e-03 ||r(i)||/||b|| 2.508986075748e-04
  1589 KSP Residual norm 2.878543558290e-02
  1589 KSP preconditioned resid norm 2.878543558290e-02 true resid norm 1.351467651033e-03 ||r(i)||/||b|| 2.502952333995e-04
  1590 KSP Residual norm 2.871621083418e-02
  1590 KSP preconditioned resid norm 2.871621083418e-02 true resid norm 1.348217568151e-03 ||r(i)||/||b|| 2.496933098144e-04
  1591 KSP Residual norm 2.864715250974e-02
  1591 KSP preconditioned resid norm 2.864715250974e-02 true resid norm 1.344975298871e-03 ||r(i)||/||b|| 2.490928333284e-04
  1592 KSP Residual norm 2.857826020903e-02
  1592 KSP preconditioned resid norm 2.857826020903e-02 true resid norm 1.341740824389e-03 ||r(i)||/||b|| 2.484938004586e-04
  1593 KSP Residual norm 2.850953353250e-02
  1593 KSP preconditioned resid norm 2.850953353250e-02 true resid norm 1.338514125944e-03 ||r(i)||/||b|| 2.478962077307e-04
  1594 KSP Residual norm 2.844097208154e-02
  1594 KSP preconditioned resid norm 2.844097208154e-02 true resid norm 1.335295184823e-03 ||r(i)||/||b|| 2.473000516787e-04
  1595 KSP Residual norm 2.837257545854e-02
  1595 KSP preconditioned resid norm 2.837257545854e-02 true resid norm 1.332083982356e-03 ||r(i)||/||b|| 2.467053288450e-04
  1596 KSP Residual norm 2.830434326681e-02
  1596 KSP preconditioned resid norm 2.830434326681e-02 true resid norm 1.328880499919e-03 ||r(i)||/||b|| 2.461120357806e-04
  1597 KSP Residual norm 2.823627511067e-02
  1597 KSP preconditioned resid norm 2.823627511067e-02 true resid norm 1.325684718935e-03 ||r(i)||/||b|| 2.455201690446e-04
  1598 KSP Residual norm 2.816837059536e-02
  1598 KSP preconditioned resid norm 2.816837059536e-02 true resid norm 1.322496620868e-03 ||r(i)||/||b|| 2.449297252045e-04
  1599 KSP Residual norm 2.810062932709e-02
  1599 KSP preconditioned resid norm 2.810062932709e-02 true resid norm 1.319316187232e-03 ||r(i)||/||b|| 2.443407008363e-04
  1600 KSP Residual norm 2.803305091303e-02
  1600 KSP preconditioned resid norm 2.803305091303e-02 true resid norm 1.316143399581e-03 ||r(i)||/||b|| 2.437530925240e-04
  1601 KSP Residual norm 2.796563496129e-02
  1601 KSP preconditioned resid norm 2.796563496129e-02 true resid norm 1.312978239518e-03 ||r(i)||/||b|| 2.431668968601e-04
  1602 KSP Residual norm 2.789838108094e-02
  1602 KSP preconditioned resid norm 2.789838108094e-02 true resid norm 1.309820688686e-03 ||r(i)||/||b|| 2.425821104453e-04
  1603 KSP Residual norm 2.783128888200e-02
  1603 KSP preconditioned resid norm 2.783128888200e-02 true resid norm 1.306670728777e-03 ||r(i)||/||b|| 2.419987298886e-04
  1604 KSP Residual norm 2.776435797542e-02
  1604 KSP preconditioned resid norm 2.776435797542e-02 true resid norm 1.303528341524e-03 ||r(i)||/||b|| 2.414167518069e-04
  1605 KSP Residual norm 2.769758797310e-02
  1605 KSP preconditioned resid norm 2.769758797310e-02 true resid norm 1.300393508705e-03 ||r(i)||/||b|| 2.408361728258e-04
  1606 KSP Residual norm 2.763097848787e-02
  1606 KSP preconditioned resid norm 2.763097848787e-02 true resid norm 1.297266212145e-03 ||r(i)||/||b|| 2.402569895786e-04
  1607 KSP Residual norm 2.756452913353e-02
  1607 KSP preconditioned resid norm 2.756452913353e-02 true resid norm 1.294146433708e-03 ||r(i)||/||b|| 2.396791987070e-04
  1608 KSP Residual norm 2.749823952478e-02
  1608 KSP preconditioned resid norm 2.749823952478e-02 true resid norm 1.291034155306e-03 ||r(i)||/||b|| 2.391027968608e-04
  1609 KSP Residual norm 2.743210927726e-02
  1609 KSP preconditioned resid norm 2.743210927726e-02 true resid norm 1.287929358892e-03 ||r(i)||/||b|| 2.385277806980e-04
  1610 KSP Residual norm 2.736613800755e-02
  1610 KSP preconditioned resid norm 2.736613800755e-02 true resid norm 1.284832026466e-03 ||r(i)||/||b|| 2.379541468845e-04
  1611 KSP Residual norm 2.730032533316e-02
  1611 KSP preconditioned resid norm 2.730032533316e-02 true resid norm 1.281742140069e-03 ||r(i)||/||b|| 2.373818920943e-04
  1612 KSP Residual norm 2.723467087252e-02
  1612 KSP preconditioned resid norm 2.723467087252e-02 true resid norm 1.278659681785e-03 ||r(i)||/||b|| 2.368110130096e-04
  1613 KSP Residual norm 2.716917424498e-02
  1613 KSP preconditioned resid norm 2.716917424498e-02 true resid norm 1.275584633743e-03 ||r(i)||/||b|| 2.362415063206e-04
  1614 KSP Residual norm 2.710383507082e-02
  1614 KSP preconditioned resid norm 2.710383507082e-02 true resid norm 1.272516978116e-03 ||r(i)||/||b|| 2.356733687254e-04
  1615 KSP Residual norm 2.703865297123e-02
  1615 KSP preconditioned resid norm 2.703865297123e-02 true resid norm 1.269456697117e-03 ||r(i)||/||b|| 2.351065969302e-04
  1616 KSP Residual norm 2.697362756832e-02
  1616 KSP preconditioned resid norm 2.697362756832e-02 true resid norm 1.266403773006e-03 ||r(i)||/||b|| 2.345411876490e-04
  1617 KSP Residual norm 2.690875848513e-02
  1617 KSP preconditioned resid norm 2.690875848513e-02 true resid norm 1.263358188082e-03 ||r(i)||/||b|| 2.339771376040e-04
  1618 KSP Residual norm 2.684404534558e-02
  1618 KSP preconditioned resid norm 2.684404534558e-02 true resid norm 1.260319924690e-03 ||r(i)||/||b|| 2.334144435252e-04
  1619 KSP Residual norm 2.677948777453e-02
  1619 KSP preconditioned resid norm 2.677948777453e-02 true resid norm 1.257288965215e-03 ||r(i)||/||b|| 2.328531021506e-04
  1620 KSP Residual norm 2.671508539773e-02
  1620 KSP preconditioned resid norm 2.671508539773e-02 true resid norm 1.254265292088e-03 ||r(i)||/||b|| 2.322931102259e-04
  1621 KSP Residual norm 2.665083784185e-02
  1621 KSP preconditioned resid norm 2.665083784185e-02 true resid norm 1.251248887780e-03 ||r(i)||/||b|| 2.317344645048e-04
  1622 KSP Residual norm 2.658674473445e-02
  1622 KSP preconditioned resid norm 2.658674473445e-02 true resid norm 1.248239734804e-03 ||r(i)||/||b|| 2.311771617489e-04
  1623 KSP Residual norm 2.652280570400e-02
  1623 KSP preconditioned resid norm 2.652280570400e-02 true resid norm 1.245237815717e-03 ||r(i)||/||b|| 2.306211987276e-04
  1624 KSP Residual norm 2.645902037985e-02
  1624 KSP preconditioned resid norm 2.645902037985e-02 true resid norm 1.242243113118e-03 ||r(i)||/||b|| 2.300665722180e-04
  1625 KSP Residual norm 2.639538839229e-02
  1625 KSP preconditioned resid norm 2.639538839229e-02 true resid norm 1.239255609646e-03 ||r(i)||/||b|| 2.295132790052e-04
  1626 KSP Residual norm 2.633190937245e-02
  1626 KSP preconditioned resid norm 2.633190937245e-02 true resid norm 1.236275287986e-03 ||r(i)||/||b|| 2.289613158820e-04
  1627 KSP Residual norm 2.626858295239e-02
  1627 KSP preconditioned resid norm 2.626858295239e-02 true resid norm 1.233302130861e-03 ||r(i)||/||b|| 2.284106796489e-04
  1628 KSP Residual norm 2.620540876505e-02
  1628 KSP preconditioned resid norm 2.620540876505e-02 true resid norm 1.230336121038e-03 ||r(i)||/||b|| 2.278613671142e-04
  1629 KSP Residual norm 2.614238644425e-02
  1629 KSP preconditioned resid norm 2.614238644425e-02 true resid norm 1.227377241324e-03 ||r(i)||/||b|| 2.273133750938e-04
  1630 KSP Residual norm 2.607951562470e-02
  1630 KSP preconditioned resid norm 2.607951562470e-02 true resid norm 1.224425474569e-03 ||r(i)||/||b|| 2.267667004114e-04
  1631 KSP Residual norm 2.601679594200e-02
  1631 KSP preconditioned resid norm 2.601679594200e-02 true resid norm 1.221480803664e-03 ||r(i)||/||b|| 2.262213398985e-04
  1632 KSP Residual norm 2.595422703263e-02
  1632 KSP preconditioned resid norm 2.595422703263e-02 true resid norm 1.218543211542e-03 ||r(i)||/||b|| 2.256772903940e-04
  1633 KSP Residual norm 2.589180853393e-02
  1633 KSP preconditioned resid norm 2.589180853393e-02 true resid norm 1.215612681176e-03 ||r(i)||/||b|| 2.251345487447e-04
  1634 KSP Residual norm 2.582954008415e-02
  1634 KSP preconditioned resid norm 2.582954008415e-02 true resid norm 1.212689195581e-03 ||r(i)||/||b|| 2.245931118049e-04
  1635 KSP Residual norm 2.576742132239e-02
  1635 KSP preconditioned resid norm 2.576742132239e-02 true resid norm 1.209772737814e-03 ||r(i)||/||b|| 2.240529764364e-04
  1636 KSP Residual norm 2.570545188862e-02
  1636 KSP preconditioned resid norm 2.570545188862e-02 true resid norm 1.206863290969e-03 ||r(i)||/||b|| 2.235141395087e-04
  1637 KSP Residual norm 2.564363142370e-02
  1637 KSP preconditioned resid norm 2.564363142370e-02 true resid norm 1.203960838187e-03 ||r(i)||/||b|| 2.229765978990e-04
  1638 KSP Residual norm 2.558195956935e-02
  1638 KSP preconditioned resid norm 2.558195956935e-02 true resid norm 1.201065362645e-03 ||r(i)||/||b|| 2.224403484918e-04
  1639 KSP Residual norm 2.552043596814e-02
  1639 KSP preconditioned resid norm 2.552043596814e-02 true resid norm 1.198176847561e-03 ||r(i)||/||b|| 2.219053881793e-04
  1640 KSP Residual norm 2.545906026352e-02
  1640 KSP preconditioned resid norm 2.545906026352e-02 true resid norm 1.195295276197e-03 ||r(i)||/||b|| 2.213717138612e-04
  1641 KSP Residual norm 2.539783209981e-02
  1641 KSP preconditioned resid norm 2.539783209981e-02 true resid norm 1.192420631852e-03 ||r(i)||/||b|| 2.208393224445e-04
  1642 KSP Residual norm 2.533675112217e-02
  1642 KSP preconditioned resid norm 2.533675112217e-02 true resid norm 1.189552897867e-03 ||r(i)||/||b|| 2.203082108440e-04
  1643 KSP Residual norm 2.527581697663e-02
  1643 KSP preconditioned resid norm 2.527581697663e-02 true resid norm 1.186692057622e-03 ||r(i)||/||b|| 2.197783759817e-04
  1644 KSP Residual norm 2.521502931008e-02
  1644 KSP preconditioned resid norm 2.521502931008e-02 true resid norm 1.183838094539e-03 ||r(i)||/||b|| 2.192498147871e-04
  1645 KSP Residual norm 2.515438777023e-02
  1645 KSP preconditioned resid norm 2.515438777023e-02 true resid norm 1.180990992078e-03 ||r(i)||/||b|| 2.187225241972e-04
  1646 KSP Residual norm 2.509389200569e-02
  1646 KSP preconditioned resid norm 2.509389200569e-02 true resid norm 1.178150733740e-03 ||r(i)||/||b|| 2.181965011563e-04
  1647 KSP Residual norm 2.503354166589e-02
  1647 KSP preconditioned resid norm 2.503354166589e-02 true resid norm 1.175317303067e-03 ||r(i)||/||b|| 2.176717426162e-04
  1648 KSP Residual norm 2.497333640111e-02
  1648 KSP preconditioned resid norm 2.497333640111e-02 true resid norm 1.172490683639e-03 ||r(i)||/||b|| 2.171482455359e-04
  1649 KSP Residual norm 2.491327586247e-02
  1649 KSP preconditioned resid norm 2.491327586247e-02 true resid norm 1.169670859077e-03 ||r(i)||/||b|| 2.166260068818e-04
  1650 KSP Residual norm 2.485335970195e-02
  1650 KSP preconditioned resid norm 2.485335970195e-02 true resid norm 1.166857813040e-03 ||r(i)||/||b|| 2.161050236279e-04
  1651 KSP Residual norm 2.479358757236e-02
  1651 KSP preconditioned resid norm 2.479358757236e-02 true resid norm 1.164051529227e-03 ||r(i)||/||b|| 2.155852927550e-04
  1652 KSP Residual norm 2.473395912734e-02
  1652 KSP preconditioned resid norm 2.473395912734e-02 true resid norm 1.161251991377e-03 ||r(i)||/||b|| 2.150668112517e-04
  1653 KSP Residual norm 2.467447402139e-02
  1653 KSP preconditioned resid norm 2.467447402139e-02 true resid norm 1.158459183269e-03 ||r(i)||/||b|| 2.145495761134e-04
  1654 KSP Residual norm 2.461513190982e-02
  1654 KSP preconditioned resid norm 2.461513190982e-02 true resid norm 1.155673088720e-03 ||r(i)||/||b|| 2.140335843433e-04
  1655 KSP Residual norm 2.455593244879e-02
  1655 KSP preconditioned resid norm 2.455593244879e-02 true resid norm 1.152893691585e-03 ||r(i)||/||b|| 2.135188329513e-04
  1656 KSP Residual norm 2.449687529528e-02
  1656 KSP preconditioned resid norm 2.449687529528e-02 true resid norm 1.150120975760e-03 ||r(i)||/||b|| 2.130053189549e-04
  1657 KSP Residual norm 2.443796010710e-02
  1657 KSP preconditioned resid norm 2.443796010710e-02 true resid norm 1.147354925179e-03 ||r(i)||/||b|| 2.124930393786e-04
  1658 KSP Residual norm 2.437918654289e-02
  1658 KSP preconditioned resid norm 2.437918654289e-02 true resid norm 1.144595523816e-03 ||r(i)||/||b|| 2.119819912542e-04
  1659 KSP Residual norm 2.432055426211e-02
  1659 KSP preconditioned resid norm 2.432055426211e-02 true resid norm 1.141842755682e-03 ||r(i)||/||b|| 2.114721716206e-04
  1660 KSP Residual norm 2.426206292505e-02
  1660 KSP preconditioned resid norm 2.426206292505e-02 true resid norm 1.139096604826e-03 ||r(i)||/||b|| 2.109635775238e-04
  1661 KSP Residual norm 2.420371219281e-02
  1661 KSP preconditioned resid norm 2.420371219281e-02 true resid norm 1.136357055339e-03 ||r(i)||/||b|| 2.104562060171e-04
  1662 KSP Residual norm 2.414550172732e-02
  1662 KSP preconditioned resid norm 2.414550172732e-02 true resid norm 1.133624091347e-03 ||r(i)||/||b|| 2.099500541608e-04
  1663 KSP Residual norm 2.408743119131e-02
  1663 KSP preconditioned resid norm 2.408743119131e-02 true resid norm 1.130897697015e-03 ||r(i)||/||b|| 2.094451190223e-04
  1664 KSP Residual norm 2.402950024834e-02
  1664 KSP preconditioned resid norm 2.402950024834e-02 true resid norm 1.128177856548e-03 ||r(i)||/||b|| 2.089413976761e-04
  1665 KSP Residual norm 2.397170856277e-02
  1665 KSP preconditioned resid norm 2.397170856277e-02 true resid norm 1.125464554187e-03 ||r(i)||/||b|| 2.084388872037e-04
  1666 KSP Residual norm 2.391405579979e-02
  1666 KSP preconditioned resid norm 2.391405579979e-02 true resid norm 1.122757774213e-03 ||r(i)||/||b|| 2.079375846938e-04
  1667 KSP Residual norm 2.385654162537e-02
  1667 KSP preconditioned resid norm 2.385654162537e-02 true resid norm 1.120057500942e-03 ||r(i)||/||b|| 2.074374872421e-04
  1668 KSP Residual norm 2.379916570631e-02
  1668 KSP preconditioned resid norm 2.379916570631e-02 true resid norm 1.117363718732e-03 ||r(i)||/||b|| 2.069385919510e-04
  1669 KSP Residual norm 2.374192771020e-02
  1669 KSP preconditioned resid norm 2.374192771020e-02 true resid norm 1.114676411975e-03 ||r(i)||/||b|| 2.064408959303e-04
  1670 KSP Residual norm 2.368482730543e-02
  1670 KSP preconditioned resid norm 2.368482730543e-02 true resid norm 1.111995565102e-03 ||r(i)||/||b|| 2.059443962966e-04
  1671 KSP Residual norm 2.362786416121e-02
  1671 KSP preconditioned resid norm 2.362786416121e-02 true resid norm 1.109321162583e-03 ||r(i)||/||b|| 2.054490901735e-04
  1672 KSP Residual norm 2.357103794753e-02
  1672 KSP preconditioned resid norm 2.357103794753e-02 true resid norm 1.106653188923e-03 ||r(i)||/||b|| 2.049549746915e-04
  1673 KSP Residual norm 2.351434833519e-02
  1673 KSP preconditioned resid norm 2.351434833519e-02 true resid norm 1.103991628666e-03 ||r(i)||/||b|| 2.044620469879e-04
  1674 KSP Residual norm 2.345779499576e-02
  1674 KSP preconditioned resid norm 2.345779499576e-02 true resid norm 1.101336466394e-03 ||r(i)||/||b|| 2.039703042072e-04
  1675 KSP Residual norm 2.340137760164e-02
  1675 KSP preconditioned resid norm 2.340137760164e-02 true resid norm 1.098687686724e-03 ||r(i)||/||b|| 2.034797435007e-04
  1676 KSP Residual norm 2.334509582598e-02
  1676 KSP preconditioned resid norm 2.334509582598e-02 true resid norm 1.096045274311e-03 ||r(i)||/||b|| 2.029903620263e-04
  1677 KSP Residual norm 2.328894934275e-02
  1677 KSP preconditioned resid norm 2.328894934275e-02 true resid norm 1.093409213847e-03 ||r(i)||/||b|| 2.025021569491e-04
  1678 KSP Residual norm 2.323293782669e-02
  1678 KSP preconditioned resid norm 2.323293782669e-02 true resid norm 1.090779490063e-03 ||r(i)||/||b|| 2.020151254409e-04
  1679 KSP Residual norm 2.317706095333e-02
  1679 KSP preconditioned resid norm 2.317706095333e-02 true resid norm 1.088156087724e-03 ||r(i)||/||b|| 2.015292646804e-04
  1680 KSP Residual norm 2.312131839899e-02
  1680 KSP preconditioned resid norm 2.312131839899e-02 true resid norm 1.085538991633e-03 ||r(i)||/||b|| 2.010445718529e-04
  1681 KSP Residual norm 2.306570984075e-02
  1681 KSP preconditioned resid norm 2.306570984075e-02 true resid norm 1.082928186628e-03 ||r(i)||/||b|| 2.005610441507e-04
  1682 KSP Residual norm 2.301023495649e-02
  1682 KSP preconditioned resid norm 2.301023495649e-02 true resid norm 1.080323657587e-03 ||r(i)||/||b|| 2.000786787728e-04
  1683 KSP Residual norm 2.295489342487e-02
  1683 KSP preconditioned resid norm 2.295489342487e-02 true resid norm 1.077725389422e-03 ||r(i)||/||b|| 1.995974729250e-04
  1684 KSP Residual norm 2.289968492529e-02
  1684 KSP preconditioned resid norm 2.289968492529e-02 true resid norm 1.075133367082e-03 ||r(i)||/||b|| 1.991174238197e-04
  1685 KSP Residual norm 2.284460913797e-02
  1685 KSP preconditioned resid norm 2.284460913797e-02 true resid norm 1.072547575552e-03 ||r(i)||/||b|| 1.986385286762e-04
  1686 KSP Residual norm 2.278966574386e-02
  1686 KSP preconditioned resid norm 2.278966574386e-02 true resid norm 1.069967999853e-03 ||r(i)||/||b|| 1.981607847205e-04
  1687 KSP Residual norm 2.273485442472e-02
  1687 KSP preconditioned resid norm 2.273485442472e-02 true resid norm 1.067394625043e-03 ||r(i)||/||b|| 1.976841891851e-04
  1688 KSP Residual norm 2.268017486304e-02
  1688 KSP preconditioned resid norm 2.268017486304e-02 true resid norm 1.064827436215e-03 ||r(i)||/||b|| 1.972087393094e-04
  1689 KSP Residual norm 2.262562674209e-02
  1689 KSP preconditioned resid norm 2.262562674209e-02 true resid norm 1.062266418500e-03 ||r(i)||/||b|| 1.967344323393e-04
  1690 KSP Residual norm 2.257120974592e-02
  1690 KSP preconditioned resid norm 2.257120974592e-02 true resid norm 1.059711557062e-03 ||r(i)||/||b|| 1.962612655274e-04
  1691 KSP Residual norm 2.251692355931e-02
  1691 KSP preconditioned resid norm 2.251692355931e-02 true resid norm 1.057162837103e-03 ||r(i)||/||b|| 1.957892361329e-04
  1692 KSP Residual norm 2.246276786784e-02
  1692 KSP preconditioned resid norm 2.246276786784e-02 true resid norm 1.054620243860e-03 ||r(i)||/||b|| 1.953183414217e-04
  1693 KSP Residual norm 2.240874235781e-02
  1693 KSP preconditioned resid norm 2.240874235781e-02 true resid norm 1.052083762605e-03 ||r(i)||/||b|| 1.948485786661e-04
  1694 KSP Residual norm 2.235484671629e-02
  1694 KSP preconditioned resid norm 2.235484671629e-02 true resid norm 1.049553378646e-03 ||r(i)||/||b|| 1.943799451453e-04
  1695 KSP Residual norm 2.230108063111e-02
  1695 KSP preconditioned resid norm 2.230108063111e-02 true resid norm 1.047029077327e-03 ||r(i)||/||b|| 1.939124381447e-04
  1696 KSP Residual norm 2.224744379086e-02
  1696 KSP preconditioned resid norm 2.224744379086e-02 true resid norm 1.044510844025e-03 ||r(i)||/||b|| 1.934460549565e-04
  1697 KSP Residual norm 2.219393588485e-02
  1697 KSP preconditioned resid norm 2.219393588485e-02 true resid norm 1.041998664157e-03 ||r(i)||/||b|| 1.929807928793e-04
  1698 KSP Residual norm 2.214055660318e-02
  1698 KSP preconditioned resid norm 2.214055660318e-02 true resid norm 1.039492523169e-03 ||r(i)||/||b|| 1.925166492183e-04
  1699 KSP Residual norm 2.208730563667e-02
  1699 KSP preconditioned resid norm 2.208730563667e-02 true resid norm 1.036992406548e-03 ||r(i)||/||b|| 1.920536212850e-04
  1700 KSP Residual norm 2.203418267688e-02
  1700 KSP preconditioned resid norm 2.203418267688e-02 true resid norm 1.034498299812e-03 ||r(i)||/||b|| 1.915917063977e-04
  1701 KSP Residual norm 2.198118741614e-02
  1701 KSP preconditioned resid norm 2.198118741614e-02 true resid norm 1.032010188514e-03 ||r(i)||/||b|| 1.911309018809e-04
  1702 KSP Residual norm 2.192831954750e-02
  1702 KSP preconditioned resid norm 2.192831954750e-02 true resid norm 1.029528058245e-03 ||r(i)||/||b|| 1.906712050657e-04
  1703 KSP Residual norm 2.187557876476e-02
  1703 KSP preconditioned resid norm 2.187557876476e-02 true resid norm 1.027051894628e-03 ||r(i)||/||b|| 1.902126132896e-04
  1704 KSP Residual norm 2.182296476245e-02
  1704 KSP preconditioned resid norm 2.182296476245e-02 true resid norm 1.024581683321e-03 ||r(i)||/||b|| 1.897551238964e-04
  1705 KSP Residual norm 2.177047723584e-02
  1705 KSP preconditioned resid norm 2.177047723584e-02 true resid norm 1.022117410017e-03 ||r(i)||/||b|| 1.892987342364e-04
  1706 KSP Residual norm 2.171811588094e-02
  1706 KSP preconditioned resid norm 2.171811588094e-02 true resid norm 1.019659060444e-03 ||r(i)||/||b|| 1.888434416664e-04
  1707 KSP Residual norm 2.166588039449e-02
  1707 KSP preconditioned resid norm 2.166588039449e-02 true resid norm 1.017206620364e-03 ||r(i)||/||b|| 1.883892435493e-04
  1708 KSP Residual norm 2.161377047396e-02
  1708 KSP preconditioned resid norm 2.161377047396e-02 true resid norm 1.014760075572e-03 ||r(i)||/||b|| 1.879361372546e-04
  1709 KSP Residual norm 2.156178581754e-02
  1709 KSP preconditioned resid norm 2.156178581754e-02 true resid norm 1.012319411899e-03 ||r(i)||/||b|| 1.874841201581e-04
  1710 KSP Residual norm 2.150992612416e-02
  1710 KSP preconditioned resid norm 2.150992612416e-02 true resid norm 1.009884615209e-03 ||r(i)||/||b|| 1.870331896417e-04
  1711 KSP Residual norm 2.145819109347e-02
  1711 KSP preconditioned resid norm 2.145819109347e-02 true resid norm 1.007455671402e-03 ||r(i)||/||b|| 1.865833430940e-04
  1712 KSP Residual norm 2.140658042584e-02
  1712 KSP preconditioned resid norm 2.140658042584e-02 true resid norm 1.005032566409e-03 ||r(i)||/||b|| 1.861345779095e-04
  1713 KSP Residual norm 2.135509382238e-02
  1713 KSP preconditioned resid norm 2.135509382238e-02 true resid norm 1.002615286197e-03 ||r(i)||/||b|| 1.856868914893e-04
  1714 KSP Residual norm 2.130373098490e-02
  1714 KSP preconditioned resid norm 2.130373098490e-02 true resid norm 1.000203816767e-03 ||r(i)||/||b|| 1.852402812405e-04
  1715 KSP Residual norm 2.125249161593e-02
  1715 KSP preconditioned resid norm 2.125249161593e-02 true resid norm 9.977981441523e-04 ||r(i)||/||b|| 1.847947445766e-04
  1716 KSP Residual norm 2.120137541873e-02
  1716 KSP preconditioned resid norm 2.120137541873e-02 true resid norm 9.953982544206e-04 ||r(i)||/||b|| 1.843502789173e-04
  1717 KSP Residual norm 2.115038209726e-02
  1717 KSP preconditioned resid norm 2.115038209726e-02 true resid norm 9.930041336731e-04 ||r(i)||/||b|| 1.839068816885e-04
  1718 KSP Residual norm 2.109951135620e-02
  1718 KSP preconditioned resid norm 2.109951135620e-02 true resid norm 9.906157680448e-04 ||r(i)||/||b|| 1.834645503224e-04
  1719 KSP Residual norm 2.104876290095e-02
  1719 KSP preconditioned resid norm 2.104876290095e-02 true resid norm 9.882331437036e-04 ||r(i)||/||b|| 1.830232822571e-04
  1720 KSP Residual norm 2.099813643761e-02
  1720 KSP preconditioned resid norm 2.099813643761e-02 true resid norm 9.858562468509e-04 ||r(i)||/||b|| 1.825830749373e-04
  1721 KSP Residual norm 2.094763167298e-02
  1721 KSP preconditioned resid norm 2.094763167298e-02 true resid norm 9.834850637216e-04 ||r(i)||/||b|| 1.821439258135e-04
  1722 KSP Residual norm 2.089724831459e-02
  1722 KSP preconditioned resid norm 2.089724831459e-02 true resid norm 9.811195805834e-04 ||r(i)||/||b|| 1.817058323425e-04
  1723 KSP Residual norm 2.084698607065e-02
  1723 KSP preconditioned resid norm 2.084698607065e-02 true resid norm 9.787597837373e-04 ||r(i)||/||b|| 1.812687919872e-04
  1724 KSP Residual norm 2.079684465008e-02
  1724 KSP preconditioned resid norm 2.079684465008e-02 true resid norm 9.764056595171e-04 ||r(i)||/||b|| 1.808328022166e-04
  1725 KSP Residual norm 2.074682376251e-02
  1725 KSP preconditioned resid norm 2.074682376251e-02 true resid norm 9.740571942898e-04 ||r(i)||/||b|| 1.803978605059e-04
  1726 KSP Residual norm 2.069692311826e-02
  1726 KSP preconditioned resid norm 2.069692311826e-02 true resid norm 9.717143744550e-04 ||r(i)||/||b|| 1.799639643361e-04
  1727 KSP Residual norm 2.064714242836e-02
  1727 KSP preconditioned resid norm 2.064714242836e-02 true resid norm 9.693771864452e-04 ||r(i)||/||b|| 1.795311111946e-04
  1728 KSP Residual norm 2.059748140452e-02
  1728 KSP preconditioned resid norm 2.059748140452e-02 true resid norm 9.670456167254e-04 ||r(i)||/||b|| 1.790992985746e-04
  1729 KSP Residual norm 2.054793975916e-02
  1729 KSP preconditioned resid norm 2.054793975916e-02 true resid norm 9.647196517935e-04 ||r(i)||/||b|| 1.786685239755e-04
  1730 KSP Residual norm 2.049851720537e-02
  1730 KSP preconditioned resid norm 2.049851720537e-02 true resid norm 9.623992781796e-04 ||r(i)||/||b|| 1.782387849027e-04
  1731 KSP Residual norm 2.044921345696e-02
  1731 KSP preconditioned resid norm 2.044921345696e-02 true resid norm 9.600844824464e-04 ||r(i)||/||b|| 1.778100788676e-04
  1732 KSP Residual norm 2.040002822840e-02
  1732 KSP preconditioned resid norm 2.040002822840e-02 true resid norm 9.577752511889e-04 ||r(i)||/||b|| 1.773824033874e-04
  1733 KSP Residual norm 2.035096123487e-02
  1733 KSP preconditioned resid norm 2.035096123487e-02 true resid norm 9.554715710345e-04 ||r(i)||/||b|| 1.769557559856e-04
  1734 KSP Residual norm 2.030201219223e-02
  1734 KSP preconditioned resid norm 2.030201219223e-02 true resid norm 9.531734286427e-04 ||r(i)||/||b|| 1.765301341915e-04
  1735 KSP Residual norm 2.025318081702e-02
  1735 KSP preconditioned resid norm 2.025318081702e-02 true resid norm 9.508808107052e-04 ||r(i)||/||b|| 1.761055355403e-04
  1736 KSP Residual norm 2.020446682646e-02
  1736 KSP preconditioned resid norm 2.020446682646e-02 true resid norm 9.485937039455e-04 ||r(i)||/||b|| 1.756819575732e-04
  1737 KSP Residual norm 2.015586993846e-02
  1737 KSP preconditioned resid norm 2.015586993846e-02 true resid norm 9.463120951195e-04 ||r(i)||/||b|| 1.752593978374e-04
  1738 KSP Residual norm 2.010738987161e-02
  1738 KSP preconditioned resid norm 2.010738987161e-02 true resid norm 9.440359710146e-04 ||r(i)||/||b|| 1.748378538857e-04
  1739 KSP Residual norm 2.005902634516e-02
  1739 KSP preconditioned resid norm 2.005902634516e-02 true resid norm 9.417653184502e-04 ||r(i)||/||b|| 1.744173232773e-04
  1740 KSP Residual norm 2.001077907906e-02
  1740 KSP preconditioned resid norm 2.001077907906e-02 true resid norm 9.395001242775e-04 ||r(i)||/||b|| 1.739978035768e-04
  1741 KSP Residual norm 1.996264779391e-02
  1741 KSP preconditioned resid norm 1.996264779391e-02 true resid norm 9.372403753791e-04 ||r(i)||/||b|| 1.735792923550e-04
  1742 KSP Residual norm 1.991463221101e-02
  1742 KSP preconditioned resid norm 1.991463221101e-02 true resid norm 9.349860586694e-04 ||r(i)||/||b|| 1.731617871882e-04
  1743 KSP Residual norm 1.986673205230e-02
  1743 KSP preconditioned resid norm 1.986673205230e-02 true resid norm 9.327371610943e-04 ||r(i)||/||b|| 1.727452856589e-04
  1744 KSP Residual norm 1.981894704042e-02
  1744 KSP preconditioned resid norm 1.981894704042e-02 true resid norm 9.304936696311e-04 ||r(i)||/||b|| 1.723297853552e-04
  1745 KSP Residual norm 1.977127689866e-02
  1745 KSP preconditioned resid norm 1.977127689866e-02 true resid norm 9.282555712883e-04 ||r(i)||/||b|| 1.719152838711e-04
  1746 KSP Residual norm 1.972372135098e-02
  1746 KSP preconditioned resid norm 1.972372135098e-02 true resid norm 9.260228531058e-04 ||r(i)||/||b|| 1.715017788063e-04
  1747 KSP Residual norm 1.967628012199e-02
  1747 KSP preconditioned resid norm 1.967628012199e-02 true resid norm 9.237955021548e-04 ||r(i)||/||b|| 1.710892677664e-04
  1748 KSP Residual norm 1.962895293699e-02
  1748 KSP preconditioned resid norm 1.962895293699e-02 true resid norm 9.215735055375e-04 ||r(i)||/||b|| 1.706777483627e-04
  1749 KSP Residual norm 1.958173952193e-02
  1749 KSP preconditioned resid norm 1.958173952193e-02 true resid norm 9.193568503871e-04 ||r(i)||/||b|| 1.702672182121e-04
  1750 KSP Residual norm 1.953463960341e-02
  1750 KSP preconditioned resid norm 1.953463960341e-02 true resid norm 9.171455238679e-04 ||r(i)||/||b|| 1.698576749376e-04
  1751 KSP Residual norm 1.948765290870e-02
  1751 KSP preconditioned resid norm 1.948765290870e-02 true resid norm 9.149395131749e-04 ||r(i)||/||b|| 1.694491161675e-04
  1752 KSP Residual norm 1.944077916573e-02
  1752 KSP preconditioned resid norm 1.944077916573e-02 true resid norm 9.127388055343e-04 ||r(i)||/||b|| 1.690415395362e-04
  1753 KSP Residual norm 1.939401810306e-02
  1753 KSP preconditioned resid norm 1.939401810306e-02 true resid norm 9.105433882025e-04 ||r(i)||/||b|| 1.686349426835e-04
  1754 KSP Residual norm 1.934736944992e-02
  1754 KSP preconditioned resid norm 1.934736944992e-02 true resid norm 9.083532484672e-04 ||r(i)||/||b|| 1.682293232550e-04
  1755 KSP Residual norm 1.930083293621e-02
  1755 KSP preconditioned resid norm 1.930083293621e-02 true resid norm 9.061683736462e-04 ||r(i)||/||b|| 1.678246789020e-04
  1756 KSP Residual norm 1.925440829245e-02
  1756 KSP preconditioned resid norm 1.925440829245e-02 true resid norm 9.039887510879e-04 ||r(i)||/||b|| 1.674210072813e-04
  1757 KSP Residual norm 1.920809524983e-02
  1757 KSP preconditioned resid norm 1.920809524983e-02 true resid norm 9.018143681714e-04 ||r(i)||/||b|| 1.670183060556e-04
  1758 KSP Residual norm 1.916189354016e-02
  1758 KSP preconditioned resid norm 1.916189354016e-02 true resid norm 8.996452123059e-04 ||r(i)||/||b|| 1.666165728930e-04
  1759 KSP Residual norm 1.911580289593e-02
  1759 KSP preconditioned resid norm 1.911580289593e-02 true resid norm 8.974812709311e-04 ||r(i)||/||b|| 1.662158054673e-04
  1760 KSP Residual norm 1.906982305025e-02
  1760 KSP preconditioned resid norm 1.906982305025e-02 true resid norm 8.953225315168e-04 ||r(i)||/||b|| 1.658160014578e-04
  1761 KSP Residual norm 1.902395373688e-02
  1761 KSP preconditioned resid norm 1.902395373688e-02 true resid norm 8.931689815630e-04 ||r(i)||/||b|| 1.654171585496e-04
  1762 KSP Residual norm 1.897819469021e-02
  1762 KSP preconditioned resid norm 1.897819469021e-02 true resid norm 8.910206085998e-04 ||r(i)||/||b|| 1.650192744331e-04
  1763 KSP Residual norm 1.893254564530e-02
  1763 KSP preconditioned resid norm 1.893254564530e-02 true resid norm 8.888774001873e-04 ||r(i)||/||b|| 1.646223468045e-04
  1764 KSP Residual norm 1.888700633781e-02
  1764 KSP preconditioned resid norm 1.888700633781e-02 true resid norm 8.867393439154e-04 ||r(i)||/||b|| 1.642263733654e-04
  1765 KSP Residual norm 1.884157650405e-02
  1765 KSP preconditioned resid norm 1.884157650405e-02 true resid norm 8.846064274040e-04 ||r(i)||/||b|| 1.638313518230e-04
  1766 KSP Residual norm 1.879625588097e-02
  1766 KSP preconditioned resid norm 1.879625588097e-02 true resid norm 8.824786383029e-04 ||r(i)||/||b|| 1.634372798900e-04
  1767 KSP Residual norm 1.875104420616e-02
  1767 KSP preconditioned resid norm 1.875104420616e-02 true resid norm 8.803559642913e-04 ||r(i)||/||b|| 1.630441552845e-04
  1768 KSP Residual norm 1.870594121782e-02
  1768 KSP preconditioned resid norm 1.870594121782e-02 true resid norm 8.782383930784e-04 ||r(i)||/||b|| 1.626519757302e-04
  1769 KSP Residual norm 1.866094665479e-02
  1769 KSP preconditioned resid norm 1.866094665479e-02 true resid norm 8.761259124027e-04 ||r(i)||/||b|| 1.622607389563e-04
  1770 KSP Residual norm 1.861606025655e-02
  1770 KSP preconditioned resid norm 1.861606025655e-02 true resid norm 8.740185100322e-04 ||r(i)||/||b|| 1.618704426974e-04
  1771 KSP Residual norm 1.857128176319e-02
  1771 KSP preconditioned resid norm 1.857128176319e-02 true resid norm 8.719161737647e-04 ||r(i)||/||b|| 1.614810846937e-04
  1772 KSP Residual norm 1.852661091542e-02
  1772 KSP preconditioned resid norm 1.852661091542e-02 true resid norm 8.698188914268e-04 ||r(i)||/||b|| 1.610926626905e-04
  1773 KSP Residual norm 1.848204745460e-02
  1773 KSP preconditioned resid norm 1.848204745460e-02 true resid norm 8.677266508748e-04 ||r(i)||/||b|| 1.607051744388e-04
  1774 KSP Residual norm 1.843759112270e-02
  1774 KSP preconditioned resid norm 1.843759112270e-02 true resid norm 8.656394399941e-04 ||r(i)||/||b|| 1.603186176950e-04
  1775 KSP Residual norm 1.839324166229e-02
  1775 KSP preconditioned resid norm 1.839324166229e-02 true resid norm 8.635572466992e-04 ||r(i)||/||b|| 1.599329902208e-04
  1776 KSP Residual norm 1.834899881660e-02
  1776 KSP preconditioned resid norm 1.834899881660e-02 true resid norm 8.614800589337e-04 ||r(i)||/||b|| 1.595482897833e-04
  1777 KSP Residual norm 1.830486232943e-02
  1777 KSP preconditioned resid norm 1.830486232943e-02 true resid norm 8.594078646703e-04 ||r(i)||/||b|| 1.591645141551e-04
  1778 KSP Residual norm 1.826083194524e-02
  1778 KSP preconditioned resid norm 1.826083194524e-02 true resid norm 8.573406519104e-04 ||r(i)||/||b|| 1.587816611139e-04
  1779 KSP Residual norm 1.821690740908e-02
  1779 KSP preconditioned resid norm 1.821690740908e-02 true resid norm 8.552784086844e-04 ||r(i)||/||b|| 1.583997284431e-04
  1780 KSP Residual norm 1.817308846662e-02
  1780 KSP preconditioned resid norm 1.817308846662e-02 true resid norm 8.532211230516e-04 ||r(i)||/||b|| 1.580187139310e-04
  1781 KSP Residual norm 1.812937486414e-02
  1781 KSP preconditioned resid norm 1.812937486414e-02 true resid norm 8.511687830998e-04 ||r(i)||/||b|| 1.576386153716e-04
  1782 KSP Residual norm 1.808576634853e-02
  1782 KSP preconditioned resid norm 1.808576634853e-02 true resid norm 8.491213769457e-04 ||r(i)||/||b|| 1.572594305640e-04
  1783 KSP Residual norm 1.804226266729e-02
  1783 KSP preconditioned resid norm 1.804226266729e-02 true resid norm 8.470788927344e-04 ||r(i)||/||b|| 1.568811573127e-04
  1784 KSP Residual norm 1.799886356853e-02
  1784 KSP preconditioned resid norm 1.799886356853e-02 true resid norm 8.450413186395e-04 ||r(i)||/||b|| 1.565037934274e-04
  1785 KSP Residual norm 1.795556880097e-02
  1785 KSP preconditioned resid norm 1.795556880097e-02 true resid norm 8.430086428631e-04 ||r(i)||/||b|| 1.561273367231e-04
  1786 KSP Residual norm 1.791237811391e-02
  1786 KSP preconditioned resid norm 1.791237811391e-02 true resid norm 8.409808536358e-04 ||r(i)||/||b|| 1.557517850201e-04
  1787 KSP Residual norm 1.786929125728e-02
  1787 KSP preconditioned resid norm 1.786929125728e-02 true resid norm 8.389579392164e-04 ||r(i)||/||b|| 1.553771361438e-04
  1788 KSP Residual norm 1.782630798160e-02
  1788 KSP preconditioned resid norm 1.782630798160e-02 true resid norm 8.369398878918e-04 ||r(i)||/||b|| 1.550033879250e-04
  1789 KSP Residual norm 1.778342803800e-02
  1789 KSP preconditioned resid norm 1.778342803800e-02 true resid norm 8.349266879772e-04 ||r(i)||/||b|| 1.546305381997e-04
  1790 KSP Residual norm 1.774065117819e-02
  1790 KSP preconditioned resid norm 1.774065117819e-02 true resid norm 8.329183278161e-04 ||r(i)||/||b|| 1.542585848090e-04
  1791 KSP Residual norm 1.769797715450e-02
  1791 KSP preconditioned resid norm 1.769797715450e-02 true resid norm 8.309147957796e-04 ||r(i)||/||b|| 1.538875255991e-04
  1792 KSP Residual norm 1.765540571983e-02
  1792 KSP preconditioned resid norm 1.765540571983e-02 true resid norm 8.289160802672e-04 ||r(i)||/||b|| 1.535173584218e-04
  1793 KSP Residual norm 1.761293662769e-02
  1793 KSP preconditioned resid norm 1.761293662769e-02 true resid norm 8.269221697060e-04 ||r(i)||/||b|| 1.531480811336e-04
  1794 KSP Residual norm 1.757056963218e-02
  1794 KSP preconditioned resid norm 1.757056963218e-02 true resid norm 8.249330525510e-04 ||r(i)||/||b|| 1.527796915963e-04
  1795 KSP Residual norm 1.752830448800e-02
  1795 KSP preconditioned resid norm 1.752830448800e-02 true resid norm 8.229487172850e-04 ||r(i)||/||b|| 1.524121876770e-04
  1796 KSP Residual norm 1.748614095042e-02
  1796 KSP preconditioned resid norm 1.748614095042e-02 true resid norm 8.209691524186e-04 ||r(i)||/||b|| 1.520455672478e-04
  1797 KSP Residual norm 1.744407877531e-02
  1797 KSP preconditioned resid norm 1.744407877531e-02 true resid norm 8.189943464898e-04 ||r(i)||/||b|| 1.516798281859e-04
  1798 KSP Residual norm 1.740211771914e-02
  1798 KSP preconditioned resid norm 1.740211771914e-02 true resid norm 8.170242880644e-04 ||r(i)||/||b|| 1.513149683737e-04
  1799 KSP Residual norm 1.736025753895e-02
  1799 KSP preconditioned resid norm 1.736025753895e-02 true resid norm 8.150589657355e-04 ||r(i)||/||b|| 1.509509856985e-04
  1800 KSP Residual norm 1.731849799235e-02
  1800 KSP preconditioned resid norm 1.731849799235e-02 true resid norm 8.130983681236e-04 ||r(i)||/||b|| 1.505878780529e-04
  1801 KSP Residual norm 1.727683883756e-02
  1801 KSP preconditioned resid norm 1.727683883756e-02 true resid norm 8.111424838769e-04 ||r(i)||/||b|| 1.502256433345e-04
  1802 KSP Residual norm 1.723527983338e-02
  1802 KSP preconditioned resid norm 1.723527983338e-02 true resid norm 8.091913016704e-04 ||r(i)||/||b|| 1.498642794459e-04
  1803 KSP Residual norm 1.719382073916e-02
  1803 KSP preconditioned resid norm 1.719382073916e-02 true resid norm 8.072448102068e-04 ||r(i)||/||b|| 1.495037842947e-04
  1804 KSP Residual norm 1.715246131487e-02
  1804 KSP preconditioned resid norm 1.715246131487e-02 true resid norm 8.053029982156e-04 ||r(i)||/||b|| 1.491441557936e-04
  1805 KSP Residual norm 1.711120132103e-02
  1805 KSP preconditioned resid norm 1.711120132103e-02 true resid norm 8.033658544537e-04 ||r(i)||/||b|| 1.487853918605e-04
  1806 KSP Residual norm 1.707004051873e-02
  1806 KSP preconditioned resid norm 1.707004051873e-02 true resid norm 8.014333677048e-04 ||r(i)||/||b|| 1.484274904179e-04
  1807 KSP Residual norm 1.702897866966e-02
  1807 KSP preconditioned resid norm 1.702897866966e-02 true resid norm 7.995055267796e-04 ||r(i)||/||b|| 1.480704493937e-04
  1808 KSP Residual norm 1.698801553607e-02
  1808 KSP preconditioned resid norm 1.698801553607e-02 true resid norm 7.975823205158e-04 ||r(i)||/||b|| 1.477142667205e-04
  1809 KSP Residual norm 1.694715088077e-02
  1809 KSP preconditioned resid norm 1.694715088077e-02 true resid norm 7.956637377779e-04 ||r(i)||/||b|| 1.473589403360e-04
  1810 KSP Residual norm 1.690638446716e-02
  1810 KSP preconditioned resid norm 1.690638446716e-02 true resid norm 7.937497674572e-04 ||r(i)||/||b|| 1.470044681829e-04
  1811 KSP Residual norm 1.686571605920e-02
  1811 KSP preconditioned resid norm 1.686571605920e-02 true resid norm 7.918403984716e-04 ||r(i)||/||b|| 1.466508482087e-04
  1812 KSP Residual norm 1.682514542142e-02
  1812 KSP preconditioned resid norm 1.682514542142e-02 true resid norm 7.899356197657e-04 ||r(i)||/||b|| 1.462980783659e-04
  1813 KSP Residual norm 1.678467231890e-02
  1813 KSP preconditioned resid norm 1.678467231890e-02 true resid norm 7.880354203107e-04 ||r(i)||/||b|| 1.459461566120e-04
  1814 KSP Residual norm 1.674429651731e-02
  1814 KSP preconditioned resid norm 1.674429651731e-02 true resid norm 7.861397891043e-04 ||r(i)||/||b|| 1.455950809093e-04
  1815 KSP Residual norm 1.670401778288e-02
  1815 KSP preconditioned resid norm 1.670401778288e-02 true resid norm 7.842487151708e-04 ||r(i)||/||b|| 1.452448492251e-04
  1816 KSP Residual norm 1.666383588237e-02
  1816 KSP preconditioned resid norm 1.666383588237e-02 true resid norm 7.823621875604e-04 ||r(i)||/||b|| 1.448954595315e-04
  1817 KSP Residual norm 1.662375058315e-02
  1817 KSP preconditioned resid norm 1.662375058315e-02 true resid norm 7.804801953503e-04 ||r(i)||/||b|| 1.445469098055e-04
  1818 KSP Residual norm 1.658376165310e-02
  1818 KSP preconditioned resid norm 1.658376165310e-02 true resid norm 7.786027276434e-04 ||r(i)||/||b|| 1.441991980289e-04
  1819 KSP Residual norm 1.654386886070e-02
  1819 KSP preconditioned resid norm 1.654386886070e-02 true resid norm 7.767297735690e-04 ||r(i)||/||b|| 1.438523221885e-04
  1820 KSP Residual norm 1.650407197496e-02
  1820 KSP preconditioned resid norm 1.650407197496e-02 true resid norm 7.748613222827e-04 ||r(i)||/||b|| 1.435062802759e-04
  1821 KSP Residual norm 1.646437076545e-02
  1821 KSP preconditioned resid norm 1.646437076545e-02 true resid norm 7.729973629658e-04 ||r(i)||/||b|| 1.431610702874e-04
  1822 KSP Residual norm 1.642476500230e-02
  1822 KSP preconditioned resid norm 1.642476500230e-02 true resid norm 7.711378848260e-04 ||r(i)||/||b|| 1.428166902243e-04
  1823 KSP Residual norm 1.638525445620e-02
  1823 KSP preconditioned resid norm 1.638525445620e-02 true resid norm 7.692828770966e-04 ||r(i)||/||b|| 1.424731380925e-04
  1824 KSP Residual norm 1.634583889837e-02
  1824 KSP preconditioned resid norm 1.634583889837e-02 true resid norm 7.674323290370e-04 ||r(i)||/||b|| 1.421304119028e-04
  1825 KSP Residual norm 1.630651810059e-02
  1825 KSP preconditioned resid norm 1.630651810059e-02 true resid norm 7.655862299324e-04 ||r(i)||/||b|| 1.417885096709e-04
  1826 KSP Residual norm 1.626729183519e-02
  1826 KSP preconditioned resid norm 1.626729183519e-02 true resid norm 7.637445690936e-04 ||r(i)||/||b|| 1.414474294170e-04
  1827 KSP Residual norm 1.622815987505e-02
  1827 KSP preconditioned resid norm 1.622815987505e-02 true resid norm 7.619073358572e-04 ||r(i)||/||b|| 1.411071691664e-04
  1828 KSP Residual norm 1.618912199358e-02
  1828 KSP preconditioned resid norm 1.618912199358e-02 true resid norm 7.600745195855e-04 ||r(i)||/||b|| 1.407677269487e-04
  1829 KSP Residual norm 1.615017796477e-02
  1829 KSP preconditioned resid norm 1.615017796477e-02 true resid norm 7.582461096663e-04 ||r(i)||/||b|| 1.404291007988e-04
  1830 KSP Residual norm 1.611132756312e-02
  1830 KSP preconditioned resid norm 1.611132756312e-02 true resid norm 7.564220955127e-04 ||r(i)||/||b|| 1.400912887557e-04
  1831 KSP Residual norm 1.607257056367e-02
  1831 KSP preconditioned resid norm 1.607257056367e-02 true resid norm 7.546024665636e-04 ||r(i)||/||b|| 1.397542888637e-04
  1832 KSP Residual norm 1.603390674203e-02
  1832 KSP preconditioned resid norm 1.603390674203e-02 true resid norm 7.527872122831e-04 ||r(i)||/||b|| 1.394180991713e-04
  1833 KSP Residual norm 1.599533587432e-02
  1833 KSP preconditioned resid norm 1.599533587432e-02 true resid norm 7.509763221606e-04 ||r(i)||/||b|| 1.390827177321e-04
  1834 KSP Residual norm 1.595685773722e-02
  1834 KSP preconditioned resid norm 1.595685773722e-02 true resid norm 7.491697857109e-04 ||r(i)||/||b|| 1.387481426041e-04
  1835 KSP Residual norm 1.591847210792e-02
  1835 KSP preconditioned resid norm 1.591847210792e-02 true resid norm 7.473675924738e-04 ||r(i)||/||b|| 1.384143718501e-04
  1836 KSP Residual norm 1.588017876419e-02
  1836 KSP preconditioned resid norm 1.588017876419e-02 true resid norm 7.455697320144e-04 ||r(i)||/||b|| 1.380814035375e-04
  1837 KSP Residual norm 1.584197748428e-02
  1837 KSP preconditioned resid norm 1.584197748428e-02 true resid norm 7.437761939228e-04 ||r(i)||/||b|| 1.377492357384e-04
  1838 KSP Residual norm 1.580386804701e-02
  1838 KSP preconditioned resid norm 1.580386804701e-02 true resid norm 7.419869678141e-04 ||r(i)||/||b|| 1.374178665294e-04
  1839 KSP Residual norm 1.576585023172e-02
  1839 KSP preconditioned resid norm 1.576585023172e-02 true resid norm 7.402020433285e-04 ||r(i)||/||b|| 1.370872939919e-04
  1840 KSP Residual norm 1.572792381828e-02
  1840 KSP preconditioned resid norm 1.572792381828e-02 true resid norm 7.384214101308e-04 ||r(i)||/||b|| 1.367575162118e-04
  1841 KSP Residual norm 1.569008858709e-02
  1841 KSP preconditioned resid norm 1.569008858709e-02 true resid norm 7.366450579110e-04 ||r(i)||/||b|| 1.364285312797e-04
  1842 KSP Residual norm 1.565234431908e-02
  1842 KSP preconditioned resid norm 1.565234431908e-02 true resid norm 7.348729763836e-04 ||r(i)||/||b|| 1.361003372906e-04
  1843 KSP Residual norm 1.561469079570e-02
  1843 KSP preconditioned resid norm 1.561469079570e-02 true resid norm 7.331051552879e-04 ||r(i)||/||b|| 1.357729323443e-04
  1844 KSP Residual norm 1.557712779894e-02
  1844 KSP preconditioned resid norm 1.557712779894e-02 true resid norm 7.313415843880e-04 ||r(i)||/||b|| 1.354463145450e-04
  1845 KSP Residual norm 1.553965511129e-02
  1845 KSP preconditioned resid norm 1.553965511129e-02 true resid norm 7.295822534724e-04 ||r(i)||/||b|| 1.351204820015e-04
  1846 KSP Residual norm 1.550227251578e-02
  1846 KSP preconditioned resid norm 1.550227251578e-02 true resid norm 7.278271523541e-04 ||r(i)||/||b|| 1.347954328272e-04
  1847 KSP Residual norm 1.546497979596e-02
  1847 KSP preconditioned resid norm 1.546497979596e-02 true resid norm 7.260762708708e-04 ||r(i)||/||b|| 1.344711651400e-04
  1848 KSP Residual norm 1.542777673589e-02
  1848 KSP preconditioned resid norm 1.542777673589e-02 true resid norm 7.243295988845e-04 ||r(i)||/||b|| 1.341476770623e-04
  1849 KSP Residual norm 1.539066312017e-02
  1849 KSP preconditioned resid norm 1.539066312017e-02 true resid norm 7.225871262816e-04 ||r(i)||/||b|| 1.338249667211e-04
  1850 KSP Residual norm 1.535363873389e-02
  1850 KSP preconditioned resid norm 1.535363873389e-02 true resid norm 7.208488429727e-04 ||r(i)||/||b|| 1.335030322477e-04
  1851 KSP Residual norm 1.531670336267e-02
  1851 KSP preconditioned resid norm 1.531670336267e-02 true resid norm 7.191147388927e-04 ||r(i)||/||b|| 1.331818717781e-04
  1852 KSP Residual norm 1.527985679266e-02
  1852 KSP preconditioned resid norm 1.527985679266e-02 true resid norm 7.173848040007e-04 ||r(i)||/||b|| 1.328614834527e-04
  1853 KSP Residual norm 1.524309881049e-02
  1853 KSP preconditioned resid norm 1.524309881049e-02 true resid norm 7.156590282799e-04 ||r(i)||/||b|| 1.325418654164e-04
  1854 KSP Residual norm 1.520642920334e-02
  1854 KSP preconditioned resid norm 1.520642920334e-02 true resid norm 7.139374017377e-04 ||r(i)||/||b|| 1.322230158184e-04
  1855 KSP Residual norm 1.516984775887e-02
  1855 KSP preconditioned resid norm 1.516984775887e-02 true resid norm 7.122199144053e-04 ||r(i)||/||b|| 1.319049328125e-04
  1856 KSP Residual norm 1.513335426527e-02
  1856 KSP preconditioned resid norm 1.513335426527e-02 true resid norm 7.105065563379e-04 ||r(i)||/||b|| 1.315876145571e-04
  1857 KSP Residual norm 1.509694851123e-02
  1857 KSP preconditioned resid norm 1.509694851123e-02 true resid norm 7.087973176147e-04 ||r(i)||/||b|| 1.312710592146e-04
  1858 KSP Residual norm 1.506063028595e-02
  1858 KSP preconditioned resid norm 1.506063028595e-02 true resid norm 7.070921883388e-04 ||r(i)||/||b|| 1.309552649521e-04
  1859 KSP Residual norm 1.502439937913e-02
  1859 KSP preconditioned resid norm 1.502439937913e-02 true resid norm 7.053911586368e-04 ||r(i)||/||b|| 1.306402299411e-04
  1860 KSP Residual norm 1.498825558099e-02
  1860 KSP preconditioned resid norm 1.498825558099e-02 true resid norm 7.036942186592e-04 ||r(i)||/||b|| 1.303259523575e-04
  1861 KSP Residual norm 1.495219868224e-02
  1861 KSP preconditioned resid norm 1.495219868224e-02 true resid norm 7.020013585802e-04 ||r(i)||/||b|| 1.300124303814e-04
  1862 KSP Residual norm 1.491622847411e-02
  1862 KSP preconditioned resid norm 1.491622847411e-02 true resid norm 7.003125685975e-04 ||r(i)||/||b|| 1.296996621974e-04
  1863 KSP Residual norm 1.488034474830e-02
  1863 KSP preconditioned resid norm 1.488034474830e-02 true resid norm 6.986278389324e-04 ||r(i)||/||b|| 1.293876459946e-04
  1864 KSP Residual norm 1.484454729705e-02
  1864 KSP preconditioned resid norm 1.484454729705e-02 true resid norm 6.969471598298e-04 ||r(i)||/||b|| 1.290763799662e-04
  1865 KSP Residual norm 1.480883591307e-02
  1865 KSP preconditioned resid norm 1.480883591307e-02 true resid norm 6.952705215577e-04 ||r(i)||/||b|| 1.287658623098e-04
  1866 KSP Residual norm 1.477321038957e-02
  1866 KSP preconditioned resid norm 1.477321038957e-02 true resid norm 6.935979144079e-04 ||r(i)||/||b|| 1.284560912275e-04
  1867 KSP Residual norm 1.473767052028e-02
  1867 KSP preconditioned resid norm 1.473767052028e-02 true resid norm 6.919293286953e-04 ||r(i)||/||b|| 1.281470649256e-04
  1868 KSP Residual norm 1.470221609940e-02
  1868 KSP preconditioned resid norm 1.470221609940e-02 true resid norm 6.902647547581e-04 ||r(i)||/||b|| 1.278387816146e-04
  1869 KSP Residual norm 1.466684692164e-02
  1869 KSP preconditioned resid norm 1.466684692164e-02 true resid norm 6.886041829577e-04 ||r(i)||/||b|| 1.275312395095e-04
  1870 KSP Residual norm 1.463156278219e-02
  1870 KSP preconditioned resid norm 1.463156278219e-02 true resid norm 6.869476036786e-04 ||r(i)||/||b|| 1.272244368295e-04
  1871 KSP Residual norm 1.459636347675e-02
  1871 KSP preconditioned resid norm 1.459636347675e-02 true resid norm 6.852950073286e-04 ||r(i)||/||b|| 1.269183717980e-04
  1872 KSP Residual norm 1.456124880148e-02
  1872 KSP preconditioned resid norm 1.456124880148e-02 true resid norm 6.836463843383e-04 ||r(i)||/||b|| 1.266130426428e-04
  1873 KSP Residual norm 1.452621855308e-02
  1873 KSP preconditioned resid norm 1.452621855308e-02 true resid norm 6.820017251614e-04 ||r(i)||/||b|| 1.263084475960e-04
  1874 KSP Residual norm 1.449127252868e-02
  1874 KSP preconditioned resid norm 1.449127252868e-02 true resid norm 6.803610202746e-04 ||r(i)||/||b|| 1.260045848936e-04
  1875 KSP Residual norm 1.445641052594e-02
  1875 KSP preconditioned resid norm 1.445641052594e-02 true resid norm 6.787242601774e-04 ||r(i)||/||b|| 1.257014527763e-04
  1876 KSP Residual norm 1.442163234299e-02
  1876 KSP preconditioned resid norm 1.442163234299e-02 true resid norm 6.770914353921e-04 ||r(i)||/||b|| 1.253990494887e-04
  1877 KSP Residual norm 1.438693777845e-02
  1877 KSP preconditioned resid norm 1.438693777845e-02 true resid norm 6.754625364638e-04 ||r(i)||/||b|| 1.250973732798e-04
  1878 KSP Residual norm 1.435232663141e-02
  1878 KSP preconditioned resid norm 1.435232663141e-02 true resid norm 6.738375539603e-04 ||r(i)||/||b|| 1.247964224027e-04
  1879 KSP Residual norm 1.431779870146e-02
  1879 KSP preconditioned resid norm 1.431779870146e-02 true resid norm 6.722164784721e-04 ||r(i)||/||b|| 1.244961951147e-04
  1880 KSP Residual norm 1.428335378867e-02
  1880 KSP preconditioned resid norm 1.428335378867e-02 true resid norm 6.705993006122e-04 ||r(i)||/||b|| 1.241966896773e-04
  1881 KSP Residual norm 1.424899169357e-02
  1881 KSP preconditioned resid norm 1.424899169357e-02 true resid norm 6.689860110164e-04 ||r(i)||/||b|| 1.238979043563e-04
  1882 KSP Residual norm 1.421471221719e-02
  1882 KSP preconditioned resid norm 1.421471221719e-02 true resid norm 6.673766003426e-04 ||r(i)||/||b|| 1.235998374215e-04
  1883 KSP Residual norm 1.418051516104e-02
  1883 KSP preconditioned resid norm 1.418051516104e-02 true resid norm 6.657710592715e-04 ||r(i)||/||b|| 1.233024871469e-04
  1884 KSP Residual norm 1.414640032709e-02
  1884 KSP preconditioned resid norm 1.414640032709e-02 true resid norm 6.641693785059e-04 ||r(i)||/||b|| 1.230058518107e-04
  1885 KSP Residual norm 1.411236751780e-02
  1885 KSP preconditioned resid norm 1.411236751780e-02 true resid norm 6.625715487713e-04 ||r(i)||/||b|| 1.227099296952e-04
  1886 KSP Residual norm 1.407841653609e-02
  1886 KSP preconditioned resid norm 1.407841653609e-02 true resid norm 6.609775608150e-04 ||r(i)||/||b|| 1.224147190867e-04
  1887 KSP Residual norm 1.404454718536e-02
  1887 KSP preconditioned resid norm 1.404454718536e-02 true resid norm 6.593874054069e-04 ||r(i)||/||b|| 1.221202182759e-04
  1888 KSP Residual norm 1.401075926950e-02
  1888 KSP preconditioned resid norm 1.401075926950e-02 true resid norm 6.578010733389e-04 ||r(i)||/||b|| 1.218264255574e-04
  1889 KSP Residual norm 1.397705259284e-02
  1889 KSP preconditioned resid norm 1.397705259284e-02 true resid norm 6.562185554251e-04 ||r(i)||/||b|| 1.215333392299e-04
  1890 KSP Residual norm 1.394342696021e-02
  1890 KSP preconditioned resid norm 1.394342696021e-02 true resid norm 6.546398425016e-04 ||r(i)||/||b|| 1.212409575962e-04
  1891 KSP Residual norm 1.390988217688e-02
  1891 KSP preconditioned resid norm 1.390988217688e-02 true resid norm 6.530649254266e-04 ||r(i)||/||b|| 1.209492789633e-04
  1892 KSP Residual norm 1.387641804861e-02
  1892 KSP preconditioned resid norm 1.387641804861e-02 true resid norm 6.514937950801e-04 ||r(i)||/||b|| 1.206583016421e-04
  1893 KSP Residual norm 1.384303438161e-02
  1893 KSP preconditioned resid norm 1.384303438161e-02 true resid norm 6.499264423642e-04 ||r(i)||/||b|| 1.203680239477e-04
  1894 KSP Residual norm 1.380973098257e-02
  1894 KSP preconditioned resid norm 1.380973098257e-02 true resid norm 6.483628582028e-04 ||r(i)||/||b|| 1.200784441991e-04
  1895 KSP Residual norm 1.377650765864e-02
  1895 KSP preconditioned resid norm 1.377650765864e-02 true resid norm 6.468030335413e-04 ||r(i)||/||b|| 1.197895607194e-04
  1896 KSP Residual norm 1.374336421743e-02
  1896 KSP preconditioned resid norm 1.374336421743e-02 true resid norm 6.452469593473e-04 ||r(i)||/||b|| 1.195013718358e-04
  1897 KSP Residual norm 1.371030046701e-02
  1897 KSP preconditioned resid norm 1.371030046701e-02 true resid norm 6.436946266098e-04 ||r(i)||/||b|| 1.192138758794e-04
  1898 KSP Residual norm 1.367731621591e-02
  1898 KSP preconditioned resid norm 1.367731621591e-02 true resid norm 6.421460263397e-04 ||r(i)||/||b|| 1.189270711855e-04
  1899 KSP Residual norm 1.364441127314e-02
  1899 KSP preconditioned resid norm 1.364441127314e-02 true resid norm 6.406011495692e-04 ||r(i)||/||b|| 1.186409560931e-04
  1900 KSP Residual norm 1.361158544814e-02
  1900 KSP preconditioned resid norm 1.361158544814e-02 true resid norm 6.390599873521e-04 ||r(i)||/||b|| 1.183555289454e-04
  1901 KSP Residual norm 1.357883855082e-02
  1901 KSP preconditioned resid norm 1.357883855082e-02 true resid norm 6.375225307639e-04 ||r(i)||/||b|| 1.180707880895e-04
  1902 KSP Residual norm 1.354617039156e-02
  1902 KSP preconditioned resid norm 1.354617039156e-02 true resid norm 6.359887709013e-04 ||r(i)||/||b|| 1.177867318767e-04
  1903 KSP Residual norm 1.351358078117e-02
  1903 KSP preconditioned resid norm 1.351358078117e-02 true resid norm 6.344586988825e-04 ||r(i)||/||b|| 1.175033586618e-04
  1904 KSP Residual norm 1.348106953092e-02
  1904 KSP preconditioned resid norm 1.348106953092e-02 true resid norm 6.329323058470e-04 ||r(i)||/||b|| 1.172206668040e-04
  1905 KSP Residual norm 1.344863645256e-02
  1905 KSP preconditioned resid norm 1.344863645256e-02 true resid norm 6.314095829555e-04 ||r(i)||/||b|| 1.169386546661e-04
  1906 KSP Residual norm 1.341628135827e-02
  1906 KSP preconditioned resid norm 1.341628135827e-02 true resid norm 6.298905213902e-04 ||r(i)||/||b|| 1.166573206151e-04
  1907 KSP Residual norm 1.338400406066e-02
  1907 KSP preconditioned resid norm 1.338400406066e-02 true resid norm 6.283751123541e-04 ||r(i)||/||b|| 1.163766630218e-04
  1908 KSP Residual norm 1.335180437284e-02
  1908 KSP preconditioned resid norm 1.335180437284e-02 true resid norm 6.268633470716e-04 ||r(i)||/||b|| 1.160966802609e-04
  1909 KSP Residual norm 1.331968210833e-02
  1909 KSP preconditioned resid norm 1.331968210833e-02 true resid norm 6.253552167881e-04 ||r(i)||/||b|| 1.158173707110e-04
  1910 KSP Residual norm 1.328763708111e-02
  1910 KSP preconditioned resid norm 1.328763708111e-02 true resid norm 6.238507127701e-04 ||r(i)||/||b|| 1.155387327546e-04
  1911 KSP Residual norm 1.325566910561e-02
  1911 KSP preconditioned resid norm 1.325566910561e-02 true resid norm 6.223498263048e-04 ||r(i)||/||b|| 1.152607647782e-04
  1912 KSP Residual norm 1.322377799671e-02
  1912 KSP preconditioned resid norm 1.322377799671e-02 true resid norm 6.208525487006e-04 ||r(i)||/||b|| 1.149834651720e-04
  1913 KSP Residual norm 1.319196356971e-02
  1913 KSP preconditioned resid norm 1.319196356971e-02 true resid norm 6.193588712867e-04 ||r(i)||/||b|| 1.147068323302e-04
  1914 KSP Residual norm 1.316022564038e-02
  1914 KSP preconditioned resid norm 1.316022564038e-02 true resid norm 6.178687854131e-04 ||r(i)||/||b|| 1.144308646508e-04
  1915 KSP Residual norm 1.312856402492e-02
  1915 KSP preconditioned resid norm 1.312856402492e-02 true resid norm 6.163822824506e-04 ||r(i)||/||b|| 1.141555605355e-04
  1916 KSP Residual norm 1.309697853998e-02
  1916 KSP preconditioned resid norm 1.309697853998e-02 true resid norm 6.148993537907e-04 ||r(i)||/||b|| 1.138809183902e-04
  1917 KSP Residual norm 1.306546900264e-02
  1917 KSP preconditioned resid norm 1.306546900264e-02 true resid norm 6.134199908456e-04 ||r(i)||/||b|| 1.136069366242e-04
  1918 KSP Residual norm 1.303403523042e-02
  1918 KSP preconditioned resid norm 1.303403523042e-02 true resid norm 6.119441850482e-04 ||r(i)||/||b|| 1.133336136511e-04
  1919 KSP Residual norm 1.300267704129e-02
  1919 KSP preconditioned resid norm 1.300267704129e-02 true resid norm 6.104719278517e-04 ||r(i)||/||b|| 1.130609478878e-04
  1920 KSP Residual norm 1.297139425365e-02
  1920 KSP preconditioned resid norm 1.297139425365e-02 true resid norm 6.090032107301e-04 ||r(i)||/||b|| 1.127889377553e-04
  1921 KSP Residual norm 1.294018668634e-02
  1921 KSP preconditioned resid norm 1.294018668634e-02 true resid norm 6.075380251777e-04 ||r(i)||/||b|| 1.125175816785e-04
  1922 KSP Residual norm 1.290905415861e-02
  1922 KSP preconditioned resid norm 1.290905415861e-02 true resid norm 6.060763627094e-04 ||r(i)||/||b|| 1.122468780857e-04
  1923 KSP Residual norm 1.287799649019e-02
  1923 KSP preconditioned resid norm 1.287799649019e-02 true resid norm 6.046182148604e-04 ||r(i)||/||b|| 1.119768254093e-04
  1924 KSP Residual norm 1.284701350120e-02
  1924 KSP preconditioned resid norm 1.284701350120e-02 true resid norm 6.031635731862e-04 ||r(i)||/||b|| 1.117074220854e-04
  1925 KSP Residual norm 1.281610501221e-02
  1925 KSP preconditioned resid norm 1.281610501221e-02 true resid norm 6.017124292625e-04 ||r(i)||/||b|| 1.114386665537e-04
  1926 KSP Residual norm 1.278527084423e-02
  1926 KSP preconditioned resid norm 1.278527084423e-02 true resid norm 6.002647746854e-04 ||r(i)||/||b|| 1.111705572579e-04
  1927 KSP Residual norm 1.275451081869e-02
  1927 KSP preconditioned resid norm 1.275451081869e-02 true resid norm 5.988206010711e-04 ||r(i)||/||b|| 1.109030926452e-04
  1928 KSP Residual norm 1.272382475744e-02
  1928 KSP preconditioned resid norm 1.272382475744e-02 true resid norm 5.973799000559e-04 ||r(i)||/||b|| 1.106362711667e-04
  1929 KSP Residual norm 1.269321248277e-02
  1929 KSP preconditioned resid norm 1.269321248277e-02 true resid norm 5.959426632963e-04 ||r(i)||/||b|| 1.103700912770e-04
  1930 KSP Residual norm 1.266267381740e-02
  1930 KSP preconditioned resid norm 1.266267381740e-02 true resid norm 5.945088824686e-04 ||r(i)||/||b|| 1.101045514347e-04
  1931 KSP Residual norm 1.263220858446e-02
  1931 KSP preconditioned resid norm 1.263220858446e-02 true resid norm 5.930785492694e-04 ||r(i)||/||b|| 1.098396501020e-04
  1932 KSP Residual norm 1.260181660752e-02
  1932 KSP preconditioned resid norm 1.260181660752e-02 true resid norm 5.916516554150e-04 ||r(i)||/||b|| 1.095753857446e-04
  1933 KSP Residual norm 1.257149771057e-02
  1933 KSP preconditioned resid norm 1.257149771057e-02 true resid norm 5.902281926417e-04 ||r(i)||/||b|| 1.093117568321e-04
  1934 KSP Residual norm 1.254125171801e-02
  1934 KSP preconditioned resid norm 1.254125171801e-02 true resid norm 5.888081527056e-04 ||r(i)||/||b|| 1.090487618378e-04
  1935 KSP Residual norm 1.251107845469e-02
  1935 KSP preconditioned resid norm 1.251107845469e-02 true resid norm 5.873915273826e-04 ||r(i)||/||b|| 1.087863992384e-04
  1936 KSP Residual norm 1.248097774584e-02
  1936 KSP preconditioned resid norm 1.248097774584e-02 true resid norm 5.859783084684e-04 ||r(i)||/||b|| 1.085246675146e-04
  1937 KSP Residual norm 1.245094941715e-02
  1937 KSP preconditioned resid norm 1.245094941715e-02 true resid norm 5.845684877784e-04 ||r(i)||/||b|| 1.082635651506e-04
  1938 KSP Residual norm 1.242099329470e-02
  1938 KSP preconditioned resid norm 1.242099329470e-02 true resid norm 5.831620571476e-04 ||r(i)||/||b|| 1.080030906340e-04
  1939 KSP Residual norm 1.239110920500e-02
  1939 KSP preconditioned resid norm 1.239110920500e-02 true resid norm 5.817590084305e-04 ||r(i)||/||b|| 1.077432424565e-04
  1940 KSP Residual norm 1.236129697498e-02
  1940 KSP preconditioned resid norm 1.236129697498e-02 true resid norm 5.803593335014e-04 ||r(i)||/||b|| 1.074840191131e-04
  1941 KSP Residual norm 1.233155643198e-02
  1941 KSP preconditioned resid norm 1.233155643198e-02 true resid norm 5.789630242540e-04 ||r(i)||/||b|| 1.072254191024e-04
  1942 KSP Residual norm 1.230188740376e-02
  1942 KSP preconditioned resid norm 1.230188740376e-02 true resid norm 5.775700726014e-04 ||r(i)||/||b|| 1.069674409268e-04
  1943 KSP Residual norm 1.227228971847e-02
  1943 KSP preconditioned resid norm 1.227228971847e-02 true resid norm 5.761804704762e-04 ||r(i)||/||b|| 1.067100830921e-04
  1944 KSP Residual norm 1.224276320471e-02
  1944 KSP preconditioned resid norm 1.224276320471e-02 true resid norm 5.747942098304e-04 ||r(i)||/||b|| 1.064533441080e-04
  1945 KSP Residual norm 1.221330769147e-02
  1945 KSP preconditioned resid norm 1.221330769147e-02 true resid norm 5.734112826353e-04 ||r(i)||/||b|| 1.061972224873e-04
  1946 KSP Residual norm 1.218392300815e-02
  1946 KSP preconditioned resid norm 1.218392300815e-02 true resid norm 5.720316808813e-04 ||r(i)||/||b|| 1.059417167467e-04
  1947 KSP Residual norm 1.215460898456e-02
  1947 KSP preconditioned resid norm 1.215460898456e-02 true resid norm 5.706553965783e-04 ||r(i)||/||b|| 1.056868254065e-04
  1948 KSP Residual norm 1.212536545093e-02
  1948 KSP preconditioned resid norm 1.212536545093e-02 true resid norm 5.692824217553e-04 ||r(i)||/||b|| 1.054325469903e-04
  1949 KSP Residual norm 1.209619223788e-02
  1949 KSP preconditioned resid norm 1.209619223788e-02 true resid norm 5.679127484603e-04 ||r(i)||/||b|| 1.051788800256e-04
  1950 KSP Residual norm 1.206708917645e-02
  1950 KSP preconditioned resid norm 1.206708917645e-02 true resid norm 5.665463687606e-04 ||r(i)||/||b|| 1.049258230430e-04
  1951 KSP Residual norm 1.203805609809e-02
  1951 KSP preconditioned resid norm 1.203805609809e-02 true resid norm 5.651832747424e-04 ||r(i)||/||b|| 1.046733745769e-04
  1952 KSP Residual norm 1.200909283464e-02
  1952 KSP preconditioned resid norm 1.200909283464e-02 true resid norm 5.638234585111e-04 ||r(i)||/||b|| 1.044215331653e-04
  1953 KSP Residual norm 1.198019921835e-02
  1953 KSP preconditioned resid norm 1.198019921835e-02 true resid norm 5.624669121907e-04 ||r(i)||/||b|| 1.041702973494e-04
  1954 KSP Residual norm 1.195137508188e-02
  1954 KSP preconditioned resid norm 1.195137508188e-02 true resid norm 5.611136279244e-04 ||r(i)||/||b|| 1.039196656743e-04
  1955 KSP Residual norm 1.192262025827e-02
  1955 KSP preconditioned resid norm 1.192262025827e-02 true resid norm 5.597635978743e-04 ||r(i)||/||b|| 1.036696366882e-04
  1956 KSP Residual norm 1.189393458099e-02
  1956 KSP preconditioned resid norm 1.189393458099e-02 true resid norm 5.584168142210e-04 ||r(i)||/||b|| 1.034202089431e-04
  1957 KSP Residual norm 1.186531788389e-02
  1957 KSP preconditioned resid norm 1.186531788389e-02 true resid norm 5.570732691643e-04 ||r(i)||/||b|| 1.031713809942e-04
  1958 KSP Residual norm 1.183677000123e-02
  1958 KSP preconditioned resid norm 1.183677000123e-02 true resid norm 5.557329549223e-04 ||r(i)||/||b|| 1.029231514005e-04
  1959 KSP Residual norm 1.180829076765e-02
  1959 KSP preconditioned resid norm 1.180829076765e-02 true resid norm 5.543958637323e-04 ||r(i)||/||b|| 1.026755187240e-04
  1960 KSP Residual norm 1.177988001822e-02
  1960 KSP preconditioned resid norm 1.177988001822e-02 true resid norm 5.530619878496e-04 ||r(i)||/||b|| 1.024284815307e-04
  1961 KSP Residual norm 1.175153758837e-02
  1961 KSP preconditioned resid norm 1.175153758837e-02 true resid norm 5.517313195486e-04 ||r(i)||/||b|| 1.021820383897e-04
  1962 KSP Residual norm 1.172326331394e-02
  1962 KSP preconditioned resid norm 1.172326331394e-02 true resid norm 5.504038511222e-04 ||r(i)||/||b|| 1.019361878735e-04
  1963 KSP Residual norm 1.169505703118e-02
  1963 KSP preconditioned resid norm 1.169505703118e-02 true resid norm 5.490795748814e-04 ||r(i)||/||b|| 1.016909285581e-04
  1964 KSP Residual norm 1.166691857670e-02
  1964 KSP preconditioned resid norm 1.166691857670e-02 true resid norm 5.477584831562e-04 ||r(i)||/||b|| 1.014462590232e-04
  1965 KSP Residual norm 1.163884778753e-02
  1965 KSP preconditioned resid norm 1.163884778753e-02 true resid norm 5.464405682947e-04 ||r(i)||/||b|| 1.012021778514e-04
  1966 KSP Residual norm 1.161084450108e-02
  1966 KSP preconditioned resid norm 1.161084450108e-02 true resid norm 5.451258226633e-04 ||r(i)||/||b|| 1.009586836291e-04
  1967 KSP Residual norm 1.158290855516e-02
  1967 KSP preconditioned resid norm 1.158290855516e-02 true resid norm 5.438142386471e-04 ||r(i)||/||b|| 1.007157749459e-04
  1968 KSP Residual norm 1.155503978795e-02
  1968 KSP preconditioned resid norm 1.155503978795e-02 true resid norm 5.425058086491e-04 ||r(i)||/||b|| 1.004734503949e-04
  1969 KSP Residual norm 1.152723803804e-02
  1969 KSP preconditioned resid norm 1.152723803804e-02 true resid norm 5.412005250907e-04 ||r(i)||/||b|| 1.002317085725e-04
  1970 KSP Residual norm 1.149950314439e-02
  1970 KSP preconditioned resid norm 1.149950314439e-02 true resid norm 5.398983804116e-04 ||r(i)||/||b|| 9.999054807848e-05
  1971 KSP Residual norm 1.147183494636e-02
  1971 KSP preconditioned resid norm 1.147183494636e-02 true resid norm 5.385993670694e-04 ||r(i)||/||b|| 9.974996751600e-05
  1972 KSP Residual norm 1.144423328369e-02
  1972 KSP preconditioned resid norm 1.144423328369e-02 true resid norm 5.373034775401e-04 ||r(i)||/||b|| 9.950996549156e-05
  1973 KSP Residual norm 1.141669799650e-02
  1973 KSP preconditioned resid norm 1.141669799650e-02 true resid norm 5.360107043174e-04 ||r(i)||/||b|| 9.927054061502e-05
  1974 KSP Residual norm 1.138922892530e-02
  1974 KSP preconditioned resid norm 1.138922892530e-02 true resid norm 5.347210399134e-04 ||r(i)||/||b|| 9.903169149958e-05
  1975 KSP Residual norm 1.136182591098e-02
  1975 KSP preconditioned resid norm 1.136182591098e-02 true resid norm 5.334344768580e-04 ||r(i)||/||b|| 9.879341676175e-05
  1976 KSP Residual norm 1.133448879482e-02
  1976 KSP preconditioned resid norm 1.133448879482e-02 true resid norm 5.321510076991e-04 ||r(i)||/||b|| 9.855571502138e-05
  1977 KSP Residual norm 1.130721741847e-02
  1977 KSP preconditioned resid norm 1.130721741847e-02 true resid norm 5.308706250023e-04 ||r(i)||/||b|| 9.831858490163e-05
  1978 KSP Residual norm 1.128001162397e-02
  1978 KSP preconditioned resid norm 1.128001162397e-02 true resid norm 5.295933213514e-04 ||r(i)||/||b|| 9.808202502896e-05
  1979 KSP Residual norm 1.125287125373e-02
  1979 KSP preconditioned resid norm 1.125287125373e-02 true resid norm 5.283190893475e-04 ||r(i)||/||b|| 9.784603403313e-05
  1980 KSP Residual norm 1.122579615054e-02
  1980 KSP preconditioned resid norm 1.122579615054e-02 true resid norm 5.270479216101e-04 ||r(i)||/||b|| 9.761061054719e-05
  1981 KSP Residual norm 1.119878615758e-02
  1981 KSP preconditioned resid norm 1.119878615758e-02 true resid norm 5.257798107759e-04 ||r(i)||/||b|| 9.737575320749e-05
  1982 KSP Residual norm 1.117184111839e-02
  1982 KSP preconditioned resid norm 1.117184111839e-02 true resid norm 5.245147494995e-04 ||r(i)||/||b|| 9.714146065361e-05
  1983 KSP Residual norm 1.114496087689e-02
  1983 KSP preconditioned resid norm 1.114496087689e-02 true resid norm 5.232527304531e-04 ||r(i)||/||b|| 9.690773152844e-05
  1984 KSP Residual norm 1.111814527738e-02
  1984 KSP preconditioned resid norm 1.111814527738e-02 true resid norm 5.219937463264e-04 ||r(i)||/||b|| 9.667456447810e-05
  1985 KSP Residual norm 1.109139416453e-02
  1985 KSP preconditioned resid norm 1.109139416453e-02 true resid norm 5.207377898270e-04 ||r(i)||/||b|| 9.644195815199e-05
  1986 KSP Residual norm 1.106470738339e-02
  1986 KSP preconditioned resid norm 1.106470738339e-02 true resid norm 5.194848536795e-04 ||r(i)||/||b|| 9.620991120272e-05
  1987 KSP Residual norm 1.103808477936e-02
  1987 KSP preconditioned resid norm 1.103808477936e-02 true resid norm 5.182349306264e-04 ||r(i)||/||b|| 9.597842228615e-05
  1988 KSP Residual norm 1.101152619825e-02
  1988 KSP preconditioned resid norm 1.101152619825e-02 true resid norm 5.169880134273e-04 ||r(i)||/||b|| 9.574749006137e-05
  1989 KSP Residual norm 1.098503148619e-02
  1989 KSP preconditioned resid norm 1.098503148619e-02 true resid norm 5.157440948595e-04 ||r(i)||/||b|| 9.551711319069e-05
  1990 KSP Residual norm 1.095860048973e-02
  1990 KSP preconditioned resid norm 1.095860048973e-02 true resid norm 5.145031677174e-04 ||r(i)||/||b|| 9.528729033964e-05
  1991 KSP Residual norm 1.093223305576e-02
  1991 KSP preconditioned resid norm 1.093223305576e-02 true resid norm 5.132652248127e-04 ||r(i)||/||b|| 9.505802017691e-05
  1992 KSP Residual norm 1.090592903153e-02
  1992 KSP preconditioned resid norm 1.090592903153e-02 true resid norm 5.120302589745e-04 ||r(i)||/||b|| 9.482930137446e-05
  1993 KSP Residual norm 1.087968826468e-02
  1993 KSP preconditioned resid norm 1.087968826468e-02 true resid norm 5.107982630491e-04 ||r(i)||/||b|| 9.460113260736e-05
  1994 KSP Residual norm 1.085351060321e-02
  1994 KSP preconditioned resid norm 1.085351060321e-02 true resid norm 5.095692298998e-04 ||r(i)||/||b|| 9.437351255392e-05
  1995 KSP Residual norm 1.082739589547e-02
  1995 KSP preconditioned resid norm 1.082739589547e-02 true resid norm 5.083431524072e-04 ||r(i)||/||b|| 9.414643989559e-05
  1996 KSP Residual norm 1.080134399019e-02
  1996 KSP preconditioned resid norm 1.080134399019e-02 true resid norm 5.071200234691e-04 ||r(i)||/||b|| 9.391991331701e-05
  1997 KSP Residual norm 1.077535473645e-02
  1997 KSP preconditioned resid norm 1.077535473645e-02 true resid norm 5.058998360000e-04 ||r(i)||/||b|| 9.369393150595e-05
  1998 KSP Residual norm 1.074942798370e-02
  1998 KSP preconditioned resid norm 1.074942798370e-02 true resid norm 5.046825829318e-04 ||r(i)||/||b|| 9.346849315336e-05
  1999 KSP Residual norm 1.072356358177e-02
  1999 KSP preconditioned resid norm 1.072356358177e-02 true resid norm 5.034682572130e-04 ||r(i)||/||b|| 9.324359695332e-05
  2000 KSP Residual norm 1.069776138081e-02
  2000 KSP preconditioned resid norm 1.069776138081e-02 true resid norm 5.022568518094e-04 ||r(i)||/||b|| 9.301924160304e-05
    Linear solve did not converge due to DIVERGED_ITS iterations 2000
KSP Object: 1 MPI process
  type: richardson
    damping factor=1.
  maximum iterations=2000, initial guess is zero
  tolerances: relative=1e-05, absolute=1e-50, divergence=10000.
  left preconditioning
  using PRECONDITIONED norm type for convergence test
PC Object: 1 MPI process
  type: sor
    type = forward, iterations = 1, local iterations = 1, omega = 1.
  linear system matrix = precond matrix:
  Mat Object: 1 MPI process
    type: seqaij
    rows=274625, cols=274625
    total: nonzeros=1897025, allocated nonzeros=1897025
    total number of mallocs used during MatSetValues calls=0
      not using I-node routines
problem manuexp on 65 x 65 x 65 point 3D grid:
  error |u-uexact|_inf = 7.050e+00, |u-uexact|_h = 1.785e+00
****************************************************************************************************************************************************************
***                                WIDEN YOUR WINDOW TO 160 CHARACTERS.  Use 'enscript -r -fCourier9' to print this document                                 ***
****************************************************************************************************************************************************************

------------------------------------------------------------------ PETSc Performance Summary: ------------------------------------------------------------------

./fish on a arch-cuda-opt named localhost.localdomain with 1 process, by luohao on Wed Nov  6 18:26:40 2024
Using Petsc Release Version 3.22.1, Oct 28, 2024 

                         Max       Max/Min     Avg       Total
Time (sec):           1.721e+01     1.000   1.721e+01
Objects:              0.000e+00     0.000   0.000e+00
Flops:                1.469e+10     1.000   1.469e+10  1.469e+10
Flops/sec:            8.534e+08     1.000   8.534e+08  8.534e+08
MPI Msg Count:        0.000e+00     0.000   0.000e+00  0.000e+00
MPI Msg Len (bytes):  0.000e+00     0.000   0.000e+00  0.000e+00
MPI Reductions:       0.000e+00     0.000

Flop counting convention: 1 flop = 1 real number operation of type (multiply/divide/add/subtract)
                            e.g., VecAXPY() for real vectors of length N --> 2N flops
                            and VecAXPY() for complex vectors of length N --> 8N flops

Summary of Stages:   ----- Time ------  ----- Flop ------  --- Messages ---  -- Message Lengths --  -- Reductions --
                        Avg     %Total     Avg     %Total    Count   %Total     Avg         %Total    Count   %Total
 0:      Main Stage: 1.7209e+01 100.0%  1.4686e+10 100.0%  0.000e+00   0.0%  0.000e+00        0.0%  0.000e+00   0.0%

------------------------------------------------------------------------------------------------------------------------
See the 'Profiling' chapter of the users' manual for details on interpreting output.
Phase summary info:
   Count: number of times phase was executed
   Time and Flop: Max - maximum over all processors
                  Ratio - ratio of maximum to minimum over all processors
   Mess: number of messages sent
   AvgLen: average message length (bytes)
   Reduct: number of global reductions
   Global: entire computation
   Stage: stages of a computation. Set stages with PetscLogStagePush() and PetscLogStagePop().
      %T - percent time in this phase         %F - percent flop in this phase
      %M - percent messages in this phase     %L - percent message lengths in this phase
      %R - percent reductions in this phase
   Total Mflop/s: 10e-6 * (sum of flop over all processors)/(max time over all processors)
   GPU Mflop/s: 10e-6 * (sum of flop on GPU over all processors)/(max GPU time over all processors)
   CpuToGpu Count: total number of CPU to GPU copies per processor
   CpuToGpu Size (Mbytes): 10e-6 * (total size of CPU to GPU copies per processor)
   GpuToCpu Count: total number of GPU to CPU copies per processor
   GpuToCpu Size (Mbytes): 10e-6 * (total size of GPU to CPU copies per processor)
   GPU %F: percent flops on GPU in this event
------------------------------------------------------------------------------------------------------------------------
Event                Count      Time (sec)     Flop                              --- Global ---  --- Stage ----  Total   GPU    - CpuToGpu -   - GpuToCpu - GPU
                   Max Ratio  Max     Ratio   Max  Ratio  Mess   AvgLen  Reduct  %T %F %M %L %R  %T %F %M %L %R Mflop/s Mflop/s Count   Size   Count   Size  %F
---------------------------------------------------------------------------------------------------------------------------------------------------------------

--- Event Stage 0: Main Stage

BuildTwoSided          2 1.0 2.0515e-05 1.0 0.00e+00 0.0 0.0e+00 0.0e+00 0.0e+00  0  0  0  0  0   0  0  0  0  0     0       0      0 0.00e+00    0 0.00e+00  0
DMCreateMat            1 1.0 7.5487e-02 1.0 0.00e+00 0.0 0.0e+00 0.0e+00 0.0e+00  0  0  0  0  0   0  0  0  0  0     0       0      0 0.00e+00    0 0.00e+00  0
SFSetGraph             2 1.0 1.1516e-02 1.0 0.00e+00 0.0 0.0e+00 0.0e+00 0.0e+00  0  0  0  0  0   0  0  0  0  0     0       0      0 0.00e+00    0 0.00e+00  0
SFSetUp                2 1.0 8.7195e-03 1.0 0.00e+00 0.0 0.0e+00 0.0e+00 0.0e+00  0  0  0  0  0   0  0  0  0  0     0       0      0 0.00e+00    0 0.00e+00  0
SFPack                 3 1.0 9.3300e-07 1.0 0.00e+00 0.0 0.0e+00 0.0e+00 0.0e+00  0  0  0  0  0   0  0  0  0  0     0       0      0 0.00e+00    0 0.00e+00  0
SFUnpack               3 1.0 6.4600e-07 1.0 0.00e+00 0.0 0.0e+00 0.0e+00 0.0e+00  0  0  0  0  0   0  0  0  0  0     0       0      0 0.00e+00    0 0.00e+00  0
VecNorm             4005 1.0 6.2249e-01 1.0 2.20e+09 1.0 0.0e+00 0.0e+00 0.0e+00  4 15  0  0  0   4 15  0  0  0  3533       0      0 0.00e+00    0 0.00e+00  0
VecCopy             2002 1.0 7.1184e-01 1.0 0.00e+00 0.0 0.0e+00 0.0e+00 0.0e+00  4  0  0  0  0   4  0  0  0  0     0       0      0 0.00e+00    0 0.00e+00  0
VecSet                 1 1.0 2.5322e-04 1.0 0.00e+00 0.0 0.0e+00 0.0e+00 0.0e+00  0  0  0  0  0   0  0  0  0  0     0       0      0 0.00e+00    0 0.00e+00  0
VecAXPY             2001 1.0 5.0013e-01 1.0 1.10e+09 1.0 0.0e+00 0.0e+00 0.0e+00  3  7  0  0  0   3  7  0  0  0  2198       0      0 0.00e+00    0 0.00e+00  0
VecAYPX             2000 1.0 7.4695e-01 1.0 5.49e+08 1.0 0.0e+00 0.0e+00 0.0e+00  4  4  0  0  0   4  4  0  0  0   735       0      0 0.00e+00    0 0.00e+00  0
VecScatterBegin        3 1.0 1.7488e-03 1.0 0.00e+00 0.0 0.0e+00 0.0e+00 0.0e+00  0  0  0  0  0   0  0  0  0  0     0       0      0 0.00e+00    0 0.00e+00  0
VecScatterEnd          3 1.0 1.4020e-05 1.0 0.00e+00 0.0 0.0e+00 0.0e+00 0.0e+00  0  0  0  0  0   0  0  0  0  0     0       0      0 0.00e+00    0 0.00e+00  0
MatMult             2000 1.0 4.7887e+00 1.0 7.04e+09 1.0 0.0e+00 0.0e+00 0.0e+00 28 48  0  0  0  28 48  0  0  0  1470       0      0 0.00e+00    0 0.00e+00  0
MatSOR              2001 1.0 4.3271e+00 1.0 3.80e+09 1.0 0.0e+00 0.0e+00 0.0e+00 25 26  0  0  0  25 26  0  0  0   877       0      0 0.00e+00    0 0.00e+00  0
MatAssemblyBegin       2 1.0 1.8120e-06 1.0 0.00e+00 0.0 0.0e+00 0.0e+00 0.0e+00  0  0  0  0  0   0  0  0  0  0     0       0      0 0.00e+00    0 0.00e+00  0
MatAssemblyEnd         2 1.0 4.7322e-03 1.0 0.00e+00 0.0 0.0e+00 0.0e+00 0.0e+00  0  0  0  0  0   0  0  0  0  0     0       0      0 0.00e+00    0 0.00e+00  0
MatView                1 1.0 4.6306e-05 1.0 0.00e+00 0.0 0.0e+00 0.0e+00 0.0e+00  0  0  0  0  0   0  0  0  0  0     0       0      0 0.00e+00    0 0.00e+00  0
KSPSetUp               1 1.0 1.5996e-03 1.0 0.00e+00 0.0 0.0e+00 0.0e+00 0.0e+00  0  0  0  0  0   0  0  0  0  0     0       0      0 0.00e+00    0 0.00e+00  0
KSPSolve               1 1.0 1.5961e+01 1.0 1.47e+10 1.0 0.0e+00 0.0e+00 0.0e+00 93 100  0  0  0  93 100  0  0  0   920       0      0 0.00e+00    0 0.00e+00  0
SNESSolve              1 1.0 1.6010e+01 1.0 1.47e+10 1.0 0.0e+00 0.0e+00 0.0e+00 93 100  0  0  0  93 100  0  0  0   917       0      0 0.00e+00    0 0.00e+00  0
SNESSetUp              1 1.0 7.6467e-02 1.0 0.00e+00 0.0 0.0e+00 0.0e+00 0.0e+00  0  0  0  0  0   0  0  0  0  0     0       0      0 0.00e+00    0 0.00e+00  0
SNESFunctionEval       1 1.0 8.2665e-03 1.0 3.84e+06 1.0 0.0e+00 0.0e+00 0.0e+00  0  0  0  0  0   0  0  0  0  0   465       0      0 0.00e+00    0 0.00e+00  0
SNESJacobianEval       1 1.0 3.8475e-02 1.0 0.00e+00 0.0 0.0e+00 0.0e+00 0.0e+00  0  0  0  0  0   0  0  0  0  0     0       0      0 0.00e+00    0 0.00e+00  0
PCSetUp                1 1.0 2.2100e-07 1.0 0.00e+00 0.0 0.0e+00 0.0e+00 0.0e+00  0  0  0  0  0   0  0  0  0  0     0       0      0 0.00e+00    0 0.00e+00  0
PCApply             2001 1.0 4.3305e+00 1.0 3.80e+09 1.0 0.0e+00 0.0e+00 0.0e+00 25 26  0  0  0  25 26  0  0  0   877       0      0 0.00e+00    0 0.00e+00  0
---------------------------------------------------------------------------------------------------------------------------------------------------------------

Object Type          Creations   Destructions. Reports information only for process 0.

--- Event Stage 0: Main Stage

           Container     3              3
    Distributed Mesh     2              2
           Index Set     6              6
   IS L to G Mapping     2              2
   Star Forest Graph     6              6
     Discrete System     2              2
           Weak Form     2              2
              Vector  4018           4018
                SNES     1              1
              DMSNES     1              1
       Krylov Solver     1              1
     DMKSP interface     1              1
              Matrix     1              1
      Preconditioner     1              1
              Viewer     1              1
========================================================================================================================
Average time to get PetscTime(): 2.54e-08
#PETSc Option Table entries:
-da_refine 5 # (source: command line)
-fsh_cx 1 # (source: command line)
-fsh_cy 1 # (source: command line)
-fsh_cz 1 # (source: command line)
-fsh_dim 3 # (source: command line)
-fsh_problem manuexp # (source: command line)
-initial_gonboundary 1 # (source: command line)
-ksp_converged_reason # (source: command line)
-ksp_max_it 2000 # (source: command line)
-ksp_monitor # (source: command line)
-ksp_monitor_true_residual # (source: command line)
-ksp_rtol 1e-5 # (source: command line)
-ksp_type richardson # (source: command line)
-ksp_view # (source: command line)
-log_view # (source: command line)
-mat_type aij # (source: command line)
-pc_sor_forward # (source: command line)
-pc_type sor # (source: command line)
#End of PETSc Option Table entries
Compiled without FORTRAN kernels
Compiled with full precision matrices (default)
sizeof(short) 2 sizeof(int) 4 sizeof(long) 8 sizeof(void*) 8 sizeof(PetscScalar) 8 sizeof(PetscInt) 4
Configure options: --with-debugging=no --with-cuda=1
-----------------------------------------
Libraries compiled on 2024-11-02 16:49:32 on localhost.localdomain 
Machine characteristics: Linux-3.10.0-1160.95.1.el7.x86_64-x86_64-with-centos-7.9.2009-Core
Using PETSc directory: /share/userfile/luohao/petsc-3.22.1
Using PETSc arch: arch-cuda-opt
-----------------------------------------

Using C compiler: mpicc  -fPIC -Wall -Wwrite-strings -Wno-unknown-pragmas -Wno-lto-type-mismatch -Wno-stringop-overflow -fstack-protector -fvisibility=hidden -Wall -Wwrite-strings -Wno-unknown-pragmas -Wno-lto-type-mismatch -Wno-stringop-overflow -fstack-protector -fvisibility=hidden -g -O  
Using Fortran compiler: mpif90  -fPIC -Wall -ffree-line-length-none -ffree-line-length-0 -Wno-lto-type-mismatch -Wno-unused-dummy-argument -Wall -ffree-line-length-none -ffree-line-length-0 -Wno-lto-type-mismatch -Wno-unused-dummy-argument -g -O    
-----------------------------------------

Using include paths: -I/share/userfile/luohao/petsc-3.22.1/include -I/share/userfile/luohao/petsc-3.22.1/arch-cuda-opt/include -I/share/software/cuda-12.4/include
-----------------------------------------

Using C linker: mpicc
Using Fortran linker: mpif90
Using libraries: -Wl,-rpath,/share/userfile/luohao/petsc-3.22.1/arch-cuda-opt/lib -L/share/userfile/luohao/petsc-3.22.1/arch-cuda-opt/lib -lpetsc -Wl,-rpath,/share/software/intel/mkl/lib/intel64 -L/share/software/intel/mkl/lib/intel64 -Wl,-rpath,/share/software/cuda-12.4/lib64 -L/share/software/cuda-12.4/lib64 -L/share/software/cuda-12.4/lib64/stubs -Wl,-rpath,/share/software/mpich-4.0.3/lib -L/share/software/mpich-4.0.3/lib -Wl,-rpath,/share/software/gcc-13.2.0/lib64 -L/share/software/gcc-13.2.0/lib64 -Wl,-rpath,/home/luohao/.local/lib64 -L/home/luohao/.local/lib64 -Wl,-rpath,/share/software/gcc-13.2.0/lib/gcc/x86_64-pc-linux-gnu/13.2.0 -L/share/software/gcc-13.2.0/lib/gcc/x86_64-pc-linux-gnu/13.2.0 -Wl,-rpath,/share/software/gcc-13.2.0/lib -L/share/software/gcc-13.2.0/lib -Wl,-rpath,/share/software/gdb/gdb-11.1/lib -L/share/software/gdb/gdb-11.1/lib -Wl,-rpath,/share/software/binutils/binutils-2.37/lib -L/share/software/binutils/binutils-2.37/lib -Wl,-rpath,/home/luohao/.local/lib -L/home/luohao/.local/lib -Wl,-rpath,/share/userfile/luohao/petsc-3.22.1 -L/share/userfile/luohao/petsc-3.22.1 -lmkl_intel_lp64 -lmkl_core -lmkl_sequential -lpthread -lm -lcudart -lnvToolsExt -lcufft -lcublas -lcusparse -lcusolver -lcurand -lcuda -lX11 -ldl -lmpifort -lmpi -lgfortran -lm -lgfortran -lm -lgcc_s -lquadmath -lstdc++ -lquadmath -ldl
-----------------------------------------

WARNING! There are options you set that were not used!
WARNING! could be spelling mistake, etc!
There is one unused database option. It is:
Option left: name:-initial_gonboundary value: 1 source: command line
