    0 KSP Residual norm 3.639098376377e-03
    0 KSP preconditioned resid norm 3.639098376377e-03 true resid norm 2.143159513720e-03 ||r(i)||/||b|| 1.000000000000e+00
    1 KSP Residual norm 3.595375796991e-03
    1 KSP preconditioned resid norm 3.595375796991e-03 true resid norm 2.140317817771e-03 ||r(i)||/||b|| 9.986740623221e-01
    2 KSP Residual norm 3.551954909258e-03
    2 KSP preconditioned resid norm 3.551954909258e-03 true resid norm 2.129651239019e-03 ||r(i)||/||b|| 9.936970278626e-01
    3 KSP Residual norm 3.506891100728e-03
    3 KSP preconditioned resid norm 3.506891100728e-03 true resid norm 2.110618608893e-03 ||r(i)||/||b|| 9.848163869193e-01
    4 KSP Residual norm 3.460028268841e-03
    4 KSP preconditioned resid norm 3.460028268841e-03 true resid norm 2.087060303114e-03 ||r(i)||/||b|| 9.738240619764e-01
    5 KSP Residual norm 3.411449360589e-03
    5 KSP preconditioned resid norm 3.411449360589e-03 true resid norm 2.061144060457e-03 ||r(i)||/||b|| 9.617315217382e-01
    6 KSP Residual norm 3.361291769211e-03
    6 KSP preconditioned resid norm 3.361291769211e-03 true resid norm 2.033749497900e-03 ||r(i)||/||b|| 9.489491962127e-01
    7 KSP Residual norm 3.309712639298e-03
    7 KSP preconditioned resid norm 3.309712639298e-03 true resid norm 2.005216274727e-03 ||r(i)||/||b|| 9.356355707029e-01
    8 KSP Residual norm 3.256880511537e-03
    8 KSP preconditioned resid norm 3.256880511537e-03 true resid norm 1.975707708629e-03 ||r(i)||/||b|| 9.218668493787e-01
    9 KSP Residual norm 3.202967629831e-03
    9 KSP preconditioned resid norm 3.202967629831e-03 true resid norm 1.945346458988e-03 ||r(i)||/||b|| 9.077002652085e-01
   10 KSP Residual norm 3.148147103271e-03
   10 KSP preconditioned resid norm 3.148147103271e-03 true resid norm 1.914236699156e-03 ||r(i)||/||b|| 8.931844255651e-01
   11 KSP Residual norm 3.092590470009e-03
   11 KSP preconditioned resid norm 3.092590470009e-03 true resid norm 1.882482197783e-03 ||r(i)||/||b|| 8.783677489856e-01
   12 KSP Residual norm 3.036465561250e-03
   12 KSP preconditioned resid norm 3.036465561250e-03 true resid norm 1.850185401192e-03 ||r(i)||/||b|| 8.632980370093e-01
   13 KSP Residual norm 2.979935111231e-03
   13 KSP preconditioned resid norm 2.979935111231e-03 true resid norm 1.817449470192e-03 ||r(i)||/||b|| 8.480234245550e-01
   14 KSP Residual norm 2.923155011266e-03
   14 KSP preconditioned resid norm 2.923155011266e-03 true resid norm 1.784378547228e-03 ||r(i)||/||b|| 8.325925045733e-01
   15 KSP Residual norm 2.866273149939e-03
   15 KSP preconditioned resid norm 2.866273149939e-03 true resid norm 1.751073407492e-03 ||r(i)||/||b|| 8.170522988524e-01
   16 KSP Residual norm 2.809428261710e-03
   16 KSP preconditioned resid norm 2.809428261710e-03 true resid norm 1.717628122497e-03 ||r(i)||/||b|| 8.014467012379e-01
   17 KSP Residual norm 2.752749134373e-03
   17 KSP preconditioned resid norm 2.752749134373e-03 true resid norm 1.684125415931e-03 ||r(i)||/||b|| 7.858143106705e-01
   18 KSP Residual norm 2.696354330420e-03
   18 KSP preconditioned resid norm 2.696354330420e-03 true resid norm 1.650640727429e-03 ||r(i)||/||b|| 7.701903273471e-01
   19 KSP Residual norm 2.640352210892e-03
   19 KSP preconditioned resid norm 2.640352210892e-03 true resid norm 1.617251810101e-03 ||r(i)||/||b|| 7.546110309324e-01
   20 KSP Residual norm 2.584840936023e-03
   20 KSP preconditioned resid norm 2.584840936023e-03 true resid norm 1.584039566227e-03 ||r(i)||/||b|| 7.391141704974e-01
   21 KSP Residual norm 2.529908306505e-03
   21 KSP preconditioned resid norm 2.529908306505e-03 true resid norm 1.551074821517e-03 ||r(i)||/||b|| 7.237327933771e-01
   22 KSP Residual norm 2.475631876936e-03
   22 KSP preconditioned resid norm 2.475631876936e-03 true resid norm 1.518408759082e-03 ||r(i)||/||b|| 7.084907816529e-01
   23 KSP Residual norm 2.422079669883e-03
   23 KSP preconditioned resid norm 2.422079669883e-03 true resid norm 1.486081939030e-03 ||r(i)||/||b|| 6.934070607049e-01
   24 KSP Residual norm 2.369311072121e-03
   24 KSP preconditioned resid norm 2.369311072121e-03 true resid norm 1.454138932513e-03 ||r(i)||/||b|| 6.785024274692e-01
   25 KSP Residual norm 2.317377373021e-03
   25 KSP preconditioned resid norm 2.317377373021e-03 true resid norm 1.422628490792e-03 ||r(i)||/||b|| 6.637996293253e-01
   26 KSP Residual norm 2.266322024888e-03
   26 KSP preconditioned resid norm 2.266322024888e-03 true resid norm 1.391592237768e-03 ||r(i)||/||b|| 6.493180880190e-01
   27 KSP Residual norm 2.216180987616e-03
   27 KSP preconditioned resid norm 2.216180987616e-03 true resid norm 1.361057654239e-03 ||r(i)||/||b|| 6.350706261134e-01
   28 KSP Residual norm 2.166983494275e-03
   28 KSP preconditioned resid norm 2.166983494275e-03 true resid norm 1.331038403983e-03 ||r(i)||/||b|| 6.210636191391e-01
   29 KSP Residual norm 2.118753142247e-03
   29 KSP preconditioned resid norm 2.118753142247e-03 true resid norm 1.301539868434e-03 ||r(i)||/||b|| 6.072995780772e-01
   30 KSP Residual norm 2.071509374097e-03
   30 KSP preconditioned resid norm 2.071509374097e-03 true resid norm 1.272568504231e-03 ||r(i)||/||b|| 5.937815156011e-01
   31 KSP Residual norm 2.025269085925e-03
   31 KSP preconditioned resid norm 2.025269085925e-03 true resid norm 1.244137796152e-03 ||r(i)||/||b|| 5.805157237190e-01
   32 KSP Residual norm 1.980048368323e-03
   32 KSP preconditioned resid norm 1.980048368323e-03 true resid norm 1.216254718799e-03 ||r(i)||/||b|| 5.675054567863e-01
   33 KSP Residual norm 1.935864947909e-03
   33 KSP preconditioned resid norm 1.935864947909e-03 true resid norm 1.188892917898e-03 ||r(i)||/||b|| 5.547384178767e-01
   34 KSP Residual norm 1.892742223910e-03
   34 KSP preconditioned resid norm 1.892742223910e-03 true resid norm 1.161984669684e-03 ||r(i)||/||b|| 5.421830070254e-01
   35 KSP Residual norm 1.850714153458e-03
   35 KSP preconditioned resid norm 1.850714153458e-03 true resid norm 1.135454467537e-03 ||r(i)||/||b|| 5.298039927819e-01
   36 KSP Residual norm 1.809825678510e-03
   36 KSP preconditioned resid norm 1.809825678510e-03 true resid norm 1.109289521283e-03 ||r(i)||/||b|| 5.175954072393e-01
   37 KSP Residual norm 1.770117321263e-03
   37 KSP preconditioned resid norm 1.770117321263e-03 true resid norm 1.083638719301e-03 ||r(i)||/||b|| 5.056267218392e-01
   38 KSP Residual norm 1.731583512834e-03
   38 KSP preconditioned resid norm 1.731583512834e-03 true resid norm 1.058888298731e-03 ||r(i)||/||b|| 4.940781551498e-01
   39 KSP Residual norm 1.694125732794e-03
   39 KSP preconditioned resid norm 1.694125732794e-03 true resid norm 1.035502458996e-03 ||r(i)||/||b|| 4.831663030061e-01
   40 KSP Residual norm 1.657569195697e-03
   40 KSP preconditioned resid norm 1.657569195697e-03 true resid norm 1.013560150549e-03 ||r(i)||/||b|| 4.729280037535e-01
   41 KSP Residual norm 1.621762620712e-03
   41 KSP preconditioned resid norm 1.621762620712e-03 true resid norm 9.925841907975e-04 ||r(i)||/||b|| 4.631406036010e-01
   42 KSP Residual norm 1.586654414710e-03
   42 KSP preconditioned resid norm 1.586654414710e-03 true resid norm 9.719965412248e-04 ||r(i)||/||b|| 4.535343892988e-01
   43 KSP Residual norm 1.552273914934e-03
   43 KSP preconditioned resid norm 1.552273914934e-03 true resid norm 9.515133385420e-04 ||r(i)||/||b|| 4.439769100017e-01
   44 KSP Residual norm 1.518675954946e-03
   44 KSP preconditioned resid norm 1.518675954946e-03 true resid norm 9.311095388685e-04 ||r(i)||/||b|| 4.344564802143e-01
   45 KSP Residual norm 1.485909595194e-03
   45 KSP preconditioned resid norm 1.485909595194e-03 true resid norm 9.108551130582e-04 ||r(i)||/||b|| 4.250057483949e-01
   46 KSP Residual norm 1.454013545215e-03
   46 KSP preconditioned resid norm 1.454013545215e-03 true resid norm 8.908318471966e-04 ||r(i)||/||b|| 4.156628759986e-01
   47 KSP Residual norm 1.423019910644e-03
   47 KSP preconditioned resid norm 1.423019910644e-03 true resid norm 8.711136843730e-04 ||r(i)||/||b|| 4.064623649320e-01
   48 KSP Residual norm 1.392952461961e-03
   48 KSP preconditioned resid norm 1.392952461961e-03 true resid norm 8.517840706334e-04 ||r(i)||/||b|| 3.974431511890e-01
   49 KSP Residual norm 1.363812212199e-03
   49 KSP preconditioned resid norm 1.363812212199e-03 true resid norm 8.330073951193e-04 ||r(i)||/||b|| 3.886819388788e-01
   50 KSP Residual norm 1.335554001809e-03
   50 KSP preconditioned resid norm 1.335554001809e-03 true resid norm 8.150695706653e-04 ||r(i)||/||b|| 3.803121351665e-01
   51 KSP Residual norm 1.308079827439e-03
   51 KSP preconditioned resid norm 1.308079827439e-03 true resid norm 7.981902780215e-04 ||r(i)||/||b|| 3.724362432715e-01
   52 KSP Residual norm 1.281276618581e-03
   52 KSP preconditioned resid norm 1.281276618581e-03 true resid norm 7.822350260925e-04 ||r(i)||/||b|| 3.649915095376e-01
   53 KSP Residual norm 1.255072879621e-03
   53 KSP preconditioned resid norm 1.255072879621e-03 true resid norm 7.667931481060e-04 ||r(i)||/||b|| 3.577863165095e-01
   54 KSP Residual norm 1.229457093537e-03
   54 KSP preconditioned resid norm 1.229457093537e-03 true resid norm 7.515365869422e-04 ||r(i)||/||b|| 3.506675924639e-01
   55 KSP Residual norm 1.204454054663e-03
   55 KSP preconditioned resid norm 1.204454054663e-03 true resid norm 7.363677309498e-04 ||r(i)||/||b|| 3.435897917238e-01
   56 KSP Residual norm 1.180096926239e-03
   56 KSP preconditioned resid norm 1.180096926239e-03 true resid norm 7.213215702669e-04 ||r(i)||/||b|| 3.365692407164e-01
   57 KSP Residual norm 1.156414443081e-03
   57 KSP preconditioned resid norm 1.156414443081e-03 true resid norm 7.064553810866e-04 ||r(i)||/||b|| 3.296326645610e-01
   58 KSP Residual norm 1.133428011618e-03
   58 KSP preconditioned resid norm 1.133428011618e-03 true resid norm 6.918163364769e-04 ||r(i)||/||b|| 3.228020742498e-01
   59 KSP Residual norm 1.111147932402e-03
   59 KSP preconditioned resid norm 1.111147932402e-03 true resid norm 6.774759023707e-04 ||r(i)||/||b|| 3.161108158463e-01
   60 KSP Residual norm 1.089563177084e-03
   60 KSP preconditioned resid norm 1.089563177084e-03 true resid norm 6.635960264265e-04 ||r(i)||/||b|| 3.096344542618e-01
   61 KSP Residual norm 1.068630211737e-03
   61 KSP preconditioned resid norm 1.068630211737e-03 true resid norm 6.504080840694e-04 ||r(i)||/||b|| 3.034809494607e-01
   62 KSP Residual norm 1.048278062352e-03
   62 KSP preconditioned resid norm 1.048278062352e-03 true resid norm 6.380099244252e-04 ||r(i)||/||b|| 2.976959579260e-01
   63 KSP Residual norm 1.028437479893e-03
   63 KSP preconditioned resid norm 1.028437479893e-03 true resid norm 6.262120076188e-04 ||r(i)||/||b|| 2.921910401956e-01
   64 KSP Residual norm 1.009070720428e-03
   64 KSP preconditioned resid norm 1.009070720428e-03 true resid norm 6.147055922050e-04 ||r(i)||/||b|| 2.868221372557e-01
   65 KSP Residual norm 9.901752786647e-04
   65 KSP preconditioned resid norm 9.901752786647e-04 true resid norm 6.033172574709e-04 ||r(i)||/||b|| 2.815083308586e-01
   66 KSP Residual norm 9.717675992039e-04
   66 KSP preconditioned resid norm 9.717675992039e-04 true resid norm 5.920340712504e-04 ||r(i)||/||b|| 2.762435868448e-01
   67 KSP Residual norm 9.538674031011e-04
   67 KSP preconditioned resid norm 9.538674031011e-04 true resid norm 5.808869582981e-04 ||r(i)||/||b|| 2.710423347303e-01
   68 KSP Residual norm 9.364906710955e-04
   68 KSP preconditioned resid norm 9.364906710955e-04 true resid norm 5.698922515414e-04 ||r(i)||/||b|| 2.659121954727e-01
   69 KSP Residual norm 9.196469658647e-04
   69 KSP preconditioned resid norm 9.196469658647e-04 true resid norm 5.590883695515e-04 ||r(i)||/||b|| 2.608710952089e-01
   70 KSP Residual norm 9.033345007961e-04
   70 KSP preconditioned resid norm 9.033345007961e-04 true resid norm 5.485875429498e-04 ||r(i)||/||b|| 2.559714008397e-01
   71 KSP Residual norm 8.875320237045e-04
   71 KSP preconditioned resid norm 8.875320237045e-04 true resid norm 5.385536600822e-04 ||r(i)||/||b|| 2.512895828027e-01
   72 KSP Residual norm 8.721964808329e-04
   72 KSP preconditioned resid norm 8.721964808329e-04 true resid norm 5.290823306502e-04 ||r(i)||/||b|| 2.468702526635e-01
   73 KSP Residual norm 8.572768436396e-04
   73 KSP preconditioned resid norm 8.572768436396e-04 true resid norm 5.200966553485e-04 ||r(i)||/||b|| 2.426775291428e-01
   74 KSP Residual norm 8.427366527263e-04
   74 KSP preconditioned resid norm 8.427366527263e-04 true resid norm 5.114088233150e-04 ||r(i)||/||b|| 2.386237795372e-01
   75 KSP Residual norm 8.285644962071e-04
   75 KSP preconditioned resid norm 8.285644962071e-04 true resid norm 5.028752599643e-04 ||r(i)||/||b|| 2.346420118265e-01
   76 KSP Residual norm 8.147669671959e-04
   76 KSP preconditioned resid norm 8.147669671959e-04 true resid norm 4.944530069574e-04 ||r(i)||/||b|| 2.307121816142e-01
   77 KSP Residual norm 8.013565101585e-04
   77 KSP preconditioned resid norm 8.013565101585e-04 true resid norm 4.861425858390e-04 ||r(i)||/||b|| 2.268345322534e-01
   78 KSP Residual norm 7.883440482114e-04
   78 KSP preconditioned resid norm 7.883440482114e-04 true resid norm 4.779379831556e-04 ||r(i)||/||b|| 2.230062578618e-01
   79 KSP Residual norm 7.757361552314e-04
   79 KSP preconditioned resid norm 7.757361552314e-04 true resid norm 4.698533983084e-04 ||r(i)||/||b|| 2.192339838918e-01
   80 KSP Residual norm 7.635318109012e-04
   80 KSP preconditioned resid norm 7.635318109012e-04 true resid norm 4.619776973466e-04 ||r(i)||/||b|| 2.155591753153e-01
   81 KSP Residual norm 7.517168072494e-04
   81 KSP preconditioned resid norm 7.517168072494e-04 true resid norm 4.544512081264e-04 ||r(i)||/||b|| 2.120473092260e-01
   82 KSP Residual norm 7.402617604098e-04
   82 KSP preconditioned resid norm 7.402617604098e-04 true resid norm 4.473490579402e-04 ||r(i)||/||b|| 2.087334400806e-01
   83 KSP Residual norm 7.291311965842e-04
   83 KSP preconditioned resid norm 7.291311965842e-04 true resid norm 4.406091984119e-04 ||r(i)||/||b|| 2.055886160555e-01
   84 KSP Residual norm 7.182985620174e-04
   84 KSP preconditioned resid norm 7.182985620174e-04 true resid norm 4.341026590105e-04 ||r(i)||/||b|| 2.025526593945e-01
   85 KSP Residual norm 7.077532939463e-04
   85 KSP preconditioned resid norm 7.077532939463e-04 true resid norm 4.277350943922e-04 ||r(i)||/||b|| 1.995815484820e-01
   86 KSP Residual norm 6.974968209091e-04
   86 KSP preconditioned resid norm 6.974968209091e-04 true resid norm 4.214665373284e-04 ||r(i)||/||b|| 1.966566345764e-01
   87 KSP Residual norm 6.875353167319e-04
   87 KSP preconditioned resid norm 6.875353167319e-04 true resid norm 4.152837056584e-04 ||r(i)||/||b|| 1.937717202102e-01
   88 KSP Residual norm 6.778747455877e-04
   88 KSP preconditioned resid norm 6.778747455877e-04 true resid norm 4.091837110299e-04 ||r(i)||/||b|| 1.909254576761e-01
   89 KSP Residual norm 6.685182705857e-04
   89 KSP preconditioned resid norm 6.685182705857e-04 true resid norm 4.031860110460e-04 ||r(i)||/||b|| 1.881269259077e-01
   90 KSP Residual norm 6.594639806729e-04
   90 KSP preconditioned resid norm 6.594639806729e-04 true resid norm 3.973558624264e-04 ||r(i)||/||b|| 1.854065737444e-01
   91 KSP Residual norm 6.507015973399e-04
   91 KSP preconditioned resid norm 6.507015973399e-04 true resid norm 3.917861196302e-04 ||r(i)||/||b|| 1.828077271533e-01
   92 KSP Residual norm 6.422107243572e-04
   92 KSP preconditioned resid norm 6.422107243572e-04 true resid norm 3.865187427116e-04 ||r(i)||/||b|| 1.803499647307e-01
   93 KSP Residual norm 6.339659771765e-04
   93 KSP preconditioned resid norm 6.339659771765e-04 true resid norm 3.815018653567e-04 ||r(i)||/||b|| 1.780090856114e-01
   94 KSP Residual norm 6.259474250334e-04
   94 KSP preconditioned resid norm 6.259474250334e-04 true resid norm 3.766537491055e-04 ||r(i)||/||b|| 1.757469505626e-01
   95 KSP Residual norm 6.181463695624e-04
   95 KSP preconditioned resid norm 6.181463695624e-04 true resid norm 3.719283035723e-04 ||r(i)||/||b|| 1.735420537722e-01
   96 KSP Residual norm 6.105625495895e-04
   96 KSP preconditioned resid norm 6.105625495895e-04 true resid norm 3.672986865832e-04 ||r(i)||/||b|| 1.713818706596e-01
   97 KSP Residual norm 6.031988758007e-04
   97 KSP preconditioned resid norm 6.031988758007e-04 true resid norm 3.627333425732e-04 ||r(i)||/||b|| 1.692516773722e-01
   98 KSP Residual norm 5.960583789028e-04
   98 KSP preconditioned resid norm 5.960583789028e-04 true resid norm 3.582178206292e-04 ||r(i)||/||b|| 1.671447311019e-01
   99 KSP Residual norm 5.891420115738e-04
   99 KSP preconditioned resid norm 5.891420115738e-04 true resid norm 3.537793929566e-04 ||r(i)||/||b|| 1.650737570824e-01
  100 KSP Residual norm 5.824448166244e-04
  100 KSP preconditioned resid norm 5.824448166244e-04 true resid norm 3.494789340603e-04 ||r(i)||/||b|| 1.630671594079e-01
  101 KSP Residual norm 5.791388622170e-04
  101 KSP preconditioned resid norm 5.791388622170e-04 true resid norm 3.443156936285e-04 ||r(i)||/||b|| 1.606579871560e-01
  102 KSP Residual norm 5.758069165837e-04
  102 KSP preconditioned resid norm 5.758069165837e-04 true resid norm 3.409976920249e-04 ||r(i)||/||b|| 1.591098048661e-01
  103 KSP Residual norm 5.724372988419e-04
  103 KSP preconditioned resid norm 5.724372988419e-04 true resid norm 3.391059183574e-04 ||r(i)||/||b|| 1.582271017097e-01
  104 KSP Residual norm 5.690086326412e-04
  104 KSP preconditioned resid norm 5.690086326412e-04 true resid norm 3.374472726353e-04 ||r(i)||/||b|| 1.574531762452e-01
  105 KSP Residual norm 5.654769647498e-04
  105 KSP preconditioned resid norm 5.654769647498e-04 true resid norm 3.357550847515e-04 ||r(i)||/||b|| 1.566635999803e-01
  106 KSP Residual norm 5.617644341715e-04
  106 KSP preconditioned resid norm 5.617644341715e-04 true resid norm 3.340553225512e-04 ||r(i)||/||b|| 1.558704895332e-01
  107 KSP Residual norm 5.577521435587e-04
  107 KSP preconditioned resid norm 5.577521435587e-04 true resid norm 3.322808786642e-04 ||r(i)||/||b|| 1.550425325493e-01
  108 KSP Residual norm 5.532956716580e-04
  108 KSP preconditioned resid norm 5.532956716580e-04 true resid norm 3.303027834048e-04 ||r(i)||/||b|| 1.541195516667e-01
  109 KSP Residual norm 5.482923582515e-04
  109 KSP preconditioned resid norm 5.482923582515e-04 true resid norm 3.279482884454e-04 ||r(i)||/||b|| 1.530209423731e-01
  110 KSP Residual norm 5.428093469191e-04
  110 KSP preconditioned resid norm 5.428093469191e-04 true resid norm 3.250380239677e-04 ||r(i)||/||b|| 1.516630105631e-01
  111 KSP Residual norm 5.371687759981e-04
  111 KSP preconditioned resid norm 5.371687759981e-04 true resid norm 3.215732333229e-04 ||r(i)||/||b|| 1.500463363852e-01
  112 KSP Residual norm 5.317894746559e-04
  112 KSP preconditioned resid norm 5.317894746559e-04 true resid norm 3.179149790808e-04 ||r(i)||/||b|| 1.483393919331e-01
  113 KSP Residual norm 5.268455788802e-04
  113 KSP preconditioned resid norm 5.268455788802e-04 true resid norm 3.145919450528e-04 ||r(i)||/||b|| 1.467888615098e-01
  114 KSP Residual norm 5.221320788074e-04
  114 KSP preconditioned resid norm 5.221320788074e-04 true resid norm 3.118604279241e-04 ||r(i)||/||b|| 1.455143333605e-01
  115 KSP Residual norm 5.172748814636e-04
  115 KSP preconditioned resid norm 5.172748814636e-04 true resid norm 3.094825030072e-04 ||r(i)||/||b|| 1.444047916294e-01
  116 KSP Residual norm 5.121124203489e-04
  116 KSP preconditioned resid norm 5.121124203489e-04 true resid norm 3.068219097650e-04 ||r(i)||/||b|| 1.431633566241e-01
  117 KSP Residual norm 5.069204621564e-04
  117 KSP preconditioned resid norm 5.069204621564e-04 true resid norm 3.035315446830e-04 ||r(i)||/||b|| 1.416280695580e-01
  118 KSP Residual norm 5.020174310492e-04
  118 KSP preconditioned resid norm 5.020174310492e-04 true resid norm 3.001959596783e-04 ||r(i)||/||b|| 1.400716828386e-01
  119 KSP Residual norm 4.972395350880e-04
  119 KSP preconditioned resid norm 4.972395350880e-04 true resid norm 2.974352765844e-04 ||r(i)||/||b|| 1.387835458258e-01
  120 KSP Residual norm 4.921530705222e-04
  120 KSP preconditioned resid norm 4.921530705222e-04 true resid norm 2.949655434434e-04 ||r(i)||/||b|| 1.376311663015e-01
  121 KSP Residual norm 4.867099654611e-04
  121 KSP preconditioned resid norm 4.867099654611e-04 true resid norm 2.919749080776e-04 ||r(i)||/||b|| 1.362357333686e-01
  122 KSP Residual norm 4.813567914079e-04
  122 KSP preconditioned resid norm 4.813567914079e-04 true resid norm 2.885258343154e-04 ||r(i)||/||b|| 1.346263927012e-01
  123 KSP Residual norm 4.762170534579e-04
  123 KSP preconditioned resid norm 4.762170534579e-04 true resid norm 2.855060462725e-04 ||r(i)||/||b|| 1.332173571051e-01
  124 KSP Residual norm 4.709232074672e-04
  124 KSP preconditioned resid norm 4.709232074672e-04 true resid norm 2.828765248301e-04 ||r(i)||/||b|| 1.319904202274e-01
  125 KSP Residual norm 4.654204418547e-04
  125 KSP preconditioned resid norm 4.654204418547e-04 true resid norm 2.797459491408e-04 ||r(i)||/||b|| 1.305296910239e-01
  126 KSP Residual norm 4.600788891022e-04
  126 KSP preconditioned resid norm 4.600788891022e-04 true resid norm 2.763143726371e-04 ||r(i)||/||b|| 1.289285145917e-01
  127 KSP Residual norm 4.548041268456e-04
  127 KSP preconditioned resid norm 4.548041268456e-04 true resid norm 2.734137750287e-04 ||r(i)||/||b|| 1.275750933509e-01
  128 KSP Residual norm 4.492389395532e-04
  128 KSP preconditioned resid norm 4.492389395532e-04 true resid norm 2.704417064683e-04 ||r(i)||/||b|| 1.261883237048e-01
  129 KSP Residual norm 4.436566411724e-04
  129 KSP preconditioned resid norm 4.436566411724e-04 true resid norm 2.667425502325e-04 ||r(i)||/||b|| 1.244622943485e-01
  130 KSP Residual norm 4.383473782391e-04
  130 KSP preconditioned resid norm 4.383473782391e-04 true resid norm 2.633958032367e-04 ||r(i)||/||b|| 1.229006994349e-01
  131 KSP Residual norm 4.329137523165e-04
  131 KSP preconditioned resid norm 4.329137523165e-04 true resid norm 2.606641357164e-04 ||r(i)||/||b|| 1.216261011127e-01
  132 KSP Residual norm 4.272387576141e-04
  132 KSP preconditioned resid norm 4.272387576141e-04 true resid norm 2.574475315246e-04 ||r(i)||/||b|| 1.201252309389e-01
  133 KSP Residual norm 4.216897439843e-04
  133 KSP preconditioned resid norm 4.216897439843e-04 true resid norm 2.540553620382e-04 ||r(i)||/||b|| 1.185424418536e-01
  134 KSP Residual norm 4.161008489123e-04
  134 KSP preconditioned resid norm 4.161008489123e-04 true resid norm 2.511576073341e-04 ||r(i)||/||b|| 1.171903471143e-01
  135 KSP Residual norm 4.103451198200e-04
  135 KSP preconditioned resid norm 4.103451198200e-04 true resid norm 2.478065848304e-04 ||r(i)||/||b|| 1.156267572451e-01
  136 KSP Residual norm 4.047656311646e-04
  136 KSP preconditioned resid norm 4.047656311646e-04 true resid norm 2.442844020127e-04 ||r(i)||/||b|| 1.139833038320e-01
  137 KSP Residual norm 3.991280496458e-04
  137 KSP preconditioned resid norm 3.991280496458e-04 true resid norm 2.413523101226e-04 ||r(i)||/||b|| 1.126151873333e-01
  138 KSP Residual norm 3.932586107368e-04
  138 KSP preconditioned resid norm 3.932586107368e-04 true resid norm 2.378331228910e-04 ||r(i)||/||b|| 1.109731316631e-01
  139 KSP Residual norm 3.875879091107e-04
  139 KSP preconditioned resid norm 3.875879091107e-04 true resid norm 2.340867935147e-04 ||r(i)||/||b|| 1.092250912805e-01
  140 KSP Residual norm 3.819207704108e-04
  140 KSP preconditioned resid norm 3.819207704108e-04 true resid norm 2.310451678630e-04 ||r(i)||/||b|| 1.078058662381e-01
  141 KSP Residual norm 3.760827178821e-04
  141 KSP preconditioned resid norm 3.760827178821e-04 true resid norm 2.276272211855e-04 ||r(i)||/||b|| 1.062110494941e-01
  142 KSP Residual norm 3.703777945306e-04
  142 KSP preconditioned resid norm 3.703777945306e-04 true resid norm 2.241975854462e-04 ||r(i)||/||b|| 1.046107786242e-01
  143 KSP Residual norm 3.645740416839e-04
  143 KSP preconditioned resid norm 3.645740416839e-04 true resid norm 2.211771532870e-04 ||r(i)||/||b|| 1.032014424830e-01
  144 KSP Residual norm 3.587144693669e-04
  144 KSP preconditioned resid norm 3.587144693669e-04 true resid norm 2.175970720613e-04 ||r(i)||/||b|| 1.015309736248e-01
  145 KSP Residual norm 3.529730362027e-04
  145 KSP preconditioned resid norm 3.529730362027e-04 true resid norm 2.143732228510e-04 ||r(i)||/||b|| 1.000267229194e-01
  146 KSP Residual norm 3.470276189747e-04
  146 KSP preconditioned resid norm 3.470276189747e-04 true resid norm 2.111485977440e-04 ||r(i)||/||b|| 9.852211018000e-02
  147 KSP Residual norm 3.411787622117e-04
  147 KSP preconditioned resid norm 3.411787622117e-04 true resid norm 2.072829172077e-04 ||r(i)||/||b|| 9.671838044755e-02
  148 KSP Residual norm 3.354242586024e-04
  148 KSP preconditioned resid norm 3.354242586024e-04 true resid norm 2.040511388612e-04 ||r(i)||/||b|| 9.521043000063e-02
  149 KSP Residual norm 3.295014514462e-04
  149 KSP preconditioned resid norm 3.295014514462e-04 true resid norm 2.005130554258e-04 ||r(i)||/||b|| 9.355955734614e-02
  150 KSP Residual norm 3.237087264009e-04
  150 KSP preconditioned resid norm 3.237087264009e-04 true resid norm 1.969150475558e-04 ||r(i)||/||b|| 9.188072390097e-02
  151 KSP Residual norm 3.178661113974e-04
  151 KSP preconditioned resid norm 3.178661113974e-04 true resid norm 1.937152090827e-04 ||r(i)||/||b|| 9.038767662539e-02
  152 KSP Residual norm 3.120525088458e-04
  152 KSP preconditioned resid norm 3.120525088458e-04 true resid norm 1.901072277714e-04 ||r(i)||/||b|| 8.870418956422e-02
  153 KSP Residual norm 3.062895836744e-04
  153 KSP preconditioned resid norm 3.062895836744e-04 true resid norm 1.870147714507e-04 ||r(i)||/||b|| 8.726124688967e-02
  154 KSP Residual norm 3.003807112577e-04
  154 KSP preconditioned resid norm 3.003807112577e-04 true resid norm 1.835840728159e-04 ||r(i)||/||b|| 8.566048007188e-02
  155 KSP Residual norm 2.946447271566e-04
  155 KSP preconditioned resid norm 2.946447271566e-04 true resid norm 1.800834117355e-04 ||r(i)||/||b|| 8.402706871920e-02
  156 KSP Residual norm 2.888269742380e-04
  156 KSP preconditioned resid norm 2.888269742380e-04 true resid norm 1.769470936407e-04 ||r(i)||/||b|| 8.256366010462e-02
  157 KSP Residual norm 2.830298421274e-04
  157 KSP preconditioned resid norm 2.830298421274e-04 true resid norm 1.731869246230e-04 ||r(i)||/||b|| 8.080916213388e-02
  158 KSP Residual norm 2.773293459494e-04
  158 KSP preconditioned resid norm 2.773293459494e-04 true resid norm 1.698945276352e-04 ||r(i)||/||b|| 7.927292697888e-02
  159 KSP Residual norm 2.715779315951e-04
  159 KSP preconditioned resid norm 2.715779315951e-04 true resid norm 1.663429173617e-04 ||r(i)||/||b|| 7.761574269054e-02
  160 KSP Residual norm 2.659510826220e-04
  160 KSP preconditioned resid norm 2.659510826220e-04 true resid norm 1.630202028005e-04 ||r(i)||/||b|| 7.606536133072e-02
  161 KSP Residual norm 2.602616913687e-04
  161 KSP preconditioned resid norm 2.602616913687e-04 true resid norm 1.597294789415e-04 ||r(i)||/||b|| 7.452990685899e-02
  162 KSP Residual norm 2.547173106745e-04
  162 KSP preconditioned resid norm 2.547173106745e-04 true resid norm 1.562897001438e-04 ||r(i)||/||b|| 7.292490322970e-02
  163 KSP Residual norm 2.491330214391e-04
  163 KSP preconditioned resid norm 2.491330214391e-04 true resid norm 1.532815311616e-04 ||r(i)||/||b|| 7.152128909695e-02
  164 KSP Residual norm 2.435853828914e-04
  164 KSP preconditioned resid norm 2.435853828914e-04 true resid norm 1.497473293544e-04 ||r(i)||/||b|| 6.987222761338e-02
  165 KSP Residual norm 2.381564316278e-04
  165 KSP preconditioned resid norm 2.381564316278e-04 true resid norm 1.467005648591e-04 ||r(i)||/||b|| 6.845060478233e-02
  166 KSP Residual norm 2.326897658121e-04
  166 KSP preconditioned resid norm 2.326897658121e-04 true resid norm 1.433507874374e-04 ||r(i)||/||b|| 6.688759586940e-02
  167 KSP Residual norm 2.273442641936e-04
  167 KSP preconditioned resid norm 2.273442641936e-04 true resid norm 1.401367091862e-04 ||r(i)||/||b|| 6.538790430159e-02
  168 KSP Residual norm 2.219978355296e-04
  168 KSP preconditioned resid norm 2.219978355296e-04 true resid norm 1.368390385003e-04 ||r(i)||/||b|| 6.384920843469e-02
  169 KSP Residual norm 2.168012952577e-04
  169 KSP preconditioned resid norm 2.168012952577e-04 true resid norm 1.336728435730e-04 ||r(i)||/||b|| 6.237185926537e-02
  170 KSP Residual norm 2.115732465000e-04
  170 KSP preconditioned resid norm 2.115732465000e-04 true resid norm 1.306755283511e-04 ||r(i)||/||b|| 6.097330950615e-02
  171 KSP Residual norm 2.064863643803e-04
  171 KSP preconditioned resid norm 2.064863643803e-04 true resid norm 1.274730517167e-04 ||r(i)||/||b|| 5.947903126232e-02
  172 KSP Residual norm 2.014242870930e-04
  172 KSP preconditioned resid norm 2.014242870930e-04 true resid norm 1.246643882218e-04 ||r(i)||/||b|| 5.816850655482e-02
  173 KSP Residual norm 1.964404673241e-04
  173 KSP preconditioned resid norm 1.964404673241e-04 true resid norm 1.215051104455e-04 ||r(i)||/||b|| 5.669438493384e-02
  174 KSP Residual norm 1.915524665145e-04
  174 KSP preconditioned resid norm 1.915524665145e-04 true resid norm 1.187307309383e-04 ||r(i)||/||b|| 5.539985716333e-02
  175 KSP Residual norm 1.867262376387e-04
  175 KSP preconditioned resid norm 1.867262376387e-04 true resid norm 1.156623875147e-04 ||r(i)||/||b|| 5.396816558649e-02
  176 KSP Residual norm 1.820097027487e-04
  176 KSP preconditioned resid norm 1.820097027487e-04 true resid norm 1.128535923312e-04 ||r(i)||/||b|| 5.265757943295e-02
  177 KSP Residual norm 1.773814769074e-04
  177 KSP preconditioned resid norm 1.773814769074e-04 true resid norm 1.097950934253e-04 ||r(i)||/||b|| 5.123048131622e-02
  178 KSP Residual norm 1.728868905472e-04
  178 KSP preconditioned resid norm 1.728868905472e-04 true resid norm 1.071054195422e-04 ||r(i)||/||b|| 4.997547725989e-02
  179 KSP Residual norm 1.684417031641e-04
  179 KSP preconditioned resid norm 1.684417031641e-04 true resid norm 1.042457567098e-04 ||r(i)||/||b|| 4.864115621931e-02
  180 KSP Residual norm 1.641717895992e-04
  180 KSP preconditioned resid norm 1.641717895992e-04 true resid norm 1.016905973860e-04 ||r(i)||/||b|| 4.744891676752e-02
  181 KSP Residual norm 1.599369749157e-04
  181 KSP preconditioned resid norm 1.599369749157e-04 true resid norm 9.913041418971e-05 ||r(i)||/||b|| 4.625433317264e-02
  182 KSP Residual norm 1.558473312527e-04
  182 KSP preconditioned resid norm 1.558473312527e-04 true resid norm 9.664668794401e-05 ||r(i)||/||b|| 4.509542445409e-02
  183 KSP Residual norm 1.518295200480e-04
  183 KSP preconditioned resid norm 1.518295200480e-04 true resid norm 9.417635677152e-05 ||r(i)||/||b|| 4.394276588776e-02
  184 KSP Residual norm 1.479551422752e-04
  184 KSP preconditioned resid norm 1.479551422752e-04 true resid norm 9.180818862640e-05 ||r(i)||/||b|| 4.283777667443e-02
  185 KSP Residual norm 1.441545828615e-04
  185 KSP preconditioned resid norm 1.441545828615e-04 true resid norm 8.940028217552e-05 ||r(i)||/||b|| 4.171424553479e-02
  186 KSP Residual norm 1.405273517423e-04
  186 KSP preconditioned resid norm 1.405273517423e-04 true resid norm 8.707828977680e-05 ||r(i)||/||b|| 4.063080196287e-02
  187 KSP Residual norm 1.369784383677e-04
  187 KSP preconditioned resid norm 1.369784383677e-04 true resid norm 8.480383662695e-05 ||r(i)||/||b|| 3.956954024377e-02
  188 KSP Residual norm 1.336068798396e-04
  188 KSP preconditioned resid norm 1.336068798396e-04 true resid norm 8.261116944514e-05 ||r(i)||/||b|| 3.854643992493e-02
  189 KSP Residual norm 1.303310688118e-04
  189 KSP preconditioned resid norm 1.303310688118e-04 true resid norm 8.055882781846e-05 ||r(i)||/||b|| 3.758881562606e-02
  190 KSP Residual norm 1.272160678987e-04
  190 KSP preconditioned resid norm 1.272160678987e-04 true resid norm 7.855679985808e-05 ||r(i)||/||b|| 3.665466772547e-02
  191 KSP Residual norm 1.242129320675e-04
  191 KSP preconditioned resid norm 1.242129320675e-04 true resid norm 7.665378656068e-05 ||r(i)||/||b|| 3.576672014844e-02
  192 KSP Residual norm 1.213597675975e-04
  192 KSP preconditioned resid norm 1.213597675975e-04 true resid norm 7.484192341378e-05 ||r(i)||/||b|| 3.492130330695e-02
  193 KSP Residual norm 1.186169229362e-04
  193 KSP preconditioned resid norm 1.186169229362e-04 true resid norm 7.305791548292e-05 ||r(i)||/||b|| 3.408888373228e-02
  194 KSP Residual norm 1.160440800563e-04
  194 KSP preconditioned resid norm 1.160440800563e-04 true resid norm 7.139339698353e-05 ||r(i)||/||b|| 3.331221802507e-02
  195 KSP Residual norm 1.135776124209e-04
  195 KSP preconditioned resid norm 1.135776124209e-04 true resid norm 6.975711690969e-05 ||r(i)||/||b|| 3.254872839055e-02
  196 KSP Residual norm 1.112803508177e-04
  196 KSP preconditioned resid norm 1.112803508177e-04 true resid norm 6.819899668533e-05 ||r(i)||/||b|| 3.182170820639e-02
  197 KSP Residual norm 1.091062681086e-04
  197 KSP preconditioned resid norm 1.091062681086e-04 true resid norm 6.671100283678e-05 ||r(i)||/||b|| 3.112740904712e-02
  198 KSP Residual norm 1.070854154064e-04
  198 KSP preconditioned resid norm 1.070854154064e-04 true resid norm 6.534859364153e-05 ||r(i)||/||b|| 3.049170779085e-02
  199 KSP Residual norm 1.051932261074e-04
  199 KSP preconditioned resid norm 1.051932261074e-04 true resid norm 6.405048968467e-05 ||r(i)||/||b|| 2.988601141196e-02
  200 KSP Residual norm 1.034436315814e-04
  200 KSP preconditioned resid norm 1.034436315814e-04 true resid norm 6.289363896301e-05 ||r(i)||/||b|| 2.934622390932e-02
  201 KSP Residual norm 1.025961449418e-04
  201 KSP preconditioned resid norm 1.025961449418e-04 true resid norm 6.146435038685e-05 ||r(i)||/||b|| 2.867931667866e-02
  202 KSP Residual norm 1.014132092730e-04
  202 KSP preconditioned resid norm 1.014132092730e-04 true resid norm 6.140059124936e-05 ||r(i)||/||b|| 2.864956661242e-02
  203 KSP Residual norm 9.988577475378e-05
  203 KSP preconditioned resid norm 9.988577475378e-05 true resid norm 5.997449845621e-05 ||r(i)||/||b|| 2.798415053675e-02
  204 KSP Residual norm 9.853405611306e-05
  204 KSP preconditioned resid norm 9.853405611306e-05 true resid norm 5.951415696868e-05 ||r(i)||/||b|| 2.776935481829e-02
  205 KSP Residual norm 9.713280332979e-05
  205 KSP preconditioned resid norm 9.713280332979e-05 true resid norm 5.902792748382e-05 ||r(i)||/||b|| 2.754247973888e-02
  206 KSP Residual norm 9.570552330738e-05
  206 KSP preconditioned resid norm 9.570552330738e-05 true resid norm 5.805177980309e-05 ||r(i)||/||b|| 2.708700842446e-02
  207 KSP Residual norm 9.424446703724e-05
  207 KSP preconditioned resid norm 9.424446703724e-05 true resid norm 5.714562428359e-05 ||r(i)||/||b|| 2.666419551030e-02
  208 KSP Residual norm 9.271365937885e-05
  208 KSP preconditioned resid norm 9.271365937885e-05 true resid norm 5.642585072788e-05 ||r(i)||/||b|| 2.632834857446e-02
  209 KSP Residual norm 9.116494263999e-05
  209 KSP preconditioned resid norm 9.116494263999e-05 true resid norm 5.571449856327e-05 ||r(i)||/||b|| 2.599643106666e-02
  210 KSP Residual norm 8.955460689675e-05
  210 KSP preconditioned resid norm 8.955460689675e-05 true resid norm 5.478706535506e-05 ||r(i)||/||b|| 2.556368996537e-02
  211 KSP Residual norm 8.789407057048e-05
  211 KSP preconditioned resid norm 8.789407057048e-05 true resid norm 5.371299121728e-05 ||r(i)||/||b|| 2.506252608517e-02
  212 KSP Residual norm 8.618264974321e-05
  212 KSP preconditioned resid norm 8.618264974321e-05 true resid norm 5.270773695609e-05 ||r(i)||/||b|| 2.459347361625e-02
  213 KSP Residual norm 8.449397711992e-05
  213 KSP preconditioned resid norm 8.449397711992e-05 true resid norm 5.179050360209e-05 ||r(i)||/||b|| 2.416549177536e-02
  214 KSP Residual norm 8.281839160101e-05
  214 KSP preconditioned resid norm 8.281839160101e-05 true resid norm 5.084561834359e-05 ||r(i)||/||b|| 2.372460753299e-02
  215 KSP Residual norm 8.111775363300e-05
  215 KSP preconditioned resid norm 8.111775363300e-05 true resid norm 4.998799214385e-05 ||r(i)||/||b|| 2.332443843953e-02
  216 KSP Residual norm 7.926668851597e-05
  216 KSP preconditioned resid norm 7.926668851597e-05 true resid norm 4.909464099039e-05 ||r(i)||/||b|| 2.290760005314e-02
  217 KSP Residual norm 7.726251332328e-05
  217 KSP preconditioned resid norm 7.726251332328e-05 true resid norm 4.816659293753e-05 ||r(i)||/||b|| 2.247457206483e-02
  218 KSP Residual norm 7.516894038094e-05
  218 KSP preconditioned resid norm 7.516894038094e-05 true resid norm 4.688469164926e-05 ||r(i)||/||b|| 2.187643586449e-02
  219 KSP Residual norm 7.317673474873e-05
  219 KSP preconditioned resid norm 7.317673474873e-05 true resid norm 4.550276918964e-05 ||r(i)||/||b|| 2.123162970294e-02
  220 KSP Residual norm 7.131149432435e-05
  220 KSP preconditioned resid norm 7.131149432435e-05 true resid norm 4.416711627692e-05 ||r(i)||/||b|| 2.060841295022e-02
  221 KSP Residual norm 6.958370381767e-05
  221 KSP preconditioned resid norm 6.958370381767e-05 true resid norm 4.302845641655e-05 ||r(i)||/||b|| 2.007711331849e-02
  222 KSP Residual norm 6.795746943117e-05
  222 KSP preconditioned resid norm 6.795746943117e-05 true resid norm 4.194683330526e-05 ||r(i)||/||b|| 1.957242708101e-02
  223 KSP Residual norm 6.648369875702e-05
  223 KSP preconditioned resid norm 6.648369875702e-05 true resid norm 4.090728899309e-05 ||r(i)||/||b|| 1.908737484598e-02
  224 KSP Residual norm 6.507900199492e-05
  224 KSP preconditioned resid norm 6.507900199492e-05 true resid norm 4.008697022580e-05 ||r(i)||/||b|| 1.870461343133e-02
  225 KSP Residual norm 6.363819685559e-05
  225 KSP preconditioned resid norm 6.363819685559e-05 true resid norm 3.932444134728e-05 ||r(i)||/||b|| 1.834881682653e-02
  226 KSP Residual norm 6.213743451271e-05
  226 KSP preconditioned resid norm 6.213743451271e-05 true resid norm 3.845990474443e-05 ||r(i)||/||b|| 1.794542333327e-02
  227 KSP Residual norm 6.073724807247e-05
  227 KSP preconditioned resid norm 6.073724807247e-05 true resid norm 3.739190740948e-05 ||r(i)||/||b|| 1.744709489429e-02
  228 KSP Residual norm 5.945802530490e-05
  228 KSP preconditioned resid norm 5.945802530490e-05 true resid norm 3.657055610745e-05 ||r(i)||/||b|| 1.706385169808e-02
  229 KSP Residual norm 5.818974680414e-05
  229 KSP preconditioned resid norm 5.818974680414e-05 true resid norm 3.585791536965e-05 ||r(i)||/||b|| 1.673133294097e-02
  230 KSP Residual norm 5.687663670508e-05
  230 KSP preconditioned resid norm 5.687663670508e-05 true resid norm 3.514198330192e-05 ||r(i)||/||b|| 1.639727844659e-02
  231 KSP Residual norm 5.556853881881e-05
  231 KSP preconditioned resid norm 5.556853881881e-05 true resid norm 3.430998773725e-05 ||r(i)||/||b|| 1.600906862863e-02
  232 KSP Residual norm 5.429533300408e-05
  232 KSP preconditioned resid norm 5.429533300408e-05 true resid norm 3.353485345583e-05 ||r(i)||/||b|| 1.564739033243e-02
  233 KSP Residual norm 5.309447855325e-05
  233 KSP preconditioned resid norm 5.309447855325e-05 true resid norm 3.265388049546e-05 ||r(i)||/||b|| 1.523632762117e-02
  234 KSP Residual norm 5.204604206671e-05
  234 KSP preconditioned resid norm 5.204604206671e-05 true resid norm 3.188043485477e-05 ||r(i)||/||b|| 1.487543724612e-02
  235 KSP Residual norm 5.101997882960e-05
  235 KSP preconditioned resid norm 5.101997882960e-05 true resid norm 3.136722076686e-05 ||r(i)||/||b|| 1.463597112864e-02
  236 KSP Residual norm 4.991452271146e-05
  236 KSP preconditioned resid norm 4.991452271146e-05 true resid norm 3.081894137216e-05 ||r(i)||/||b|| 1.438014351002e-02
  237 KSP Residual norm 4.880837516002e-05
  237 KSP preconditioned resid norm 4.880837516002e-05 true resid norm 3.005490701054e-05 ||r(i)||/||b|| 1.402364444557e-02
  238 KSP Residual norm 4.780983329364e-05
  238 KSP preconditioned resid norm 4.780983329364e-05 true resid norm 2.933709026400e-05 ||r(i)||/||b|| 1.368871055850e-02
  239 KSP Residual norm 4.684520149291e-05
  239 KSP preconditioned resid norm 4.684520149291e-05 true resid norm 2.877163460536e-05 ||r(i)||/||b|| 1.342486848094e-02
  240 KSP Residual norm 4.588843204078e-05
  240 KSP preconditioned resid norm 4.588843204078e-05 true resid norm 2.816387029535e-05 ||r(i)||/||b|| 1.314128515169e-02
  241 KSP Residual norm 4.494405308137e-05
  241 KSP preconditioned resid norm 4.494405308137e-05 true resid norm 2.763645338825e-05 ||r(i)||/||b|| 1.289519198703e-02
  242 KSP Residual norm 4.400718109263e-05
  242 KSP preconditioned resid norm 4.400718109263e-05 true resid norm 2.701901876794e-05 ||r(i)||/||b|| 1.260709648300e-02
  243 KSP Residual norm 4.316419038746e-05
  243 KSP preconditioned resid norm 4.316419038746e-05 true resid norm 2.642402581925e-05 ||r(i)||/||b|| 1.232947228150e-02
  244 KSP Residual norm 4.232877025457e-05
  244 KSP preconditioned resid norm 4.232877025457e-05 true resid norm 2.602326181751e-05 ||r(i)||/||b|| 1.214247546714e-02
  245 KSP Residual norm 4.146661376449e-05
  245 KSP preconditioned resid norm 4.146661376449e-05 true resid norm 2.546984339800e-05 ||r(i)||/||b|| 1.188424997531e-02
  246 KSP Residual norm 4.068895361365e-05
  246 KSP preconditioned resid norm 4.068895361365e-05 true resid norm 2.486087694659e-05 ||r(i)||/||b|| 1.160010572588e-02
  247 KSP Residual norm 3.996706337539e-05
  247 KSP preconditioned resid norm 3.996706337539e-05 true resid norm 2.442225983159e-05 ||r(i)||/||b|| 1.139544661760e-02
  248 KSP Residual norm 3.922119288727e-05
  248 KSP preconditioned resid norm 3.922119288727e-05 true resid norm 2.403437746088e-05 ||r(i)||/||b|| 1.121446038292e-02
  249 KSP Residual norm 3.845859605235e-05
  249 KSP preconditioned resid norm 3.845859605235e-05 true resid norm 2.355931971676e-05 ||r(i)||/||b|| 1.099279804697e-02
  250 KSP Residual norm 3.774433063209e-05
  250 KSP preconditioned resid norm 3.774433063209e-05 true resid norm 2.304301076042e-05 ||r(i)||/||b|| 1.075188786131e-02
  251 KSP Residual norm 3.709518312601e-05
  251 KSP preconditioned resid norm 3.709518312601e-05 true resid norm 2.261126480330e-05 ||r(i)||/||b|| 1.055043484097e-02
  252 KSP Residual norm 3.643865418184e-05
  252 KSP preconditioned resid norm 3.643865418184e-05 true resid norm 2.230786764586e-05 ||r(i)||/||b|| 1.040886947661e-02
  253 KSP Residual norm 3.575032149201e-05
  253 KSP preconditioned resid norm 3.575032149201e-05 true resid norm 2.189064630032e-05 ||r(i)||/||b|| 1.021419365203e-02
  254 KSP Residual norm 3.512606602780e-05
  254 KSP preconditioned resid norm 3.512606602780e-05 true resid norm 2.140260999909e-05 ||r(i)||/||b|| 9.986475510608e-03
  255 KSP Residual norm 3.454055583135e-05
  255 KSP preconditioned resid norm 3.454055583135e-05 true resid norm 2.106992361647e-05 ||r(i)||/||b|| 9.831243769580e-03
  256 KSP Residual norm 3.394161074743e-05
  256 KSP preconditioned resid norm 3.394161074743e-05 true resid norm 2.071360041829e-05 ||r(i)||/||b|| 9.664983070877e-03
  257 KSP Residual norm 3.336387127400e-05
  257 KSP preconditioned resid norm 3.336387127400e-05 true resid norm 2.032327383215e-05 ||r(i)||/||b|| 9.482856363257e-03
  258 KSP Residual norm 3.281554835245e-05
  258 KSP preconditioned resid norm 3.281554835245e-05 true resid norm 1.997434064186e-05 ||r(i)||/||b|| 9.320043848342e-03
  259 KSP Residual norm 3.226773407459e-05
  259 KSP preconditioned resid norm 3.226773407459e-05 true resid norm 1.967930784287e-05 ||r(i)||/||b|| 9.182381300546e-03
  260 KSP Residual norm 3.171362503291e-05
  260 KSP preconditioned resid norm 3.171362503291e-05 true resid norm 1.932229279760e-05 ||r(i)||/||b|| 9.015797785423e-03
  261 KSP Residual norm 3.121774111018e-05
  261 KSP preconditioned resid norm 3.121774111018e-05 true resid norm 1.894131329313e-05 ||r(i)||/||b|| 8.838032433832e-03
  262 KSP Residual norm 3.073515817166e-05
  262 KSP preconditioned resid norm 3.073515817166e-05 true resid norm 1.872581080969e-05 ||r(i)||/||b|| 8.737478796988e-03
  263 KSP Residual norm 3.021131139878e-05
  263 KSP preconditioned resid norm 3.021131139878e-05 true resid norm 1.843598451037e-05 ||r(i)||/||b|| 8.602245606240e-03
  264 KSP Residual norm 2.972878734121e-05
  264 KSP preconditioned resid norm 2.972878734121e-05 true resid norm 1.805411143923e-05 ||r(i)||/||b|| 8.424063315706e-03
  265 KSP Residual norm 2.928428807175e-05
  265 KSP preconditioned resid norm 2.928428807175e-05 true resid norm 1.778781972804e-05 ||r(i)||/||b|| 8.299811383224e-03
  266 KSP Residual norm 2.882342011042e-05
  266 KSP preconditioned resid norm 2.882342011042e-05 true resid norm 1.754815802035e-05 ||r(i)||/||b|| 8.187985032387e-03
  267 KSP Residual norm 2.836885572782e-05
  267 KSP preconditioned resid norm 2.836885572782e-05 true resid norm 1.721942668613e-05 ||r(i)||/||b|| 8.034598720205e-03
  268 KSP Residual norm 2.796158912904e-05
  268 KSP preconditioned resid norm 2.796158912904e-05 true resid norm 1.693413782828e-05 ||r(i)||/||b|| 7.901482703397e-03
  269 KSP Residual norm 2.754058325814e-05
  269 KSP preconditioned resid norm 2.754058325814e-05 true resid norm 1.675201449767e-05 ||r(i)||/||b|| 7.816503806845e-03
  270 KSP Residual norm 2.711097559753e-05
  270 KSP preconditioned resid norm 2.711097559753e-05 true resid norm 1.644363251496e-05 ||r(i)||/||b|| 7.672612518898e-03
  271 KSP Residual norm 2.673084631330e-05
  271 KSP preconditioned resid norm 2.673084631330e-05 true resid norm 1.618554787899e-05 ||r(i)||/||b|| 7.552190014499e-03
  272 KSP Residual norm 2.634328669539e-05
  272 KSP preconditioned resid norm 2.634328669539e-05 true resid norm 1.600535357760e-05 ||r(i)||/||b|| 7.468111204573e-03
  273 KSP Residual norm 2.594936172072e-05
  273 KSP preconditioned resid norm 2.594936172072e-05 true resid norm 1.574590089115e-05 ||r(i)||/||b|| 7.347050366687e-03
  274 KSP Residual norm 2.558725753320e-05
  274 KSP preconditioned resid norm 2.558725753320e-05 true resid norm 1.549113966465e-05 ||r(i)||/||b|| 7.228178567894e-03
  275 KSP Residual norm 2.522825170293e-05
  275 KSP preconditioned resid norm 2.522825170293e-05 true resid norm 1.530719418918e-05 ||r(i)||/||b|| 7.142349457044e-03
  276 KSP Residual norm 2.486021447282e-05
  276 KSP preconditioned resid norm 2.486021447282e-05 true resid norm 1.506036252019e-05 ||r(i)||/||b|| 7.027177596338e-03
  277 KSP Residual norm 2.452829684539e-05
  277 KSP preconditioned resid norm 2.452829684539e-05 true resid norm 1.481910156246e-05 ||r(i)||/||b|| 6.914605034104e-03
  278 KSP Residual norm 2.419364360653e-05
  278 KSP preconditioned resid norm 2.419364360653e-05 true resid norm 1.465936792310e-05 ||r(i)||/||b|| 6.840073185992e-03
  279 KSP Residual norm 2.385633947098e-05
  279 KSP preconditioned resid norm 2.385633947098e-05 true resid norm 1.442571884392e-05 ||r(i)||/||b|| 6.731052332581e-03
  280 KSP Residual norm 2.354357389076e-05
  280 KSP preconditioned resid norm 2.354357389076e-05 true resid norm 1.422967187577e-05 ||r(i)||/||b|| 6.639576655251e-03
  281 KSP Residual norm 2.322818639552e-05
  281 KSP preconditioned resid norm 2.322818639552e-05 true resid norm 1.405802039739e-05 ||r(i)||/||b|| 6.559483933601e-03
  282 KSP Residual norm 2.292583064830e-05
  282 KSP preconditioned resid norm 2.292583064830e-05 true resid norm 1.383868408488e-05 ||r(i)||/||b|| 6.457141428944e-03
  283 KSP Residual norm 2.264998239028e-05
  283 KSP preconditioned resid norm 2.264998239028e-05 true resid norm 1.366580803781e-05 ||r(i)||/||b|| 6.376477322535e-03
  284 KSP Residual norm 2.235708202226e-05
  284 KSP preconditioned resid norm 2.235708202226e-05 true resid norm 1.353647419067e-05 ||r(i)||/||b|| 6.316130042592e-03
  285 KSP Residual norm 2.206500116417e-05
  285 KSP preconditioned resid norm 2.206500116417e-05 true resid norm 1.331557008593e-05 ||r(i)||/||b|| 6.213056004787e-03
  286 KSP Residual norm 2.179800498703e-05
  286 KSP preconditioned resid norm 2.179800498703e-05 true resid norm 1.314803657344e-05 ||r(i)||/||b|| 6.134884729425e-03
  287 KSP Residual norm 2.152963714576e-05
  287 KSP preconditioned resid norm 2.152963714576e-05 true resid norm 1.298373506004e-05 ||r(i)||/||b|| 6.058221507508e-03
  288 KSP Residual norm 2.127562065173e-05
  288 KSP preconditioned resid norm 2.127562065173e-05 true resid norm 1.281291660027e-05 ||r(i)||/||b|| 5.978517473031e-03
  289 KSP Residual norm 2.101441302841e-05
  289 KSP preconditioned resid norm 2.101441302841e-05 true resid norm 1.270054249041e-05 ||r(i)||/||b|| 5.926083620516e-03
  290 KSP Residual norm 2.073136012645e-05
  290 KSP preconditioned resid norm 2.073136012645e-05 true resid norm 1.254151272916e-05 ||r(i)||/||b|| 5.851880202512e-03
  291 KSP Residual norm 2.047090308775e-05
  291 KSP preconditioned resid norm 2.047090308775e-05 true resid norm 1.234506429661e-05 ||r(i)||/||b|| 5.760217201558e-03
  292 KSP Residual norm 2.022895728953e-05
  292 KSP preconditioned resid norm 2.022895728953e-05 true resid norm 1.219916174403e-05 ||r(i)||/||b|| 5.692138949962e-03
  293 KSP Residual norm 2.000875445722e-05
  293 KSP preconditioned resid norm 2.000875445722e-05 true resid norm 1.201119620272e-05 ||r(i)||/||b|| 5.604434073072e-03
  294 KSP Residual norm 1.981946679015e-05
  294 KSP preconditioned resid norm 1.981946679015e-05 true resid norm 1.187911522146e-05 ||r(i)||/||b|| 5.542804978078e-03
  295 KSP Residual norm 1.963001592504e-05
  295 KSP preconditioned resid norm 1.963001592504e-05 true resid norm 1.176491059874e-05 ||r(i)||/||b|| 5.489517006749e-03
  296 KSP Residual norm 1.945510756713e-05
  296 KSP preconditioned resid norm 1.945510756713e-05 true resid norm 1.162413014657e-05 ||r(i)||/||b|| 5.423828731438e-03
  297 KSP Residual norm 1.929244765102e-05
  297 KSP preconditioned resid norm 1.929244765102e-05 true resid norm 1.152613647315e-05 ||r(i)||/||b|| 5.378104802450e-03
  298 KSP Residual norm 1.912349953486e-05
  298 KSP preconditioned resid norm 1.912349953486e-05 true resid norm 1.143067206207e-05 ||r(i)||/||b|| 5.333561029358e-03
  299 KSP Residual norm 1.896358118649e-05
  299 KSP preconditioned resid norm 1.896358118649e-05 true resid norm 1.136311231162e-05 ||r(i)||/||b|| 5.302037593973e-03
  300 KSP Residual norm 1.880766037768e-05
  300 KSP preconditioned resid norm 1.880766037768e-05 true resid norm 1.134155971296e-05 ||r(i)||/||b|| 5.291981133628e-03
  301 KSP Residual norm 1.868676359606e-05
  301 KSP preconditioned resid norm 1.868676359606e-05 true resid norm 1.114574133917e-05 ||r(i)||/||b|| 5.200612118613e-03
  302 KSP Residual norm 1.855623981639e-05
  302 KSP preconditioned resid norm 1.855623981639e-05 true resid norm 1.104497792401e-05 ||r(i)||/||b|| 5.153595825838e-03
  303 KSP Residual norm 1.841611138326e-05
  303 KSP preconditioned resid norm 1.841611138326e-05 true resid norm 1.093901032002e-05 ||r(i)||/||b|| 5.104151254254e-03
  304 KSP Residual norm 1.829887515906e-05
  304 KSP preconditioned resid norm 1.829887515906e-05 true resid norm 1.087596312515e-05 ||r(i)||/||b|| 5.074733381031e-03
  305 KSP Residual norm 1.816895181203e-05
  305 KSP preconditioned resid norm 1.816895181203e-05 true resid norm 1.084045430456e-05 ||r(i)||/||b|| 5.058164936004e-03
  306 KSP Residual norm 1.803294529039e-05
  306 KSP preconditioned resid norm 1.803294529039e-05 true resid norm 1.074380006342e-05 ||r(i)||/||b|| 5.013065987220e-03
  307 KSP Residual norm 1.790391857506e-05
  307 KSP preconditioned resid norm 1.790391857506e-05 true resid norm 1.067574150761e-05 ||r(i)||/||b|| 4.981309808845e-03
  308 KSP Residual norm 1.775312024318e-05
  308 KSP preconditioned resid norm 1.775312024318e-05 true resid norm 1.062991771995e-05 ||r(i)||/||b|| 4.959928391658e-03
  309 KSP Residual norm 1.759341072677e-05
  309 KSP preconditioned resid norm 1.759341072677e-05 true resid norm 1.053502778587e-05 ||r(i)||/||b|| 4.915652670010e-03
  310 KSP Residual norm 1.742749871581e-05
  310 KSP preconditioned resid norm 1.742749871581e-05 true resid norm 1.045876071642e-05 ||r(i)||/||b|| 4.880066392385e-03
  311 KSP Residual norm 1.725060318402e-05
  311 KSP preconditioned resid norm 1.725060318402e-05 true resid norm 1.033554914733e-05 ||r(i)||/||b|| 4.822575772438e-03
  312 KSP Residual norm 1.708713288884e-05
  312 KSP preconditioned resid norm 1.708713288884e-05 true resid norm 1.021880866084e-05 ||r(i)||/||b|| 4.768104564974e-03
  313 KSP Residual norm 1.692979989958e-05
  313 KSP preconditioned resid norm 1.692979989958e-05 true resid norm 1.013548570325e-05 ||r(i)||/||b|| 4.729226004117e-03
  314 KSP Residual norm 1.677370533736e-05
  314 KSP preconditioned resid norm 1.677370533736e-05 true resid norm 1.004329635597e-05 ||r(i)||/||b|| 4.686210378496e-03
  315 KSP Residual norm 1.661360048973e-05
  315 KSP preconditioned resid norm 1.661360048973e-05 true resid norm 9.968390747997e-06 ||r(i)||/||b|| 4.651259359923e-03
  316 KSP Residual norm 1.643194477513e-05
  316 KSP preconditioned resid norm 1.643194477513e-05 true resid norm 9.888020679989e-06 ||r(i)||/||b|| 4.613758619780e-03
  317 KSP Residual norm 1.624503447490e-05
  317 KSP preconditioned resid norm 1.624503447490e-05 true resid norm 9.774815123374e-06 ||r(i)||/||b|| 4.560936813521e-03
  318 KSP Residual norm 1.606019919947e-05
  318 KSP preconditioned resid norm 1.606019919947e-05 true resid norm 9.677606763844e-06 ||r(i)||/||b|| 4.515579312641e-03
  319 KSP Residual norm 1.586646662293e-05
  319 KSP preconditioned resid norm 1.586646662293e-05 true resid norm 9.572756396031e-06 ||r(i)||/||b|| 4.466656044382e-03
  320 KSP Residual norm 1.566694518399e-05
  320 KSP preconditioned resid norm 1.566694518399e-05 true resid norm 9.448236175253e-06 ||r(i)||/||b|| 4.408554806475e-03
  321 KSP Residual norm 1.547573075083e-05
  321 KSP preconditioned resid norm 1.547573075083e-05 true resid norm 9.318123121985e-06 ||r(i)||/||b|| 4.347843948308e-03
  322 KSP Residual norm 1.529201935025e-05
  322 KSP preconditioned resid norm 1.529201935025e-05 true resid norm 9.211243001095e-06 ||r(i)||/||b|| 4.297973595585e-03
  323 KSP Residual norm 1.511728000217e-05
  323 KSP preconditioned resid norm 1.511728000217e-05 true resid norm 9.086321843755e-06 ||r(i)||/||b|| 4.239685280347e-03
  324 KSP Residual norm 1.495059434646e-05
  324 KSP preconditioned resid norm 1.495059434646e-05 true resid norm 8.996385258634e-06 ||r(i)||/||b|| 4.197720795416e-03
  325 KSP Residual norm 1.477245583744e-05
  325 KSP preconditioned resid norm 1.477245583744e-05 true resid norm 8.904605026467e-06 ||r(i)||/||b|| 4.154896063248e-03
  326 KSP Residual norm 1.459685426094e-05
  326 KSP preconditioned resid norm 1.459685426094e-05 true resid norm 8.793614836262e-06 ||r(i)||/||b|| 4.103107948787e-03
  327 KSP Residual norm 1.442546367591e-05
  327 KSP preconditioned resid norm 1.442546367591e-05 true resid norm 8.693944519582e-06 ||r(i)||/||b|| 4.056601696666e-03
  328 KSP Residual norm 1.425373385645e-05
  328 KSP preconditioned resid norm 1.425373385645e-05 true resid norm 8.589736374403e-06 ||r(i)||/||b|| 4.007978090018e-03
  329 KSP Residual norm 1.408654935117e-05
  329 KSP preconditioned resid norm 1.408654935117e-05 true resid norm 8.477074097218e-06 ||r(i)||/||b|| 3.955409778390e-03
  330 KSP Residual norm 1.392635793979e-05
  330 KSP preconditioned resid norm 1.392635793979e-05 true resid norm 8.381238143345e-06 ||r(i)||/||b|| 3.910692643124e-03
  331 KSP Residual norm 1.375665807471e-05
  331 KSP preconditioned resid norm 1.375665807471e-05 true resid norm 8.303567129175e-06 ||r(i)||/||b|| 3.874451283733e-03
  332 KSP Residual norm 1.358477817607e-05
  332 KSP preconditioned resid norm 1.358477817607e-05 true resid norm 8.185040134084e-06 ||r(i)||/||b|| 3.819146489884e-03
  333 KSP Residual norm 1.342559864450e-05
  333 KSP preconditioned resid norm 1.342559864450e-05 true resid norm 8.082138672983e-06 ||r(i)||/||b|| 3.771132583106e-03
  334 KSP Residual norm 1.326783249585e-05
  334 KSP preconditioned resid norm 1.326783249585e-05 true resid norm 7.993416317245e-06 ||r(i)||/||b|| 3.729734658607e-03
  335 KSP Residual norm 1.311043128140e-05
  335 KSP preconditioned resid norm 1.311043128140e-05 true resid norm 7.901204514776e-06 ||r(i)||/||b|| 3.686708555381e-03
  336 KSP Residual norm 1.295320148108e-05
  336 KSP preconditioned resid norm 1.295320148108e-05 true resid norm 7.813651340453e-06 ||r(i)||/||b|| 3.645856171896e-03
  337 KSP Residual norm 1.278710363884e-05
  337 KSP preconditioned resid norm 1.278710363884e-05 true resid norm 7.738807647256e-06 ||r(i)||/||b|| 3.610934042807e-03
  338 KSP Residual norm 1.260532436240e-05
  338 KSP preconditioned resid norm 1.260532436240e-05 true resid norm 7.641397949575e-06 ||r(i)||/||b|| 3.565482597379e-03
  339 KSP Residual norm 1.243196542820e-05
  339 KSP preconditioned resid norm 1.243196542820e-05 true resid norm 7.511728989897e-06 ||r(i)||/||b|| 3.504978953647e-03
  340 KSP Residual norm 1.226452730310e-05
  340 KSP preconditioned resid norm 1.226452730310e-05 true resid norm 7.427069023372e-06 ||r(i)||/||b|| 3.465476543312e-03
  341 KSP Residual norm 1.208356346530e-05
  341 KSP preconditioned resid norm 1.208356346530e-05 true resid norm 7.332527544840e-06 ||r(i)||/||b|| 3.421363411309e-03
  342 KSP Residual norm 1.190492363637e-05
  342 KSP preconditioned resid norm 1.190492363637e-05 true resid norm 7.212158611781e-06 ||r(i)||/||b|| 3.365199167683e-03
  343 KSP Residual norm 1.173737242911e-05
  343 KSP preconditioned resid norm 1.173737242911e-05 true resid norm 7.103963948241e-06 ||r(i)||/||b|| 3.314715448273e-03
  344 KSP Residual norm 1.156927668998e-05
  344 KSP preconditioned resid norm 1.156927668998e-05 true resid norm 7.022801824262e-06 ||r(i)||/||b|| 3.276845134160e-03
  345 KSP Residual norm 1.138965091547e-05
  345 KSP preconditioned resid norm 1.138965091547e-05 true resid norm 6.925517957376e-06 ||r(i)||/||b|| 3.231452401485e-03
  346 KSP Residual norm 1.122072809186e-05
  346 KSP preconditioned resid norm 1.122072809186e-05 true resid norm 6.800263606047e-06 ||r(i)||/||b|| 3.173008617657e-03
  347 KSP Residual norm 1.105465582644e-05
  347 KSP preconditioned resid norm 1.105465582644e-05 true resid norm 6.724066122545e-06 ||r(i)||/||b|| 3.137454808893e-03
  348 KSP Residual norm 1.087310918045e-05
  348 KSP preconditioned resid norm 1.087310918045e-05 true resid norm 6.626865797462e-06 ||r(i)||/||b|| 3.092101056892e-03
  349 KSP Residual norm 1.069889681123e-05
  349 KSP preconditioned resid norm 1.069889681123e-05 true resid norm 6.498787247169e-06 ||r(i)||/||b|| 3.032339499494e-03
  350 KSP Residual norm 1.053223078051e-05
  350 KSP preconditioned resid norm 1.053223078051e-05 true resid norm 6.406461325767e-06 ||r(i)||/||b|| 2.989260148279e-03
  351 KSP Residual norm 1.035386334462e-05
  351 KSP preconditioned resid norm 1.035386334462e-05 true resid norm 6.319687155972e-06 ||r(i)||/||b|| 2.948771248950e-03
  352 KSP Residual norm 1.017394072539e-05
  352 KSP preconditioned resid norm 1.017394072539e-05 true resid norm 6.202093311369e-06 ||r(i)||/||b|| 2.893901863891e-03
  353 KSP Residual norm 1.000273969504e-05
  353 KSP preconditioned resid norm 1.000273969504e-05 true resid norm 6.097420058600e-06 ||r(i)||/||b|| 2.845061237657e-03
  354 KSP Residual norm 9.836434112605e-06
  354 KSP preconditioned resid norm 9.836434112605e-06 true resid norm 5.990941474363e-06 ||r(i)||/||b|| 2.795378242268e-03
  355 KSP Residual norm 9.673171057480e-06
  355 KSP preconditioned resid norm 9.673171057480e-06 true resid norm 5.904476077533e-06 ||r(i)||/||b|| 2.755033416661e-03
  356 KSP Residual norm 9.500719405595e-06
  356 KSP preconditioned resid norm 9.500719405595e-06 true resid norm 5.810298414010e-06 ||r(i)||/||b|| 2.711090041042e-03
  357 KSP Residual norm 9.335743988746e-06
  357 KSP preconditioned resid norm 9.335743988746e-06 true resid norm 5.691956640748e-06 ||r(i)||/||b|| 2.655871671852e-03
  358 KSP Residual norm 9.171844293241e-06
  358 KSP preconditioned resid norm 9.171844293241e-06 true resid norm 5.615285417200e-06 ||r(i)||/||b|| 2.620096815590e-03
  359 KSP Residual norm 8.991991494375e-06
  359 KSP preconditioned resid norm 8.991991494375e-06 true resid norm 5.520728705697e-06 ||r(i)||/||b|| 2.575976575871e-03
  360 KSP Residual norm 8.815806519909e-06
  360 KSP preconditioned resid norm 8.815806519909e-06 true resid norm 5.401090840053e-06 ||r(i)||/||b|| 2.520153448904e-03
  361 KSP Residual norm 8.647750681709e-06
  361 KSP preconditioned resid norm 8.647750681709e-06 true resid norm 5.297899489544e-06 ||r(i)||/||b|| 2.472004279489e-03
  362 KSP Residual norm 8.482631987665e-06
  362 KSP preconditioned resid norm 8.482631987665e-06 true resid norm 5.199331020769e-06 ||r(i)||/||b|| 2.426012150512e-03
  363 KSP Residual norm 8.315534418710e-06
  363 KSP preconditioned resid norm 8.315534418710e-06 true resid norm 5.113458078683e-06 ||r(i)||/||b|| 2.385943764777e-03
  364 KSP Residual norm 8.139413989927e-06
  364 KSP preconditioned resid norm 8.139413989927e-06 true resid norm 5.017752518430e-06 ||r(i)||/||b|| 2.341287471281e-03
  365 KSP Residual norm 7.968070551721e-06
  365 KSP preconditioned resid norm 7.968070551721e-06 true resid norm 4.898556115882e-06 ||r(i)||/||b|| 2.285670331360e-03
  366 KSP Residual norm 7.811516757712e-06
  366 KSP preconditioned resid norm 7.811516757712e-06 true resid norm 4.787721525094e-06 ||r(i)||/||b|| 2.233954819716e-03
  367 KSP Residual norm 7.660179893827e-06
  367 KSP preconditioned resid norm 7.660179893827e-06 true resid norm 4.706320162430e-06 ||r(i)||/||b|| 2.195972876635e-03
  368 KSP Residual norm 7.497606096844e-06
  368 KSP preconditioned resid norm 7.497606096844e-06 true resid norm 4.626915896157e-06 ||r(i)||/||b|| 2.158922780380e-03
  369 KSP Residual norm 7.330344453317e-06
  369 KSP preconditioned resid norm 7.330344453317e-06 true resid norm 4.527378471951e-06 ||r(i)||/||b|| 2.112478535997e-03
  370 KSP Residual norm 7.163013183758e-06
  370 KSP preconditioned resid norm 7.163013183758e-06 true resid norm 4.430077823436e-06 ||r(i)||/||b|| 2.067077973000e-03
  371 KSP Residual norm 6.999193970242e-06
  371 KSP preconditioned resid norm 6.999193970242e-06 true resid norm 4.324555068453e-06 ||r(i)||/||b|| 2.017840968332e-03
  372 KSP Residual norm 6.843473558466e-06
  372 KSP preconditioned resid norm 6.843473558466e-06 true resid norm 4.223427214521e-06 ||r(i)||/||b|| 1.970654628124e-03
  373 KSP Residual norm 6.694075982531e-06
  373 KSP preconditioned resid norm 6.694075982531e-06 true resid norm 4.133558426034e-06 ||r(i)||/||b|| 1.928721777158e-03
  374 KSP Residual norm 6.537618460502e-06
  374 KSP preconditioned resid norm 6.537618460502e-06 true resid norm 4.060216648505e-06 ||r(i)||/||b|| 1.894500443160e-03
  375 KSP Residual norm 6.379345267503e-06
  375 KSP preconditioned resid norm 6.379345267503e-06 true resid norm 3.951347326585e-06 ||r(i)||/||b|| 1.843701927593e-03
  376 KSP Residual norm 6.231461777817e-06
  376 KSP preconditioned resid norm 6.231461777817e-06 true resid norm 3.855823917340e-06 ||r(i)||/||b|| 1.799130625908e-03
  377 KSP Residual norm 6.090386470743e-06
  377 KSP preconditioned resid norm 6.090386470743e-06 true resid norm 3.761955983966e-06 ||r(i)||/||b|| 1.755331770633e-03
  378 KSP Residual norm 5.950980845714e-06
  378 KSP preconditioned resid norm 5.950980845714e-06 true resid norm 3.686210159225e-06 ||r(i)||/||b|| 1.719988706220e-03
  379 KSP Residual norm 5.805770259674e-06
  379 KSP preconditioned resid norm 5.805770259674e-06 true resid norm 3.603198940698e-06 ||r(i)||/||b|| 1.681255603062e-03
  380 KSP Residual norm 5.659060277292e-06
  380 KSP preconditioned resid norm 5.659060277292e-06 true resid norm 3.521067474084e-06 ||r(i)||/||b|| 1.642932992875e-03
  381 KSP Residual norm 5.509634018006e-06
  381 KSP preconditioned resid norm 5.509634018006e-06 true resid norm 3.438318168795e-06 ||r(i)||/||b|| 1.604322098651e-03
  382 KSP Residual norm 5.358360090343e-06
  382 KSP preconditioned resid norm 5.358360090343e-06 true resid norm 3.358075231503e-06 ||r(i)||/||b|| 1.566880677806e-03
  383 KSP Residual norm 5.205879752412e-06
  383 KSP preconditioned resid norm 5.205879752412e-06 true resid norm 3.260655555833e-06 ||r(i)||/||b|| 1.521424576640e-03
  384 KSP Residual norm 5.067179884822e-06
  384 KSP preconditioned resid norm 5.067179884822e-06 true resid norm 3.154891322006e-06 ||r(i)||/||b|| 1.472074897743e-03
  385 KSP Residual norm 4.942850269560e-06
  385 KSP preconditioned resid norm 4.942850269560e-06 true resid norm 3.063966526267e-06 ||r(i)||/||b|| 1.429649312920e-03
  386 KSP Residual norm 4.828582434604e-06
  386 KSP preconditioned resid norm 4.828582434604e-06 true resid norm 2.988712444799e-06 ||r(i)||/||b|| 1.394535696324e-03
  387 KSP Residual norm 4.716686310600e-06
  387 KSP preconditioned resid norm 4.716686310600e-06 true resid norm 2.916772673474e-06 ||r(i)||/||b|| 1.360968539580e-03
  388 KSP Residual norm 4.611520980044e-06
  388 KSP preconditioned resid norm 4.611520980044e-06 true resid norm 2.840896069844e-06 ||r(i)||/||b|| 1.325564453629e-03
  389 KSP Residual norm 4.513279791031e-06
  389 KSP preconditioned resid norm 4.513279791031e-06 true resid norm 2.778030168660e-06 ||r(i)||/||b|| 1.296231172190e-03
  390 KSP Residual norm 4.417304861184e-06
  390 KSP preconditioned resid norm 4.417304861184e-06 true resid norm 2.728540924358e-06 ||r(i)||/||b|| 1.273139449906e-03
  391 KSP Residual norm 4.323651192816e-06
  391 KSP preconditioned resid norm 4.323651192816e-06 true resid norm 2.665399390923e-06 ||r(i)||/||b|| 1.243677558231e-03
  392 KSP Residual norm 4.235807190872e-06
  392 KSP preconditioned resid norm 4.235807190872e-06 true resid norm 2.605387084606e-06 ||r(i)||/||b|| 1.215675766515e-03
  393 KSP Residual norm 4.150016644457e-06
  393 KSP preconditioned resid norm 4.150016644457e-06 true resid norm 2.547039240086e-06 ||r(i)||/||b|| 1.188450614049e-03
  394 KSP Residual norm 4.069081378698e-06
  394 KSP preconditioned resid norm 4.069081378698e-06 true resid norm 2.500224092805e-06 ||r(i)||/||b|| 1.166606627644e-03
  395 KSP Residual norm 3.989444721037e-06
  395 KSP preconditioned resid norm 3.989444721037e-06 true resid norm 2.455710492397e-06 ||r(i)||/||b|| 1.145836544912e-03
  396 KSP Residual norm 3.912691472363e-06
  396 KSP preconditioned resid norm 3.912691472363e-06 true resid norm 2.393648017194e-06 ||r(i)||/||b|| 1.116878142700e-03
  397 KSP Residual norm 3.841062856296e-06
  397 KSP preconditioned resid norm 3.841062856296e-06 true resid norm 2.339231030245e-06 ||r(i)||/||b|| 1.091487131625e-03
  398 KSP Residual norm 3.764723074034e-06
  398 KSP preconditioned resid norm 3.764723074034e-06 true resid norm 2.315843836555e-06 ||r(i)||/||b|| 1.080574647724e-03
  399 KSP Residual norm 3.702309777795e-06
  399 KSP preconditioned resid norm 3.702309777795e-06 true resid norm 2.245955684794e-06 ||r(i)||/||b|| 1.047964778364e-03
  400 KSP Residual norm 3.653793742813e-06
  400 KSP preconditioned resid norm 3.653793742813e-06 true resid norm 2.251952523702e-06 ||r(i)||/||b|| 1.050762908354e-03
  401 KSP Residual norm 3.614449110405e-06
  401 KSP preconditioned resid norm 3.614449110405e-06 true resid norm 2.181197046147e-06 ||r(i)||/||b|| 1.017748344061e-03
  402 KSP Residual norm 3.562986022703e-06
  402 KSP preconditioned resid norm 3.562986022703e-06 true resid norm 2.172932998438e-06 ||r(i)||/||b|| 1.013892332571e-03
  403 KSP Residual norm 3.499186126846e-06
  403 KSP preconditioned resid norm 3.499186126846e-06 true resid norm 2.115111192023e-06 ||r(i)||/||b|| 9.869126299199e-04
  404 KSP Residual norm 3.444744131362e-06
  404 KSP preconditioned resid norm 3.444744131362e-06 true resid norm 2.092369767005e-06 ||r(i)||/||b|| 9.763014622153e-04
  405 KSP Residual norm 3.387388647083e-06
  405 KSP preconditioned resid norm 3.387388647083e-06 true resid norm 2.074167452435e-06 ||r(i)||/||b|| 9.678082471960e-04
  406 KSP Residual norm 3.329660498322e-06
  406 KSP preconditioned resid norm 3.329660498322e-06 true resid norm 2.029263388603e-06 ||r(i)||/||b|| 9.468559739076e-04
  407 KSP Residual norm 3.275480811813e-06
  407 KSP preconditioned resid norm 3.275480811813e-06 true resid norm 1.992849617025e-06 ||r(i)||/||b|| 9.298652780008e-04
  408 KSP Residual norm 3.218603643515e-06
  408 KSP preconditioned resid norm 3.218603643515e-06 true resid norm 1.968270466839e-06 ||r(i)||/||b|| 9.183966262142e-04
  409 KSP Residual norm 3.162174914353e-06
  409 KSP preconditioned resid norm 3.162174914353e-06 true resid norm 1.936925925281e-06 ||r(i)||/||b|| 9.037712372229e-04
  410 KSP Residual norm 3.105989713790e-06
  410 KSP preconditioned resid norm 3.105989713790e-06 true resid norm 1.902842717630e-06 ||r(i)||/||b|| 8.878679843700e-04
  411 KSP Residual norm 3.049858692855e-06
  411 KSP preconditioned resid norm 3.049858692855e-06 true resid norm 1.863019520513e-06 ||r(i)||/||b|| 8.692864476892e-04
  412 KSP Residual norm 2.992435950163e-06
  412 KSP preconditioned resid norm 2.992435950163e-06 true resid norm 1.833336800618e-06 ||r(i)||/||b|| 8.554364660592e-04
  413 KSP Residual norm 2.932046605129e-06
  413 KSP preconditioned resid norm 2.932046605129e-06 true resid norm 1.804418168196e-06 ||r(i)||/||b|| 8.419430082759e-04
  414 KSP Residual norm 2.872432125888e-06
  414 KSP preconditioned resid norm 2.872432125888e-06 true resid norm 1.766704544880e-06 ||r(i)||/||b|| 8.243458004736e-04
  415 KSP Residual norm 2.813655889072e-06
  415 KSP preconditioned resid norm 2.813655889072e-06 true resid norm 1.734649963093e-06 ||r(i)||/||b|| 8.093891061248e-04
  416 KSP Residual norm 2.750388615261e-06
  416 KSP preconditioned resid norm 2.750388615261e-06 true resid norm 1.705073209113e-06 ||r(i)||/||b|| 7.955885682784e-04
  417 KSP Residual norm 2.679442139928e-06
  417 KSP preconditioned resid norm 2.679442139928e-06 true resid norm 1.680369620489e-06 ||r(i)||/||b|| 7.840618534140e-04
  418 KSP Residual norm 2.600756399048e-06
  418 KSP preconditioned resid norm 2.600756399048e-06 true resid norm 1.637358093499e-06 ||r(i)||/||b|| 7.639926393797e-04
  419 KSP Residual norm 2.525007222228e-06
  419 KSP preconditioned resid norm 2.525007222228e-06 true resid norm 1.582390003879e-06 ||r(i)||/||b|| 7.383444833429e-04
  420 KSP Residual norm 2.452548991216e-06
  420 KSP preconditioned resid norm 2.452548991216e-06 true resid norm 1.535002553655e-06 ||r(i)||/||b|| 7.162334599119e-04
  421 KSP Residual norm 2.384596315416e-06
  421 KSP preconditioned resid norm 2.384596315416e-06 true resid norm 1.486393111215e-06 ||r(i)||/||b|| 6.935522539033e-04
  422 KSP Residual norm 2.324434220339e-06
  422 KSP preconditioned resid norm 2.324434220339e-06 true resid norm 1.442798681438e-06 ||r(i)||/||b|| 6.732110569474e-04
  423 KSP Residual norm 2.270082044644e-06
  423 KSP preconditioned resid norm 2.270082044644e-06 true resid norm 1.405156938709e-06 ||r(i)||/||b|| 6.556473886865e-04
  424 KSP Residual norm 2.218052158242e-06
  424 KSP preconditioned resid norm 2.218052158242e-06 true resid norm 1.372490698171e-06 ||r(i)||/||b|| 6.404052938591e-04
  425 KSP Residual norm 2.166988457875e-06
  425 KSP preconditioned resid norm 2.166988457875e-06 true resid norm 1.342610890183e-06 ||r(i)||/||b|| 6.264633507622e-04
  426 KSP Residual norm 2.113169285768e-06
  426 KSP preconditioned resid norm 2.113169285768e-06 true resid norm 1.317681468580e-06 ||r(i)||/||b|| 6.148312620432e-04
  427 KSP Residual norm 2.060827094462e-06
  427 KSP preconditioned resid norm 2.060827094462e-06 true resid norm 1.276841663288e-06 ||r(i)||/||b|| 5.957753751478e-04
  428 KSP Residual norm 2.014940140069e-06
  428 KSP preconditioned resid norm 2.014940140069e-06 true resid norm 1.243863678415e-06 ||r(i)||/||b|| 5.803878201562e-04
  429 KSP Residual norm 1.970032367973e-06
  429 KSP preconditioned resid norm 1.970032367973e-06 true resid norm 1.218732149887e-06 ||r(i)||/||b|| 5.686614281789e-04
  430 KSP Residual norm 1.925282342443e-06
  430 KSP preconditioned resid norm 1.925282342443e-06 true resid norm 1.189864863476e-06 ||r(i)||/||b|| 5.551919284865e-04
  431 KSP Residual norm 1.882872729195e-06
  431 KSP preconditioned resid norm 1.882872729195e-06 true resid norm 1.163141291244e-06 ||r(i)||/||b|| 5.427226876011e-04
  432 KSP Residual norm 1.839919993114e-06
  432 KSP preconditioned resid norm 1.839919993114e-06 true resid norm 1.139760846012e-06 ||r(i)||/||b|| 5.318133525364e-04
  433 KSP Residual norm 1.798804293204e-06
  433 KSP preconditioned resid norm 1.798804293204e-06 true resid norm 1.107418398626e-06 ||r(i)||/||b|| 5.167223398615e-04
  434 KSP Residual norm 1.764761756776e-06
  434 KSP preconditioned resid norm 1.764761756776e-06 true resid norm 1.078888980529e-06 ||r(i)||/||b|| 5.034104898037e-04
  435 KSP Residual norm 1.733094202329e-06
  435 KSP preconditioned resid norm 1.733094202329e-06 true resid norm 1.062628113604e-06 ||r(i)||/||b|| 4.958231558598e-04
  436 KSP Residual norm 1.698606924130e-06
  436 KSP preconditioned resid norm 1.698606924130e-06 true resid norm 1.046921789545e-06 ||r(i)||/||b|| 4.884945720758e-04
  437 KSP Residual norm 1.663815982300e-06
  437 KSP preconditioned resid norm 1.663815982300e-06 true resid norm 1.022496900410e-06 ||r(i)||/||b|| 4.770978986232e-04
  438 KSP Residual norm 1.631592127922e-06
  438 KSP preconditioned resid norm 1.631592127922e-06 true resid norm 1.001288504822e-06 ||r(i)||/||b|| 4.672020437172e-04
  439 KSP Residual norm 1.599989163333e-06
  439 KSP preconditioned resid norm 1.599989163333e-06 true resid norm 9.820200867543e-07 ||r(i)||/||b|| 4.582113839253e-04
  440 KSP Residual norm 1.568899838389e-06
  440 KSP preconditioned resid norm 1.568899838389e-06 true resid norm 9.633651912175e-07 ||r(i)||/||b|| 4.495069942533e-04
  441 KSP Residual norm 1.536936358436e-06
  441 KSP preconditioned resid norm 1.536936358436e-06 true resid norm 9.470200725142e-07 ||r(i)||/||b|| 4.418803483603e-04
  442 KSP Residual norm 1.505107615442e-06
  442 KSP preconditioned resid norm 1.505107615442e-06 true resid norm 9.244220367224e-07 ||r(i)||/||b|| 4.313360861870e-04
  443 KSP Residual norm 1.478092354672e-06
  443 KSP preconditioned resid norm 1.478092354672e-06 true resid norm 9.020867631453e-07 ||r(i)||/||b|| 4.209144290802e-04
  444 KSP Residual norm 1.452449927068e-06
  444 KSP preconditioned resid norm 1.452449927068e-06 true resid norm 8.902554500005e-07 ||r(i)||/||b|| 4.153939285906e-04
  445 KSP Residual norm 1.425188264098e-06
  445 KSP preconditioned resid norm 1.425188264098e-06 true resid norm 8.739423944400e-07 ||r(i)||/||b|| 4.077822433866e-04
  446 KSP Residual norm 1.399820342406e-06
  446 KSP preconditioned resid norm 1.399820342406e-06 true resid norm 8.556181257136e-07 ||r(i)||/||b|| 3.992321244575e-04
  447 KSP Residual norm 1.375315999040e-06
  447 KSP preconditioned resid norm 1.375315999040e-06 true resid norm 8.408322466674e-07 ||r(i)||/||b|| 3.923330210769e-04
  448 KSP Residual norm 1.351331268113e-06
  448 KSP preconditioned resid norm 1.351331268113e-06 true resid norm 8.258025566420e-07 ||r(i)||/||b|| 3.853201552920e-04
  449 KSP Residual norm 1.327143999540e-06
  449 KSP preconditioned resid norm 1.327143999540e-06 true resid norm 8.124341419747e-07 ||r(i)||/||b|| 3.790824419618e-04
  450 KSP Residual norm 1.303492887225e-06
  450 KSP preconditioned resid norm 1.303492887225e-06 true resid norm 7.961396910867e-07 ||r(i)||/||b|| 3.714794377133e-04
  451 KSP Residual norm 1.281731908234e-06
  451 KSP preconditioned resid norm 1.281731908234e-06 true resid norm 7.813130035065e-07 ||r(i)||/||b|| 3.645612930371e-04
  452 KSP Residual norm 1.260572424340e-06
  452 KSP preconditioned resid norm 1.260572424340e-06 true resid norm 7.695490589638e-07 ||r(i)||/||b|| 3.590722267929e-04
  453 KSP Residual norm 1.239112931152e-06
  453 KSP preconditioned resid norm 1.239112931152e-06 true resid norm 7.568258502836e-07 ||r(i)||/||b|| 3.531355671095e-04
  454 KSP Residual norm 1.219114153795e-06
  454 KSP preconditioned resid norm 1.219114153795e-06 true resid norm 7.417836935504e-07 ||r(i)||/||b|| 3.461168843484e-04
  455 KSP Residual norm 1.200314498635e-06
  455 KSP preconditioned resid norm 1.200314498635e-06 true resid norm 7.306681496634e-07 ||r(i)||/||b|| 3.409303623859e-04
  456 KSP Residual norm 1.181942978310e-06
  456 KSP preconditioned resid norm 1.181942978310e-06 true resid norm 7.178933491877e-07 ||r(i)||/||b|| 3.349696299282e-04
  457 KSP Residual norm 1.165152263977e-06
  457 KSP preconditioned resid norm 1.165152263977e-06 true resid norm 7.060480687901e-07 ||r(i)||/||b|| 3.294426123068e-04
  458 KSP Residual norm 1.148968629604e-06
  458 KSP preconditioned resid norm 1.148968629604e-06 true resid norm 6.965929712061e-07 ||r(i)||/||b|| 3.250308559614e-04
  459 KSP Residual norm 1.132116221257e-06
  459 KSP preconditioned resid norm 1.132116221257e-06 true resid norm 6.885599662003e-07 ||r(i)||/||b|| 3.212826491879e-04
  460 KSP Residual norm 1.114634480045e-06
  460 KSP preconditioned resid norm 1.114634480045e-06 true resid norm 6.773228716629e-07 ||r(i)||/||b|| 3.160394115916e-04
  461 KSP Residual norm 1.099128609189e-06
  461 KSP preconditioned resid norm 1.099128609189e-06 true resid norm 6.650949125956e-07 ||r(i)||/||b|| 3.103338357868e-04
  462 KSP Residual norm 1.084226996740e-06
  462 KSP preconditioned resid norm 1.084226996740e-06 true resid norm 6.577133998168e-07 ||r(i)||/||b|| 3.068896158248e-04
  463 KSP Residual norm 1.068954868295e-06
  463 KSP preconditioned resid norm 1.068954868295e-06 true resid norm 6.479943646947e-07 ||r(i)||/||b|| 3.023547060060e-04
  464 KSP Residual norm 1.055014328723e-06
  464 KSP preconditioned resid norm 1.055014328723e-06 true resid norm 6.375331440138e-07 ||r(i)||/||b|| 2.974734917921e-04
  465 KSP Residual norm 1.042097689914e-06
  465 KSP preconditioned resid norm 1.042097689914e-06 true resid norm 6.293482994582e-07 ||r(i)||/||b|| 2.936544365594e-04
  466 KSP Residual norm 1.029112629138e-06
  466 KSP preconditioned resid norm 1.029112629138e-06 true resid norm 6.221754983982e-07 ||r(i)||/||b|| 2.903076016579e-04
  467 KSP Residual norm 1.016207283336e-06
  467 KSP preconditioned resid norm 1.016207283336e-06 true resid norm 6.134627077468e-07 ||r(i)||/||b|| 2.862422063405e-04
  468 KSP Residual norm 1.003978321874e-06
  468 KSP preconditioned resid norm 1.003978321874e-06 true resid norm 6.057338765961e-07 ||r(i)||/||b|| 2.826359273392e-04
  469 KSP Residual norm 9.914685280377e-07
  469 KSP preconditioned resid norm 9.914685280377e-07 true resid norm 5.993400556438e-07 ||r(i)||/||b|| 2.796525651997e-04
  470 KSP Residual norm 9.791171424204e-07
  470 KSP preconditioned resid norm 9.791171424204e-07 true resid norm 5.907518015369e-07 ||r(i)||/||b|| 2.756452787369e-04
  471 KSP Residual norm 9.675574481771e-07
  471 KSP preconditioned resid norm 9.675574481771e-07 true resid norm 5.837493568636e-07 ||r(i)||/||b|| 2.723779322662e-04
  472 KSP Residual norm 9.558411816041e-07
  472 KSP preconditioned resid norm 9.558411816041e-07 true resid norm 5.774034625252e-07 ||r(i)||/||b|| 2.694169327243e-04
  473 KSP Residual norm 9.440320298264e-07
  473 KSP preconditioned resid norm 9.440320298264e-07 true resid norm 5.706374095473e-07 ||r(i)||/||b|| 2.662598868139e-04
  474 KSP Residual norm 9.322452028912e-07
  474 KSP preconditioned resid norm 9.322452028912e-07 true resid norm 5.634448267156e-07 ||r(i)||/||b|| 2.629038217214e-04
  475 KSP Residual norm 9.208423702655e-07
  475 KSP preconditioned resid norm 9.208423702655e-07 true resid norm 5.559119059015e-07 ||r(i)||/||b|| 2.593889546451e-04
  476 KSP Residual norm 9.099245145094e-07
  476 KSP preconditioned resid norm 9.099245145094e-07 true resid norm 5.484058905962e-07 ||r(i)||/||b|| 2.558866417014e-04
  477 KSP Residual norm 8.997421838042e-07
  477 KSP preconditioned resid norm 8.997421838042e-07 true resid norm 5.417347860976e-07 ||r(i)||/||b|| 2.527738988300e-04
  478 KSP Residual norm 8.893808499877e-07
  478 KSP preconditioned resid norm 8.893808499877e-07 true resid norm 5.364242405507e-07 ||r(i)||/||b|| 2.502959938897e-04
  479 KSP Residual norm 8.788648695019e-07
  479 KSP preconditioned resid norm 8.788648695019e-07 true resid norm 5.301482864988e-07 ||r(i)||/||b|| 2.473676285433e-04
  480 KSP Residual norm 8.681274666350e-07
  480 KSP preconditioned resid norm 8.681274666350e-07 true resid norm 5.245140783115e-07 ||r(i)||/||b|| 2.447387023475e-04
  481 KSP Residual norm 8.575736242812e-07
  481 KSP preconditioned resid norm 8.575736242812e-07 true resid norm 5.173394662410e-07 ||r(i)||/||b|| 2.413910224270e-04
  482 KSP Residual norm 8.477477435189e-07
  482 KSP preconditioned resid norm 8.477477435189e-07 true resid norm 5.109477919508e-07 ||r(i)||/||b|| 2.384086619218e-04
  483 KSP Residual norm 8.382966964504e-07
  483 KSP preconditioned resid norm 8.382966964504e-07 true resid norm 5.050842725514e-07 ||r(i)||/||b|| 2.356727389249e-04
  484 KSP Residual norm 8.288948448827e-07
  484 KSP preconditioned resid norm 8.288948448827e-07 true resid norm 4.993954364053e-07 ||r(i)||/||b|| 2.330183232785e-04
  485 KSP Residual norm 8.201107533593e-07
  485 KSP preconditioned resid norm 8.201107533593e-07 true resid norm 4.926013167510e-07 ||r(i)||/||b|| 2.298481814338e-04
  486 KSP Residual norm 8.121286773841e-07
  486 KSP preconditioned resid norm 8.121286773841e-07 true resid norm 4.874280360291e-07 ||r(i)||/||b|| 2.274343243743e-04
  487 KSP Residual norm 8.040708516416e-07
  487 KSP preconditioned resid norm 8.040708516416e-07 true resid norm 4.830474239682e-07 ||r(i)||/||b|| 2.253903271669e-04
  488 KSP Residual norm 7.959902902489e-07
  488 KSP preconditioned resid norm 7.959902902489e-07 true resid norm 4.777402161838e-07 ||r(i)||/||b|| 2.229139796294e-04
  489 KSP Residual norm 7.881055544716e-07
  489 KSP preconditioned resid norm 7.881055544716e-07 true resid norm 4.732651129113e-07 ||r(i)||/||b|| 2.208258927446e-04
  490 KSP Residual norm 7.799019190066e-07
  490 KSP preconditioned resid norm 7.799019190066e-07 true resid norm 4.690949098380e-07 ||r(i)||/||b|| 2.188800725447e-04
  491 KSP Residual norm 7.720307978584e-07
  491 KSP preconditioned resid norm 7.720307978584e-07 true resid norm 4.637697387106e-07 ||r(i)||/||b|| 2.163953432965e-04
  492 KSP Residual norm 7.643552522295e-07
  492 KSP preconditioned resid norm 7.643552522295e-07 true resid norm 4.596067857504e-07 ||r(i)||/||b|| 2.144529060054e-04
  493 KSP Residual norm 7.570725305471e-07
  493 KSP preconditioned resid norm 7.570725305471e-07 true resid norm 4.536130996373e-07 ||r(i)||/||b|| 2.116562471125e-04
  494 KSP Residual norm 7.506578379993e-07
  494 KSP preconditioned resid norm 7.506578379993e-07 true resid norm 4.491209427393e-07 ||r(i)||/||b|| 2.095602029920e-04
  495 KSP Residual norm 7.442625428418e-07
  495 KSP preconditioned resid norm 7.442625428418e-07 true resid norm 4.453921631435e-07 ||r(i)||/||b|| 2.078203513515e-04
  496 KSP Residual norm 7.382327993316e-07
  496 KSP preconditioned resid norm 7.382327993316e-07 true resid norm 4.407410018262e-07 ||r(i)||/||b|| 2.056501156375e-04
  497 KSP Residual norm 7.325658606704e-07
  497 KSP preconditioned resid norm 7.325658606704e-07 true resid norm 4.372763971143e-07 ||r(i)||/||b|| 2.040335282161e-04
  498 KSP Residual norm 7.263170654665e-07
  498 KSP preconditioned resid norm 7.263170654665e-07 true resid norm 4.336045120147e-07 ||r(i)||/||b|| 2.023202235946e-04
  499 KSP Residual norm 7.204281307127e-07
  499 KSP preconditioned resid norm 7.204281307127e-07 true resid norm 4.319655757772e-07 ||r(i)||/||b|| 2.015554945919e-04
  500 KSP Residual norm 7.146619101014e-07
  500 KSP preconditioned resid norm 7.146619101014e-07 true resid norm 4.330690268217e-07 ||r(i)||/||b|| 2.020703657611e-04
  501 KSP Residual norm 7.096017141922e-07
  501 KSP preconditioned resid norm 7.096017141922e-07 true resid norm 4.243836259634e-07 ||r(i)||/||b|| 1.980177505438e-04
  502 KSP Residual norm 7.043507508360e-07
  502 KSP preconditioned resid norm 7.043507508360e-07 true resid norm 4.194448034248e-07 ||r(i)||/||b|| 1.957132918663e-04
  503 KSP Residual norm 6.987629830455e-07
  503 KSP preconditioned resid norm 6.987629830455e-07 true resid norm 4.159863178944e-07 ||r(i)||/||b|| 1.940995596601e-04
  504 KSP Residual norm 6.940492618464e-07
  504 KSP preconditioned resid norm 6.940492618464e-07 true resid norm 4.132911751421e-07 ||r(i)||/||b|| 1.928420038249e-04
  505 KSP Residual norm 6.889594959597e-07
  505 KSP preconditioned resid norm 6.889594959597e-07 true resid norm 4.116169033712e-07 ||r(i)||/||b|| 1.920607872331e-04
  506 KSP Residual norm 6.836337484803e-07
  506 KSP preconditioned resid norm 6.836337484803e-07 true resid norm 4.078826368279e-07 ||r(i)||/||b|| 1.903183753784e-04
  507 KSP Residual norm 6.785618219280e-07
  507 KSP preconditioned resid norm 6.785618219280e-07 true resid norm 4.052681288238e-07 ||r(i)||/||b|| 1.890984437833e-04
  508 KSP Residual norm 6.728239846043e-07
  508 KSP preconditioned resid norm 6.728239846043e-07 true resid norm 4.033118254418e-07 ||r(i)||/||b|| 1.881856310088e-04
  509 KSP Residual norm 6.669244076889e-07
  509 KSP preconditioned resid norm 6.669244076889e-07 true resid norm 3.995143641258e-07 ||r(i)||/||b|| 1.864137324208e-04
  510 KSP Residual norm 6.609524340721e-07
  510 KSP preconditioned resid norm 6.609524340721e-07 true resid norm 3.964068943175e-07 ||r(i)||/||b|| 1.849637844406e-04
  511 KSP Residual norm 6.547930233508e-07
  511 KSP preconditioned resid norm 6.547930233508e-07 true resid norm 3.919421997074e-07 ||r(i)||/||b|| 1.828805542463e-04
  512 KSP Residual norm 6.489689319803e-07
  512 KSP preconditioned resid norm 6.489689319803e-07 true resid norm 3.884216058736e-07 ||r(i)||/||b|| 1.812378422544e-04
  513 KSP Residual norm 6.430489419898e-07
  513 KSP preconditioned resid norm 6.430489419898e-07 true resid norm 3.854327440740e-07 ||r(i)||/||b|| 1.798432368690e-04
  514 KSP Residual norm 6.373547745097e-07
  514 KSP preconditioned resid norm 6.373547745097e-07 true resid norm 3.815276851223e-07 ||r(i)||/||b|| 1.780211331354e-04
  515 KSP Residual norm 6.316697166995e-07
  515 KSP preconditioned resid norm 6.316697166995e-07 true resid norm 3.787535981487e-07 ||r(i)||/||b|| 1.767267418613e-04
  516 KSP Residual norm 6.252032729268e-07
  516 KSP preconditioned resid norm 6.252032729268e-07 true resid norm 3.762066690688e-07 ||r(i)||/||b|| 1.755383426480e-04
  517 KSP Residual norm 6.183082511706e-07
  517 KSP preconditioned resid norm 6.183082511706e-07 true resid norm 3.724916881447e-07 ||r(i)||/||b|| 1.738049294792e-04
  518 KSP Residual norm 6.113905996053e-07
  518 KSP preconditioned resid norm 6.113905996053e-07 true resid norm 3.688193151820e-07 ||r(i)||/||b|| 1.720913972203e-04
  519 KSP Residual norm 6.041365790766e-07
  519 KSP preconditioned resid norm 6.041365790766e-07 true resid norm 3.649228957241e-07 ||r(i)||/||b|| 1.702733246816e-04
  520 KSP Residual norm 5.963767353774e-07
  520 KSP preconditioned resid norm 5.963767353774e-07 true resid norm 3.607865489259e-07 ||r(i)||/||b|| 1.683433018477e-04
  521 KSP Residual norm 5.887088797806e-07
  521 KSP preconditioned resid norm 5.887088797806e-07 true resid norm 3.554461074817e-07 ||r(i)||/||b|| 1.658514474570e-04
  522 KSP Residual norm 5.816407485916e-07
  522 KSP preconditioned resid norm 5.816407485916e-07 true resid norm 3.509018417824e-07 ||r(i)||/||b|| 1.637310893268e-04
  523 KSP Residual norm 5.749968362481e-07
  523 KSP preconditioned resid norm 5.749968362481e-07 true resid norm 3.460996278833e-07 ||r(i)||/||b|| 1.614903723534e-04
  524 KSP Residual norm 5.686508676215e-07
  524 KSP preconditioned resid norm 5.686508676215e-07 true resid norm 3.425394394034e-07 ||r(i)||/||b|| 1.598291854669e-04
  525 KSP Residual norm 5.618999918561e-07
  525 KSP preconditioned resid norm 5.618999918561e-07 true resid norm 3.393212680128e-07 ||r(i)||/||b|| 1.583275840368e-04
  526 KSP Residual norm 5.549029228263e-07
  526 KSP preconditioned resid norm 5.549029228263e-07 true resid norm 3.356485869704e-07 ||r(i)||/||b|| 1.566139080277e-04
  527 KSP Residual norm 5.479342715550e-07
  527 KSP preconditioned resid norm 5.479342715550e-07 true resid norm 3.312161541842e-07 ||r(i)||/||b|| 1.545457312271e-04
  528 KSP Residual norm 5.412553497930e-07
  528 KSP preconditioned resid norm 5.412553497930e-07 true resid norm 3.267521727517e-07 ||r(i)||/||b|| 1.524628338021e-04
  529 KSP Residual norm 5.347940531789e-07
  529 KSP preconditioned resid norm 5.347940531789e-07 true resid norm 3.224636471362e-07 ||r(i)||/||b|| 1.504618042063e-04
  530 KSP Residual norm 5.286830842890e-07
  530 KSP preconditioned resid norm 5.286830842890e-07 true resid norm 3.185254022038e-07 ||r(i)||/||b|| 1.486242158667e-04
  531 KSP Residual norm 5.224151344073e-07
  531 KSP preconditioned resid norm 5.224151344073e-07 true resid norm 3.155846100220e-07 ||r(i)||/||b|| 1.472520398047e-04
  532 KSP Residual norm 5.160226884547e-07
  532 KSP preconditioned resid norm 5.160226884547e-07 true resid norm 3.113087009904e-07 ||r(i)||/||b|| 1.452568971173e-04
  533 KSP Residual norm 5.099657870343e-07
  533 KSP preconditioned resid norm 5.099657870343e-07 true resid norm 3.074638263252e-07 ||r(i)||/||b|| 1.434628754215e-04
  534 KSP Residual norm 5.040264602656e-07
  534 KSP preconditioned resid norm 5.040264602656e-07 true resid norm 3.038840937362e-07 ||r(i)||/||b|| 1.417925692376e-04
  535 KSP Residual norm 4.983202829574e-07
  535 KSP preconditioned resid norm 4.983202829574e-07 true resid norm 3.003059806642e-07 ||r(i)||/||b|| 1.401230187215e-04
  536 KSP Residual norm 4.926823436492e-07
  536 KSP preconditioned resid norm 4.926823436492e-07 true resid norm 2.971903340149e-07 ||r(i)||/||b|| 1.386692554205e-04
  537 KSP Residual norm 4.866861822196e-07
  537 KSP preconditioned resid norm 4.866861822196e-07 true resid norm 2.944880661761e-07 ||r(i)||/||b|| 1.374083750140e-04
  538 KSP Residual norm 4.800924609065e-07
  538 KSP preconditioned resid norm 4.800924609065e-07 true resid norm 2.911335588112e-07 ||r(i)||/||b|| 1.358431591057e-04
  539 KSP Residual norm 4.736390065742e-07
  539 KSP preconditioned resid norm 4.736390065742e-07 true resid norm 2.866539650978e-07 ||r(i)||/||b|| 1.337529769775e-04
  540 KSP Residual norm 4.671840330089e-07
  540 KSP preconditioned resid norm 4.671840330089e-07 true resid norm 2.836868720567e-07 ||r(i)||/||b|| 1.323685289129e-04
  541 KSP Residual norm 4.601829204337e-07
  541 KSP preconditioned resid norm 4.601829204337e-07 true resid norm 2.798076239034e-07 ||r(i)||/||b|| 1.305584685191e-04
  542 KSP Residual norm 4.533862355326e-07
  542 KSP preconditioned resid norm 4.533862355326e-07 true resid norm 2.750981089307e-07 ||r(i)||/||b|| 1.283610049413e-04
  543 KSP Residual norm 4.471361808194e-07
  543 KSP preconditioned resid norm 4.471361808194e-07 true resid norm 2.707517587758e-07 ||r(i)||/||b|| 1.263329943677e-04
  544 KSP Residual norm 4.409954081094e-07
  544 KSP preconditioned resid norm 4.409954081094e-07 true resid norm 2.678647128564e-07 ||r(i)||/||b|| 1.249858963561e-04
  545 KSP Residual norm 4.342143610577e-07
  545 KSP preconditioned resid norm 4.342143610577e-07 true resid norm 2.646490541702e-07 ||r(i)||/||b|| 1.234854673560e-04
  546 KSP Residual norm 4.275290351357e-07
  546 KSP preconditioned resid norm 4.275290351357e-07 true resid norm 2.600905977359e-07 ||r(i)||/||b|| 1.213584878171e-04
  547 KSP Residual norm 4.207676054344e-07
  547 KSP preconditioned resid norm 4.207676054344e-07 true resid norm 2.570316849476e-07 ||r(i)||/||b|| 1.199311965825e-04
  548 KSP Residual norm 4.136209347684e-07
  548 KSP preconditioned resid norm 4.136209347684e-07 true resid norm 2.527725688449e-07 ||r(i)||/||b|| 1.179438894897e-04
  549 KSP Residual norm 4.067745214864e-07
  549 KSP preconditioned resid norm 4.067745214864e-07 true resid norm 2.481029100084e-07 ||r(i)||/||b|| 1.157650228180e-04
  550 KSP Residual norm 3.999781844821e-07
  550 KSP preconditioned resid norm 3.999781844821e-07 true resid norm 2.444893320450e-07 ||r(i)||/||b|| 1.140789243544e-04
  551 KSP Residual norm 3.928326476904e-07
  551 KSP preconditioned resid norm 3.928326476904e-07 true resid norm 2.406160877687e-07 ||r(i)||/||b|| 1.122716653746e-04
  552 KSP Residual norm 3.858863242081e-07
  552 KSP preconditioned resid norm 3.858863242081e-07 true resid norm 2.358551276500e-07 ||r(i)||/||b|| 1.100501974492e-04
  553 KSP Residual norm 3.791277082818e-07
  553 KSP preconditioned resid norm 3.791277082818e-07 true resid norm 2.322148847643e-07 ||r(i)||/||b|| 1.083516571108e-04
  554 KSP Residual norm 3.724081825390e-07
  554 KSP preconditioned resid norm 3.724081825390e-07 true resid norm 2.277574013145e-07 ||r(i)||/||b|| 1.062717916499e-04
  555 KSP Residual norm 3.659807244872e-07
  555 KSP preconditioned resid norm 3.659807244872e-07 true resid norm 2.240578673765e-07 ||r(i)||/||b|| 1.045455860575e-04
  556 KSP Residual norm 3.594950499203e-07
  556 KSP preconditioned resid norm 3.594950499203e-07 true resid norm 2.199661485935e-07 ||r(i)||/||b|| 1.026363866923e-04
  557 KSP Residual norm 3.535481671454e-07
  557 KSP preconditioned resid norm 3.535481671454e-07 true resid norm 2.156102940628e-07 ||r(i)||/||b|| 1.006039413691e-04
  558 KSP Residual norm 3.474816594141e-07
  558 KSP preconditioned resid norm 3.474816594141e-07 true resid norm 2.131827856296e-07 ||r(i)||/||b|| 9.947126392827e-05
  559 KSP Residual norm 3.406337335698e-07
  559 KSP preconditioned resid norm 3.406337335698e-07 true resid norm 2.097786422900e-07 ||r(i)||/||b|| 9.788288783315e-05
  560 KSP Residual norm 3.337968245249e-07
  560 KSP preconditioned resid norm 3.337968245249e-07 true resid norm 2.052321739620e-07 ||r(i)||/||b|| 9.576150195457e-05
  561 KSP Residual norm 3.273739676306e-07
  561 KSP preconditioned resid norm 3.273739676306e-07 true resid norm 2.009243601321e-07 ||r(i)||/||b|| 9.375147246194e-05
  562 KSP Residual norm 3.212898795765e-07
  562 KSP preconditioned resid norm 3.212898795765e-07 true resid norm 1.969961003859e-07 ||r(i)||/||b|| 9.191854321845e-05
  563 KSP Residual norm 3.152454123746e-07
  563 KSP preconditioned resid norm 3.152454123746e-07 true resid norm 1.938521310930e-07 ||r(i)||/||b|| 9.045156454851e-05
  564 KSP Residual norm 3.089017325701e-07
  564 KSP preconditioned resid norm 3.089017325701e-07 true resid norm 1.903488131860e-07 ||r(i)||/||b|| 8.881691351829e-05
  565 KSP Residual norm 3.028743531807e-07
  565 KSP preconditioned resid norm 3.028743531807e-07 true resid norm 1.858928634131e-07 ||r(i)||/||b|| 8.673776367234e-05
  566 KSP Residual norm 2.973654201395e-07
  566 KSP preconditioned resid norm 2.973654201395e-07 true resid norm 1.821970660496e-07 ||r(i)||/||b|| 8.501330156866e-05
  567 KSP Residual norm 2.917551113092e-07
  567 KSP preconditioned resid norm 2.917551113092e-07 true resid norm 1.796580908215e-07 ||r(i)||/||b|| 8.382861362926e-05
  568 KSP Residual norm 2.855242268073e-07
  568 KSP preconditioned resid norm 2.855242268073e-07 true resid norm 1.766837555750e-07 ||r(i)||/||b|| 8.244078634554e-05
  569 KSP Residual norm 2.792842724432e-07
  569 KSP preconditioned resid norm 2.792842724432e-07 true resid norm 1.725456433438e-07 ||r(i)||/||b|| 8.050993975913e-05
  570 KSP Residual norm 2.732032385138e-07
  570 KSP preconditioned resid norm 2.732032385138e-07 true resid norm 1.690600058831e-07 ||r(i)||/||b|| 7.888353843976e-05
  571 KSP Residual norm 2.670311709228e-07
  571 KSP preconditioned resid norm 2.670311709228e-07 true resid norm 1.654703334486e-07 ||r(i)||/||b|| 7.720859431571e-05
  572 KSP Residual norm 2.610649385653e-07
  572 KSP preconditioned resid norm 2.610649385653e-07 true resid norm 1.614906837256e-07 ||r(i)||/||b|| 7.535168646655e-05
  573 KSP Residual norm 2.552945213107e-07
  573 KSP preconditioned resid norm 2.552945213107e-07 true resid norm 1.583723677213e-07 ||r(i)||/||b|| 7.389667764227e-05
  574 KSP Residual norm 2.490038518735e-07
  574 KSP preconditioned resid norm 2.490038518735e-07 true resid norm 1.555421312011e-07 ||r(i)||/||b|| 7.257608694331e-05
  575 KSP Residual norm 2.429077215924e-07
  575 KSP preconditioned resid norm 2.429077215924e-07 true resid norm 1.505977556208e-07 ||r(i)||/||b|| 7.026903721199e-05
  576 KSP Residual norm 2.374323601670e-07
  576 KSP preconditioned resid norm 2.374323601670e-07 true resid norm 1.471169701397e-07 ||r(i)||/||b|| 6.864489983034e-05
  577 KSP Residual norm 2.321019838957e-07
  577 KSP preconditioned resid norm 2.321019838957e-07 true resid norm 1.436836035385e-07 ||r(i)||/||b|| 6.704288813721e-05
  578 KSP Residual norm 2.268940460673e-07
  578 KSP preconditioned resid norm 2.268940460673e-07 true resid norm 1.406712075867e-07 ||r(i)||/||b|| 6.563730169693e-05
  579 KSP Residual norm 2.214192705319e-07
  579 KSP preconditioned resid norm 2.214192705319e-07 true resid norm 1.380011946914e-07 ||r(i)||/||b|| 6.439147147376e-05
  580 KSP Residual norm 2.155335943949e-07
  580 KSP preconditioned resid norm 2.155335943949e-07 true resid norm 1.349194811328e-07 ||r(i)||/||b|| 6.295354138088e-05
  581 KSP Residual norm 2.097282062674e-07
  581 KSP preconditioned resid norm 2.097282062674e-07 true resid norm 1.311639875155e-07 ||r(i)||/||b|| 6.120122495590e-05
  582 KSP Residual norm 2.039593462370e-07
  582 KSP preconditioned resid norm 2.039593462370e-07 true resid norm 1.283902658030e-07 ||r(i)||/||b|| 5.990700411289e-05
  583 KSP Residual norm 1.980928703864e-07
  583 KSP preconditioned resid norm 1.980928703864e-07 true resid norm 1.243948074371e-07 ||r(i)||/||b|| 5.804271993789e-05
  584 KSP Residual norm 1.930766553151e-07
  584 KSP preconditioned resid norm 1.930766553151e-07 true resid norm 1.198674893448e-07 ||r(i)||/||b|| 5.593026957512e-05
  585 KSP Residual norm 1.887958287952e-07
  585 KSP preconditioned resid norm 1.887958287952e-07 true resid norm 1.166449247290e-07 ||r(i)||/||b|| 5.442661826258e-05
  586 KSP Residual norm 1.848470233124e-07
  586 KSP preconditioned resid norm 1.848470233124e-07 true resid norm 1.140866573649e-07 ||r(i)||/||b|| 5.323292859655e-05
  587 KSP Residual norm 1.809129965678e-07
  587 KSP preconditioned resid norm 1.809129965678e-07 true resid norm 1.118659828240e-07 ||r(i)||/||b|| 5.219676002084e-05
  588 KSP Residual norm 1.770504675171e-07
  588 KSP preconditioned resid norm 1.770504675171e-07 true resid norm 1.090589749334e-07 ||r(i)||/||b|| 5.088700781964e-05
  589 KSP Residual norm 1.736001055087e-07
  589 KSP preconditioned resid norm 1.736001055087e-07 true resid norm 1.064232444951e-07 ||r(i)||/||b|| 4.965717381922e-05
  590 KSP Residual norm 1.703470917176e-07
  590 KSP preconditioned resid norm 1.703470917176e-07 true resid norm 1.048087785134e-07 ||r(i)||/||b|| 4.890386265813e-05
  591 KSP Residual norm 1.670787838246e-07
  591 KSP preconditioned resid norm 1.670787838246e-07 true resid norm 1.028575553706e-07 ||r(i)||/||b|| 4.799342032738e-05
  592 KSP Residual norm 1.639003066485e-07
  592 KSP preconditioned resid norm 1.639003066485e-07 true resid norm 1.008112884815e-07 ||r(i)||/||b|| 4.703863050610e-05
  593 KSP Residual norm 1.607194434243e-07
  593 KSP preconditioned resid norm 1.607194434243e-07 true resid norm 9.869651335723e-08 ||r(i)||/||b|| 4.605187468567e-05
  594 KSP Residual norm 1.576620264606e-07
  594 KSP preconditioned resid norm 1.576620264606e-07 true resid norm 9.688439671287e-08 ||r(i)||/||b|| 4.520633956206e-05
  595 KSP Residual norm 1.546905457399e-07
  595 KSP preconditioned resid norm 1.546905457399e-07 true resid norm 9.523086435491e-08 ||r(i)||/||b|| 4.443479999752e-05
  596 KSP Residual norm 1.517789010458e-07
  596 KSP preconditioned resid norm 1.517789010458e-07 true resid norm 9.303894184289e-08 ||r(i)||/||b|| 4.341204714222e-05
  597 KSP Residual norm 1.490121621043e-07
  597 KSP preconditioned resid norm 1.490121621043e-07 true resid norm 9.084232337430e-08 ||r(i)||/||b|| 4.238710314970e-05
  598 KSP Residual norm 1.461207294418e-07
  598 KSP preconditioned resid norm 1.461207294418e-07 true resid norm 8.969783280227e-08 ||r(i)||/||b|| 4.185308290310e-05
  599 KSP Residual norm 1.437523794038e-07
  599 KSP preconditioned resid norm 1.437523794038e-07 true resid norm 8.735614293793e-08 ||r(i)||/||b|| 4.076044847745e-05
  600 KSP Residual norm 1.418406108950e-07
  600 KSP preconditioned resid norm 1.418406108950e-07 true resid norm 8.808851810231e-08 ||r(i)||/||b|| 4.110217533431e-05
  601 KSP Residual norm 1.401623896989e-07
  601 KSP preconditioned resid norm 1.401623896989e-07 true resid norm 8.488671107208e-08 ||r(i)||/||b|| 3.960820952834e-05
  602 KSP Residual norm 1.380655293635e-07
  602 KSP preconditioned resid norm 1.380655293635e-07 true resid norm 8.430778540687e-08 ||r(i)||/||b|| 3.933808233459e-05
  603 KSP Residual norm 1.355112190141e-07
  603 KSP preconditioned resid norm 1.355112190141e-07 true resid norm 8.225090342662e-08 ||r(i)||/||b|| 3.837833950300e-05
  604 KSP Residual norm 1.332641507817e-07
  604 KSP preconditioned resid norm 1.332641507817e-07 true resid norm 8.128664166426e-08 ||r(i)||/||b|| 3.792841416791e-05
  605 KSP Residual norm 1.309664110203e-07
  605 KSP preconditioned resid norm 1.309664110203e-07 true resid norm 8.037892334381e-08 ||r(i)||/||b|| 3.750487204953e-05
  606 KSP Residual norm 1.286644238428e-07
  606 KSP preconditioned resid norm 1.286644238428e-07 true resid norm 7.868432841658e-08 ||r(i)||/||b|| 3.671417265624e-05
  607 KSP Residual norm 1.264416495120e-07
  607 KSP preconditioned resid norm 1.264416495120e-07 true resid norm 7.723249724758e-08 ||r(i)||/||b|| 3.603674703314e-05
  608 KSP Residual norm 1.242236158011e-07
  608 KSP preconditioned resid norm 1.242236158011e-07 true resid norm 7.606096595149e-08 ||r(i)||/||b|| 3.549010956234e-05
  609 KSP Residual norm 1.220817904744e-07
  609 KSP preconditioned resid norm 1.220817904744e-07 true resid norm 7.490013491581e-08 ||r(i)||/||b|| 3.494846484190e-05
  610 KSP Residual norm 1.199336170506e-07
  610 KSP preconditioned resid norm 1.199336170506e-07 true resid norm 7.350418349893e-08 ||r(i)||/||b|| 3.429711275730e-05
  611 KSP Residual norm 1.178565774913e-07
  611 KSP preconditioned resid norm 1.178565774913e-07 true resid norm 7.195526357616e-08 ||r(i)||/||b|| 3.357438544146e-05
  612 KSP Residual norm 1.157135645830e-07
  612 KSP preconditioned resid norm 1.157135645830e-07 true resid norm 7.102519242022e-08 ||r(i)||/||b|| 3.314041347158e-05
  613 KSP Residual norm 1.133909742917e-07
  613 KSP preconditioned resid norm 1.133909742917e-07 true resid norm 6.991729822660e-08 ||r(i)||/||b|| 3.262346912538e-05
  614 KSP Residual norm 1.111485002013e-07
  614 KSP preconditioned resid norm 1.111485002013e-07 true resid norm 6.838114195332e-08 ||r(i)||/||b|| 3.190669733894e-05
  615 KSP Residual norm 1.089510533078e-07
  615 KSP preconditioned resid norm 1.089510533078e-07 true resid norm 6.715710348672e-08 ||r(i)||/||b|| 3.133555997900e-05
  616 KSP Residual norm 1.066053939937e-07
  616 KSP preconditioned resid norm 1.066053939937e-07 true resid norm 6.609234304821e-08 ||r(i)||/||b|| 3.083874187857e-05
  617 KSP Residual norm 1.039310455152e-07
  617 KSP preconditioned resid norm 1.039310455152e-07 true resid norm 6.530554094398e-08 ||r(i)||/||b|| 3.047161936660e-05
  618 KSP Residual norm 1.009460202275e-07
  618 KSP preconditioned resid norm 1.009460202275e-07 true resid norm 6.362589186184e-08 ||r(i)||/||b|| 2.968789371698e-05
  619 KSP Residual norm 9.809479626365e-08
  619 KSP preconditioned resid norm 9.809479626365e-08 true resid norm 6.151519251405e-08 ||r(i)||/||b|| 2.870303965722e-05
  620 KSP Residual norm 9.529011073033e-08
  620 KSP preconditioned resid norm 9.529011073033e-08 true resid norm 5.989952537524e-08 ||r(i)||/||b|| 2.794916803522e-05
  621 KSP Residual norm 9.257543542768e-08
  621 KSP preconditioned resid norm 9.257543542768e-08 true resid norm 5.794683225156e-08 ||r(i)||/||b|| 2.703803981020e-05
  622 KSP Residual norm 9.024173982770e-08
  622 KSP preconditioned resid norm 9.024173982770e-08 true resid norm 5.610767303930e-08 ||r(i)||/||b|| 2.617988660206e-05
  623 KSP Residual norm 8.816779950299e-08
  623 KSP preconditioned resid norm 8.816779950299e-08 true resid norm 5.465918806068e-08 ||r(i)||/||b|| 2.550402231414e-05
  624 KSP Residual norm 8.615567945579e-08
  624 KSP preconditioned resid norm 8.615567945579e-08 true resid norm 5.342110919099e-08 ||r(i)||/||b|| 2.492633369052e-05
  625 KSP Residual norm 8.418227727470e-08
  625 KSP preconditioned resid norm 8.418227727470e-08 true resid norm 5.225912108149e-08 ||r(i)||/||b|| 2.438414907847e-05
  626 KSP Residual norm 8.207169323371e-08
  626 KSP preconditioned resid norm 8.207169323371e-08 true resid norm 5.141743554824e-08 ||r(i)||/||b|| 2.399141791317e-05
  627 KSP Residual norm 7.996900794788e-08
  627 KSP preconditioned resid norm 7.996900794788e-08 true resid norm 4.976081602838e-08 ||r(i)||/||b|| 2.321843787634e-05
  628 KSP Residual norm 7.815119831063e-08
  628 KSP preconditioned resid norm 7.815119831063e-08 true resid norm 4.837775367615e-08 ||r(i)||/||b|| 2.257309983996e-05
  629 KSP Residual norm 7.639500256065e-08
  629 KSP preconditioned resid norm 7.639500256065e-08 true resid norm 4.737857471771e-08 ||r(i)||/||b|| 2.210688211233e-05
  630 KSP Residual norm 7.465819398620e-08
  630 KSP preconditioned resid norm 7.465819398620e-08 true resid norm 4.624622542003e-08 ||r(i)||/||b|| 2.157852699436e-05
  631 KSP Residual norm 7.303738126137e-08
  631 KSP preconditioned resid norm 7.303738126137e-08 true resid norm 4.515804153753e-08 ||r(i)||/||b|| 2.107077949562e-05
  632 KSP Residual norm 7.143365493961e-08
  632 KSP preconditioned resid norm 7.143365493961e-08 true resid norm 4.426863581293e-08 ||r(i)||/||b|| 2.065578204960e-05
  633 KSP Residual norm 6.985083303497e-08
  633 KSP preconditioned resid norm 6.985083303497e-08 true resid norm 4.312619047360e-08 ||r(i)||/||b|| 2.012271611027e-05
  634 KSP Residual norm 6.851286070431e-08
  634 KSP preconditioned resid norm 6.851286070431e-08 true resid norm 4.195847746179e-08 ||r(i)||/||b|| 1.957786025407e-05
  635 KSP Residual norm 6.731722367886e-08
  635 KSP preconditioned resid norm 6.731722367886e-08 true resid norm 4.127488942288e-08 ||r(i)||/||b|| 1.925889751026e-05
  636 KSP Residual norm 6.604593537703e-08
  636 KSP preconditioned resid norm 6.604593537703e-08 true resid norm 4.069680093003e-08 ||r(i)||/||b|| 1.898916094183e-05
  637 KSP Residual norm 6.474306566612e-08
  637 KSP preconditioned resid norm 6.474306566612e-08 true resid norm 3.980548939971e-08 ||r(i)||/||b|| 1.857327424529e-05
  638 KSP Residual norm 6.353385318501e-08
  638 KSP preconditioned resid norm 6.353385318501e-08 true resid norm 3.898858004673e-08 ||r(i)||/||b|| 1.819210366617e-05
  639 KSP Residual norm 6.234071885297e-08
  639 KSP preconditioned resid norm 6.234071885297e-08 true resid norm 3.831916813018e-08 ||r(i)||/||b|| 1.787975551277e-05
  640 KSP Residual norm 6.113247573130e-08
  640 KSP preconditioned resid norm 6.113247573130e-08 true resid norm 3.762045179572e-08 ||r(i)||/||b|| 1.755373389376e-05
  641 KSP Residual norm 5.990178805570e-08
  641 KSP preconditioned resid norm 5.990178805570e-08 true resid norm 3.694627491074e-08 ||r(i)||/||b|| 1.723916240215e-05
  642 KSP Residual norm 5.868439229662e-08
  642 KSP preconditioned resid norm 5.868439229662e-08 true resid norm 3.610001990572e-08 ||r(i)||/||b|| 1.684429911755e-05
  643 KSP Residual norm 5.764473648372e-08
  643 KSP preconditioned resid norm 5.764473648372e-08 true resid norm 3.521807009715e-08 ||r(i)||/||b|| 1.643278060812e-05
  644 KSP Residual norm 5.667188223070e-08
  644 KSP preconditioned resid norm 5.667188223070e-08 true resid norm 3.475077288872e-08 ||r(i)||/||b|| 1.621473934453e-05
  645 KSP Residual norm 5.564064935661e-08
  645 KSP preconditioned resid norm 5.564064935661e-08 true resid norm 3.414594983353e-08 ||r(i)||/||b|| 1.593252840721e-05
  646 KSP Residual norm 5.465045950208e-08
  646 KSP preconditioned resid norm 5.465045950208e-08 true resid norm 3.349609577230e-08 ||r(i)||/||b|| 1.562930596527e-05
  647 KSP Residual norm 5.366053201389e-08
  647 KSP preconditioned resid norm 5.366053201389e-08 true resid norm 3.292052102808e-08 ||r(i)||/||b|| 1.536074231402e-05
  648 KSP Residual norm 5.270371877228e-08
  648 KSP preconditioned resid norm 5.270371877228e-08 true resid norm 3.227900115449e-08 ||r(i)||/||b|| 1.506140861091e-05
  649 KSP Residual norm 5.174684429891e-08
  649 KSP preconditioned resid norm 5.174684429891e-08 true resid norm 3.177628954215e-08 ||r(i)||/||b|| 1.482684295720e-05
  650 KSP Residual norm 5.079132597638e-08
  650 KSP preconditioned resid norm 5.079132597638e-08 true resid norm 3.113624975410e-08 ||r(i)||/||b|| 1.452819986323e-05
  651 KSP Residual norm 4.991300183322e-08
  651 KSP preconditioned resid norm 4.991300183322e-08 true resid norm 3.050627180544e-08 ||r(i)||/||b|| 1.423425163183e-05
  652 KSP Residual norm 4.908102854430e-08
  652 KSP preconditioned resid norm 4.908102854430e-08 true resid norm 3.001916139201e-08 ||r(i)||/||b|| 1.400696551042e-05
  653 KSP Residual norm 4.823476615807e-08
  653 KSP preconditioned resid norm 4.823476615807e-08 true resid norm 2.954547465070e-08 ||r(i)||/||b|| 1.378594288552e-05
  654 KSP Residual norm 4.742699017419e-08
  654 KSP preconditioned resid norm 4.742699017419e-08 true resid norm 2.895351423886e-08 ||r(i)||/||b|| 1.350973366822e-05
  655 KSP Residual norm 4.666810368536e-08
  655 KSP preconditioned resid norm 4.666810368536e-08 true resid norm 2.847867460867e-08 ||r(i)||/||b|| 1.328817310441e-05
  656 KSP Residual norm 4.595505030302e-08
  656 KSP preconditioned resid norm 4.595505030302e-08 true resid norm 2.793382461185e-08 ||r(i)||/||b|| 1.303394564568e-05
  657 KSP Residual norm 4.531696861349e-08
  657 KSP preconditioned resid norm 4.531696861349e-08 true resid norm 2.748823862303e-08 ||r(i)||/||b|| 1.282603485511e-05
  658 KSP Residual norm 4.469206698195e-08
  658 KSP preconditioned resid norm 4.469206698195e-08 true resid norm 2.712879405938e-08 ||r(i)||/||b|| 1.265831772470e-05
  659 KSP Residual norm 4.404918430715e-08
  659 KSP preconditioned resid norm 4.404918430715e-08 true resid norm 2.680107842152e-08 ||r(i)||/||b|| 1.250540533728e-05
  660 KSP Residual norm 4.337907465201e-08
  660 KSP preconditioned resid norm 4.337907465201e-08 true resid norm 2.640794439201e-08 ||r(i)||/||b|| 1.232196867427e-05
  661 KSP Residual norm 4.276577182454e-08
  661 KSP preconditioned resid norm 4.276577182454e-08 true resid norm 2.592946446283e-08 ||r(i)||/||b|| 1.209870954394e-05
  662 KSP Residual norm 4.219238667138e-08
  662 KSP preconditioned resid norm 4.219238667138e-08 true resid norm 2.559774325067e-08 ||r(i)||/||b|| 1.194392815224e-05
  663 KSP Residual norm 4.162332439536e-08
  663 KSP preconditioned resid norm 4.162332439536e-08 true resid norm 2.523033396816e-08 ||r(i)||/||b|| 1.177249467744e-05
  664 KSP Residual norm 4.110176114098e-08
  664 KSP preconditioned resid norm 4.110176114098e-08 true resid norm 2.483496579906e-08 ||r(i)||/||b|| 1.158801556304e-05
  665 KSP Residual norm 4.062914384600e-08
  665 KSP preconditioned resid norm 4.062914384600e-08 true resid norm 2.451316961308e-08 ||r(i)||/||b|| 1.143786519676e-05
  666 KSP Residual norm 4.015995678867e-08
  666 KSP preconditioned resid norm 4.015995678867e-08 true resid norm 2.426450200933e-08 ||r(i)||/||b|| 1.132183668738e-05
  667 KSP Residual norm 3.967126108994e-08
  667 KSP preconditioned resid norm 3.967126108994e-08 true resid norm 2.397764540328e-08 ||r(i)||/||b|| 1.118798915796e-05
  668 KSP Residual norm 3.919598646549e-08
  668 KSP preconditioned resid norm 3.919598646549e-08 true resid norm 2.366247054939e-08 ||r(i)||/||b|| 1.104092831071e-05
  669 KSP Residual norm 3.872908241299e-08
  669 KSP preconditioned resid norm 3.872908241299e-08 true resid norm 2.339936118300e-08 ||r(i)||/||b|| 1.091816126294e-05
  670 KSP Residual norm 3.827044359715e-08
  670 KSP preconditioned resid norm 3.827044359715e-08 true resid norm 2.309753302227e-08 ||r(i)||/||b|| 1.077732799374e-05
  671 KSP Residual norm 3.782471695747e-08
  671 KSP preconditioned resid norm 3.782471695747e-08 true resid norm 2.284595746681e-08 ||r(i)||/||b|| 1.065994263169e-05
  672 KSP Residual norm 3.737406960984e-08
  672 KSP preconditioned resid norm 3.737406960984e-08 true resid norm 2.257997077231e-08 ||r(i)||/||b|| 1.053583302025e-05
  673 KSP Residual norm 3.692427134852e-08
  673 KSP preconditioned resid norm 3.692427134852e-08 true resid norm 2.234319468555e-08 ||r(i)||/||b|| 1.042535310252e-05
  674 KSP Residual norm 3.645719045687e-08
  674 KSP preconditioned resid norm 3.645719045687e-08 true resid norm 2.207884789786e-08 ||r(i)||/||b|| 1.030200867295e-05
  675 KSP Residual norm 3.601141868116e-08
  675 KSP preconditioned resid norm 3.601141868116e-08 true resid norm 2.175365724464e-08 ||r(i)||/||b|| 1.015027444545e-05
  676 KSP Residual norm 3.559199706866e-08
  676 KSP preconditioned resid norm 3.559199706866e-08 true resid norm 2.146889135067e-08 ||r(i)||/||b|| 1.001740244403e-05
  677 KSP Residual norm 3.519676898892e-08
  677 KSP preconditioned resid norm 3.519676898892e-08 true resid norm 2.120766481004e-08 ||r(i)||/||b|| 9.895513924314e-06
  678 KSP Residual norm 3.480505773634e-08
  678 KSP preconditioned resid norm 3.480505773634e-08 true resid norm 2.098675218953e-08 ||r(i)||/||b|| 9.792435913041e-06
  679 KSP Residual norm 3.441046028078e-08
  679 KSP preconditioned resid norm 3.441046028078e-08 true resid norm 2.077219335599e-08 ||r(i)||/||b|| 9.692322584025e-06
  680 KSP Residual norm 3.398736652484e-08
  680 KSP preconditioned resid norm 3.398736652484e-08 true resid norm 2.057168748091e-08 ||r(i)||/||b|| 9.598766377031e-06
  681 KSP Residual norm 3.357261802352e-08
  681 KSP preconditioned resid norm 3.357261802352e-08 true resid norm 2.026869060464e-08 ||r(i)||/||b|| 9.457387784199e-06
  682 KSP Residual norm 3.319250091627e-08
  682 KSP preconditioned resid norm 3.319250091627e-08 true resid norm 2.002360916253e-08 ||r(i)||/||b|| 9.343032580799e-06
  683 KSP Residual norm 3.282988370402e-08
  683 KSP preconditioned resid norm 3.282988370402e-08 true resid norm 1.978816331488e-08 ||r(i)||/||b|| 9.233173353736e-06
  684 KSP Residual norm 3.247766218155e-08
  684 KSP preconditioned resid norm 3.247766218155e-08 true resid norm 1.955669525848e-08 ||r(i)||/||b|| 9.125170167356e-06
  685 KSP Residual norm 3.215398421672e-08
  685 KSP preconditioned resid norm 3.215398421672e-08 true resid norm 1.929960636002e-08 ||r(i)||/||b|| 9.005212274899e-06
  686 KSP Residual norm 3.186539721530e-08
  686 KSP preconditioned resid norm 3.186539721530e-08 true resid norm 1.909784423649e-08 ||r(i)||/||b|| 8.911069901347e-06
  687 KSP Residual norm 3.157838606651e-08
  687 KSP preconditioned resid norm 3.157838606651e-08 true resid norm 1.895701026709e-08 ||r(i)||/||b|| 8.845356654852e-06
  688 KSP Residual norm 3.127677838578e-08
  688 KSP preconditioned resid norm 3.127677838578e-08 true resid norm 1.877280686171e-08 ||r(i)||/||b|| 8.759407193693e-06
  689 KSP Residual norm 3.098460358945e-08
  689 KSP preconditioned resid norm 3.098460358945e-08 true resid norm 1.858506595063e-08 ||r(i)||/||b|| 8.671807129454e-06
  690 KSP Residual norm 3.069168353731e-08
  690 KSP preconditioned resid norm 3.069168353731e-08 true resid norm 1.843134206123e-08 ||r(i)||/||b|| 8.600079435636e-06
  691 KSP Residual norm 3.040735123660e-08
  691 KSP preconditioned resid norm 3.040735123660e-08 true resid norm 1.825378790475e-08 ||r(i)||/||b|| 8.517232519509e-06
  692 KSP Residual norm 3.012777883279e-08
  692 KSP preconditioned resid norm 3.012777883279e-08 true resid norm 1.809733034549e-08 ||r(i)||/||b|| 8.444229293078e-06
  693 KSP Residual norm 2.985971322238e-08
  693 KSP preconditioned resid norm 2.985971322238e-08 true resid norm 1.789020527422e-08 ||r(i)||/||b|| 8.347584563675e-06
  694 KSP Residual norm 2.961336365238e-08
  694 KSP preconditioned resid norm 2.961336365238e-08 true resid norm 1.772291443527e-08 ||r(i)||/||b|| 8.269526519988e-06
  695 KSP Residual norm 2.936738537733e-08
  695 KSP preconditioned resid norm 2.936738537733e-08 true resid norm 1.757668145219e-08 ||r(i)||/||b|| 8.201294089248e-06
  696 KSP Residual norm 2.913790061973e-08
  696 KSP preconditioned resid norm 2.913790061973e-08 true resid norm 1.740148726131e-08 ||r(i)||/||b|| 8.119548335023e-06
  697 KSP Residual norm 2.891960215559e-08
  697 KSP preconditioned resid norm 2.891960215559e-08 true resid norm 1.727522717683e-08 ||r(i)||/||b|| 8.060635275275e-06
  698 KSP Residual norm 2.867752266632e-08
  698 KSP preconditioned resid norm 2.867752266632e-08 true resid norm 1.710412326954e-08 ||r(i)||/||b|| 7.980798050748e-06
  699 KSP Residual norm 2.845093324376e-08
  699 KSP preconditioned resid norm 2.845093324376e-08 true resid norm 1.707211963482e-08 ||r(i)||/||b|| 7.965865128345e-06
  700 KSP Residual norm 2.822481071892e-08
  700 KSP preconditioned resid norm 2.822481071892e-08 true resid norm 1.714985209410e-08 ||r(i)||/||b|| 8.002135158076e-06
  701 KSP Residual norm 2.801841126379e-08
  701 KSP preconditioned resid norm 2.801841126379e-08 true resid norm 1.678116278292e-08 ||r(i)||/||b|| 7.830104420831e-06
  702 KSP Residual norm 2.780811124137e-08
  702 KSP preconditioned resid norm 2.780811124137e-08 true resid norm 1.655928004727e-08 ||r(i)||/||b|| 7.726573753031e-06
  703 KSP Residual norm 2.758360206575e-08
  703 KSP preconditioned resid norm 2.758360206575e-08 true resid norm 1.644955082443e-08 ||r(i)||/||b|| 7.675374006986e-06
  704 KSP Residual norm 2.739166883574e-08
  704 KSP preconditioned resid norm 2.739166883574e-08 true resid norm 1.633318845343e-08 ||r(i)||/||b|| 7.621079228529e-06
  705 KSP Residual norm 2.718908298644e-08
  705 KSP preconditioned resid norm 2.718908298644e-08 true resid norm 1.625738559622e-08 ||r(i)||/||b|| 7.585709552717e-06
  706 KSP Residual norm 2.697627308026e-08
  706 KSP preconditioned resid norm 2.697627308026e-08 true resid norm 1.611344696300e-08 ||r(i)||/||b|| 7.518547667517e-06
  707 KSP Residual norm 2.677079368197e-08
  707 KSP preconditioned resid norm 2.677079368197e-08 true resid norm 1.600880904279e-08 ||r(i)||/||b|| 7.469723527485e-06
  708 KSP Residual norm 2.654758642365e-08
  708 KSP preconditioned resid norm 2.654758642365e-08 true resid norm 1.591827957384e-08 ||r(i)||/||b|| 7.427482402470e-06
  709 KSP Residual norm 2.631901505225e-08
  709 KSP preconditioned resid norm 2.631901505225e-08 true resid norm 1.578034897865e-08 ||r(i)||/||b|| 7.363123872783e-06
  710 KSP Residual norm 2.608582696053e-08
  710 KSP preconditioned resid norm 2.608582696053e-08 true resid norm 1.564811631719e-08 ||r(i)||/||b|| 7.301424003681e-06
  711 KSP Residual norm 2.585156591953e-08
  711 KSP preconditioned resid norm 2.585156591953e-08 true resid norm 1.547519492600e-08 ||r(i)||/||b|| 7.220738739668e-06
  712 KSP Residual norm 2.562625615998e-08
  712 KSP preconditioned resid norm 2.562625615998e-08 true resid norm 1.535248583632e-08 ||r(i)||/||b|| 7.163482577024e-06
  713 KSP Residual norm 2.539571668245e-08
  713 KSP preconditioned resid norm 2.539571668245e-08 true resid norm 1.522739911011e-08 ||r(i)||/||b|| 7.105117007217e-06
  714 KSP Residual norm 2.517933401387e-08
  714 KSP preconditioned resid norm 2.517933401387e-08 true resid norm 1.507414270147e-08 ||r(i)||/||b|| 7.033607440311e-06
  715 KSP Residual norm 2.495987345888e-08
  715 KSP preconditioned resid norm 2.495987345888e-08 true resid norm 1.497151431433e-08 ||r(i)||/||b|| 6.985720950066e-06
  716 KSP Residual norm 2.471178148771e-08
  716 KSP preconditioned resid norm 2.471178148771e-08 true resid norm 1.487378496837e-08 ||r(i)||/||b|| 6.940120356489e-06
  717 KSP Residual norm 2.444569448065e-08
  717 KSP preconditioned resid norm 2.444569448065e-08 true resid norm 1.473918841118e-08 ||r(i)||/||b|| 6.877317491687e-06
  718 KSP Residual norm 2.417676787004e-08
  718 KSP preconditioned resid norm 2.417676787004e-08 true resid norm 1.459455854686e-08 ||r(i)||/||b|| 6.809833077486e-06
  719 KSP Residual norm 2.389622668839e-08
  719 KSP preconditioned resid norm 2.389622668839e-08 true resid norm 1.443991217631e-08 ||r(i)||/||b|| 6.737674953205e-06
  720 KSP Residual norm 2.359354859624e-08
  720 KSP preconditioned resid norm 2.359354859624e-08 true resid norm 1.429234934452e-08 ||r(i)||/||b|| 6.668822013959e-06
  721 KSP Residual norm 2.328968530269e-08
  721 KSP preconditioned resid norm 2.328968530269e-08 true resid norm 1.408070488453e-08 ||r(i)||/||b|| 6.570068534047e-06
  722 KSP Residual norm 2.301289847719e-08
  722 KSP preconditioned resid norm 2.301289847719e-08 true resid norm 1.389477955857e-08 ||r(i)||/||b|| 6.483315623323e-06
  723 KSP Residual norm 2.275317302341e-08
  723 KSP preconditioned resid norm 2.275317302341e-08 true resid norm 1.370746217102e-08 ||r(i)||/||b|| 6.395913175510e-06
  724 KSP Residual norm 2.250239310362e-08
  724 KSP preconditioned resid norm 2.250239310362e-08 true resid norm 1.356953170295e-08 ||r(i)||/||b|| 6.331554705138e-06
  725 KSP Residual norm 2.223663710623e-08
  725 KSP preconditioned resid norm 2.223663710623e-08 true resid norm 1.344252967061e-08 ||r(i)||/||b|| 6.272295451904e-06
  726 KSP Residual norm 2.195919237243e-08
  726 KSP preconditioned resid norm 2.195919237243e-08 true resid norm 1.330822956734e-08 ||r(i)||/||b|| 6.209630912745e-06
  727 KSP Residual norm 2.167782523616e-08
  727 KSP preconditioned resid norm 2.167782523616e-08 true resid norm 1.312842613397e-08 ||r(i)||/||b|| 6.125734482163e-06
  728 KSP Residual norm 2.141152005312e-08
  728 KSP preconditioned resid norm 2.141152005312e-08 true resid norm 1.294025236073e-08 ||r(i)||/||b|| 6.037932444083e-06
  729 KSP Residual norm 2.115536525937e-08
  729 KSP preconditioned resid norm 2.115536525937e-08 true resid norm 1.277368759056e-08 ||r(i)||/||b|| 5.960213184686e-06
  730 KSP Residual norm 2.091159225633e-08
  730 KSP preconditioned resid norm 2.091159225633e-08 true resid norm 1.261686089583e-08 ||r(i)||/||b|| 5.887037719341e-06
  731 KSP Residual norm 2.066590414013e-08
  731 KSP preconditioned resid norm 2.066590414013e-08 true resid norm 1.249124989692e-08 ||r(i)||/||b|| 5.828427523455e-06
  732 KSP Residual norm 2.041894506889e-08
  732 KSP preconditioned resid norm 2.041894506889e-08 true resid norm 1.232806523646e-08 ||r(i)||/||b|| 5.752285426047e-06
  733 KSP Residual norm 2.017656600120e-08
  733 KSP preconditioned resid norm 2.017656600120e-08 true resid norm 1.218882340875e-08 ||r(i)||/||b|| 5.687315074178e-06
  734 KSP Residual norm 1.993856327002e-08
  734 KSP preconditioned resid norm 1.993856327002e-08 true resid norm 1.203301591614e-08 ||r(i)||/||b|| 5.614615169383e-06
  735 KSP Residual norm 1.971763784853e-08
  735 KSP preconditioned resid norm 1.971763784853e-08 true resid norm 1.188867341076e-08 ||r(i)||/||b|| 5.547264837105e-06
  736 KSP Residual norm 1.949827864368e-08
  736 KSP preconditioned resid norm 1.949827864368e-08 true resid norm 1.177231248855e-08 ||r(i)||/||b|| 5.492970734650e-06
  737 KSP Residual norm 1.926219643551e-08
  737 KSP preconditioned resid norm 1.926219643551e-08 true resid norm 1.166539890623e-08 ||r(i)||/||b|| 5.443084768799e-06
  738 KSP Residual norm 1.900544128019e-08
  738 KSP preconditioned resid norm 1.900544128019e-08 true resid norm 1.153429904898e-08 ||r(i)||/||b|| 5.381913467074e-06
  739 KSP Residual norm 1.874980908443e-08
  739 KSP preconditioned resid norm 1.874980908443e-08 true resid norm 1.137172650891e-08 ||r(i)||/||b|| 5.306056985544e-06
  740 KSP Residual norm 1.848933573999e-08
  740 KSP preconditioned resid norm 1.848933573999e-08 true resid norm 1.124836224785e-08 ||r(i)||/||b|| 5.248495119400e-06
  741 KSP Residual norm 1.821412797826e-08
  741 KSP preconditioned resid norm 1.821412797826e-08 true resid norm 1.108331592880e-08 ||r(i)||/||b|| 5.171484370550e-06
  742 KSP Residual norm 1.794649233365e-08
  742 KSP preconditioned resid norm 1.794649233365e-08 true resid norm 1.090872069987e-08 ||r(i)||/||b|| 5.090018092464e-06
  743 KSP Residual norm 1.769555909938e-08
  743 KSP preconditioned resid norm 1.769555909938e-08 true resid norm 1.073459095926e-08 ||r(i)||/||b|| 5.008769011610e-06
  744 KSP Residual norm 1.745243686067e-08
  744 KSP preconditioned resid norm 1.745243686067e-08 true resid norm 1.061263031462e-08 ||r(i)||/||b|| 4.951862074047e-06
  745 KSP Residual norm 1.718536212401e-08
  745 KSP preconditioned resid norm 1.718536212401e-08 true resid norm 1.049361125255e-08 ||r(i)||/||b|| 4.896327681337e-06
  746 KSP Residual norm 1.691275569367e-08
  746 KSP preconditioned resid norm 1.691275569367e-08 true resid norm 1.032271004409e-08 ||r(i)||/||b|| 4.816585036256e-06
  747 KSP Residual norm 1.663402490963e-08
  747 KSP preconditioned resid norm 1.663402490963e-08 true resid norm 1.019169079075e-08 ||r(i)||/||b|| 4.755451344383e-06
  748 KSP Residual norm 1.634542625275e-08
  748 KSP preconditioned resid norm 1.634542625275e-08 true resid norm 1.001285120940e-08 ||r(i)||/||b|| 4.672004647953e-06
  749 KSP Residual norm 1.606831982812e-08
  749 KSP preconditioned resid norm 1.606831982812e-08 true resid norm 9.830763939460e-09 ||r(i)||/||b|| 4.587042577338e-06
  750 KSP Residual norm 1.578830975587e-08
  750 KSP preconditioned resid norm 1.578830975587e-08 true resid norm 9.686152902874e-09 ||r(i)||/||b|| 4.519566948174e-06
  751 KSP Residual norm 1.549517319106e-08
  751 KSP preconditioned resid norm 1.549517319106e-08 true resid norm 9.521374364568e-09 ||r(i)||/||b|| 4.442681146044e-06
  752 KSP Residual norm 1.521545841900e-08
  752 KSP preconditioned resid norm 1.521545841900e-08 true resid norm 9.321193495004e-09 ||r(i)||/||b|| 4.349276586895e-06
  753 KSP Residual norm 1.494385537189e-08
  753 KSP preconditioned resid norm 1.494385537189e-08 true resid norm 9.181131417837e-09 ||r(i)||/||b|| 4.283923505956e-06
  754 KSP Residual norm 1.466840533131e-08
  754 KSP preconditioned resid norm 1.466840533131e-08 true resid norm 9.004942908320e-09 ||r(i)||/||b|| 4.201713801830e-06
  755 KSP Residual norm 1.440558903090e-08
  755 KSP preconditioned resid norm 1.440558903090e-08 true resid norm 8.841084764923e-09 ||r(i)||/||b|| 4.125257456725e-06
  756 KSP Residual norm 1.414988068474e-08
  756 KSP preconditioned resid norm 1.414988068474e-08 true resid norm 8.670062872276e-09 ||r(i)||/||b|| 4.045458500300e-06
  757 KSP Residual norm 1.391463892145e-08
  757 KSP preconditioned resid norm 1.391463892145e-08 true resid norm 8.506594374305e-09 ||r(i)||/||b|| 3.969183964072e-06
  758 KSP Residual norm 1.367159153370e-08
  758 KSP preconditioned resid norm 1.367159153370e-08 true resid norm 8.406417678871e-09 ||r(i)||/||b|| 3.922441435206e-06
  759 KSP Residual norm 1.340327991285e-08
  759 KSP preconditioned resid norm 1.340327991285e-08 true resid norm 8.265731292759e-09 ||r(i)||/||b|| 3.856797051197e-06
  760 KSP Residual norm 1.313263085269e-08
  760 KSP preconditioned resid norm 1.313263085269e-08 true resid norm 8.099938425180e-09 ||r(i)||/||b|| 3.779437962189e-06
  761 KSP Residual norm 1.287337853746e-08
  761 KSP preconditioned resid norm 1.287337853746e-08 true resid norm 7.922662886521e-09 ||r(i)||/||b|| 3.696721049368e-06
  762 KSP Residual norm 1.263489595817e-08
  762 KSP preconditioned resid norm 1.263489595817e-08 true resid norm 7.752025018934e-09 ||r(i)||/||b|| 3.617101279353e-06
  763 KSP Residual norm 1.240246430526e-08
  763 KSP preconditioned resid norm 1.240246430526e-08 true resid norm 7.633427927647e-09 ||r(i)||/||b|| 3.561763778562e-06
  764 KSP Residual norm 1.215635431609e-08
  764 KSP preconditioned resid norm 1.215635431609e-08 true resid norm 7.500126971835e-09 ||r(i)||/||b|| 3.499565442433e-06
  765 KSP Residual norm 1.192458293045e-08
  765 KSP preconditioned resid norm 1.192458293045e-08 true resid norm 7.322452908779e-09 ||r(i)||/||b|| 3.416662577798e-06
  766 KSP Residual norm 1.171462234911e-08
  766 KSP preconditioned resid norm 1.171462234911e-08 true resid norm 7.181671302684e-09 ||r(i)||/||b|| 3.350973764066e-06
  767 KSP Residual norm 1.149343567838e-08
  767 KSP preconditioned resid norm 1.149343567838e-08 true resid norm 7.099146570584e-09 ||r(i)||/||b|| 3.312467655878e-06
  768 KSP Residual norm 1.124328241580e-08
  768 KSP preconditioned resid norm 1.124328241580e-08 true resid norm 6.972643531649e-09 ||r(i)||/||b|| 3.253441233381e-06
  769 KSP Residual norm 1.100218904190e-08
  769 KSP preconditioned resid norm 1.100218904190e-08 true resid norm 6.799842219296e-09 ||r(i)||/||b|| 3.172811998251e-06
  770 KSP Residual norm 1.076759926618e-08
  770 KSP preconditioned resid norm 1.076759926618e-08 true resid norm 6.675374010790e-09 ||r(i)||/||b|| 3.114735029314e-06
  771 KSP Residual norm 1.052253191092e-08
  771 KSP preconditioned resid norm 1.052253191092e-08 true resid norm 6.539062285432e-09 ||r(i)||/||b|| 3.051131865627e-06
  772 KSP Residual norm 1.028589963701e-08
  772 KSP preconditioned resid norm 1.028589963701e-08 true resid norm 6.373987467026e-09 ||r(i)||/||b|| 2.974107818957e-06
  773 KSP Residual norm 1.005810941061e-08
  773 KSP preconditioned resid norm 1.005810941061e-08 true resid norm 6.257157752226e-09 ||r(i)||/||b|| 2.919594977494e-06
  774 KSP Residual norm 9.806192314448e-09
  774 KSP preconditioned resid norm 9.806192314448e-09 true resid norm 6.145932305773e-09 ||r(i)||/||b|| 2.867697092274e-06
  775 KSP Residual norm 9.565530146944e-09
  775 KSP preconditioned resid norm 9.565530146944e-09 true resid norm 5.941060410411e-09 ||r(i)||/||b|| 2.772103696611e-06
  776 KSP Residual norm 9.349869881073e-09
  776 KSP preconditioned resid norm 9.349869881073e-09 true resid norm 5.806126977064e-09 ||r(i)||/||b|| 2.709143645116e-06
  777 KSP Residual norm 9.138984179227e-09
  777 KSP preconditioned resid norm 9.138984179227e-09 true resid norm 5.668591800802e-09 ||r(i)||/||b|| 2.644969618226e-06
  778 KSP Residual norm 8.935536237539e-09
  778 KSP preconditioned resid norm 8.935536237539e-09 true resid norm 5.547664082178e-09 ||r(i)||/||b|| 2.588544644793e-06
  779 KSP Residual norm 8.721781190123e-09
  779 KSP preconditioned resid norm 8.721781190123e-09 true resid norm 5.450957363160e-09 ||r(i)||/||b|| 2.543421209791e-06
  780 KSP Residual norm 8.485830740451e-09
  780 KSP preconditioned resid norm 8.485830740451e-09 true resid norm 5.332309054351e-09 ||r(i)||/||b|| 2.488059810861e-06
  781 KSP Residual norm 8.254289132475e-09
  781 KSP preconditioned resid norm 8.254289132475e-09 true resid norm 5.174082539602e-09 ||r(i)||/||b|| 2.414231188336e-06
  782 KSP Residual norm 8.027519309354e-09
  782 KSP preconditioned resid norm 8.027519309354e-09 true resid norm 5.064780953334e-09 ||r(i)||/||b|| 2.363230977867e-06
  783 KSP Residual norm 7.799124820522e-09
  783 KSP preconditioned resid norm 7.799124820522e-09 true resid norm 4.905739292870e-09 ||r(i)||/||b|| 2.289022007678e-06
  784 KSP Residual norm 7.606110839827e-09
  784 KSP preconditioned resid norm 7.606110839827e-09 true resid norm 4.722531522872e-09 ||r(i)||/||b|| 2.203537110812e-06
  785 KSP Residual norm 7.443461443349e-09
  785 KSP preconditioned resid norm 7.443461443349e-09 true resid norm 4.597392807424e-09 ||r(i)||/||b|| 2.145147282782e-06
  786 KSP Residual norm 7.294617317027e-09
  786 KSP preconditioned resid norm 7.294617317027e-09 true resid norm 4.497082164688e-09 ||r(i)||/||b|| 2.098342253994e-06
  787 KSP Residual norm 7.148047804065e-09
  787 KSP preconditioned resid norm 7.148047804065e-09 true resid norm 4.419937151398e-09 ||r(i)||/||b|| 2.062346327048e-06
  788 KSP Residual norm 6.998628743240e-09
  788 KSP preconditioned resid norm 6.998628743240e-09 true resid norm 4.317498799835e-09 ||r(i)||/||b|| 2.014548507564e-06
  789 KSP Residual norm 6.865694217249e-09
  789 KSP preconditioned resid norm 6.865694217249e-09 true resid norm 4.206079595940e-09 ||r(i)||/||b|| 1.962560214960e-06
  790 KSP Residual norm 6.744040519441e-09
  790 KSP preconditioned resid norm 6.744040519441e-09 true resid norm 4.144141842087e-09 ||r(i)||/||b|| 1.933660007833e-06
  791 KSP Residual norm 6.620335154323e-09
  791 KSP preconditioned resid norm 6.620335154323e-09 true resid norm 4.075748249784e-09 ||r(i)||/||b|| 1.901747501151e-06
  792 KSP Residual norm 6.500444265084e-09
  792 KSP preconditioned resid norm 6.500444265084e-09 true resid norm 3.994763898962e-09 ||r(i)||/||b|| 1.863960136139e-06
  793 KSP Residual norm 6.379596934979e-09
  793 KSP preconditioned resid norm 6.379596934979e-09 true resid norm 3.921429175255e-09 ||r(i)||/||b|| 1.829742093461e-06
  794 KSP Residual norm 6.258520963435e-09
  794 KSP preconditioned resid norm 6.258520963435e-09 true resid norm 3.850133531976e-09 ||r(i)||/||b|| 1.796475487396e-06
  795 KSP Residual norm 6.142515945128e-09
  795 KSP preconditioned resid norm 6.142515945128e-09 true resid norm 3.782230957956e-09 ||r(i)||/||b|| 1.764792090249e-06
  796 KSP Residual norm 6.029366794101e-09
  796 KSP preconditioned resid norm 6.029366794101e-09 true resid norm 3.700653114124e-09 ||r(i)||/||b|| 1.726727800910e-06
  797 KSP Residual norm 5.920343282413e-09
  797 KSP preconditioned resid norm 5.920343282413e-09 true resid norm 3.614181283285e-09 ||r(i)||/||b|| 1.686379973188e-06
  798 KSP Residual norm 5.807204604803e-09
  798 KSP preconditioned resid norm 5.807204604803e-09 true resid norm 3.560727402525e-09 ||r(i)||/||b|| 1.661438348256e-06
  799 KSP Residual norm 5.714651022683e-09
  799 KSP preconditioned resid norm 5.714651022683e-09 true resid norm 3.475503320929e-09 ||r(i)||/||b|| 1.621672721363e-06
  800 KSP Residual norm 5.639313723287e-09
  800 KSP preconditioned resid norm 5.639313723287e-09 true resid norm 3.515686966593e-09 ||r(i)||/||b|| 1.640422443634e-06
  801 KSP Residual norm 5.570468381527e-09
  801 KSP preconditioned resid norm 5.570468381527e-09 true resid norm 3.380751228061e-09 ||r(i)||/||b|| 1.577461316537e-06
  802 KSP Residual norm 5.485613159856e-09
  802 KSP preconditioned resid norm 5.485613159856e-09 true resid norm 3.351136509528e-09 ||r(i)||/||b|| 1.563643064398e-06
  803 KSP Residual norm 5.383880840934e-09
  803 KSP preconditioned resid norm 5.383880840934e-09 true resid norm 3.276652673600e-09 ||r(i)||/||b|| 1.528888845008e-06
  804 KSP Residual norm 5.291588654255e-09
  804 KSP preconditioned resid norm 5.291588654255e-09 true resid norm 3.238659552963e-09 ||r(i)||/||b|| 1.511161223525e-06
  805 KSP Residual norm 5.198822886115e-09
  805 KSP preconditioned resid norm 5.198822886115e-09 true resid norm 3.194391299534e-09 ||r(i)||/||b|| 1.490505619896e-06
  806 KSP Residual norm 5.107448605712e-09
  806 KSP preconditioned resid norm 5.107448605712e-09 true resid norm 3.129643451517e-09 ||r(i)||/||b|| 1.460294220510e-06
  807 KSP Residual norm 5.016559412990e-09
  807 KSP preconditioned resid norm 5.016559412990e-09 true resid norm 3.073244597285e-09 ||r(i)||/||b|| 1.433978468523e-06
  808 KSP Residual norm 4.928668838098e-09
  808 KSP preconditioned resid norm 4.928668838098e-09 true resid norm 3.020173424574e-09 ||r(i)||/||b|| 1.409215415484e-06
  809 KSP Residual norm 4.844724763309e-09
  809 KSP preconditioned resid norm 4.844724763309e-09 true resid norm 2.977199896983e-09 ||r(i)||/||b|| 1.389163932000e-06
  810 KSP Residual norm 4.759332390534e-09
  810 KSP preconditioned resid norm 4.759332390534e-09 true resid norm 2.919872207716e-09 ||r(i)||/||b|| 1.362414784819e-06
  811 KSP Residual norm 4.677881694785e-09
  811 KSP preconditioned resid norm 4.677881694785e-09 true resid norm 2.858543908499e-09 ||r(i)||/||b|| 1.333798949728e-06
  812 KSP Residual norm 4.593332619990e-09
  812 KSP preconditioned resid norm 4.593332619990e-09 true resid norm 2.824963199725e-09 ||r(i)||/||b|| 1.318130163266e-06
  813 KSP Residual norm 4.502257490755e-09
  813 KSP preconditioned resid norm 4.502257490755e-09 true resid norm 2.777959930962e-09 ||r(i)||/||b|| 1.296198399222e-06
  814 KSP Residual norm 4.415528872350e-09
  814 KSP preconditioned resid norm 4.415528872350e-09 true resid norm 2.718877277582e-09 ||r(i)||/||b|| 1.268630384335e-06
  815 KSP Residual norm 4.328802865059e-09
  815 KSP preconditioned resid norm 4.328802865059e-09 true resid norm 2.671436368405e-09 ||r(i)||/||b|| 1.246494416913e-06
  816 KSP Residual norm 4.237178370645e-09
  816 KSP preconditioned resid norm 4.237178370645e-09 true resid norm 2.628894557990e-09 ||r(i)||/||b|| 1.226644373021e-06
  817 KSP Residual norm 4.132670749596e-09
  817 KSP preconditioned resid norm 4.132670749596e-09 true resid norm 2.601408482494e-09 ||r(i)||/||b|| 1.213819347482e-06
  818 KSP Residual norm 4.015148529712e-09
  818 KSP preconditioned resid norm 4.015148529712e-09 true resid norm 2.535526940648e-09 ||r(i)||/||b|| 1.183078965619e-06
  819 KSP Residual norm 3.903222060242e-09
  819 KSP preconditioned resid norm 3.903222060242e-09 true resid norm 2.449828914649e-09 ||r(i)||/||b|| 1.143092195875e-06
  820 KSP Residual norm 3.793840699945e-09
  820 KSP preconditioned resid norm 3.793840699945e-09 true resid norm 2.387951198777e-09 ||r(i)||/||b|| 1.114220002520e-06
  821 KSP Residual norm 3.686722505283e-09
  821 KSP preconditioned resid norm 3.686722505283e-09 true resid norm 2.313292112403e-09 ||r(i)||/||b|| 1.079384011127e-06
  822 KSP Residual norm 3.593785471299e-09
  822 KSP preconditioned resid norm 3.593785471299e-09 true resid norm 2.239245023689e-09 ||r(i)||/||b|| 1.044833578347e-06
  823 KSP Residual norm 3.511779638236e-09
  823 KSP preconditioned resid norm 3.511779638236e-09 true resid norm 2.179626404211e-09 ||r(i)||/||b|| 1.017015481236e-06
  824 KSP Residual norm 3.432402126058e-09
  824 KSP preconditioned resid norm 3.432402126058e-09 true resid norm 2.131435699670e-09 ||r(i)||/||b|| 9.945296586770e-07
  825 KSP Residual norm 3.354174916115e-09
  825 KSP preconditioned resid norm 3.354174916115e-09 true resid norm 2.085757002579e-09 ||r(i)||/||b|| 9.732159408696e-07
  826 KSP Residual norm 3.270719215788e-09
  826 KSP preconditioned resid norm 3.270719215788e-09 true resid norm 2.053277728225e-09 ||r(i)||/||b|| 9.580610846188e-07
  827 KSP Residual norm 3.187033410797e-09
  827 KSP preconditioned resid norm 3.187033410797e-09 true resid norm 1.987870308606e-09 ||r(i)||/||b|| 9.275419285780e-07
  828 KSP Residual norm 3.114224693499e-09
  828 KSP preconditioned resid norm 3.114224693499e-09 true resid norm 1.931876864046e-09 ||r(i)||/||b|| 9.014153410786e-07
  829 KSP Residual norm 3.044006068790e-09
  829 KSP preconditioned resid norm 3.044006068790e-09 true resid norm 1.891471390430e-09 ||r(i)||/||b|| 8.825621137026e-07
  830 KSP Residual norm 2.975125989621e-09
  830 KSP preconditioned resid norm 2.975125989621e-09 true resid norm 1.845955333651e-09 ||r(i)||/||b|| 8.613242839995e-07
  831 KSP Residual norm 2.911251205547e-09
  831 KSP preconditioned resid norm 2.911251205547e-09 true resid norm 1.802140347319e-09 ||r(i)||/||b|| 8.408801751725e-07
  832 KSP Residual norm 2.848258982470e-09
  832 KSP preconditioned resid norm 2.848258982470e-09 true resid norm 1.767501300924e-09 ||r(i)||/||b|| 8.247175675023e-07
  833 KSP Residual norm 2.785279534771e-09
  833 KSP preconditioned resid norm 2.785279534771e-09 true resid norm 1.722867582292e-09 ||r(i)||/||b|| 8.038914375074e-07
  834 KSP Residual norm 2.732195042068e-09
  834 KSP preconditioned resid norm 2.732195042068e-09 true resid norm 1.675032759681e-09 ||r(i)||/||b|| 7.815716697513e-07
  835 KSP Residual norm 2.685016165908e-09
  835 KSP preconditioned resid norm 2.685016165908e-09 true resid norm 1.648627551403e-09 ||r(i)||/||b|| 7.692509777498e-07
  836 KSP Residual norm 2.634859343375e-09
  836 KSP preconditioned resid norm 2.634859343375e-09 true resid norm 1.625199088102e-09 ||r(i)||/||b|| 7.583192374145e-07
  837 KSP Residual norm 2.583686380927e-09
  837 KSP preconditioned resid norm 2.583686380927e-09 true resid norm 1.589722575802e-09 ||r(i)||/||b|| 7.417658674612e-07
  838 KSP Residual norm 2.536122342461e-09
  838 KSP preconditioned resid norm 2.536122342461e-09 true resid norm 1.558097870456e-09 ||r(i)||/||b|| 7.270097538152e-07
  839 KSP Residual norm 2.488422502997e-09
  839 KSP preconditioned resid norm 2.488422502997e-09 true resid norm 1.533137150311e-09 ||r(i)||/||b|| 7.153630611704e-07
  840 KSP Residual norm 2.439939389196e-09
  840 KSP preconditioned resid norm 2.439939389196e-09 true resid norm 1.503758526325e-09 ||r(i)||/||b|| 7.016549709426e-07
  841 KSP Residual norm 2.391695905605e-09
  841 KSP preconditioned resid norm 2.391695905605e-09 true resid norm 1.475861358478e-09 ||r(i)||/||b|| 6.886381293740e-07
  842 KSP Residual norm 2.343743401345e-09
  842 KSP preconditioned resid norm 2.343743401345e-09 true resid norm 1.444390195894e-09 ||r(i)||/||b|| 6.739536589075e-07
  843 KSP Residual norm 2.301863337543e-09
  843 KSP preconditioned resid norm 2.301863337543e-09 true resid norm 1.409206923290e-09 ||r(i)||/||b|| 6.575371148384e-07
  844 KSP Residual norm 2.263032973372e-09
  844 KSP preconditioned resid norm 2.263032973372e-09 true resid norm 1.389069549027e-09 ||r(i)||/||b|| 6.481409993678e-07
  845 KSP Residual norm 2.222364996516e-09
  845 KSP preconditioned resid norm 2.222364996516e-09 true resid norm 1.365657843039e-09 ||r(i)||/||b|| 6.372170780088e-07
  846 KSP Residual norm 2.182299943606e-09
  846 KSP preconditioned resid norm 2.182299943606e-09 true resid norm 1.340972086993e-09 ||r(i)||/||b|| 6.256986838397e-07
  847 KSP Residual norm 2.142173753561e-09
  847 KSP preconditioned resid norm 2.142173753561e-09 true resid norm 1.316715005365e-09 ||r(i)||/||b|| 6.143803095083e-07
  848 KSP Residual norm 2.103934808755e-09
  848 KSP preconditioned resid norm 2.103934808755e-09 true resid norm 1.290698554408e-09 ||r(i)||/||b|| 6.022410119944e-07
  849 KSP Residual norm 2.065334556462e-09
  849 KSP preconditioned resid norm 2.065334556462e-09 true resid norm 1.271740298472e-09 ||r(i)||/||b|| 5.933950741092e-07
  850 KSP Residual norm 2.026128087786e-09
  850 KSP preconditioned resid norm 2.026128087786e-09 true resid norm 1.245738572510e-09 ||r(i)||/||b|| 5.812626472900e-07
  851 KSP Residual norm 1.990211259387e-09
  851 KSP preconditioned resid norm 1.990211259387e-09 true resid norm 1.219107318804e-09 ||r(i)||/||b|| 5.688364823055e-07
  852 KSP Residual norm 1.956678660425e-09
  852 KSP preconditioned resid norm 1.956678660425e-09 true resid norm 1.198935336396e-09 ||r(i)||/||b|| 5.594242186456e-07
  853 KSP Residual norm 1.922778053195e-09
  853 KSP preconditioned resid norm 1.922778053195e-09 true resid norm 1.179870908271e-09 ||r(i)||/||b|| 5.505287407299e-07
  854 KSP Residual norm 1.890099497392e-09
  854 KSP preconditioned resid norm 1.890099497392e-09 true resid norm 1.156673143711e-09 ||r(i)||/||b|| 5.397046446174e-07
  855 KSP Residual norm 1.859165088675e-09
  855 KSP preconditioned resid norm 1.859165088675e-09 true resid norm 1.136740968543e-09 ||r(i)||/||b|| 5.304042752143e-07
  856 KSP Residual norm 1.830700571354e-09
  856 KSP preconditioned resid norm 1.830700571354e-09 true resid norm 1.114159073891e-09 ||r(i)||/||b|| 5.198675445102e-07
  857 KSP Residual norm 1.805140206230e-09
  857 KSP preconditioned resid norm 1.805140206230e-09 true resid norm 1.097012873822e-09 ||r(i)||/||b|| 5.118671133900e-07
  858 KSP Residual norm 1.779775572446e-09
  858 KSP preconditioned resid norm 1.779775572446e-09 true resid norm 1.082204006159e-09 ||r(i)||/||b|| 5.049572835016e-07
  859 KSP Residual norm 1.754173991007e-09
  859 KSP preconditioned resid norm 1.754173991007e-09 true resid norm 1.068026275946e-09 ||r(i)||/||b|| 4.983419428693e-07
  860 KSP Residual norm 1.727765957894e-09
  860 KSP preconditioned resid norm 1.727765957894e-09 true resid norm 1.053272892569e-09 ||r(i)||/||b|| 4.914580019950e-07
  861 KSP Residual norm 1.702974463979e-09
  861 KSP preconditioned resid norm 1.702974463979e-09 true resid norm 1.034748296158e-09 ||r(i)||/||b|| 4.828144100024e-07
  862 KSP Residual norm 1.679857877097e-09
  862 KSP preconditioned resid norm 1.679857877097e-09 true resid norm 1.020235225045e-09 ||r(i)||/||b|| 4.760425990291e-07
  863 KSP Residual norm 1.657489808430e-09
  863 KSP preconditioned resid norm 1.657489808430e-09 true resid norm 1.005211754643e-09 ||r(i)||/||b|| 4.690326353257e-07
  864 KSP Residual norm 1.637004982375e-09
  864 KSP preconditioned resid norm 1.637004982375e-09 true resid norm 9.898481507625e-10 ||r(i)||/||b|| 4.618639650599e-07
  865 KSP Residual norm 1.618322133468e-09
  865 KSP preconditioned resid norm 1.618322133468e-09 true resid norm 9.772620309801e-10 ||r(i)||/||b|| 4.559912711695e-07
  866 KSP Residual norm 1.599895704929e-09
  866 KSP preconditioned resid norm 1.599895704929e-09 true resid norm 9.670956198719e-10 ||r(i)||/||b|| 4.512476153459e-07
  867 KSP Residual norm 1.580628638733e-09
  867 KSP preconditioned resid norm 1.580628638733e-09 true resid norm 9.563760464370e-10 ||r(i)||/||b|| 4.462458535235e-07
  868 KSP Residual norm 1.561607387537e-09
  868 KSP preconditioned resid norm 1.561607387537e-09 true resid norm 9.437466570737e-10 ||r(i)||/||b|| 4.403529700109e-07
  869 KSP Residual norm 1.543136988488e-09
  869 KSP preconditioned resid norm 1.543136988488e-09 true resid norm 9.329544162503e-10 ||r(i)||/||b|| 4.353173015251e-07
  870 KSP Residual norm 1.525090333103e-09
  870 KSP preconditioned resid norm 1.525090333103e-09 true resid norm 9.212307674923e-10 ||r(i)||/||b|| 4.298470373273e-07
  871 KSP Residual norm 1.507284882247e-09
  871 KSP preconditioned resid norm 1.507284882247e-09 true resid norm 9.115970953817e-10 ||r(i)||/||b|| 4.253519579601e-07
  872 KSP Residual norm 1.489170733123e-09
  872 KSP preconditioned resid norm 1.489170733123e-09 true resid norm 9.006853168780e-10 ||r(i)||/||b|| 4.202605130939e-07
  873 KSP Residual norm 1.471147366526e-09
  873 KSP preconditioned resid norm 1.471147366526e-09 true resid norm 8.913891028962e-10 ||r(i)||/||b|| 4.159228919685e-07
  874 KSP Residual norm 1.452455810338e-09
  874 KSP preconditioned resid norm 1.452455810338e-09 true resid norm 8.806010048691e-10 ||r(i)||/||b|| 4.108891565148e-07
  875 KSP Residual norm 1.434809628426e-09
  875 KSP preconditioned resid norm 1.434809628426e-09 true resid norm 8.674679390107e-10 ||r(i)||/||b|| 4.047612571334e-07
  876 KSP Residual norm 1.418113015170e-09
  876 KSP preconditioned resid norm 1.418113015170e-09 true resid norm 8.563388587739e-10 ||r(i)||/||b|| 3.995684190989e-07
  877 KSP Residual norm 1.402275939279e-09
  877 KSP preconditioned resid norm 1.402275939279e-09 true resid norm 8.457991702860e-10 ||r(i)||/||b|| 3.946505917415e-07
  878 KSP Residual norm 1.386690649772e-09
  878 KSP preconditioned resid norm 1.386690649772e-09 true resid norm 8.369198778359e-10 ||r(i)||/||b|| 3.905075065473e-07
  879 KSP Residual norm 1.370960775072e-09
  879 KSP preconditioned resid norm 1.370960775072e-09 true resid norm 8.286510227724e-10 ||r(i)||/||b|| 3.866492519421e-07
  880 KSP Residual norm 1.354020495869e-09
  880 KSP preconditioned resid norm 1.354020495869e-09 true resid norm 8.203948324537e-10 ||r(i)||/||b|| 3.827969067173e-07
  881 KSP Residual norm 1.337559674779e-09
  881 KSP preconditioned resid norm 1.337559674779e-09 true resid norm 8.081667756437e-10 ||r(i)||/||b|| 3.770912853057e-07
  882 KSP Residual norm 1.322405801792e-09
  882 KSP preconditioned resid norm 1.322405801792e-09 true resid norm 7.986386520282e-10 ||r(i)||/||b|| 3.726454549536e-07
  883 KSP Residual norm 1.308004867095e-09
  883 KSP preconditioned resid norm 1.308004867095e-09 true resid norm 7.890328265166e-10 ||r(i)||/||b|| 3.681633688325e-07
  884 KSP Residual norm 1.294171587119e-09
  884 KSP preconditioned resid norm 1.294171587119e-09 true resid norm 7.795548883885e-10 ||r(i)||/||b|| 3.637409550703e-07
  885 KSP Residual norm 1.281493116846e-09
  885 KSP preconditioned resid norm 1.281493116846e-09 true resid norm 7.694982632912e-10 ||r(i)||/||b|| 3.590485254901e-07
  886 KSP Residual norm 1.270220347407e-09
  886 KSP preconditioned resid norm 1.270220347407e-09 true resid norm 7.612378581461e-10 ||r(i)||/||b|| 3.551942136238e-07
  887 KSP Residual norm 1.259276524180e-09
  887 KSP preconditioned resid norm 1.259276524180e-09 true resid norm 7.558345544417e-10 ||r(i)||/||b|| 3.526730276505e-07
  888 KSP Residual norm 1.247617532721e-09
  888 KSP preconditioned resid norm 1.247617532721e-09 true resid norm 7.490988795307e-10 ||r(i)||/||b|| 3.495301561714e-07
  889 KSP Residual norm 1.236210550694e-09
  889 KSP preconditioned resid norm 1.236210550694e-09 true resid norm 7.415729834025e-10 ||r(i)||/||b|| 3.460185668193e-07
  890 KSP Residual norm 1.224875510619e-09
  890 KSP preconditioned resid norm 1.224875510619e-09 true resid norm 7.355598594558e-10 ||r(i)||/||b|| 3.432128382171e-07
  891 KSP Residual norm 1.213842974228e-09
  891 KSP preconditioned resid norm 1.213842974228e-09 true resid norm 7.288180892238e-10 ||r(i)||/||b|| 3.400671226561e-07
  892 KSP Residual norm 1.203076216094e-09
  892 KSP preconditioned resid norm 1.203076216094e-09 true resid norm 7.226080555148e-10 ||r(i)||/||b|| 3.371695157961e-07
  893 KSP Residual norm 1.192593406424e-09
  893 KSP preconditioned resid norm 1.192593406424e-09 true resid norm 7.150580316365e-10 ||r(i)||/||b|| 3.336466684159e-07
  894 KSP Residual norm 1.182841851057e-09
  894 KSP preconditioned resid norm 1.182841851057e-09 true resid norm 7.079813309215e-10 ||r(i)||/||b|| 3.303446740148e-07
  895 KSP Residual norm 1.173255370586e-09
  895 KSP preconditioned resid norm 1.173255370586e-09 true resid norm 7.023260937831e-10 ||r(i)||/||b|| 3.277059356931e-07
  896 KSP Residual norm 1.164230968111e-09
  896 KSP preconditioned resid norm 1.164230968111e-09 true resid norm 6.957773283384e-10 ||r(i)||/||b|| 3.246502763253e-07
  897 KSP Residual norm 1.155588774861e-09
  897 KSP preconditioned resid norm 1.155588774861e-09 true resid norm 6.907825704213e-10 ||r(i)||/||b|| 3.223197181540e-07
  898 KSP Residual norm 1.146089973391e-09
  898 KSP preconditioned resid norm 1.146089973391e-09 true resid norm 6.831668231467e-10 ||r(i)||/||b|| 3.187662041828e-07
  899 KSP Residual norm 1.137094396434e-09
  899 KSP preconditioned resid norm 1.137094396434e-09 true resid norm 6.829224296980e-10 ||r(i)||/||b|| 3.186521699977e-07
  900 KSP Residual norm 1.128088164435e-09
  900 KSP preconditioned resid norm 1.128088164435e-09 true resid norm 6.865722500624e-10 ||r(i)||/||b|| 3.203551791956e-07
  901 KSP Residual norm 1.119722373174e-09
  901 KSP preconditioned resid norm 1.119722373174e-09 true resid norm 6.713950648729e-10 ||r(i)||/||b|| 3.132734920452e-07
  902 KSP Residual norm 1.111275010571e-09
  902 KSP preconditioned resid norm 1.111275010571e-09 true resid norm 6.615984380950e-10 ||r(i)||/||b|| 3.087023778957e-07
  903 KSP Residual norm 1.102339968396e-09
  903 KSP preconditioned resid norm 1.102339968396e-09 true resid norm 6.581983148898e-10 ||r(i)||/||b|| 3.071158775986e-07
  904 KSP Residual norm 1.094509215707e-09
  904 KSP preconditioned resid norm 1.094509215707e-09 true resid norm 6.534684724879e-10 ||r(i)||/||b|| 3.049089292256e-07
  905 KSP Residual norm 1.086363575776e-09
  905 KSP preconditioned resid norm 1.086363575776e-09 true resid norm 6.498949739806e-10 ||r(i)||/||b|| 3.032415318693e-07
  906 KSP Residual norm 1.077909339061e-09
  906 KSP preconditioned resid norm 1.077909339061e-09 true resid norm 6.442643410657e-10 ||r(i)||/||b|| 3.006142738986e-07
  907 KSP Residual norm 1.069565604772e-09
  907 KSP preconditioned resid norm 1.069565604772e-09 true resid norm 6.403864390503e-10 ||r(i)||/||b|| 2.988048416139e-07
  908 KSP Residual norm 1.060663078337e-09
  908 KSP preconditioned resid norm 1.060663078337e-09 true resid norm 6.362257956373e-10 ||r(i)||/||b|| 2.968634819594e-07
  909 KSP Residual norm 1.051662389914e-09
  909 KSP preconditioned resid norm 1.051662389914e-09 true resid norm 6.309873596627e-10 ||r(i)||/||b|| 2.944192234051e-07
  910 KSP Residual norm 1.042374682280e-09
  910 KSP preconditioned resid norm 1.042374682280e-09 true resid norm 6.256641765216e-10 ||r(i)||/||b|| 2.919354217529e-07
  911 KSP Residual norm 1.033047813745e-09
  911 KSP preconditioned resid norm 1.033047813745e-09 true resid norm 6.188697446372e-10 ||r(i)||/||b|| 2.887651342214e-07
  912 KSP Residual norm 1.024043225495e-09
  912 KSP preconditioned resid norm 1.024043225495e-09 true resid norm 6.139832900369e-10 ||r(i)||/||b|| 2.864851104672e-07
  913 KSP Residual norm 1.014979793615e-09
  913 KSP preconditioned resid norm 1.014979793615e-09 true resid norm 6.087146730490e-10 ||r(i)||/||b|| 2.840267694272e-07
  914 KSP Residual norm 1.006497890470e-09
  914 KSP preconditioned resid norm 1.006497890470e-09 true resid norm 6.029014041284e-10 ||r(i)||/||b|| 2.813142933453e-07
  915 KSP Residual norm 9.977281928315e-10
  915 KSP preconditioned resid norm 9.977281928315e-10 true resid norm 5.988460789629e-10 ||r(i)||/||b|| 2.794220752722e-07
  916 KSP Residual norm 9.879466728575e-10
  916 KSP preconditioned resid norm 9.879466728575e-10 true resid norm 5.949160003514e-10 ||r(i)||/||b|| 2.775882973446e-07
  917 KSP Residual norm 9.774456605944e-10
  917 KSP preconditioned resid norm 9.774456605944e-10 true resid norm 5.897958413801e-10 ||r(i)||/||b|| 2.751992269378e-07
  918 KSP Residual norm 9.667839206719e-10
  918 KSP preconditioned resid norm 9.667839206719e-10 true resid norm 5.840670602758e-10 ||r(i)||/||b|| 2.725261729408e-07
  919 KSP Residual norm 9.556478748822e-10
  919 KSP preconditioned resid norm 9.556478748822e-10 true resid norm 5.778426340594e-10 ||r(i)||/||b|| 2.696218505250e-07
  920 KSP Residual norm 9.437123371505e-10
  920 KSP preconditioned resid norm 9.437123371505e-10 true resid norm 5.720285519368e-10 ||r(i)||/||b|| 2.669089950024e-07
  921 KSP Residual norm 9.316885555748e-10
  921 KSP preconditioned resid norm 9.316885555748e-10 true resid norm 5.638744833103e-10 ||r(i)||/||b|| 2.631042998436e-07
  922 KSP Residual norm 9.206031982459e-10
  922 KSP preconditioned resid norm 9.206031982459e-10 true resid norm 5.564771391084e-10 ||r(i)||/||b|| 2.596526929265e-07
  923 KSP Residual norm 9.102138214682e-10
  923 KSP preconditioned resid norm 9.102138214682e-10 true resid norm 5.487890618567e-10 ||r(i)||/||b|| 2.560654297282e-07
  924 KSP Residual norm 9.002034685411e-10
  924 KSP preconditioned resid norm 9.002034685411e-10 true resid norm 5.433261474728e-10 ||r(i)||/||b|| 2.535164293626e-07
  925 KSP Residual norm 8.896277510122e-10
  925 KSP preconditioned resid norm 8.896277510122e-10 true resid norm 5.382513572431e-10 ||r(i)||/||b|| 2.511485280481e-07
  926 KSP Residual norm 8.786197775941e-10
  926 KSP preconditioned resid norm 8.786197775941e-10 true resid norm 5.330182525265e-10 ||r(i)||/||b|| 2.487067570633e-07
  927 KSP Residual norm 8.673493269067e-10
  927 KSP preconditioned resid norm 8.673493269067e-10 true resid norm 5.259452621721e-10 ||r(i)||/||b|| 2.454064939195e-07
  928 KSP Residual norm 8.566328963599e-10
  928 KSP preconditioned resid norm 8.566328963599e-10 true resid norm 5.182829002479e-10 ||r(i)||/||b|| 2.418312295142e-07
  929 KSP Residual norm 8.463336726736e-10
  929 KSP preconditioned resid norm 8.463336726736e-10 true resid norm 5.115965230069e-10 ||r(i)||/||b|| 2.387113603686e-07
  930 KSP Residual norm 8.365861500793e-10
  930 KSP preconditioned resid norm 8.365861500793e-10 true resid norm 5.052147896368e-10 ||r(i)||/||b|| 2.357336383048e-07
  931 KSP Residual norm 8.268355036715e-10
  931 KSP preconditioned resid norm 8.268355036715e-10 true resid norm 5.001528420774e-10 ||r(i)||/||b|| 2.333717293909e-07
  932 KSP Residual norm 8.169985680111e-10
  932 KSP preconditioned resid norm 8.169985680111e-10 true resid norm 4.937847118481e-10 ||r(i)||/||b|| 2.304003545639e-07
  933 KSP Residual norm 8.072186519337e-10
  933 KSP preconditioned resid norm 8.072186519337e-10 true resid norm 4.882710424437e-10 ||r(i)||/||b|| 2.278276718639e-07
  934 KSP Residual norm 7.976912329612e-10
  934 KSP preconditioned resid norm 7.976912329612e-10 true resid norm 4.818323793381e-10 ||r(i)||/||b|| 2.248233863385e-07
  935 KSP Residual norm 7.888533896554e-10
  935 KSP preconditioned resid norm 7.888533896554e-10 true resid norm 4.761935528385e-10 ||r(i)||/||b|| 2.221923052344e-07
  936 KSP Residual norm 7.800615670011e-10
  936 KSP preconditioned resid norm 7.800615670011e-10 true resid norm 4.713440719237e-10 ||r(i)||/||b|| 2.199295334325e-07
  937 KSP Residual norm 7.706845225089e-10
  937 KSP preconditioned resid norm 7.706845225089e-10 true resid norm 4.670559946695e-10 ||r(i)||/||b|| 2.179287130424e-07
  938 KSP Residual norm 7.604653208853e-10
  938 KSP preconditioned resid norm 7.604653208853e-10 true resid norm 4.621058380637e-10 ||r(i)||/||b|| 2.156189658798e-07
  939 KSP Residual norm 7.501100180584e-10
  939 KSP preconditioned resid norm 7.501100180584e-10 true resid norm 4.558015544577e-10 ||r(i)||/||b|| 2.126773819400e-07
  940 KSP Residual norm 7.396000332571e-10
  940 KSP preconditioned resid norm 7.396000332571e-10 true resid norm 4.504376038553e-10 ||r(i)||/||b|| 2.101745581566e-07
  941 KSP Residual norm 7.287326372556e-10
  941 KSP preconditioned resid norm 7.287326372556e-10 true resid norm 4.436948507948e-10 ||r(i)||/||b|| 2.070283840071e-07
  942 KSP Residual norm 7.180690480593e-10
  942 KSP preconditioned resid norm 7.180690480593e-10 true resid norm 4.371354658481e-10 ||r(i)||/||b|| 2.039677695709e-07
  943 KSP Residual norm 7.078734350469e-10
  943 KSP preconditioned resid norm 7.078734350469e-10 true resid norm 4.302056923008e-10 ||r(i)||/||b|| 2.007343315076e-07
  944 KSP Residual norm 6.980700669941e-10
  944 KSP preconditioned resid norm 6.980700669941e-10 true resid norm 4.249436042476e-10 ||r(i)||/||b|| 1.982790368739e-07
  945 KSP Residual norm 6.874462258587e-10
  945 KSP preconditioned resid norm 6.874462258587e-10 true resid norm 4.203421841732e-10 ||r(i)||/||b|| 1.961320104650e-07
  946 KSP Residual norm 6.763517351894e-10
  946 KSP preconditioned resid norm 6.763517351894e-10 true resid norm 4.138011837660e-10 ||r(i)||/||b|| 1.930799742702e-07
  947 KSP Residual norm 6.650344321120e-10
  947 KSP preconditioned resid norm 6.650344321120e-10 true resid norm 4.080947659515e-10 ||r(i)||/||b|| 1.904173550028e-07
  948 KSP Residual norm 6.535171371121e-10
  948 KSP preconditioned resid norm 6.535171371121e-10 true resid norm 4.008872508605e-10 ||r(i)||/||b|| 1.870543225057e-07
  949 KSP Residual norm 6.423668810162e-10
  949 KSP preconditioned resid norm 6.423668810162e-10 true resid norm 3.938344668846e-10 ||r(i)||/||b|| 1.837634876748e-07
  950 KSP Residual norm 6.309274999333e-10
  950 KSP preconditioned resid norm 6.309274999333e-10 true resid norm 3.880836200111e-10 ||r(i)||/||b|| 1.810801377717e-07
  951 KSP Residual norm 6.189837942779e-10
  951 KSP preconditioned resid norm 6.189837942779e-10 true resid norm 3.811807202847e-10 ||r(i)||/||b|| 1.778592390555e-07
  952 KSP Residual norm 6.077630476901e-10
  952 KSP preconditioned resid norm 6.077630476901e-10 true resid norm 3.728346182816e-10 ||r(i)||/||b|| 1.739649409644e-07
  953 KSP Residual norm 5.969276882209e-10
  953 KSP preconditioned resid norm 5.969276882209e-10 true resid norm 3.673701871338e-10 ||r(i)||/||b|| 1.714152328756e-07
  954 KSP Residual norm 5.857669732399e-10
  954 KSP preconditioned resid norm 5.857669732399e-10 true resid norm 3.605244485548e-10 ||r(i)||/||b|| 1.682210055980e-07
  955 KSP Residual norm 5.751007924818e-10
  955 KSP preconditioned resid norm 5.751007924818e-10 true resid norm 3.534880871113e-10 ||r(i)||/||b|| 1.649378335343e-07
  956 KSP Residual norm 5.649256198054e-10
  956 KSP preconditioned resid norm 5.649256198054e-10 true resid norm 3.466413089409e-10 ||r(i)||/||b|| 1.617431211824e-07
  957 KSP Residual norm 5.554149762366e-10
  957 KSP preconditioned resid norm 5.554149762366e-10 true resid norm 3.403675474253e-10 ||r(i)||/||b|| 1.588157788752e-07
  958 KSP Residual norm 5.455568233682e-10
  958 KSP preconditioned resid norm 5.455568233682e-10 true resid norm 3.360623713005e-10 ||r(i)||/||b|| 1.568069801380e-07
  959 KSP Residual norm 5.349002455031e-10
  959 KSP preconditioned resid norm 5.349002455031e-10 true resid norm 3.301780983551e-10 ||r(i)||/||b|| 1.540613735195e-07
  960 KSP Residual norm 5.241930227544e-10
  960 KSP preconditioned resid norm 5.241930227544e-10 true resid norm 3.238288000493e-10 ||r(i)||/||b|| 1.510987856836e-07
  961 KSP Residual norm 5.137460109249e-10
  961 KSP preconditioned resid norm 5.137460109249e-10 true resid norm 3.169787386847e-10 ||r(i)||/||b|| 1.479025413906e-07
  962 KSP Residual norm 5.041060658752e-10
  962 KSP preconditioned resid norm 5.041060658752e-10 true resid norm 3.097486515790e-10 ||r(i)||/||b|| 1.445289767729e-07
  963 KSP Residual norm 4.949267755732e-10
  963 KSP preconditioned resid norm 4.949267755732e-10 true resid norm 3.047735447694e-10 ||r(i)||/||b|| 1.422075878246e-07
  964 KSP Residual norm 4.852437258963e-10
  964 KSP preconditioned resid norm 4.852437258963e-10 true resid norm 2.997731629785e-10 ||r(i)||/||b|| 1.398744055491e-07
  965 KSP Residual norm 4.759692835083e-10
  965 KSP preconditioned resid norm 4.759692835083e-10 true resid norm 2.928409481470e-10 ||r(i)||/||b|| 1.366398283806e-07
  966 KSP Residual norm 4.676134124628e-10
  966 KSP preconditioned resid norm 4.676134124628e-10 true resid norm 2.869235389514e-10 ||r(i)||/||b|| 1.338787603604e-07
  967 KSP Residual norm 4.588182138114e-10
  967 KSP preconditioned resid norm 4.588182138114e-10 true resid norm 2.839448908615e-10 ||r(i)||/||b|| 1.324889207004e-07
  968 KSP Residual norm 4.487442332646e-10
  968 KSP preconditioned resid norm 4.487442332646e-10 true resid norm 2.788431135973e-10 ||r(i)||/||b|| 1.301084272133e-07
  969 KSP Residual norm 4.391562590860e-10
  969 KSP preconditioned resid norm 4.391562590860e-10 true resid norm 2.717454765385e-10 ||r(i)||/||b|| 1.267966638968e-07
  970 KSP Residual norm 4.298648241491e-10
  970 KSP preconditioned resid norm 4.298648241491e-10 true resid norm 2.669127855491e-10 ||r(i)||/||b|| 1.245417262879e-07
  971 KSP Residual norm 4.200771348498e-10
  971 KSP preconditioned resid norm 4.200771348498e-10 true resid norm 2.615940900517e-10 ||r(i)||/||b|| 1.220600185740e-07
  972 KSP Residual norm 4.105615087508e-10
  972 KSP preconditioned resid norm 4.105615087508e-10 true resid norm 2.549204995256e-10 ||r(i)||/||b|| 1.189461157201e-07
  973 KSP Residual norm 4.014105787833e-10
  973 KSP preconditioned resid norm 4.014105787833e-10 true resid norm 2.502420118347e-10 ||r(i)||/||b|| 1.167631294977e-07
  974 KSP Residual norm 3.913781012310e-10
  974 KSP preconditioned resid norm 3.913781012310e-10 true resid norm 2.456718311778e-10 ||r(i)||/||b|| 1.146306794269e-07
  975 KSP Residual norm 3.818547418999e-10
  975 KSP preconditioned resid norm 3.818547418999e-10 true resid norm 2.375350693594e-10 ||r(i)||/||b|| 1.108340596390e-07
  976 KSP Residual norm 3.732480602027e-10
  976 KSP preconditioned resid norm 3.732480602027e-10 true resid norm 2.321710918802e-10 ||r(i)||/||b|| 1.083312233149e-07
  977 KSP Residual norm 3.648128275056e-10
  977 KSP preconditioned resid norm 3.648128275056e-10 true resid norm 2.266702393803e-10 ||r(i)||/||b|| 1.057645209931e-07
  978 KSP Residual norm 3.566658378379e-10
  978 KSP preconditioned resid norm 3.566658378379e-10 true resid norm 2.219103082687e-10 ||r(i)||/||b|| 1.035435332033e-07
  979 KSP Residual norm 3.481036238307e-10
  979 KSP preconditioned resid norm 3.481036238307e-10 true resid norm 2.180744423064e-10 ||r(i)||/||b|| 1.017537149757e-07
  980 KSP Residual norm 3.386754883830e-10
  980 KSP preconditioned resid norm 3.386754883830e-10 true resid norm 2.132025379485e-10 ||r(i)||/||b|| 9.948048037661e-08
  981 KSP Residual norm 3.294789048382e-10
  981 KSP preconditioned resid norm 3.294789048382e-10 true resid norm 2.068277691479e-10 ||r(i)||/||b|| 9.650600798673e-08
  982 KSP Residual norm 3.204729998041e-10
  982 KSP preconditioned resid norm 3.204729998041e-10 true resid norm 2.025621824849e-10 ||r(i)||/||b|| 9.451568172514e-08
  983 KSP Residual norm 3.114124768165e-10
  983 KSP preconditioned resid norm 3.114124768165e-10 true resid norm 1.962422277166e-10 ||r(i)||/||b|| 9.156678560803e-08
  984 KSP Residual norm 3.037837155365e-10
  984 KSP preconditioned resid norm 3.037837155365e-10 true resid norm 1.887427204452e-10 ||r(i)||/||b|| 8.806750931834e-08
  985 KSP Residual norm 2.973842188901e-10
  985 KSP preconditioned resid norm 2.973842188901e-10 true resid norm 1.838441591773e-10 ||r(i)||/||b|| 8.578183658304e-08
  986 KSP Residual norm 2.914856611089e-10
  986 KSP preconditioned resid norm 2.914856611089e-10 true resid norm 1.798159017361e-10 ||r(i)||/||b|| 8.390224833244e-08
  987 KSP Residual norm 2.858012991524e-10
  987 KSP preconditioned resid norm 2.858012991524e-10 true resid norm 1.767167940441e-10 ||r(i)||/||b|| 8.245620212251e-08
  988 KSP Residual norm 2.799515527948e-10
  988 KSP preconditioned resid norm 2.799515527948e-10 true resid norm 1.729248976191e-10 ||r(i)||/||b|| 8.068690011735e-08
  989 KSP Residual norm 2.746712631557e-10
  989 KSP preconditioned resid norm 2.746712631557e-10 true resid norm 1.683987495045e-10 ||r(i)||/||b|| 7.857499566711e-08
  990 KSP Residual norm 2.698811452832e-10
  990 KSP preconditioned resid norm 2.698811452832e-10 true resid norm 1.658973844040e-10 ||r(i)||/||b|| 7.740785664437e-08
  991 KSP Residual norm 2.650044579452e-10
  991 KSP preconditioned resid norm 2.650044579452e-10 true resid norm 1.632655339712e-10 ||r(i)||/||b|| 7.617983305769e-08
  992 KSP Residual norm 2.603154998999e-10
  992 KSP preconditioned resid norm 2.603154998999e-10 true resid norm 1.600021946834e-10 ||r(i)||/||b|| 7.465715624952e-08
  993 KSP Residual norm 2.555534226867e-10
  993 KSP preconditioned resid norm 2.555534226867e-10 true resid norm 1.573363112272e-10 ||r(i)||/||b|| 7.341325282601e-08
  994 KSP Residual norm 2.507029610477e-10
  994 KSP preconditioned resid norm 2.507029610477e-10 true resid norm 1.543107482689e-10 ||r(i)||/||b|| 7.200152264962e-08
  995 KSP Residual norm 2.461546325130e-10
  995 KSP preconditioned resid norm 2.461546325130e-10 true resid norm 1.515936859799e-10 ||r(i)||/||b|| 7.073373914050e-08
  996 KSP Residual norm 2.416518583020e-10
  996 KSP preconditioned resid norm 2.416518583020e-10 true resid norm 1.485947645025e-10 ||r(i)||/||b|| 6.933443990109e-08
  997 KSP Residual norm 2.372859772822e-10
  997 KSP preconditioned resid norm 2.372859772822e-10 true resid norm 1.450136312331e-10 ||r(i)||/||b|| 6.766348015852e-08
  998 KSP Residual norm 2.328264427763e-10
  998 KSP preconditioned resid norm 2.328264427763e-10 true resid norm 1.426776646463e-10 ||r(i)||/||b|| 6.657351621889e-08
  999 KSP Residual norm 2.291195820524e-10
  999 KSP preconditioned resid norm 2.291195820524e-10 true resid norm 1.395252134804e-10 ||r(i)||/||b|| 6.510257989999e-08
  1000 KSP Residual norm 2.260872129859e-10
  1000 KSP preconditioned resid norm 2.260872129859e-10 true resid norm 1.413688411849e-10 ||r(i)||/||b|| 6.596281811032e-08
  1001 KSP Residual norm 2.232758988795e-10
  1001 KSP preconditioned resid norm 2.232758988795e-10 true resid norm 1.357196775365e-10 ||r(i)||/||b|| 6.332691368404e-08
  1002 KSP Residual norm 2.198557269493e-10
  1002 KSP preconditioned resid norm 2.198557269493e-10 true resid norm 1.343070046981e-10 ||r(i)||/||b|| 6.266775937036e-08
  1003 KSP Residual norm 2.158288441757e-10
  1003 KSP preconditioned resid norm 2.158288441757e-10 true resid norm 1.315927455356e-10 ||r(i)||/||b|| 6.140128380233e-08
  1004 KSP Residual norm 2.120551567922e-10
  1004 KSP preconditioned resid norm 2.120551567922e-10 true resid norm 1.301697750423e-10 ||r(i)||/||b|| 6.073732459435e-08
  1005 KSP Residual norm 2.082963594415e-10
  1005 KSP preconditioned resid norm 2.082963594415e-10 true resid norm 1.280704043150e-10 ||r(i)||/||b|| 5.975775647831e-08
  1006 KSP Residual norm 2.046705381481e-10
  1006 KSP preconditioned resid norm 2.046705381481e-10 true resid norm 1.255847398485e-10 ||r(i)||/||b|| 5.859794338431e-08
  1007 KSP Residual norm 2.009625222723e-10
  1007 KSP preconditioned resid norm 2.009625222723e-10 true resid norm 1.234198363489e-10 ||r(i)||/||b|| 5.758779762255e-08
  1008 KSP Residual norm 1.974390253349e-10
  1008 KSP preconditioned resid norm 1.974390253349e-10 true resid norm 1.210931678153e-10 ||r(i)||/||b|| 5.650217216221e-08
  1009 KSP Residual norm 1.941033309576e-10
  1009 KSP preconditioned resid norm 1.941033309576e-10 true resid norm 1.194277208675e-10 ||r(i)||/||b|| 5.572507324020e-08
  1010 KSP Residual norm 1.906809782472e-10
  1010 KSP preconditioned resid norm 1.906809782472e-10 true resid norm 1.171166992732e-10 ||r(i)||/||b|| 5.464674865470e-08
  1011 KSP Residual norm 1.874123957673e-10
  1011 KSP preconditioned resid norm 1.874123957673e-10 true resid norm 1.147025990786e-10 ||r(i)||/||b|| 5.352032750913e-08
  1012 KSP Residual norm 1.840023198141e-10
  1012 KSP preconditioned resid norm 1.840023198141e-10 true resid norm 1.133758009822e-10 ||r(i)||/||b|| 5.290124242102e-08
  1013 KSP Residual norm 1.803916061173e-10
  1013 KSP preconditioned resid norm 1.803916061173e-10 true resid norm 1.113596214938e-10 ||r(i)||/||b|| 5.196049140574e-08
  1014 KSP Residual norm 1.769682626107e-10
  1014 KSP preconditioned resid norm 1.769682626107e-10 true resid norm 1.091127048940e-10 ||r(i)||/||b|| 5.091207826363e-08
  1015 KSP Residual norm 1.734820499357e-10
  1015 KSP preconditioned resid norm 1.734820499357e-10 true resid norm 1.072056572947e-10 ||r(i)||/||b|| 5.002224827800e-08
  1016 KSP Residual norm 1.698385753344e-10
  1016 KSP preconditioned resid norm 1.698385753344e-10 true resid norm 1.054866005315e-10 ||r(i)||/||b|| 4.922013497184e-08
  1017 KSP Residual norm 1.656909136441e-10
  1017 KSP preconditioned resid norm 1.656909136441e-10 true resid norm 1.044450314285e-10 ||r(i)||/||b|| 4.873413796776e-08
  1018 KSP Residual norm 1.610306009032e-10
  1018 KSP preconditioned resid norm 1.610306009032e-10 true resid norm 1.018361897217e-10 ||r(i)||/||b|| 4.751685027167e-08
  1019 KSP Residual norm 1.565661248695e-10
  1019 KSP preconditioned resid norm 1.565661248695e-10 true resid norm 9.842744533759e-11 ||r(i)||/||b|| 4.592632732537e-08
  1020 KSP Residual norm 1.522189753965e-10
  1020 KSP preconditioned resid norm 1.522189753965e-10 true resid norm 9.591645139179e-11 ||r(i)||/||b|| 4.475469547542e-08
  1021 KSP Residual norm 1.479744996574e-10
  1021 KSP preconditioned resid norm 1.479744996574e-10 true resid norm 9.300301968549e-11 ||r(i)||/||b|| 4.339528583389e-08
  1022 KSP Residual norm 1.442450116904e-10
  1022 KSP preconditioned resid norm 1.442450116904e-10 true resid norm 9.007609728875e-11 ||r(i)||/||b|| 4.202958142505e-08
  1023 KSP Residual norm 1.409383202029e-10
  1023 KSP preconditioned resid norm 1.409383202029e-10 true resid norm 8.762428614030e-11 ||r(i)||/||b|| 4.088556431724e-08
  1024 KSP Residual norm 1.377575069572e-10
  1024 KSP preconditioned resid norm 1.377575069572e-10 true resid norm 8.564694006605e-11 ||r(i)||/||b|| 3.996293300511e-08
  1025 KSP Residual norm 1.346481509876e-10
  1025 KSP preconditioned resid norm 1.346481509876e-10 true resid norm 8.381987842733e-11 ||r(i)||/||b|| 3.911042453478e-08
  1026 KSP Residual norm 1.313335259600e-10
  1026 KSP preconditioned resid norm 1.313335259600e-10 true resid norm 8.257926451871e-11 ||r(i)||/||b|| 3.853155305989e-08
  1027 KSP Residual norm 1.279818380451e-10
  1027 KSP preconditioned resid norm 1.279818380451e-10 true resid norm 7.998403520481e-11 ||r(i)||/||b|| 3.732061691758e-08
  1028 KSP Residual norm 1.250468743828e-10
  1028 KSP preconditioned resid norm 1.250468743828e-10 true resid norm 7.771534358979e-11 ||r(i)||/||b|| 3.626204353539e-08
  1029 KSP Residual norm 1.222146196263e-10
  1029 KSP preconditioned resid norm 1.222146196263e-10 true resid norm 7.607501254502e-11 ||r(i)||/||b|| 3.549666371449e-08
  1030 KSP Residual norm 1.194608011399e-10
  1030 KSP preconditioned resid norm 1.194608011399e-10 true resid norm 7.421725044042e-11 ||r(i)||/||b|| 3.462983038141e-08
  1031 KSP Residual norm 1.169175076999e-10
  1031 KSP preconditioned resid norm 1.169175076999e-10 true resid norm 7.246531877225e-11 ||r(i)||/||b|| 3.381237761742e-08
  1032 KSP Residual norm 1.143971820818e-10
  1032 KSP preconditioned resid norm 1.143971820818e-10 true resid norm 7.111074723813e-11 ||r(i)||/||b|| 3.318033342031e-08
  1033 KSP Residual norm 1.118580619389e-10
  1033 KSP preconditioned resid norm 1.118580619389e-10 true resid norm 6.930711156507e-11 ||r(i)||/||b|| 3.233875552491e-08
  1034 KSP Residual norm 1.097278961256e-10
  1034 KSP preconditioned resid norm 1.097278961256e-10 true resid norm 6.735832211979e-11 ||r(i)||/||b|| 3.142944875945e-08
  1035 KSP Residual norm 1.078212091682e-10
  1035 KSP preconditioned resid norm 1.078212091682e-10 true resid norm 6.633891119132e-11 ||r(i)||/||b|| 3.095379077789e-08
  1036 KSP Residual norm 1.058019195600e-10
  1036 KSP preconditioned resid norm 1.058019195600e-10 true resid norm 6.532414185399e-11 ||r(i)||/||b|| 3.048029856658e-08
  1037 KSP Residual norm 1.037751797183e-10
  1037 KSP preconditioned resid norm 1.037751797183e-10 true resid norm 6.389191597106e-11 ||r(i)||/||b|| 2.981202078615e-08
  1038 KSP Residual norm 1.018740940433e-10
  1038 KSP preconditioned resid norm 1.018740940433e-10 true resid norm 6.269302161525e-11 ||r(i)||/||b|| 2.925261568908e-08
  1039 KSP Residual norm 9.993145946959e-11
  1039 KSP preconditioned resid norm 9.993145946959e-11 true resid norm 6.171248749660e-11 ||r(i)||/||b|| 2.879509765911e-08
  1040 KSP Residual norm 9.797760126026e-11
  1040 KSP preconditioned resid norm 9.797760126026e-11 true resid norm 6.044500419543e-11 ||r(i)||/||b|| 2.820368890345e-08
  1041 KSP Residual norm 9.607095577511e-11
  1041 KSP preconditioned resid norm 9.607095577511e-11 true resid norm 5.931699608063e-11 ||r(i)||/||b|| 2.767735938501e-08
  1042 KSP Residual norm 9.416062786934e-11
  1042 KSP preconditioned resid norm 9.416062786934e-11 true resid norm 5.812296157229e-11 ||r(i)||/||b|| 2.712022189679e-08
  1043 KSP Residual norm 9.245933538620e-11
  1043 KSP preconditioned resid norm 9.245933538620e-11 true resid norm 5.672316445108e-11 ||r(i)||/||b|| 2.646707540337e-08
  1044 KSP Residual norm 9.088906324112e-11
  1044 KSP preconditioned resid norm 9.088906324112e-11 true resid norm 5.584580566673e-11 ||r(i)||/||b|| 2.605769906963e-08
  1045 KSP Residual norm 8.927416871644e-11
  1045 KSP preconditioned resid norm 8.927416871644e-11 true resid norm 5.491275277070e-11 ||r(i)||/||b|| 2.562233581736e-08
  1046 KSP Residual norm 8.765135935609e-11
  1046 KSP preconditioned resid norm 8.765135935609e-11 true resid norm 5.397473692389e-11 ||r(i)||/||b|| 2.518465684815e-08
  1047 KSP Residual norm 8.602548880892e-11
  1047 KSP preconditioned resid norm 8.602548880892e-11 true resid norm 5.294869486397e-11 ||r(i)||/||b|| 2.470590477517e-08
  1048 KSP Residual norm 8.450178791652e-11
  1048 KSP preconditioned resid norm 8.450178791652e-11 true resid norm 5.188631413117e-11 ||r(i)||/||b|| 2.421019704740e-08
  1049 KSP Residual norm 8.295888043312e-11
  1049 KSP preconditioned resid norm 8.295888043312e-11 true resid norm 5.116831401690e-11 ||r(i)||/||b|| 2.387517760080e-08
  1050 KSP Residual norm 8.136504041587e-11
  1050 KSP preconditioned resid norm 8.136504041587e-11 true resid norm 5.013576138028e-11 ||r(i)||/||b|| 2.339338768735e-08
  1051 KSP Residual norm 7.990401654053e-11
  1051 KSP preconditioned resid norm 7.990401654053e-11 true resid norm 4.902019113488e-11 ||r(i)||/||b|| 2.287286168905e-08
  1052 KSP Residual norm 7.856209858565e-11
  1052 KSP preconditioned resid norm 7.856209858565e-11 true resid norm 4.818360792740e-11 ||r(i)||/||b|| 2.248251127317e-08
  1053 KSP Residual norm 7.721243791874e-11
  1053 KSP preconditioned resid norm 7.721243791874e-11 true resid norm 4.743204224704e-11 ||r(i)||/||b|| 2.213183010569e-08
  1054 KSP Residual norm 7.589263461349e-11
  1054 KSP preconditioned resid norm 7.589263461349e-11 true resid norm 4.653006634475e-11 ||r(i)||/||b|| 2.171096740438e-08
  1055 KSP Residual norm 7.463914596931e-11
  1055 KSP preconditioned resid norm 7.463914596931e-11 true resid norm 4.568818603287e-11 ||r(i)||/||b|| 2.131814535520e-08
  1056 KSP Residual norm 7.350369686805e-11
  1056 KSP preconditioned resid norm 7.350369686805e-11 true resid norm 4.478069736277e-11 ||r(i)||/||b|| 2.089471039188e-08
  1057 KSP Residual norm 7.246857480380e-11
  1057 KSP preconditioned resid norm 7.246857480380e-11 true resid norm 4.411987333054e-11 ||r(i)||/||b|| 2.058636935240e-08
  1058 KSP Residual norm 7.143316245593e-11
  1058 KSP preconditioned resid norm 7.143316245593e-11 true resid norm 4.349695855142e-11 ||r(i)||/||b|| 2.029571680175e-08
  1059 KSP Residual norm 7.040589570218e-11
  1059 KSP preconditioned resid norm 7.040589570218e-11 true resid norm 4.289083216022e-11 ||r(i)||/||b|| 2.001289772676e-08
  1060 KSP Residual norm 6.936212495467e-11
  1060 KSP preconditioned resid norm 6.936212495467e-11 true resid norm 4.231377249739e-11 ||r(i)||/||b|| 1.974364121127e-08
  1061 KSP Residual norm 6.836326881585e-11
  1061 KSP preconditioned resid norm 6.836326881585e-11 true resid norm 4.161427379679e-11 ||r(i)||/||b|| 1.941725453957e-08
  1062 KSP Residual norm 6.741790157785e-11
  1062 KSP preconditioned resid norm 6.741790157785e-11 true resid norm 4.100462780614e-11 ||r(i)||/||b|| 1.913279321658e-08
  1063 KSP Residual norm 6.652193200080e-11
  1063 KSP preconditioned resid norm 6.652193200080e-11 true resid norm 4.036156355603e-11 ||r(i)||/||b|| 1.883273890611e-08
  1064 KSP Residual norm 6.571213678520e-11
  1064 KSP preconditioned resid norm 6.571213678520e-11 true resid norm 3.975411662683e-11 ||r(i)||/||b|| 1.854930366701e-08
  1065 KSP Residual norm 6.496145655335e-11
  1065 KSP preconditioned resid norm 6.496145655335e-11 true resid norm 3.927903769342e-11 ||r(i)||/||b|| 1.832763144412e-08
  1066 KSP Residual norm 6.421623803692e-11
  1066 KSP preconditioned resid norm 6.421623803692e-11 true resid norm 3.885235971103e-11 ||r(i)||/||b|| 1.812854314497e-08
  1067 KSP Residual norm 6.344336992716e-11
  1067 KSP preconditioned resid norm 6.344336992716e-11 true resid norm 3.842411380487e-11 ||r(i)||/||b|| 1.792872325130e-08
  1068 KSP Residual norm 6.267595890485e-11
  1068 KSP preconditioned resid norm 6.267595890485e-11 true resid norm 3.791768198649e-11 ||r(i)||/||b|| 1.769242174638e-08
  1069 KSP Residual norm 6.193245628572e-11
  1069 KSP preconditioned resid norm 6.193245628572e-11 true resid norm 3.747736649592e-11 ||r(i)||/||b|| 1.748697017464e-08
  1070 KSP Residual norm 6.121078662534e-11
  1070 KSP preconditioned resid norm 6.121078662534e-11 true resid norm 3.700322229142e-11 ||r(i)||/||b|| 1.726573409704e-08
  1071 KSP Residual norm 6.049689642363e-11
  1071 KSP preconditioned resid norm 6.049689642363e-11 true resid norm 3.662424249994e-11 ||r(i)||/||b|| 1.708890181318e-08
  1072 KSP Residual norm 5.976522855025e-11
  1072 KSP preconditioned resid norm 5.976522855025e-11 true resid norm 3.618611750941e-11 ||r(i)||/||b|| 1.688447233057e-08
  1073 KSP Residual norm 5.903561440512e-11
  1073 KSP preconditioned resid norm 5.903561440512e-11 true resid norm 3.581273574430e-11 ||r(i)||/||b|| 1.671025209045e-08
  1074 KSP Residual norm 5.828588633621e-11
  1074 KSP preconditioned resid norm 5.828588633621e-11 true resid norm 3.536347202783e-11 ||r(i)||/||b|| 1.650062526911e-08
  1075 KSP Residual norm 5.758509526588e-11
  1075 KSP preconditioned resid norm 5.758509526588e-11 true resid norm 3.483624874526e-11 ||r(i)||/||b|| 1.625462244982e-08
  1076 KSP Residual norm 5.691862657478e-11
  1076 KSP preconditioned resid norm 5.691862657478e-11 true resid norm 3.439868575017e-11 ||r(i)||/||b|| 1.605045519475e-08
  1077 KSP Residual norm 5.628094530389e-11
  1077 KSP preconditioned resid norm 5.628094530389e-11 true resid norm 3.397891347317e-11 ||r(i)||/||b|| 1.585458910345e-08
  1078 KSP Residual norm 5.565264503637e-11
  1078 KSP preconditioned resid norm 5.565264503637e-11 true resid norm 3.362368587140e-11 ||r(i)||/||b|| 1.568883961094e-08
  1079 KSP Residual norm 5.501833671024e-11
  1079 KSP preconditioned resid norm 5.501833671024e-11 true resid norm 3.328851455411e-11 ||r(i)||/||b|| 1.553244839733e-08
  1080 KSP Residual norm 5.434043258180e-11
  1080 KSP preconditioned resid norm 5.434043258180e-11 true resid norm 3.294594289784e-11 ||r(i)||/||b|| 1.537260417945e-08
  1081 KSP Residual norm 5.368156754826e-11
  1081 KSP preconditioned resid norm 5.368156754826e-11 true resid norm 3.246325201306e-11 ||r(i)||/||b|| 1.514738021376e-08
  1082 KSP Residual norm 5.307343369917e-11
  1082 KSP preconditioned resid norm 5.307343369917e-11 true resid norm 3.207472441578e-11 ||r(i)||/||b|| 1.496609291583e-08
  1083 KSP Residual norm 5.250171339376e-11
  1083 KSP preconditioned resid norm 5.250171339376e-11 true resid norm 3.168753118326e-11 ||r(i)||/||b|| 1.478542823360e-08
  1084 KSP Residual norm 5.195200702489e-11
  1084 KSP preconditioned resid norm 5.195200702489e-11 true resid norm 3.130974592932e-11 ||r(i)||/||b|| 1.460915332194e-08
  1085 KSP Residual norm 5.144656664101e-11
  1085 KSP preconditioned resid norm 5.144656664101e-11 true resid norm 3.090930928649e-11 ||r(i)||/||b|| 1.442230925352e-08
  1086 KSP Residual norm 5.099595439477e-11
  1086 KSP preconditioned resid norm 5.099595439477e-11 true resid norm 3.057291757078e-11 ||r(i)||/||b|| 1.426534860101e-08
  1087 KSP Residual norm 5.056553872871e-11
  1087 KSP preconditioned resid norm 5.056553872871e-11 true resid norm 3.035275298812e-11 ||r(i)||/||b|| 1.416261962482e-08
  1088 KSP Residual norm 5.010684966237e-11
  1088 KSP preconditioned resid norm 5.010684966237e-11 true resid norm 3.009795018773e-11 ||r(i)||/||b|| 1.404372842761e-08
  1089 KSP Residual norm 4.965183417261e-11
  1089 KSP preconditioned resid norm 4.965183417261e-11 true resid norm 2.980148558727e-11 ||r(i)||/||b|| 1.390539780007e-08
  1090 KSP Residual norm 4.919836703132e-11
  1090 KSP preconditioned resid norm 4.919836703132e-11 true resid norm 2.956007915755e-11 ||r(i)||/||b|| 1.379275736049e-08
  1091 KSP Residual norm 4.875781120457e-11
  1091 KSP preconditioned resid norm 4.875781120457e-11 true resid norm 2.928860234720e-11 ||r(i)||/||b|| 1.366608605645e-08
  1092 KSP Residual norm 4.833352759161e-11
  1092 KSP preconditioned resid norm 4.833352759161e-11 true resid norm 2.903598644525e-11 ||r(i)||/||b|| 1.354821526786e-08
  1093 KSP Residual norm 4.791558613938e-11
  1093 KSP preconditioned resid norm 4.791558613938e-11 true resid norm 2.875343227122e-11 ||r(i)||/||b|| 1.341637525679e-08
  1094 KSP Residual norm 4.752413161063e-11
  1094 KSP preconditioned resid norm 4.752413161063e-11 true resid norm 2.845144286039e-11 ||r(i)||/||b|| 1.327546674816e-08
  1095 KSP Residual norm 4.714455265122e-11
  1095 KSP preconditioned resid norm 4.714455265122e-11 true resid norm 2.822788470357e-11 ||r(i)||/||b|| 1.317115432746e-08
  1096 KSP Residual norm 4.678454138244e-11
  1096 KSP preconditioned resid norm 4.678454138244e-11 true resid norm 2.798212447860e-11 ||r(i)||/||b|| 1.305648240342e-08
  1097 KSP Residual norm 4.643731237921e-11
  1097 KSP preconditioned resid norm 4.643731237921e-11 true resid norm 2.777918871675e-11 ||r(i)||/||b|| 1.296179240925e-08
  1098 KSP Residual norm 4.606187800019e-11
  1098 KSP preconditioned resid norm 4.606187800019e-11 true resid norm 2.744359316964e-11 ||r(i)||/||b|| 1.280520324967e-08
  1099 KSP Residual norm 4.570245929675e-11
  1099 KSP preconditioned resid norm 4.570245929675e-11 true resid norm 2.746823059319e-11 ||r(i)||/||b|| 1.281669909185e-08
  1100 KSP Residual norm 4.534034174769e-11
  1100 KSP preconditioned resid norm 4.534034174769e-11 true resid norm 2.763578460785e-11 ||r(i)||/||b|| 1.289487993354e-08
  1101 KSP Residual norm 4.500019717956e-11
  1101 KSP preconditioned resid norm 4.500019717956e-11 true resid norm 2.700624089637e-11 ||r(i)||/||b|| 1.260113431757e-08
  1102 KSP Residual norm 4.466121045665e-11
  1102 KSP preconditioned resid norm 4.466121045665e-11 true resid norm 2.658072242531e-11 ||r(i)||/||b|| 1.240258704737e-08
  1103 KSP Residual norm 4.430658249212e-11
  1103 KSP preconditioned resid norm 4.430658249212e-11 true resid norm 2.648115530582e-11 ||r(i)||/||b|| 1.235612894714e-08
  1104 KSP Residual norm 4.398755015755e-11
  1104 KSP preconditioned resid norm 4.398755015755e-11 true resid norm 2.629079293346e-11 ||r(i)||/||b|| 1.226730570690e-08
  1105 KSP Residual norm 4.365920650334e-11
  1105 KSP preconditioned resid norm 4.365920650334e-11 true resid norm 2.612796130136e-11 ||r(i)||/||b|| 1.219132833282e-08
  1106 KSP Residual norm 4.332163980841e-11
  1106 KSP preconditioned resid norm 4.332163980841e-11 true resid norm 2.590484429339e-11 ||r(i)||/||b|| 1.208722175254e-08
  1107 KSP Residual norm 4.298379034629e-11
  1107 KSP preconditioned resid norm 4.298379034629e-11 true resid norm 2.576154088856e-11 ||r(i)||/||b|| 1.202035626543e-08
  1108 KSP Residual norm 4.262567390171e-11
  1108 KSP preconditioned resid norm 4.262567390171e-11 true resid norm 2.558068618804e-11 ||r(i)||/||b|| 1.193596931273e-08
  1109 KSP Residual norm 4.226673844453e-11
  1109 KSP preconditioned resid norm 4.226673844453e-11 true resid norm 2.537469232691e-11 ||r(i)||/||b|| 1.183985240691e-08
  1110 KSP Residual norm 4.189401397760e-11
  1110 KSP preconditioned resid norm 4.189401397760e-11 true resid norm 2.516155626862e-11 ||r(i)||/||b|| 1.174040294600e-08
  1111 KSP Residual norm 4.151740909498e-11
  1111 KSP preconditioned resid norm 4.151740909498e-11 true resid norm 2.489439926892e-11 ||r(i)||/||b|| 1.161574726918e-08
  1112 KSP Residual norm 4.115333792024e-11
  1112 KSP preconditioned resid norm 4.115333792024e-11 true resid norm 2.469199104871e-11 ||r(i)||/||b|| 1.152130342638e-08
  1113 KSP Residual norm 4.079301982437e-11
  1113 KSP preconditioned resid norm 4.079301982437e-11 true resid norm 2.447167744937e-11 ||r(i)||/||b|| 1.141850491889e-08
  1114 KSP Residual norm 4.045541511848e-11
  1114 KSP preconditioned resid norm 4.045541511848e-11 true resid norm 2.424713042378e-11 ||r(i)||/||b|| 1.131373109120e-08
  1115 KSP Residual norm 4.010240883643e-11
  1115 KSP preconditioned resid norm 4.010240883643e-11 true resid norm 2.408529558605e-11 ||r(i)||/||b|| 1.123821882219e-08
  1116 KSP Residual norm 3.971141050444e-11
  1116 KSP preconditioned resid norm 3.971141050444e-11 true resid norm 2.392787514796e-11 ||r(i)||/||b|| 1.116476631571e-08
  1117 KSP Residual norm 3.929403714929e-11
  1117 KSP preconditioned resid norm 3.929403714929e-11 true resid norm 2.371980752581e-11 ||r(i)||/||b|| 1.106768179128e-08
  1118 KSP Residual norm 3.887134663593e-11
  1118 KSP preconditioned resid norm 3.887134663593e-11 true resid norm 2.349716050420e-11 ||r(i)||/||b|| 1.096379450702e-08
  1119 KSP Residual norm 3.842391536567e-11
  1119 KSP preconditioned resid norm 3.842391536567e-11 true resid norm 2.325439367807e-11 ||r(i)||/||b|| 1.085051930536e-08
  1120 KSP Residual norm 3.794675864948e-11
  1120 KSP preconditioned resid norm 3.794675864948e-11 true resid norm 2.301291244441e-11 ||r(i)||/||b|| 1.073784396219e-08
  1121 KSP Residual norm 3.746873981646e-11
  1121 KSP preconditioned resid norm 3.746873981646e-11 true resid norm 2.269472477202e-11 ||r(i)||/||b|| 1.058937733133e-08
  1122 KSP Residual norm 3.702272913812e-11
  1122 KSP preconditioned resid norm 3.702272913812e-11 true resid norm 2.240212633038e-11 ||r(i)||/||b|| 1.045285065669e-08
  1123 KSP Residual norm 3.660225198309e-11
  1123 KSP preconditioned resid norm 3.660225198309e-11 true resid norm 2.209103116923e-11 ||r(i)||/||b|| 1.030769339744e-08
  1124 KSP Residual norm 3.619741672745e-11
  1124 KSP preconditioned resid norm 3.619741672745e-11 true resid norm 2.186460948903e-11 ||r(i)||/||b|| 1.020204485437e-08
  1125 KSP Residual norm 3.577676245891e-11
  1125 KSP preconditioned resid norm 3.577676245891e-11 true resid norm 2.165456843108e-11 ||r(i)||/||b|| 1.010403952317e-08
  1126 KSP Residual norm 3.533979578159e-11
  1126 KSP preconditioned resid norm 3.533979578159e-11 true resid norm 2.145594700820e-11 ||r(i)||/||b|| 1.001136260313e-08
  1127 KSP Residual norm 3.488604122388e-11
  1127 KSP preconditioned resid norm 3.488604122388e-11 true resid norm 2.117804822259e-11 ||r(i)||/||b|| 9.881694800138e-09
  1128 KSP Residual norm 3.445244755844e-11
  1128 KSP preconditioned resid norm 3.445244755844e-11 true resid norm 2.086497756128e-11 ||r(i)||/||b|| 9.735615770877e-09
  1129 KSP Residual norm 3.403656623358e-11
  1129 KSP preconditioned resid norm 3.403656623358e-11 true resid norm 2.059399011577e-11 ||r(i)||/||b|| 9.609172804885e-09
  1130 KSP Residual norm 3.364518241496e-11
  1130 KSP preconditioned resid norm 3.364518241496e-11 true resid norm 2.033474926431e-11 ||r(i)||/||b|| 9.488210809382e-09
  1131 KSP Residual norm 3.325412193183e-11
  1131 KSP preconditioned resid norm 3.325412193183e-11 true resid norm 2.013245508531e-11 ||r(i)||/||b|| 9.393820178305e-09
  1132 KSP Residual norm 3.285804637523e-11
  1132 KSP preconditioned resid norm 3.285804637523e-11 true resid norm 1.987810696370e-11 ||r(i)||/||b|| 9.275141134595e-09
  1133 KSP Residual norm 3.246171957529e-11
  1133 KSP preconditioned resid norm 3.246171957529e-11 true resid norm 1.965860562498e-11 ||r(i)||/||b|| 9.172721628575e-09
  1134 KSP Residual norm 3.207529247068e-11
  1134 KSP preconditioned resid norm 3.207529247068e-11 true resid norm 1.939755476442e-11 ||r(i)||/||b|| 9.050915081328e-09
  1135 KSP Residual norm 3.171549951913e-11
  1135 KSP preconditioned resid norm 3.171549951913e-11 true resid norm 1.916859641953e-11 ||r(i)||/||b|| 8.944082928414e-09
  1136 KSP Residual norm 3.136105923438e-11
  1136 KSP preconditioned resid norm 3.136105923438e-11 true resid norm 1.896055547034e-11 ||r(i)||/||b|| 8.847010849617e-09
  1137 KSP Residual norm 3.098674076289e-11
  1137 KSP preconditioned resid norm 3.098674076289e-11 true resid norm 1.879204664956e-11 ||r(i)||/||b|| 8.768384494604e-09
  1138 KSP Residual norm 3.057536438728e-11
  1138 KSP preconditioned resid norm 3.057536438728e-11 true resid norm 1.860493197645e-11 ||r(i)||/||b|| 8.681076633515e-09
  1139 KSP Residual norm 3.015307743554e-11
  1139 KSP preconditioned resid norm 3.015307743554e-11 true resid norm 1.835170546606e-11 ||r(i)||/||b|| 8.562920934527e-09
  1140 KSP Residual norm 2.972956678814e-11
  1140 KSP preconditioned resid norm 2.972956678814e-11 true resid norm 1.811852555361e-11 ||r(i)||/||b|| 8.454118994698e-09
  1141 KSP Residual norm 2.929838975594e-11
  1141 KSP preconditioned resid norm 2.929838975594e-11 true resid norm 1.784901246502e-11 ||r(i)||/||b|| 8.328363964862e-09
  1142 KSP Residual norm 2.887056147403e-11
  1142 KSP preconditioned resid norm 2.887056147403e-11 true resid norm 1.759808754010e-11 ||r(i)||/||b|| 8.211282187554e-09
  1143 KSP Residual norm 2.845520711926e-11
  1143 KSP preconditioned resid norm 2.845520711926e-11 true resid norm 1.732234422252e-11 ||r(i)||/||b|| 8.082620127728e-09
  1144 KSP Residual norm 2.805774658118e-11
  1144 KSP preconditioned resid norm 2.805774658118e-11 true resid norm 1.709604000548e-11 ||r(i)||/||b|| 7.977026393060e-09
  1145 KSP Residual norm 2.763376304113e-11
  1145 KSP preconditioned resid norm 2.763376304113e-11 true resid norm 1.691335394161e-11 ||r(i)||/||b|| 7.891784924706e-09
  1146 KSP Residual norm 2.718432626790e-11
  1146 KSP preconditioned resid norm 2.718432626790e-11 true resid norm 1.666112037573e-11 ||r(i)||/||b|| 7.774092534441e-09
  1147 KSP Residual norm 2.672723561023e-11
  1147 KSP preconditioned resid norm 2.672723561023e-11 true resid norm 1.641719051749e-11 ||r(i)||/||b|| 7.660274661027e-09
  1148 KSP Residual norm 2.626872519120e-11
  1148 KSP preconditioned resid norm 2.626872519120e-11 true resid norm 1.612639532836e-11 ||r(i)||/||b|| 7.524589385495e-09
  1149 KSP Residual norm 2.582382711461e-11
  1149 KSP preconditioned resid norm 2.582382711461e-11 true resid norm 1.585075616667e-11 ||r(i)||/||b|| 7.395975924889e-09
  1150 KSP Residual norm 2.536149061311e-11
  1150 KSP preconditioned resid norm 2.536149061311e-11 true resid norm 1.562790517461e-11 ||r(i)||/||b|| 7.291993467851e-09
  1151 KSP Residual norm 2.487764494506e-11
  1151 KSP preconditioned resid norm 2.487764494506e-11 true resid norm 1.534333324647e-11 ||r(i)||/||b|| 7.159211971038e-09
  1152 KSP Residual norm 2.442916684172e-11
  1152 KSP preconditioned resid norm 2.442916684172e-11 true resid norm 1.499751256613e-11 ||r(i)||/||b|| 6.997851755839e-09
  1153 KSP Residual norm 2.399818950603e-11
  1153 KSP preconditioned resid norm 2.399818950603e-11 true resid norm 1.478478591906e-11 ||r(i)||/||b|| 6.898593326541e-09
  1154 KSP Residual norm 2.354796595864e-11
  1154 KSP preconditioned resid norm 2.354796595864e-11 true resid norm 1.452002646381e-11 ||r(i)||/||b|| 6.775056345949e-09
  1155 KSP Residual norm 2.311629884120e-11
  1155 KSP preconditioned resid norm 2.311629884120e-11 true resid norm 1.422375529283e-11 ||r(i)||/||b|| 6.636815972761e-09
  1156 KSP Residual norm 2.270922160067e-11
  1156 KSP preconditioned resid norm 2.270922160067e-11 true resid norm 1.395237396138e-11 ||r(i)||/||b|| 6.510189219265e-09
  1157 KSP Residual norm 2.232270110077e-11
  1157 KSP preconditioned resid norm 2.232270110077e-11 true resid norm 1.370770218639e-11 ||r(i)||/||b|| 6.396025166880e-09
  1158 KSP Residual norm 2.192123911589e-11
  1158 KSP preconditioned resid norm 2.192123911589e-11 true resid norm 1.352635146947e-11 ||r(i)||/||b|| 6.311406772516e-09
  1159 KSP Residual norm 2.149343464363e-11
  1159 KSP preconditioned resid norm 2.149343464363e-11 true resid norm 1.327808985509e-11 ||r(i)||/||b|| 6.195567698107e-09
  1160 KSP Residual norm 2.106949619624e-11
  1160 KSP preconditioned resid norm 2.106949619624e-11 true resid norm 1.302484604292e-11 ||r(i)||/||b|| 6.077403926090e-09
  1161 KSP Residual norm 2.064942470987e-11
  1161 KSP preconditioned resid norm 2.064942470987e-11 true resid norm 1.276953430610e-11 ||r(i)||/||b|| 5.958275258726e-09
  1162 KSP Residual norm 2.025444912876e-11
  1162 KSP preconditioned resid norm 2.025444912876e-11 true resid norm 1.246967730323e-11 ||r(i)||/||b|| 5.818361733412e-09
  1163 KSP Residual norm 1.988520749088e-11
  1163 KSP preconditioned resid norm 1.988520749088e-11 true resid norm 1.225330634005e-11 ||r(i)||/||b|| 5.717402863207e-09
  1164 KSP Residual norm 1.950077888358e-11
  1164 KSP preconditioned resid norm 1.950077888358e-11 true resid norm 1.205897057984e-11 ||r(i)||/||b|| 5.626725636914e-09
  1165 KSP Residual norm 1.912641906051e-11
  1165 KSP preconditioned resid norm 1.912641906051e-11 true resid norm 1.179243079762e-11 ||r(i)||/||b|| 5.502357954285e-09
  1166 KSP Residual norm 1.878641111798e-11
  1166 KSP preconditioned resid norm 1.878641111798e-11 true resid norm 1.154557859406e-11 ||r(i)||/||b|| 5.387176512129e-09
  1167 KSP Residual norm 1.843034870394e-11
  1167 KSP preconditioned resid norm 1.843034870394e-11 true resid norm 1.142647197057e-11 ||r(i)||/||b|| 5.331601263191e-09
  1168 KSP Residual norm 1.802305067813e-11
  1168 KSP preconditioned resid norm 1.802305067813e-11 true resid norm 1.121767132067e-11 ||r(i)||/||b|| 5.234174707418e-09
  1169 KSP Residual norm 1.763737881377e-11
  1169 KSP preconditioned resid norm 1.763737881377e-11 true resid norm 1.093018550388e-11 ||r(i)||/||b|| 5.100033587753e-09
  1170 KSP Residual norm 1.726459198981e-11
  1170 KSP preconditioned resid norm 1.726459198981e-11 true resid norm 1.073531006925e-11 ||r(i)||/||b|| 5.009104548929e-09
  1171 KSP Residual norm 1.687217531870e-11
  1171 KSP preconditioned resid norm 1.687217531870e-11 true resid norm 1.052363559541e-11 ||r(i)||/||b|| 4.910337064526e-09
  1172 KSP Residual norm 1.648851564761e-11
  1172 KSP preconditioned resid norm 1.648851564761e-11 true resid norm 1.025468320286e-11 ||r(i)||/||b|| 4.784843655926e-09
  1173 KSP Residual norm 1.611906935162e-11
  1173 KSP preconditioned resid norm 1.611906935162e-11 true resid norm 1.006722644901e-11 ||r(i)||/||b|| 4.697376179682e-09
  1174 KSP Residual norm 1.571688778228e-11
  1174 KSP preconditioned resid norm 1.571688778228e-11 true resid norm 9.878772641971e-12 ||r(i)||/||b|| 4.609443477600e-09
  1175 KSP Residual norm 1.533858149017e-11
  1175 KSP preconditioned resid norm 1.533858149017e-11 true resid norm 9.550297600701e-12 ||r(i)||/||b|| 4.456176751923e-09
  1176 KSP Residual norm 1.499544221084e-11
  1176 KSP preconditioned resid norm 1.499544221084e-11 true resid norm 9.338852269370e-12 ||r(i)||/||b|| 4.357516185606e-09
  1177 KSP Residual norm 1.465567897008e-11
  1177 KSP preconditioned resid norm 1.465567897008e-11 true resid norm 9.121923422164e-12 ||r(i)||/||b|| 4.256297006251e-09
  1178 KSP Residual norm 1.432643644113e-11
  1178 KSP preconditioned resid norm 1.432643644113e-11 true resid norm 8.931416642461e-12 ||r(i)||/||b|| 4.167406385425e-09
  1179 KSP Residual norm 1.398139670348e-11
  1179 KSP preconditioned resid norm 1.398139670348e-11 true resid norm 8.775119875130e-12 ||r(i)||/||b|| 4.094478184640e-09
  1180 KSP Residual norm 1.360463649277e-11
  1180 KSP preconditioned resid norm 1.360463649277e-11 true resid norm 8.574153408718e-12 ||r(i)||/||b|| 4.000707065353e-09
  1181 KSP Residual norm 1.323695871903e-11
  1181 KSP preconditioned resid norm 1.323695871903e-11 true resid norm 8.322286230457e-12 ||r(i)||/||b|| 3.883185631858e-09
  1182 KSP Residual norm 1.287711936356e-11
  1182 KSP preconditioned resid norm 1.287711936356e-11 true resid norm 8.147341832071e-12 ||r(i)||/||b|| 3.801556431014e-09
  1183 KSP Residual norm 1.251866776942e-11
  1183 KSP preconditioned resid norm 1.251866776942e-11 true resid norm 7.895705076105e-12 ||r(i)||/||b|| 3.684142512752e-09
  1184 KSP Residual norm 1.221531645122e-11
  1184 KSP preconditioned resid norm 1.221531645122e-11 true resid norm 7.596306535418e-12 ||r(i)||/||b|| 3.544442906274e-09
  1185 KSP Residual norm 1.195939862101e-11
  1185 KSP preconditioned resid norm 1.195939862101e-11 true resid norm 7.402326476495e-12 ||r(i)||/||b|| 3.453931650494e-09
  1186 KSP Residual norm 1.172188236185e-11
  1186 KSP preconditioned resid norm 1.172188236185e-11 true resid norm 7.239052949427e-12 ||r(i)||/||b|| 3.377748087851e-09
  1187 KSP Residual norm 1.149679686395e-11
  1187 KSP preconditioned resid norm 1.149679686395e-11 true resid norm 7.110953788660e-12 ||r(i)||/||b|| 3.317976913589e-09
  1188 KSP Residual norm 1.126461020524e-11
  1188 KSP preconditioned resid norm 1.126461020524e-11 true resid norm 6.966915248201e-12 ||r(i)||/||b|| 3.250768411591e-09
  1189 KSP Residual norm 1.105202510504e-11
  1189 KSP preconditioned resid norm 1.105202510504e-11 true resid norm 6.784403395621e-12 ||r(i)||/||b|| 3.165608230367e-09
  1190 KSP Residual norm 1.085902443515e-11
  1190 KSP preconditioned resid norm 1.085902443515e-11 true resid norm 6.682687945940e-12 ||r(i)||/||b|| 3.118147717498e-09
  1191 KSP Residual norm 1.066280555157e-11
  1191 KSP preconditioned resid norm 1.066280555157e-11 true resid norm 6.576034220686e-12 ||r(i)||/||b|| 3.068383001166e-09
  1192 KSP Residual norm 1.047613486337e-11
  1192 KSP preconditioned resid norm 1.047613486337e-11 true resid norm 6.442465748477e-12 ||r(i)||/||b|| 3.006059841665e-09
  1193 KSP Residual norm 1.028596577176e-11
  1193 KSP preconditioned resid norm 1.028596577176e-11 true resid norm 6.343083910298e-12 ||r(i)||/||b|| 2.959688193852e-09
  1194 KSP Residual norm 1.008992985208e-11
  1194 KSP preconditioned resid norm 1.008992985208e-11 true resid norm 6.215179190467e-12 ||r(i)||/||b|| 2.900007745891e-09
  1195 KSP Residual norm 9.909312238256e-12
  1195 KSP preconditioned resid norm 9.909312238256e-12 true resid norm 6.105297409019e-12 ||r(i)||/||b|| 2.848736815872e-09
  1196 KSP Residual norm 9.727706013451e-12
  1196 KSP preconditioned resid norm 9.727706013451e-12 true resid norm 5.993547941419e-12 ||r(i)||/||b|| 2.796594421951e-09
  1197 KSP Residual norm 9.551503235674e-12
  1197 KSP preconditioned resid norm 9.551503235674e-12 true resid norm 5.843083621827e-12 ||r(i)||/||b|| 2.726387646100e-09
  1198 KSP Residual norm 9.374510446605e-12
  1198 KSP preconditioned resid norm 9.374510446605e-12 true resid norm 5.743301504380e-12 ||r(i)||/||b|| 2.679829227649e-09
  1199 KSP Residual norm 9.225162105866e-12
  1199 KSP preconditioned resid norm 9.225162105866e-12 true resid norm 5.624392009376e-12 ||r(i)||/||b|| 2.624345959024e-09
  1200 KSP Residual norm 9.102276460980e-12
  1200 KSP preconditioned resid norm 9.102276460980e-12 true resid norm 5.707706046310e-12 ||r(i)||/||b|| 2.663220357501e-09
  1201 KSP Residual norm 8.987185212402e-12
  1201 KSP preconditioned resid norm 8.987185212402e-12 true resid norm 5.470309259309e-12 ||r(i)||/||b|| 2.552450820525e-09
  1202 KSP Residual norm 8.849130393320e-12
  1202 KSP preconditioned resid norm 8.849130393320e-12 true resid norm 5.405728963089e-12 ||r(i)||/||b|| 2.522317600945e-09
  1203 KSP Residual norm 8.689468403460e-12
  1203 KSP preconditioned resid norm 8.689468403460e-12 true resid norm 5.305040648722e-12 ||r(i)||/||b|| 2.475336350263e-09
  1204 KSP Residual norm 8.536059853982e-12
  1204 KSP preconditioned resid norm 8.536059853982e-12 true resid norm 5.252370647253e-12 ||r(i)||/||b|| 2.450760484056e-09
  1205 KSP Residual norm 8.383429668184e-12
  1205 KSP preconditioned resid norm 8.383429668184e-12 true resid norm 5.157950347903e-12 ||r(i)||/||b|| 2.406703894359e-09
  1206 KSP Residual norm 8.238597835984e-12
  1206 KSP preconditioned resid norm 8.238597835984e-12 true resid norm 5.060970127542e-12 ||r(i)||/||b|| 2.361452843404e-09
  1207 KSP Residual norm 8.088101911957e-12
  1207 KSP preconditioned resid norm 8.088101911957e-12 true resid norm 4.976034915392e-12 ||r(i)||/||b|| 2.321822003233e-09
  1208 KSP Residual norm 7.946580332604e-12
  1208 KSP preconditioned resid norm 7.946580332604e-12 true resid norm 4.878609575424e-12 ||r(i)||/||b|| 2.276363259101e-09
  1209 KSP Residual norm 7.812329300224e-12
  1209 KSP preconditioned resid norm 7.812329300224e-12 true resid norm 4.812910386505e-12 ||r(i)||/||b|| 2.245707963264e-09
  1210 KSP Residual norm 7.674223948875e-12
  1210 KSP preconditioned resid norm 7.674223948875e-12 true resid norm 4.718794270090e-12 ||r(i)||/||b|| 2.201793305576e-09
  1211 KSP Residual norm 7.542326518518e-12
  1211 KSP preconditioned resid norm 7.542326518518e-12 true resid norm 4.623075313226e-12 ||r(i)||/||b|| 2.157130761210e-09
  1212 KSP Residual norm 7.404160564882e-12
  1212 KSP preconditioned resid norm 7.404160564882e-12 true resid norm 4.569846301696e-12 ||r(i)||/||b|| 2.132294060447e-09
  1213 KSP Residual norm 7.259623751644e-12
  1213 KSP preconditioned resid norm 7.259623751644e-12 true resid norm 4.484679723880e-12 ||r(i)||/||b|| 2.092555264865e-09
  1214 KSP Residual norm 7.122909072508e-12
  1214 KSP preconditioned resid norm 7.122909072508e-12 true resid norm 4.397430248408e-12 ||r(i)||/||b|| 2.051844587515e-09
  1215 KSP Residual norm 6.982223788307e-12
  1215 KSP preconditioned resid norm 6.982223788307e-12 true resid norm 4.319985983881e-12 ||r(i)||/||b|| 2.015709029694e-09
  1216 KSP Residual norm 6.836336875527e-12
  1216 KSP preconditioned resid norm 6.836336875527e-12 true resid norm 4.250332098593e-12 ||r(i)||/||b|| 1.983208469264e-09
  1217 KSP Residual norm 6.671291598615e-12
  1217 KSP preconditioned resid norm 6.671291598615e-12 true resid norm 4.208084119908e-12 ||r(i)||/||b|| 1.963495527500e-09
  1218 KSP Residual norm 6.486644703099e-12
  1218 KSP preconditioned resid norm 6.486644703099e-12 true resid norm 4.106040553294e-12 ||r(i)||/||b|| 1.915881914999e-09
  1219 KSP Residual norm 6.307573795299e-12
  1219 KSP preconditioned resid norm 6.307573795299e-12 true resid norm 3.972262023344e-12 ||r(i)||/||b|| 1.853460742383e-09
  1220 KSP Residual norm 6.133277239510e-12
  1220 KSP preconditioned resid norm 6.133277239510e-12 true resid norm 3.868781434870e-12 ||r(i)||/||b|| 1.805176614294e-09
  1221 KSP Residual norm 5.963967577551e-12
  1221 KSP preconditioned resid norm 5.963967577551e-12 true resid norm 3.753723124736e-12 ||r(i)||/||b|| 1.751490311713e-09
  1222 KSP Residual norm 5.813971043976e-12
  1222 KSP preconditioned resid norm 5.813971043976e-12 true resid norm 3.636988261923e-12 ||r(i)||/||b|| 1.697021728266e-09
  1223 KSP Residual norm 5.679877536891e-12
  1223 KSP preconditioned resid norm 5.679877536891e-12 true resid norm 3.538218104613e-12 ||r(i)||/||b|| 1.650935491251e-09
  1224 KSP Residual norm 5.550893695056e-12
  1224 KSP preconditioned resid norm 5.550893695056e-12 true resid norm 3.455580386130e-12 ||r(i)||/||b|| 1.612376663523e-09
  1225 KSP Residual norm 5.426876024167e-12
  1225 KSP preconditioned resid norm 5.426876024167e-12 true resid norm 3.380305855098e-12 ||r(i)||/||b|| 1.577253505144e-09
  1226 KSP Residual norm 5.295147735407e-12
  1226 KSP preconditioned resid norm 5.295147735407e-12 true resid norm 3.333313565023e-12 ||r(i)||/||b|| 1.555326863765e-09
  1227 KSP Residual norm 5.160569708049e-12
  1227 KSP preconditioned resid norm 5.160569708049e-12 true resid norm 3.230464765440e-12 ||r(i)||/||b|| 1.507337528896e-09
  1228 KSP Residual norm 5.041793245897e-12
  1228 KSP preconditioned resid norm 5.041793245897e-12 true resid norm 3.138808412270e-12 ||r(i)||/||b|| 1.464570598771e-09
  1229 KSP Residual norm 4.926969655179e-12
  1229 KSP preconditioned resid norm 4.926969655179e-12 true resid norm 3.071910548923e-12 ||r(i)||/||b|| 1.433356000455e-09
  1230 KSP Residual norm 4.816132174737e-12
  1230 KSP preconditioned resid norm 4.816132174737e-12 true resid norm 2.995944360821e-12 ||r(i)||/||b|| 1.397910114316e-09
  1231 KSP Residual norm 4.713965363827e-12
  1231 KSP preconditioned resid norm 4.713965363827e-12 true resid norm 2.925360724574e-12 ||r(i)||/||b|| 1.364975731319e-09
  1232 KSP Residual norm 4.612438453447e-12
  1232 KSP preconditioned resid norm 4.612438453447e-12 true resid norm 2.871640672169e-12 ||r(i)||/||b|| 1.339909910478e-09
  1233 KSP Residual norm 4.509377468862e-12
  1233 KSP preconditioned resid norm 4.509377468862e-12 true resid norm 2.799201912815e-12 ||r(i)||/||b|| 1.306109925507e-09
  1234 KSP Residual norm 4.422633437142e-12
  1234 KSP preconditioned resid norm 4.422633437142e-12 true resid norm 2.719636881701e-12 ||r(i)||/||b|| 1.268984816245e-09
  1235 KSP Residual norm 4.344600950835e-12
  1235 KSP preconditioned resid norm 4.344600950835e-12 true resid norm 2.678589772583e-12 ||r(i)||/||b|| 1.249832201213e-09
  1236 KSP Residual norm 4.262738580938e-12
  1236 KSP preconditioned resid norm 4.262738580938e-12 true resid norm 2.634621434381e-12 ||r(i)||/||b|| 1.229316538277e-09
  1237 KSP Residual norm 4.181625919322e-12
  1237 KSP preconditioned resid norm 4.181625919322e-12 true resid norm 2.576784301189e-12 ||r(i)||/||b|| 1.202329684138e-09
  1238 KSP Residual norm 4.104855108750e-12
  1238 KSP preconditioned resid norm 4.104855108750e-12 true resid norm 2.530530275114e-12 ||r(i)||/||b|| 1.180747517352e-09
  1239 KSP Residual norm 4.025505974847e-12
  1239 KSP preconditioned resid norm 4.025505974847e-12 true resid norm 2.490857954422e-12 ||r(i)||/||b|| 1.162236379736e-09
  1240 KSP Residual norm 3.946749599794e-12
  1240 KSP preconditioned resid norm 3.946749599794e-12 true resid norm 2.436716341031e-12 ||r(i)||/||b|| 1.136973858190e-09
  1241 KSP Residual norm 3.870908345814e-12
  1241 KSP preconditioned resid norm 3.870908345814e-12 true resid norm 2.391608962809e-12 ||r(i)||/||b|| 1.115926718240e-09
  1242 KSP Residual norm 3.794262106861e-12
  1242 KSP preconditioned resid norm 3.794262106861e-12 true resid norm 2.345549712106e-12 ||r(i)||/||b|| 1.094435433803e-09
  1243 KSP Residual norm 3.724956611137e-12
  1243 KSP preconditioned resid norm 3.724956611137e-12 true resid norm 2.289719344297e-12 ||r(i)||/||b|| 1.068384938050e-09
  1244 KSP Residual norm 3.661072225310e-12
  1244 KSP preconditioned resid norm 3.661072225310e-12 true resid norm 2.251990707333e-12 ||r(i)||/||b|| 1.050780724867e-09
  1245 KSP Residual norm 3.596494585586e-12
  1245 KSP preconditioned resid norm 3.596494585586e-12 true resid norm 2.214023613297e-12 ||r(i)||/||b|| 1.033065247418e-09
  1246 KSP Residual norm 3.530969664682e-12
  1246 KSP preconditioned resid norm 3.530969664682e-12 true resid norm 2.177566858619e-12 ||r(i)||/||b|| 1.016054495561e-09
  1247 KSP Residual norm 3.465427076170e-12
  1247 KSP preconditioned resid norm 3.465427076170e-12 true resid norm 2.135086515139e-12 ||r(i)||/||b|| 9.962331321913e-10
  1248 KSP Residual norm 3.404565196109e-12
  1248 KSP preconditioned resid norm 3.404565196109e-12 true resid norm 2.092020567980e-12 ||r(i)||/||b|| 9.761385256615e-10
  1249 KSP Residual norm 3.343019670117e-12
  1249 KSP preconditioned resid norm 3.343019670117e-12 true resid norm 2.063854590960e-12 ||r(i)||/||b|| 9.629962575105e-10
  1250 KSP Residual norm 3.278987900962e-12
  1250 KSP preconditioned resid norm 3.278987900962e-12 true resid norm 2.022894589356e-12 ||r(i)||/||b|| 9.438842869166e-10
  1251 KSP Residual norm 3.220156929821e-12
  1251 KSP preconditioned resid norm 3.220156929821e-12 true resid norm 1.977430817316e-12 ||r(i)||/||b|| 9.226708533160e-10
  1252 KSP Residual norm 3.166460456439e-12
  1252 KSP preconditioned resid norm 3.166460456439e-12 true resid norm 1.943515520932e-12 ||r(i)||/||b|| 9.068459479988e-10
  1253 KSP Residual norm 3.112633885651e-12
  1253 KSP preconditioned resid norm 3.112633885651e-12 true resid norm 1.913358896982e-12 ||r(i)||/||b|| 8.927748423450e-10
  1254 KSP Residual norm 3.059672203945e-12
  1254 KSP preconditioned resid norm 3.059672203945e-12 true resid norm 1.878039115064e-12 ||r(i)||/||b|| 8.762946029173e-10
  1255 KSP Residual norm 3.009163703061e-12
  1255 KSP preconditioned resid norm 3.009163703061e-12 true resid norm 1.843452256780e-12 ||r(i)||/||b|| 8.601563462631e-10
  1256 KSP Residual norm 2.963645456491e-12
  1256 KSP preconditioned resid norm 2.963645456491e-12 true resid norm 1.807396984187e-12 ||r(i)||/||b|| 8.433329262783e-10
  1257 KSP Residual norm 2.921504009184e-12
  1257 KSP preconditioned resid norm 2.921504009184e-12 true resid norm 1.781530224540e-12 ||r(i)||/||b|| 8.312634748536e-10
  1258 KSP Residual norm 2.879162791846e-12
  1258 KSP preconditioned resid norm 2.879162791846e-12 true resid norm 1.755406289372e-12 ||r(i)||/||b|| 8.190740251177e-10
  1259 KSP Residual norm 2.837674575735e-12
  1259 KSP preconditioned resid norm 2.837674575735e-12 true resid norm 1.729725018621e-12 ||r(i)||/||b|| 8.070911229648e-10
  1260 KSP Residual norm 2.796229638871e-12
  1260 KSP preconditioned resid norm 2.796229638871e-12 true resid norm 1.706415821100e-12 ||r(i)||/||b|| 7.962150321409e-10
  1261 KSP Residual norm 2.756126213831e-12
  1261 KSP preconditioned resid norm 2.756126213831e-12 true resid norm 1.680011508720e-12 ||r(i)||/||b|| 7.838947581667e-10
  1262 KSP Residual norm 2.717442814171e-12
  1262 KSP preconditioned resid norm 2.717442814171e-12 true resid norm 1.655240134090e-12 ||r(i)||/||b|| 7.723364142957e-10
  1263 KSP Residual norm 2.681078256481e-12
  1263 KSP preconditioned resid norm 2.681078256481e-12 true resid norm 1.627956920273e-12 ||r(i)||/||b|| 7.596060441846e-10
  1264 KSP Residual norm 2.648648153663e-12
  1264 KSP preconditioned resid norm 2.648648153663e-12 true resid norm 1.603145969824e-12 ||r(i)||/||b|| 7.480292342037e-10
  1265 KSP Residual norm 2.618345998396e-12
  1265 KSP preconditioned resid norm 2.618345998396e-12 true resid norm 1.585058792020e-12 ||r(i)||/||b|| 7.395897420946e-10
  1266 KSP Residual norm 2.587874465191e-12
  1266 KSP preconditioned resid norm 2.587874465191e-12 true resid norm 1.567704272276e-12 ||r(i)||/||b|| 7.314921088422e-10
  1267 KSP Residual norm 2.556302911365e-12
  1267 KSP preconditioned resid norm 2.556302911365e-12 true resid norm 1.550131530458e-12 ||r(i)||/||b|| 7.232926529892e-10
  1268 KSP Residual norm 2.525066133330e-12
  1268 KSP preconditioned resid norm 2.525066133330e-12 true resid norm 1.529069770764e-12 ||r(i)||/||b|| 7.134652185130e-10
  1269 KSP Residual norm 2.495008577358e-12
  1269 KSP preconditioned resid norm 2.495008577358e-12 true resid norm 1.511102700144e-12 ||r(i)||/||b|| 7.050817685154e-10
  1270 KSP Residual norm 2.465911405149e-12
  1270 KSP preconditioned resid norm 2.465911405149e-12 true resid norm 1.491948991236e-12 ||r(i)||/||b|| 6.961446321120e-10
  1271 KSP Residual norm 2.437095285694e-12
  1271 KSP preconditioned resid norm 2.437095285694e-12 true resid norm 1.476708454161e-12 ||r(i)||/||b|| 6.890333849196e-10
  1272 KSP Residual norm 2.407479236413e-12
  1272 KSP preconditioned resid norm 2.407479236413e-12 true resid norm 1.458971692836e-12 ||r(i)||/||b|| 6.807573974296e-10
  1273 KSP Residual norm 2.377927359950e-12
  1273 KSP preconditioned resid norm 2.377927359950e-12 true resid norm 1.443901792516e-12 ||r(i)||/||b|| 6.737257694878e-10
  1274 KSP Residual norm 2.347781470055e-12
  1274 KSP preconditioned resid norm 2.347781470055e-12 true resid norm 1.425352346210e-12 ||r(i)||/||b|| 6.650705825141e-10
  1275 KSP Residual norm 2.319856664133e-12
  1275 KSP preconditioned resid norm 2.319856664133e-12 true resid norm 1.403909019386e-12 ||r(i)||/||b|| 6.550651084990e-10
  1276 KSP Residual norm 2.293265242653e-12
  1276 KSP preconditioned resid norm 2.293265242653e-12 true resid norm 1.386799960690e-12 ||r(i)||/||b|| 6.470820075745e-10
  1277 KSP Residual norm 2.267504197813e-12
  1277 KSP preconditioned resid norm 2.267504197813e-12 true resid norm 1.370211484007e-12 ||r(i)||/||b|| 6.393418106469e-10
  1278 KSP Residual norm 2.242076312598e-12
  1278 KSP preconditioned resid norm 2.242076312598e-12 true resid norm 1.355858931389e-12 ||r(i)||/||b|| 6.326448977357e-10
  1279 KSP Residual norm 2.216391949559e-12
  1279 KSP preconditioned resid norm 2.216391949559e-12 true resid norm 1.342203583500e-12 ||r(i)||/||b|| 6.262733011273e-10
  1280 KSP Residual norm 2.189209783022e-12
  1280 KSP preconditioned resid norm 2.189209783022e-12 true resid norm 1.327884211444e-12 ||r(i)||/||b|| 6.195918702941e-10
  1281 KSP Residual norm 2.162768249984e-12
  1281 KSP preconditioned resid norm 2.162768249984e-12 true resid norm 1.308944576932e-12 ||r(i)||/||b|| 6.107546211809e-10
  1282 KSP Residual norm 2.138326939048e-12
  1282 KSP preconditioned resid norm 2.138326939048e-12 true resid norm 1.292805731562e-12 ||r(i)||/||b|| 6.032242225956e-10
  1283 KSP Residual norm 2.115716084961e-12
  1283 KSP preconditioned resid norm 2.115716084961e-12 true resid norm 1.277082726835e-12 ||r(i)||/||b|| 5.958878555981e-10
  1284 KSP Residual norm 2.093900077037e-12
  1284 KSP preconditioned resid norm 2.093900077037e-12 true resid norm 1.262484726910e-12 ||r(i)||/||b|| 5.890764167706e-10
  1285 KSP Residual norm 2.073619504481e-12
  1285 KSP preconditioned resid norm 2.073619504481e-12 true resid norm 1.246559384229e-12 ||r(i)||/||b|| 5.816456387164e-10
  1286 KSP Residual norm 2.055431774532e-12
  1286 KSP preconditioned resid norm 2.055431774532e-12 true resid norm 1.232921440578e-12 ||r(i)||/||b|| 5.752821629397e-10
  1287 KSP Residual norm 2.038203607678e-12
  1287 KSP preconditioned resid norm 2.038203607678e-12 true resid norm 1.223790754401e-12 ||r(i)||/||b|| 5.710217772248e-10
  1288 KSP Residual norm 2.019968123767e-12
  1288 KSP preconditioned resid norm 2.019968123767e-12 true resid norm 1.213808142994e-12 ||r(i)||/||b|| 5.663638824937e-10
  1289 KSP Residual norm 2.001685663061e-12
  1289 KSP preconditioned resid norm 2.001685663061e-12 true resid norm 1.202239546290e-12 ||r(i)||/||b|| 5.609659657124e-10
  1290 KSP Residual norm 1.983299372211e-12
  1290 KSP preconditioned resid norm 1.983299372211e-12 true resid norm 1.192494351305e-12 ||r(i)||/||b|| 5.564188496803e-10
  1291 KSP Residual norm 1.965449242506e-12
  1291 KSP preconditioned resid norm 1.965449242506e-12 true resid norm 1.181405755854e-12 ||r(i)||/||b|| 5.512449018802e-10
  1292 KSP Residual norm 1.948437219056e-12
  1292 KSP preconditioned resid norm 1.948437219056e-12 true resid norm 1.170971793250e-12 ||r(i)||/||b|| 5.463764063076e-10
  1293 KSP Residual norm 1.931660801344e-12
  1293 KSP preconditioned resid norm 1.931660801344e-12 true resid norm 1.159903436621e-12 ||r(i)||/||b|| 5.412119019588e-10
  1294 KSP Residual norm 1.915920060047e-12
  1294 KSP preconditioned resid norm 1.915920060047e-12 true resid norm 1.147343716436e-12 ||r(i)||/||b|| 5.353515261422e-10
  1295 KSP Residual norm 1.900672046733e-12
  1295 KSP preconditioned resid norm 1.900672046733e-12 true resid norm 1.138467197408e-12 ||r(i)||/||b|| 5.312097350291e-10
  1296 KSP Residual norm 1.886181757384e-12
  1296 KSP preconditioned resid norm 1.886181757384e-12 true resid norm 1.128988151643e-12 ||r(i)||/||b|| 5.267868044424e-10
  1297 KSP Residual norm 1.872143213874e-12
  1297 KSP preconditioned resid norm 1.872143213874e-12 true resid norm 1.120774188434e-12 ||r(i)||/||b|| 5.229541624218e-10
  1298 KSP Residual norm 1.857174911645e-12
  1298 KSP preconditioned resid norm 1.857174911645e-12 true resid norm 1.106136963644e-12 ||r(i)||/||b|| 5.161244212402e-10
  1299 KSP Residual norm 1.842732573308e-12
  1299 KSP preconditioned resid norm 1.842732573308e-12 true resid norm 1.108239184904e-12 ||r(i)||/||b|| 5.171053194171e-10
  1300 KSP Residual norm 1.828097076985e-12
  1300 KSP preconditioned resid norm 1.828097076985e-12 true resid norm 1.115842419228e-12 ||r(i)||/||b|| 5.206529948353e-10
  1301 KSP Residual norm 1.814211125426e-12
  1301 KSP preconditioned resid norm 1.814211125426e-12 true resid norm 1.089624804086e-12 ||r(i)||/||b|| 5.084198339462e-10
  1302 KSP Residual norm 1.800550912031e-12
  1302 KSP preconditioned resid norm 1.800550912031e-12 true resid norm 1.071351062753e-12 ||r(i)||/||b|| 4.998932911407e-10
  1303 KSP Residual norm 1.786430391057e-12
  1303 KSP preconditioned resid norm 1.786430391057e-12 true resid norm 1.068594306050e-12 ||r(i)||/||b|| 4.986069861854e-10
  1304 KSP Residual norm 1.773488012450e-12
  1304 KSP preconditioned resid norm 1.773488012450e-12 true resid norm 1.060860314977e-12 ||r(i)||/||b|| 4.949982995601e-10
  1305 KSP Residual norm 1.760233908162e-12
  1305 KSP preconditioned resid norm 1.760233908162e-12 true resid norm 1.053851356248e-12 ||r(i)||/||b|| 4.917279136254e-10
  1306 KSP Residual norm 1.746632108115e-12
  1306 KSP preconditioned resid norm 1.746632108115e-12 true resid norm 1.044816383345e-12 ||r(i)||/||b|| 4.875121878032e-10
  1307 KSP Residual norm 1.733017784112e-12
  1307 KSP preconditioned resid norm 1.733017784112e-12 true resid norm 1.039357515087e-12 ||r(i)||/||b|| 4.849650753632e-10
  1308 KSP Residual norm 1.718591017800e-12
  1308 KSP preconditioned resid norm 1.718591017800e-12 true resid norm 1.031933959533e-12 ||r(i)||/||b|| 4.815012382079e-10
  1309 KSP Residual norm 1.704117658801e-12
  1309 KSP preconditioned resid norm 1.704117658801e-12 true resid norm 1.023718832798e-12 ||r(i)||/||b|| 4.776680532851e-10
  1310 KSP Residual norm 1.689049430501e-12
  1310 KSP preconditioned resid norm 1.689049430501e-12 true resid norm 1.015059426928e-12 ||r(i)||/||b|| 4.736275673510e-10
  1311 KSP Residual norm 1.673798441502e-12
  1311 KSP preconditioned resid norm 1.673798441502e-12 true resid norm 1.004395594812e-12 ||r(i)||/||b|| 4.686518144740e-10
  1312 KSP Residual norm 1.659094713358e-12
  1312 KSP preconditioned resid norm 1.659094713358e-12 true resid norm 9.960201516265e-13 ||r(i)||/||b|| 4.647438257630e-10
  1313 KSP Residual norm 1.644654666109e-12
  1313 KSP preconditioned resid norm 1.644654666109e-12 true resid norm 9.870569916105e-13 ||r(i)||/||b|| 4.605616078932e-10
  1314 KSP Residual norm 1.631057527967e-12
  1314 KSP preconditioned resid norm 1.631057527967e-12 true resid norm 9.781297799206e-13 ||r(i)||/||b|| 4.563961635422e-10
  1315 KSP Residual norm 1.616827896005e-12
  1315 KSP preconditioned resid norm 1.616827896005e-12 true resid norm 9.715733901891e-13 ||r(i)||/||b|| 4.533369466759e-10
  1316 KSP Residual norm 1.601166055891e-12
  1316 KSP preconditioned resid norm 1.601166055891e-12 true resid norm 9.652349896555e-13 ||r(i)||/||b|| 4.503794437495e-10
  1317 KSP Residual norm 1.584594511563e-12
  1317 KSP preconditioned resid norm 1.584594511563e-12 true resid norm 9.566233955336e-13 ||r(i)||/||b|| 4.463612668164e-10
  1318 KSP Residual norm 1.567837905720e-12
  1318 KSP preconditioned resid norm 1.567837905720e-12 true resid norm 9.481254806571e-13 ||r(i)||/||b|| 4.423961327132e-10
  1319 KSP Residual norm 1.549816944721e-12
  1319 KSP preconditioned resid norm 1.549816944721e-12 true resid norm 9.387225842161e-13 ||r(i)||/||b|| 4.380087334642e-10
  1320 KSP Residual norm 1.530648102089e-12
  1320 KSP preconditioned resid norm 1.530648102089e-12 true resid norm 9.287143540296e-13 ||r(i)||/||b|| 4.333388849893e-10
  1321 KSP Residual norm 1.511501417503e-12
  1321 KSP preconditioned resid norm 1.511501417503e-12 true resid norm 9.162102954215e-13 ||r(i)||/||b|| 4.275044809106e-10
  1322 KSP Residual norm 1.493504991192e-12
  1322 KSP preconditioned resid norm 1.493504991192e-12 true resid norm 9.044424587422e-13 ||r(i)||/||b|| 4.220135985923e-10
  1323 KSP Residual norm 1.476455057744e-12
  1323 KSP preconditioned resid norm 1.476455057744e-12 true resid norm 8.920162294254e-13 ||r(i)||/||b|| 4.162155097252e-10
  1324 KSP Residual norm 1.459986968252e-12
  1324 KSP preconditioned resid norm 1.459986968252e-12 true resid norm 8.825536883593e-13 ||r(i)||/||b|| 4.118002802449e-10
  1325 KSP Residual norm 1.443189603113e-12
  1325 KSP preconditioned resid norm 1.443189603113e-12 true resid norm 8.737449930919e-13 ||r(i)||/||b|| 4.076901357545e-10
  1326 KSP Residual norm 1.425806494816e-12
  1326 KSP preconditioned resid norm 1.425806494816e-12 true resid norm 8.661153198049e-13 ||r(i)||/||b|| 4.041301238943e-10
  1327 KSP Residual norm 1.407562370306e-12
  1327 KSP preconditioned resid norm 1.407562370306e-12 true resid norm 8.552236135961e-13 ||r(i)||/||b|| 3.990480447775e-10
  1328 KSP Residual norm 1.389977341579e-12
  1328 KSP preconditioned resid norm 1.389977341579e-12 true resid norm 8.426095125339e-13 ||r(i)||/||b|| 3.931622947987e-10
  1329 KSP Residual norm 1.373091665505e-12
  1329 KSP preconditioned resid norm 1.373091665505e-12 true resid norm 8.315581387920e-13 ||r(i)||/||b|| 3.880057146790e-10
  1330 KSP Residual norm 1.357281127415e-12
  1330 KSP preconditioned resid norm 1.357281127415e-12 true resid norm 8.209775449714e-13 ||r(i)||/||b|| 3.830688008596e-10
  1331 KSP Residual norm 1.341507956658e-12
  1331 KSP preconditioned resid norm 1.341507956658e-12 true resid norm 8.127879000179e-13 ||r(i)||/||b|| 3.792475057571e-10
  1332 KSP Residual norm 1.325494118522e-12
  1332 KSP preconditioned resid norm 1.325494118522e-12 true resid norm 8.026252327498e-13 ||r(i)||/||b|| 3.745055968124e-10
  1333 KSP Residual norm 1.309325496444e-12
  1333 KSP preconditioned resid norm 1.309325496444e-12 true resid norm 7.939527007181e-13 ||r(i)||/||b|| 3.704589862002e-10
  1334 KSP Residual norm 1.293480612523e-12
  1334 KSP preconditioned resid norm 1.293480612523e-12 true resid norm 7.832895668863e-13 ||r(i)||/||b|| 3.654835591433e-10
  1335 KSP Residual norm 1.278725322901e-12
  1335 KSP preconditioned resid norm 1.278725322901e-12 true resid norm 7.737469056300e-13 ||r(i)||/||b|| 3.610309455160e-10
  1336 KSP Residual norm 1.264368147743e-12
  1336 KSP preconditioned resid norm 1.264368147743e-12 true resid norm 7.648923093668e-13 ||r(i)||/||b|| 3.568993835830e-10
  1337 KSP Residual norm 1.249296912199e-12
  1337 KSP preconditioned resid norm 1.249296912199e-12 true resid norm 7.582806332016e-13 ||r(i)||/||b|| 3.538143700211e-10
  1338 KSP Residual norm 1.232626381872e-12
  1338 KSP preconditioned resid norm 1.232626381872e-12 true resid norm 7.509892544919e-13 ||r(i)||/||b|| 3.504122066903e-10
  1339 KSP Residual norm 1.215433729087e-12
  1339 KSP preconditioned resid norm 1.215433729087e-12 true resid norm 7.406338782097e-13 ||r(i)||/||b|| 3.455803795603e-10
  1340 KSP Residual norm 1.198391941078e-12
  1340 KSP preconditioned resid norm 1.198391941078e-12 true resid norm 7.307318444000e-13 ||r(i)||/||b|| 3.409600824027e-10
  1341 KSP Residual norm 1.181198811948e-12
  1341 KSP preconditioned resid norm 1.181198811948e-12 true resid norm 7.200355810878e-13 ||r(i)||/||b|| 3.359691971028e-10
  1342 KSP Residual norm 1.163956713523e-12
  1342 KSP preconditioned resid norm 1.163956713523e-12 true resid norm 7.103161571063e-13 ||r(i)||/||b|| 3.314341058419e-10
  1343 KSP Residual norm 1.147003392192e-12
  1343 KSP preconditioned resid norm 1.147003392192e-12 true resid norm 6.993303907534e-13 ||r(i)||/||b|| 3.263081381841e-10
  1344 KSP Residual norm 1.130828088356e-12
  1344 KSP preconditioned resid norm 1.130828088356e-12 true resid norm 6.896705834694e-13 ||r(i)||/||b|| 3.218008641235e-10
  1345 KSP Residual norm 1.113844020102e-12
  1345 KSP preconditioned resid norm 1.113844020102e-12 true resid norm 6.822138883938e-13 ||r(i)||/||b|| 3.183215640397e-10
  1346 KSP Residual norm 1.095750003884e-12
  1346 KSP preconditioned resid norm 1.095750003884e-12 true resid norm 6.723050816122e-13 ||r(i)||/||b|| 3.136981066077e-10
  1347 KSP Residual norm 1.077399766427e-12
  1347 KSP preconditioned resid norm 1.077399766427e-12 true resid norm 6.622327924459e-13 ||r(i)||/||b|| 3.089983681600e-10
  1348 KSP Residual norm 1.059097609354e-12
  1348 KSP preconditioned resid norm 1.059097609354e-12 true resid norm 6.505768137839e-13 ||r(i)||/||b|| 3.035596788849e-10
  1349 KSP Residual norm 1.041380018588e-12
  1349 KSP preconditioned resid norm 1.041380018588e-12 true resid norm 6.395294803480e-13 ||r(i)||/||b|| 2.984049839752e-10
  1350 KSP Residual norm 1.022881134627e-12
  1350 KSP preconditioned resid norm 1.022881134627e-12 true resid norm 6.309022497097e-13 ||r(i)||/||b|| 2.943795110307e-10
  1351 KSP Residual norm 1.003444432426e-12
  1351 KSP preconditioned resid norm 1.003444432426e-12 true resid norm 6.194775934145e-13 ||r(i)||/||b|| 2.890487569632e-10
  1352 KSP Residual norm 9.855038226673e-13
  1352 KSP preconditioned resid norm 9.855038226673e-13 true resid norm 6.054223216287e-13 ||r(i)||/||b|| 2.824905555340e-10
  1353 KSP Residual norm 9.683005135412e-13
  1353 KSP preconditioned resid norm 9.683005135412e-13 true resid norm 5.969537214042e-13 ||r(i)||/||b|| 2.785390996716e-10
  1354 KSP Residual norm 9.502365037328e-13
  1354 KSP preconditioned resid norm 9.502365037328e-13 true resid norm 5.865800732601e-13 ||r(i)||/||b|| 2.736987468758e-10
  1355 KSP Residual norm 9.328374405904e-13
  1355 KSP preconditioned resid norm 9.328374405904e-13 true resid norm 5.744820345368e-13 ||r(i)||/||b|| 2.680537920109e-10
  1356 KSP Residual norm 9.164492869569e-13
  1356 KSP preconditioned resid norm 9.164492869569e-13 true resid norm 5.638045231494e-13 ||r(i)||/||b|| 2.630716563747e-10
  1357 KSP Residual norm 9.006626429423e-13
  1357 KSP preconditioned resid norm 9.006626429423e-13 true resid norm 5.540967644541e-13 ||r(i)||/||b|| 2.585420081459e-10
  1358 KSP Residual norm 8.842702461112e-13
  1358 KSP preconditioned resid norm 8.842702461112e-13 true resid norm 5.464981878049e-13 ||r(i)||/||b|| 2.549965060027e-10
  1359 KSP Residual norm 8.669976621251e-13
  1359 KSP preconditioned resid norm 8.669976621251e-13 true resid norm 5.360225213697e-13 ||r(i)||/||b|| 2.501085513879e-10
  1360 KSP Residual norm 8.501316230821e-13
  1360 KSP preconditioned resid norm 8.501316230821e-13 true resid norm 5.257564671034e-13 ||r(i)||/||b|| 2.453184019844e-10
  1361 KSP Residual norm 8.332520242766e-13
  1361 KSP preconditioned resid norm 8.332520242766e-13 true resid norm 5.161943400337e-13 ||r(i)||/||b|| 2.408567055925e-10
  1362 KSP Residual norm 8.170624989425e-13
  1362 KSP preconditioned resid norm 8.170624989425e-13 true resid norm 5.040218530818e-13 ||r(i)||/||b|| 2.351770131226e-10
  1363 KSP Residual norm 8.020260309716e-13
  1363 KSP preconditioned resid norm 8.020260309716e-13 true resid norm 4.947729004943e-13 ||r(i)||/||b|| 2.308614442028e-10
  1364 KSP Residual norm 7.865564476118e-13
  1364 KSP preconditioned resid norm 7.865564476118e-13 true resid norm 4.869230652588e-13 ||r(i)||/||b|| 2.271987045956e-10
  1365 KSP Residual norm 7.713670786546e-13
  1365 KSP preconditioned resid norm 7.713670786546e-13 true resid norm 4.765259458030e-13 ||r(i)||/||b|| 2.223474000663e-10
  1366 KSP Residual norm 7.574204615611e-13
  1366 KSP preconditioned resid norm 7.574204615611e-13 true resid norm 4.664019291830e-13 ||r(i)||/||b|| 2.176235255459e-10
  1367 KSP Residual norm 7.428183601339e-13
  1367 KSP preconditioned resid norm 7.428183601339e-13 true resid norm 4.615069885982e-13 ||r(i)||/||b|| 2.153395422244e-10
  1368 KSP Residual norm 7.262339769955e-13
  1368 KSP preconditioned resid norm 7.262339769955e-13 true resid norm 4.527035800245e-13 ||r(i)||/||b|| 2.112318645096e-10
  1369 KSP Residual norm 7.106629904143e-13
  1369 KSP preconditioned resid norm 7.106629904143e-13 true resid norm 4.410163607928e-13 ||r(i)||/||b|| 2.057785983589e-10
  1370 KSP Residual norm 6.956238360290e-13
  1370 KSP preconditioned resid norm 6.956238360290e-13 true resid norm 4.331741907699e-13 ||r(i)||/||b|| 2.021194353462e-10
  1371 KSP Residual norm 6.798018608373e-13
  1371 KSP preconditioned resid norm 6.798018608373e-13 true resid norm 4.246511932892e-13 ||r(i)||/||b|| 1.981425976791e-10
  1372 KSP Residual norm 6.642933096144e-13
  1372 KSP preconditioned resid norm 6.642933096144e-13 true resid norm 4.137239563372e-13 ||r(i)||/||b|| 1.930439398881e-10
  1373 KSP Residual norm 6.493709734931e-13
  1373 KSP preconditioned resid norm 6.493709734931e-13 true resid norm 4.061665824962e-13 ||r(i)||/||b|| 1.895176630092e-10
  1374 KSP Residual norm 6.332248439208e-13
  1374 KSP preconditioned resid norm 6.332248439208e-13 true resid norm 3.984521575213e-13 ||r(i)||/||b|| 1.859181059415e-10
  1375 KSP Residual norm 6.181638620877e-13
  1375 KSP preconditioned resid norm 6.181638620877e-13 true resid norm 3.851240431814e-13 ||r(i)||/||b|| 1.796991967775e-10
  1376 KSP Residual norm 6.044731512428e-13
  1376 KSP preconditioned resid norm 6.044731512428e-13 true resid norm 3.768281765487e-13 ||r(i)||/||b|| 1.758283385517e-10
  1377 KSP Residual norm 5.907548415359e-13
  1377 KSP preconditioned resid norm 5.907548415359e-13 true resid norm 3.682744078868e-13 ||r(i)||/||b|| 1.718371430261e-10
  1378 KSP Residual norm 5.774248513293e-13
  1378 KSP preconditioned resid norm 5.774248513293e-13 true resid norm 3.606131817138e-13 ||r(i)||/||b|| 1.682624085633e-10
  1379 KSP Residual norm 5.634820781182e-13
  1379 KSP preconditioned resid norm 5.634820781182e-13 true resid norm 3.542378896535e-13 ||r(i)||/||b|| 1.652876920200e-10
  1380 KSP Residual norm 5.483988913758e-13
  1380 KSP preconditioned resid norm 5.483988913758e-13 true resid norm 3.459083971032e-13 ||r(i)||/||b|| 1.614011439134e-10
  1381 KSP Residual norm 5.336684536693e-13
  1381 KSP preconditioned resid norm 5.336684536693e-13 true resid norm 3.359815050793e-13 ||r(i)||/||b|| 1.567692478924e-10
  1382 KSP Residual norm 5.192832036265e-13
  1382 KSP preconditioned resid norm 5.192832036265e-13 true resid norm 3.286971033947e-13 ||r(i)||/||b|| 1.533703400472e-10
  1383 KSP Residual norm 5.051354805574e-13
  1383 KSP preconditioned resid norm 5.051354805574e-13 true resid norm 3.186455425561e-13 ||r(i)||/||b|| 1.486802734543e-10
  1384 KSP Residual norm 4.930866690105e-13
  1384 KSP preconditioned resid norm 4.930866690105e-13 true resid norm 3.068296339417e-13 ||r(i)||/||b|| 1.431669607313e-10
  1385 KSP Residual norm 4.828129703742e-13
  1385 KSP preconditioned resid norm 4.828129703742e-13 true resid norm 2.992150355559e-13 ||r(i)||/||b|| 1.396139828326e-10
  1386 KSP Residual norm 4.731729670579e-13
  1386 KSP preconditioned resid norm 4.731729670579e-13 true resid norm 2.926320021467e-13 ||r(i)||/||b|| 1.365423340042e-10
  1387 KSP Residual norm 4.641356595245e-13
  1387 KSP preconditioned resid norm 4.641356595245e-13 true resid norm 2.872573398486e-13 ||r(i)||/||b|| 1.340345121348e-10
  1388 KSP Residual norm 4.548486146016e-13
  1388 KSP preconditioned resid norm 4.548486146016e-13 true resid norm 2.816288331659e-13 ||r(i)||/||b|| 1.314082462659e-10
  1389 KSP Residual norm 4.462637768582e-13
  1389 KSP preconditioned resid norm 4.462637768582e-13 true resid norm 2.743053195102e-13 ||r(i)||/||b|| 1.279910887427e-10
  1390 KSP Residual norm 4.384281349116e-13
  1390 KSP preconditioned resid norm 4.384281349116e-13 true resid norm 2.702023504394e-13 ||r(i)||/||b|| 1.260766399840e-10
  1391 KSP Residual norm 4.304413738640e-13
  1391 KSP preconditioned resid norm 4.304413738640e-13 true resid norm 2.658580451548e-13 ||r(i)||/||b|| 1.240495835484e-10
  1392 KSP Residual norm 4.228951950737e-13
  1392 KSP preconditioned resid norm 4.228951950737e-13 true resid norm 2.603005042583e-13 ||r(i)||/||b|| 1.214564303739e-10
  1393 KSP Residual norm 4.152558735770e-13
  1393 KSP preconditioned resid norm 4.152558735770e-13 true resid norm 2.564347119819e-13 ||r(i)||/||b|| 1.196526485034e-10
  1394 KSP Residual norm 4.073147487784e-13
  1394 KSP preconditioned resid norm 4.073147487784e-13 true resid norm 2.511443526115e-13 ||r(i)||/||b|| 1.171841624497e-10
  1395 KSP Residual norm 4.000700361590e-13
  1395 KSP preconditioned resid norm 4.000700361590e-13 true resid norm 2.466811912897e-13 ||r(i)||/||b|| 1.151016476891e-10
  1396 KSP Residual norm 3.926893087131e-13
  1396 KSP preconditioned resid norm 3.926893087131e-13 true resid norm 2.424169233254e-13 ||r(i)||/||b|| 1.131119367333e-10
  1397 KSP Residual norm 3.855537998376e-13
  1397 KSP preconditioned resid norm 3.855537998376e-13 true resid norm 2.361059902621e-13 ||r(i)||/||b|| 1.101672501513e-10
  1398 KSP Residual norm 3.784750703386e-13
  1398 KSP preconditioned resid norm 3.784750703386e-13 true resid norm 2.319096581183e-13 ||r(i)||/||b|| 1.082092381055e-10
  1399 KSP Residual norm 3.724254597235e-13
  1399 KSP preconditioned resid norm 3.724254597235e-13 true resid norm 2.273364418514e-13 ||r(i)||/||b|| 1.060753716166e-10
  1400 KSP Residual norm 3.674275892452e-13
  1400 KSP preconditioned resid norm 3.674275892452e-13 true resid norm 2.310513511963e-13 ||r(i)||/||b|| 1.078087513865e-10
  1401 KSP Residual norm 3.627026738157e-13
  1401 KSP preconditioned resid norm 3.627026738157e-13 true resid norm 2.210909489778e-13 ||r(i)||/||b|| 1.031612194811e-10
  1402 KSP Residual norm 3.571004692102e-13
  1402 KSP preconditioned resid norm 3.571004692102e-13 true resid norm 2.182186933205e-13 ||r(i)||/||b|| 1.018210226180e-10
  1403 KSP Residual norm 3.507315381202e-13
  1403 KSP preconditioned resid norm 3.507315381202e-13 true resid norm 2.143805424258e-13 ||r(i)||/||b|| 1.000301382391e-10
  1404 KSP Residual norm 3.445224979806e-13
  1404 KSP preconditioned resid norm 3.445224979806e-13 true resid norm 2.124144293942e-13 ||r(i)||/||b|| 9.911274827395e-11
  1405 KSP Residual norm 3.383203087289e-13
  1405 KSP preconditioned resid norm 3.383203087289e-13 true resid norm 2.083178914760e-13 ||r(i)||/||b|| 9.720130029633e-11
  1406 KSP Residual norm 3.325006416903e-13
  1406 KSP preconditioned resid norm 3.325006416903e-13 true resid norm 2.045100698572e-13 ||r(i)||/||b|| 9.542456758256e-11
  1407 KSP Residual norm 3.264028115472e-13
  1407 KSP preconditioned resid norm 3.264028115472e-13 true resid norm 2.010975699998e-13 ||r(i)||/||b|| 9.383229232937e-11
  1408 KSP Residual norm 3.207134390927e-13
  1408 KSP preconditioned resid norm 3.207134390927e-13 true resid norm 1.971157948005e-13 ||r(i)||/||b|| 9.197439273121e-11
  1409 KSP Residual norm 3.152645806017e-13
  1409 KSP preconditioned resid norm 3.152645806017e-13 true resid norm 1.945275591005e-13 ||r(i)||/||b|| 9.076671981493e-11
  1410 KSP Residual norm 3.096556321510e-13
  1410 KSP preconditioned resid norm 3.096556321510e-13 true resid norm 1.906514884952e-13 ||r(i)||/||b|| 8.895814206768e-11
  1411 KSP Residual norm 3.043291820699e-13
  1411 KSP preconditioned resid norm 3.043291820699e-13 true resid norm 1.867840425769e-13 ||r(i)||/||b|| 8.715358860654e-11
  1412 KSP Residual norm 2.987488858291e-13
  1412 KSP preconditioned resid norm 2.987488858291e-13 true resid norm 1.846530432206e-13 ||r(i)||/||b|| 8.615926254602e-11
  1413 KSP Residual norm 2.929313401485e-13
  1413 KSP preconditioned resid norm 2.929313401485e-13 true resid norm 1.811675331481e-13 ||r(i)||/||b|| 8.453292066611e-11
  1414 KSP Residual norm 2.874135534903e-13
  1414 KSP preconditioned resid norm 2.874135534903e-13 true resid norm 1.777166395029e-13 ||r(i)||/||b|| 8.292273083978e-11
  1415 KSP Residual norm 2.817213520690e-13
  1415 KSP preconditioned resid norm 2.817213520690e-13 true resid norm 1.745009795813e-13 ||r(i)||/||b|| 8.142230126324e-11
  1416 KSP Residual norm 2.758865101102e-13
  1416 KSP preconditioned resid norm 2.758865101102e-13 true resid norm 1.716592746744e-13 ||r(i)||/||b|| 8.009635940558e-11
  1417 KSP Residual norm 2.693311771897e-13
  1417 KSP preconditioned resid norm 2.693311771897e-13 true resid norm 1.699416600215e-13 ||r(i)||/||b|| 7.929491898925e-11
  1418 KSP Residual norm 2.620121538396e-13
  1418 KSP preconditioned resid norm 2.620121538396e-13 true resid norm 1.659725077244e-13 ||r(i)||/||b|| 7.744290924771e-11
  1419 KSP Residual norm 2.548301881292e-13
  1419 KSP preconditioned resid norm 2.548301881292e-13 true resid norm 1.607469674815e-13 ||r(i)||/||b|| 7.500466785249e-11
  1420 KSP Residual norm 2.478256751672e-13
  1420 KSP preconditioned resid norm 2.478256751672e-13 true resid norm 1.565147530311e-13 ||r(i)||/||b|| 7.302991309286e-11
  1421 KSP Residual norm 2.410300597912e-13
  1421 KSP preconditioned resid norm 2.410300597912e-13 true resid norm 1.519587706398e-13 ||r(i)||/||b|| 7.090408794445e-11
  1422 KSP Residual norm 2.349775161437e-13
  1422 KSP preconditioned resid norm 2.349775161437e-13 true resid norm 1.472377736968e-13 ||r(i)||/||b|| 6.870126686988e-11
  1423 KSP Residual norm 2.295402391510e-13
  1423 KSP preconditioned resid norm 2.295402391510e-13 true resid norm 1.432668405993e-13 ||r(i)||/||b|| 6.684842620538e-11
  1424 KSP Residual norm 2.242971805490e-13
  1424 KSP preconditioned resid norm 2.242971805490e-13 true resid norm 1.398514470202e-13 ||r(i)||/||b|| 6.525480073923e-11
  1425 KSP Residual norm 2.193193051803e-13
  1425 KSP preconditioned resid norm 2.193193051803e-13 true resid norm 1.367447263584e-13 ||r(i)||/||b|| 6.380520231137e-11
  1426 KSP Residual norm 2.140636019414e-13
  1426 KSP preconditioned resid norm 2.140636019414e-13 true resid norm 1.348959609620e-13 ||r(i)||/||b|| 6.294256684975e-11
  1427 KSP Residual norm 2.086703402850e-13
  1427 KSP preconditioned resid norm 2.086703402850e-13 true resid norm 1.308052951731e-13 ||r(i)||/||b|| 6.103385881252e-11
  1428 KSP Residual norm 2.038643940030e-13
  1428 KSP preconditioned resid norm 2.038643940030e-13 true resid norm 1.271618691162e-13 ||r(i)||/||b|| 5.933383320381e-11
  1429 KSP Residual norm 1.991858502055e-13
  1429 KSP preconditioned resid norm 1.991858502055e-13 true resid norm 1.244462744734e-13 ||r(i)||/||b|| 5.806673449956e-11
  1430 KSP Residual norm 1.946920881138e-13
  1430 KSP preconditioned resid norm 1.946920881138e-13 true resid norm 1.213175524798e-13 ||r(i)||/||b|| 5.660687023209e-11
  1431 KSP Residual norm 1.905665127887e-13
  1431 KSP preconditioned resid norm 1.905665127887e-13 true resid norm 1.184338188727e-13 ||r(i)||/||b|| 5.526131774816e-11
  1432 KSP Residual norm 1.864621597163e-13
  1432 KSP preconditioned resid norm 1.864621597163e-13 true resid norm 1.163114432973e-13 ||r(i)||/||b|| 5.427101555099e-11
  1433 KSP Residual norm 1.822524636603e-13
  1433 KSP preconditioned resid norm 1.822524636603e-13 true resid norm 1.134112197727e-13 ||r(i)||/||b|| 5.291776885792e-11
  1434 KSP Residual norm 1.786896735234e-13
  1434 KSP preconditioned resid norm 1.786896735234e-13 true resid norm 1.101364294598e-13 ||r(i)||/||b|| 5.138974899196e-11
  1435 KSP Residual norm 1.754791592108e-13
  1435 KSP preconditioned resid norm 1.754791592108e-13 true resid norm 1.084522486803e-13 ||r(i)||/||b|| 5.060390884858e-11
  1436 KSP Residual norm 1.721379525210e-13
  1436 KSP preconditioned resid norm 1.721379525210e-13 true resid norm 1.065809587366e-13 ||r(i)||/||b|| 4.973076341462e-11
  1437 KSP Residual norm 1.688507210216e-13
  1437 KSP preconditioned resid norm 1.688507210216e-13 true resid norm 1.042248065271e-13 ||r(i)||/||b|| 4.863138084677e-11
  1438 KSP Residual norm 1.657286155056e-13
  1438 KSP preconditioned resid norm 1.657286155056e-13 true resid norm 1.023769383221e-13 ||r(i)||/||b|| 4.776916401544e-11
  1439 KSP Residual norm 1.624982887762e-13
  1439 KSP preconditioned resid norm 1.624982887762e-13 true resid norm 1.007487609578e-13 ||r(i)||/||b|| 4.700945511189e-11
  1440 KSP Residual norm 1.593251485458e-13
  1440 KSP preconditioned resid norm 1.593251485458e-13 true resid norm 9.849332580691e-14 ||r(i)||/||b|| 4.595706720680e-11
  1441 KSP Residual norm 1.562880185663e-13
  1441 KSP preconditioned resid norm 1.562880185663e-13 true resid norm 9.669907551016e-14 ||r(i)||/||b|| 4.511986853574e-11
  1442 KSP Residual norm 1.531969275803e-13
  1442 KSP preconditioned resid norm 1.531969275803e-13 true resid norm 9.488431134796e-14 ||r(i)||/||b|| 4.427309807811e-11
  1443 KSP Residual norm 1.503706306641e-13
  1443 KSP preconditioned resid norm 1.503706306641e-13 true resid norm 9.265045816119e-14 ||r(i)||/||b|| 4.323078033533e-11
  1444 KSP Residual norm 1.477626470284e-13
  1444 KSP preconditioned resid norm 1.477626470284e-13 true resid norm 9.105754421301e-14 ||r(i)||/||b|| 4.248752537088e-11
  1445 KSP Residual norm 1.451633146065e-13
  1445 KSP preconditioned resid norm 1.451633146065e-13 true resid norm 8.949540880163e-14 ||r(i)||/||b|| 4.175863169713e-11
  1446 KSP Residual norm 1.425280296282e-13
  1446 KSP preconditioned resid norm 1.425280296282e-13 true resid norm 8.802913905450e-14 ||r(i)||/||b|| 4.107446902154e-11
  1447 KSP Residual norm 1.398998057760e-13
  1447 KSP preconditioned resid norm 1.398998057760e-13 true resid norm 8.631519172585e-14 ||r(i)||/||b|| 4.027473978175e-11
  1448 KSP Residual norm 1.374608124386e-13
  1448 KSP preconditioned resid norm 1.374608124386e-13 true resid norm 8.458389213722e-14 ||r(i)||/||b|| 3.946691396312e-11
  1449 KSP Residual norm 1.350030092917e-13
  1449 KSP preconditioned resid norm 1.350030092917e-13 true resid norm 8.344841259604e-14 ||r(i)||/||b|| 3.893709827095e-11
  1450 KSP Residual norm 1.324492421275e-13
  1450 KSP preconditioned resid norm 1.324492421275e-13 true resid norm 8.181230316505e-14 ||r(i)||/||b|| 3.817368825853e-11
  1451 KSP Residual norm 1.301010274326e-13
  1451 KSP preconditioned resid norm 1.301010274326e-13 true resid norm 7.999645800218e-14 ||r(i)||/||b|| 3.732641340510e-11
  1452 KSP Residual norm 1.279530607112e-13
  1452 KSP preconditioned resid norm 1.279530607112e-13 true resid norm 7.865313823814e-14 ||r(i)||/||b|| 3.669961929321e-11
  1453 KSP Residual norm 1.257976487877e-13
  1453 KSP preconditioned resid norm 1.257976487877e-13 true resid norm 7.743840644328e-14 ||r(i)||/||b|| 3.613282443399e-11
  1454 KSP Residual norm 1.236799519923e-13
  1454 KSP preconditioned resid norm 1.236799519923e-13 true resid norm 7.602572664598e-14 ||r(i)||/||b|| 3.547366687327e-11
  1455 KSP Residual norm 1.216557220501e-13
  1455 KSP preconditioned resid norm 1.216557220501e-13 true resid norm 7.463794649521e-14 ||r(i)||/||b|| 3.482612750820e-11
  1456 KSP Residual norm 1.198249189703e-13
  1456 KSP preconditioned resid norm 1.198249189703e-13 true resid norm 7.322472653039e-14 ||r(i)||/||b|| 3.416671790487e-11
  1457 KSP Residual norm 1.181020773799e-13
  1457 KSP preconditioned resid norm 1.181020773799e-13 true resid norm 7.219831724815e-14 ||r(i)||/||b|| 3.368779448564e-11
  1458 KSP Residual norm 1.163677978772e-13
  1458 KSP preconditioned resid norm 1.163677978772e-13 true resid norm 7.109467114763e-14 ||r(i)||/||b|| 3.317283230320e-11
  1459 KSP Residual norm 1.146849694212e-13
  1459 KSP preconditioned resid norm 1.146849694212e-13 true resid norm 7.003043790565e-14 ||r(i)||/||b|| 3.267626019311e-11
  1460 KSP Residual norm 1.130270577113e-13
  1460 KSP preconditioned resid norm 1.130270577113e-13 true resid norm 6.906753962274e-14 ||r(i)||/||b|| 3.222697105866e-11
  1461 KSP Residual norm 1.114172180502e-13
  1461 KSP preconditioned resid norm 1.114172180502e-13 true resid norm 6.804886996732e-14 ||r(i)||/||b|| 3.175165895571e-11
  1462 KSP Residual norm 1.098424692992e-13
  1462 KSP preconditioned resid norm 1.098424692992e-13 true resid norm 6.707008035017e-14 ||r(i)||/||b|| 3.129495491157e-11
  1463 KSP Residual norm 1.083583391375e-13
  1463 KSP preconditioned resid norm 1.083583391375e-13 true resid norm 6.594082080981e-14 ||r(i)||/||b|| 3.076804147693e-11
  1464 KSP Residual norm 1.070418062282e-13
  1464 KSP preconditioned resid norm 1.070418062282e-13 true resid norm 6.492334505866e-14 ||r(i)||/||b|| 3.029328645070e-11
  1465 KSP Residual norm 1.058085047415e-13
  1465 KSP preconditioned resid norm 1.058085047415e-13 true resid norm 6.420525732297e-14 ||r(i)||/||b|| 2.995822611987e-11
  1466 KSP Residual norm 1.045575391762e-13
  1466 KSP preconditioned resid norm 1.045575391762e-13 true resid norm 6.350543539424e-14 ||r(i)||/||b|| 2.963168862966e-11
  1467 KSP Residual norm 1.032576550868e-13
  1467 KSP preconditioned resid norm 1.032576550868e-13 true resid norm 6.277427777524e-14 ||r(i)||/||b|| 2.929052988048e-11
  1468 KSP Residual norm 1.019764389125e-13
  1468 KSP preconditioned resid norm 1.019764389125e-13 true resid norm 6.189670592434e-14 ||r(i)||/||b|| 2.888105412970e-11
  1469 KSP Residual norm 1.007553887516e-13
  1469 KSP preconditioned resid norm 1.007553887516e-13 true resid norm 6.115822365405e-14 ||r(i)||/||b|| 2.853647769218e-11
  1470 KSP Residual norm 9.957672526198e-14
  1470 KSP preconditioned resid norm 9.957672526198e-14 true resid norm 6.038114333755e-14 ||r(i)||/||b|| 2.817389137440e-11
  1471 KSP Residual norm 9.840839011679e-14
  1471 KSP preconditioned resid norm 9.840839011679e-14 true resid norm 5.976763698566e-14 ||r(i)||/||b|| 2.788762880366e-11
  1472 KSP Residual norm 9.720486143823e-14
  1472 KSP preconditioned resid norm 9.720486143823e-14 true resid norm 5.904666546455e-14 ||r(i)||/||b|| 2.755122289617e-11
  1473 KSP Residual norm 9.600552451587e-14
  1473 KSP preconditioned resid norm 9.600552451587e-14 true resid norm 5.842864079579e-14 ||r(i)||/||b|| 2.726285207505e-11
  1474 KSP Residual norm 9.479495604303e-14
  1474 KSP preconditioned resid norm 9.479495604303e-14 true resid norm 5.765593603931e-14 ||r(i)||/||b|| 2.690230739719e-11
  1475 KSP Residual norm 9.367983574254e-14
  1475 KSP preconditioned resid norm 9.367983574254e-14 true resid norm 5.680418473405e-14 ||r(i)||/||b|| 2.650487953435e-11
  1476 KSP Residual norm 9.261622216362e-14
  1476 KSP preconditioned resid norm 9.261622216362e-14 true resid norm 5.613018601603e-14 ||r(i)||/||b|| 2.619039117560e-11
  1477 KSP Residual norm 9.157502748605e-14
  1477 KSP preconditioned resid norm 9.157502748605e-14 true resid norm 5.546947379838e-14 ||r(i)||/||b|| 2.588210230890e-11
  1478 KSP Residual norm 9.054633272745e-14
  1478 KSP preconditioned resid norm 9.054633272745e-14 true resid norm 5.489182406844e-14 ||r(i)||/||b|| 2.561257046759e-11
  1479 KSP Residual norm 8.950431088682e-14
  1479 KSP preconditioned resid norm 8.950431088682e-14 true resid norm 5.433683478766e-14 ||r(i)||/||b|| 2.535361201059e-11
  1480 KSP Residual norm 8.840970127579e-14
  1480 KSP preconditioned resid norm 8.840970127579e-14 true resid norm 5.373949969231e-14 ||r(i)||/||b|| 2.507489496152e-11
  1481 KSP Residual norm 8.734856647170e-14
  1481 KSP preconditioned resid norm 8.734856647170e-14 true resid norm 5.298791202004e-14 ||r(i)||/||b|| 2.472420353260e-11
  1482 KSP Residual norm 8.636858517608e-14
  1482 KSP preconditioned resid norm 8.636858517608e-14 true resid norm 5.232376929271e-14 ||r(i)||/||b|| 2.441431398725e-11
  1483 KSP Residual norm 8.547452839410e-14
  1483 KSP preconditioned resid norm 8.547452839410e-14 true resid norm 5.168711612132e-14 ||r(i)||/||b|| 2.411725109141e-11
  1484 KSP Residual norm 8.461014701361e-14
  1484 KSP preconditioned resid norm 8.461014701361e-14 true resid norm 5.112862778394e-14 ||r(i)||/||b|| 2.385665997170e-11
  1485 KSP Residual norm 8.379694426656e-14
  1485 KSP preconditioned resid norm 8.379694426656e-14 true resid norm 5.050130527642e-14 ||r(i)||/||b|| 2.356395077134e-11
  1486 KSP Residual norm 8.306165802883e-14
  1486 KSP preconditioned resid norm 8.306165802883e-14 true resid norm 4.995412974360e-14 ||r(i)||/||b|| 2.330863821559e-11
  1487 KSP Residual norm 8.236404005019e-14
  1487 KSP preconditioned resid norm 8.236404005019e-14 true resid norm 4.958068100795e-14 ||r(i)||/||b|| 2.313438672696e-11
  1488 KSP Residual norm 8.163270010156e-14
  1488 KSP preconditioned resid norm 8.163270010156e-14 true resid norm 4.916862769309e-14 ||r(i)||/||b|| 2.294212230976e-11
  1489 KSP Residual norm 8.089771149821e-14
  1489 KSP preconditioned resid norm 8.089771149821e-14 true resid norm 4.871655102981e-14 ||r(i)||/||b|| 2.273118296512e-11
  1490 KSP Residual norm 8.015084937489e-14
  1490 KSP preconditioned resid norm 8.015084937489e-14 true resid norm 4.833153984216e-14 ||r(i)||/||b|| 2.255153642683e-11
  1491 KSP Residual norm 7.942358054214e-14
  1491 KSP preconditioned resid norm 7.942358054214e-14 true resid norm 4.789429838333e-14 ||r(i)||/||b|| 2.234751920085e-11
  1492 KSP Residual norm 7.873255340514e-14
  1492 KSP preconditioned resid norm 7.873255340514e-14 true resid norm 4.745433142133e-14 ||r(i)||/||b|| 2.214223025283e-11
  1493 KSP Residual norm 7.805491509798e-14
  1493 KSP preconditioned resid norm 7.805491509798e-14 true resid norm 4.699919885938e-14 ||r(i)||/||b|| 2.192986502335e-11
  1494 KSP Residual norm 7.742235435407e-14
  1494 KSP preconditioned resid norm 7.742235435407e-14 true resid norm 4.648402748783e-14 ||r(i)||/||b|| 2.168948563570e-11
  1495 KSP Residual norm 7.680482556316e-14
  1495 KSP preconditioned resid norm 7.680482556316e-14 true resid norm 4.613510719026e-14 ||r(i)||/||b|| 2.152667913654e-11
  1496 KSP Residual norm 7.621879227530e-14
  1496 KSP preconditioned resid norm 7.621879227530e-14 true resid norm 4.576088262986e-14 ||r(i)||/||b|| 2.135206564743e-11
  1497 KSP Residual norm 7.564978366822e-14
  1497 KSP preconditioned resid norm 7.564978366822e-14 true resid norm 4.543302363689e-14 ||r(i)||/||b|| 2.119908637040e-11
  1498 KSP Residual norm 7.504909749807e-14
  1498 KSP preconditioned resid norm 7.504909749807e-14 true resid norm 4.480490266237e-14 ||r(i)||/||b|| 2.090600460467e-11
  1499 KSP Residual norm 7.446533956100e-14
  1499 KSP preconditioned resid norm 7.446533956100e-14 true resid norm 4.492227790454e-14 ||r(i)||/||b|| 2.096077198966e-11
  1500 KSP Residual norm 7.387785742742e-14
  1500 KSP preconditioned resid norm 7.387785742742e-14 true resid norm 4.525959447080e-14 ||r(i)||/||b|| 2.111816417819e-11
  1501 KSP Residual norm 7.330583659425e-14
  1501 KSP preconditioned resid norm 7.330583659425e-14 true resid norm 4.420147780100e-14 ||r(i)||/||b|| 2.062444606574e-11
  1502 KSP Residual norm 7.275144392062e-14
  1502 KSP preconditioned resid norm 7.275144392062e-14 true resid norm 4.339907282939e-14 ||r(i)||/||b|| 2.025004324296e-11
  1503 KSP Residual norm 7.218631110447e-14
  1503 KSP preconditioned resid norm 7.218631110447e-14 true resid norm 4.336093870489e-14 ||r(i)||/||b|| 2.023224982896e-11
  1504 KSP Residual norm 7.166221453119e-14
  1504 KSP preconditioned resid norm 7.166221453119e-14 true resid norm 4.304059640192e-14 ||r(i)||/||b|| 2.008277784570e-11
  1505 KSP Residual norm 7.112788162542e-14
  1505 KSP preconditioned resid norm 7.112788162542e-14 true resid norm 4.272669131851e-14 ||r(i)||/||b|| 1.993630947439e-11
  1506 KSP Residual norm 7.057724342162e-14
  1506 KSP preconditioned resid norm 7.057724342162e-14 true resid norm 4.237693203396e-14 ||r(i)||/||b|| 1.977311150321e-11
  1507 KSP Residual norm 7.003112080209e-14
  1507 KSP preconditioned resid norm 7.003112080209e-14 true resid norm 4.217134466932e-14 ||r(i)||/||b|| 1.967718426900e-11
  1508 KSP Residual norm 6.944871673536e-14
  1508 KSP preconditioned resid norm 6.944871673536e-14 true resid norm 4.185870788052e-14 ||r(i)||/||b|| 1.953130768501e-11
  1509 KSP Residual norm 6.886133645042e-14
  1509 KSP preconditioned resid norm 6.886133645042e-14 true resid norm 4.153110292687e-14 ||r(i)||/||b|| 1.937844694294e-11
  1510 KSP Residual norm 6.825098229230e-14
  1510 KSP preconditioned resid norm 6.825098229230e-14 true resid norm 4.121389410689e-14 ||r(i)||/||b|| 1.923043704542e-11
  1511 KSP Residual norm 6.763328123039e-14
  1511 KSP preconditioned resid norm 6.763328123039e-14 true resid norm 4.074596869704e-14 ||r(i)||/||b|| 1.901210266254e-11
  1512 KSP Residual norm 6.704031591817e-14
  1512 KSP preconditioned resid norm 6.704031591817e-14 true resid norm 4.041535722128e-14 ||r(i)||/||b|| 1.885783907477e-11
  1513 KSP Residual norm 6.645762068177e-14
  1513 KSP preconditioned resid norm 6.645762068177e-14 true resid norm 4.006192886466e-14 ||r(i)||/||b|| 1.869292911153e-11
  1514 KSP Residual norm 6.590465046700e-14
  1514 KSP preconditioned resid norm 6.590465046700e-14 true resid norm 3.967545489970e-14 ||r(i)||/||b|| 1.851260004013e-11
  1515 KSP Residual norm 6.533156192180e-14
  1515 KSP preconditioned resid norm 6.533156192180e-14 true resid norm 3.942278344986e-14 ||r(i)||/||b|| 1.839470333285e-11
  1516 KSP Residual norm 6.470566492191e-14
  1516 KSP preconditioned resid norm 6.470566492191e-14 true resid norm 3.917960112268e-14 ||r(i)||/||b|| 1.828123425805e-11
  1517 KSP Residual norm 6.404855972404e-14
  1517 KSP preconditioned resid norm 6.404855972404e-14 true resid norm 3.881409588930e-14 ||r(i)||/||b|| 1.811068921414e-11
  1518 KSP Residual norm 6.338353280206e-14
  1518 KSP preconditioned resid norm 6.338353280206e-14 true resid norm 3.848759636534e-14 ||r(i)||/||b|| 1.795834426647e-11
  1519 KSP Residual norm 6.266064658600e-14
  1519 KSP preconditioned resid norm 6.266064658600e-14 true resid norm 3.814381861450e-14 ||r(i)||/||b|| 1.779793728386e-11
  1520 KSP Residual norm 6.188974637572e-14
  1520 KSP preconditioned resid norm 6.188974637572e-14 true resid norm 3.772872853608e-14 ||r(i)||/||b|| 1.760425591028e-11
  1521 KSP Residual norm 6.111800051713e-14
  1521 KSP preconditioned resid norm 6.111800051713e-14 true resid norm 3.724073330675e-14 ||r(i)||/||b|| 1.737655693305e-11
  1522 KSP Residual norm 6.038842883444e-14
  1522 KSP preconditioned resid norm 6.038842883444e-14 true resid norm 3.676507265176e-14 ||r(i)||/||b|| 1.715461327839e-11
  1523 KSP Residual norm 5.969779838759e-14
  1523 KSP preconditioned resid norm 5.969779838759e-14 true resid norm 3.625532053739e-14 ||r(i)||/||b|| 1.691676252061e-11
  1524 KSP Residual norm 5.902836532705e-14
  1524 KSP preconditioned resid norm 5.902836532705e-14 true resid norm 3.586914215765e-14 ||r(i)||/||b|| 1.673657136952e-11
  1525 KSP Residual norm 5.835422953630e-14
  1525 KSP preconditioned resid norm 5.835422953630e-14 true resid norm 3.551152385987e-14 ||r(i)||/||b|| 1.656970637628e-11
  1526 KSP Residual norm 5.766012954275e-14
  1526 KSP preconditioned resid norm 5.766012954275e-14 true resid norm 3.520446821129e-14 ||r(i)||/||b|| 1.642643395693e-11
  1527 KSP Residual norm 5.692807925167e-14
  1527 KSP preconditioned resid norm 5.692807925167e-14 true resid norm 3.477745605258e-14 ||r(i)||/||b|| 1.622718973084e-11
  1528 KSP Residual norm 5.621468773322e-14
  1528 KSP preconditioned resid norm 5.621468773322e-14 true resid norm 3.429282450576e-14 ||r(i)||/||b|| 1.600106025064e-11
  1529 KSP Residual norm 5.552614722921e-14
  1529 KSP preconditioned resid norm 5.552614722921e-14 true resid norm 3.383494251112e-14 ||r(i)||/||b|| 1.578741213359e-11
  1530 KSP Residual norm 5.488307178205e-14
  1530 KSP preconditioned resid norm 5.488307178205e-14 true resid norm 3.340176685754e-14 ||r(i)||/||b|| 1.558529201570e-11
  1531 KSP Residual norm 5.424266792809e-14
  1531 KSP preconditioned resid norm 5.424266792809e-14 true resid norm 3.307354367943e-14 ||r(i)||/||b|| 1.543214280958e-11
  1532 KSP Residual norm 5.359201165946e-14
  1532 KSP preconditioned resid norm 5.359201165946e-14 true resid norm 3.266474656546e-14 ||r(i)||/||b|| 1.524139773841e-11
  1533 KSP Residual norm 5.292890849356e-14
  1533 KSP preconditioned resid norm 5.292890849356e-14 true resid norm 3.231855710957e-14 ||r(i)||/||b|| 1.507986545224e-11
  1534 KSP Residual norm 5.227594658424e-14
  1534 KSP preconditioned resid norm 5.227594658424e-14 true resid norm 3.188533990305e-14 ||r(i)||/||b|| 1.487772594570e-11
  1535 KSP Residual norm 5.166828467642e-14
  1535 KSP preconditioned resid norm 5.166828467642e-14 true resid norm 3.148463928906e-14 ||r(i)||/||b|| 1.469075870811e-11
  1536 KSP Residual norm 5.108235821323e-14
  1536 KSP preconditioned resid norm 5.108235821323e-14 true resid norm 3.110776531179e-14 ||r(i)||/||b|| 1.451490899891e-11
  1537 KSP Residual norm 5.046925387650e-14
  1537 KSP preconditioned resid norm 5.046925387650e-14 true resid norm 3.085278149312e-14 ||r(i)||/||b|| 1.439593333842e-11
  1538 KSP Residual norm 4.979163966700e-14
  1538 KSP preconditioned resid norm 4.979163966700e-14 true resid norm 3.055997389038e-14 ||r(i)||/||b|| 1.425930906904e-11
  1539 KSP Residual norm 4.909540871975e-14
  1539 KSP preconditioned resid norm 4.909540871975e-14 true resid norm 3.013516347531e-14 ||r(i)||/||b|| 1.406109217834e-11
  1540 KSP Residual norm 4.840986340840e-14
  1540 KSP preconditioned resid norm 4.840986340840e-14 true resid norm 2.972616888493e-14 ||r(i)||/||b|| 1.387025496452e-11
  1541 KSP Residual norm 4.771932852128e-14
  1541 KSP preconditioned resid norm 4.771932852128e-14 true resid norm 2.931665102199e-14 ||r(i)||/||b|| 1.367917359129e-11
  1542 KSP Residual norm 4.702161610230e-14
  1542 KSP preconditioned resid norm 4.702161610230e-14 true resid norm 2.892168444498e-14 ||r(i)||/||b|| 1.349488186009e-11
  1543 KSP Residual norm 4.632874851642e-14
  1543 KSP preconditioned resid norm 4.632874851642e-14 true resid norm 2.849002503499e-14 ||r(i)||/||b|| 1.329346922271e-11
  1544 KSP Residual norm 4.566837627831e-14
  1544 KSP preconditioned resid norm 4.566837627831e-14 true resid norm 2.808348560158e-14 ||r(i)||/||b|| 1.310377758715e-11
  1545 KSP Residual norm 4.498617995634e-14
  1545 KSP preconditioned resid norm 4.498617995634e-14 true resid norm 2.777255019782e-14 ||r(i)||/||b|| 1.295869487084e-11
  1546 KSP Residual norm 4.426118726190e-14
  1546 KSP preconditioned resid norm 4.426118726190e-14 true resid norm 2.738314535486e-14 ||r(i)||/||b|| 1.277699824934e-11
  1547 KSP Residual norm 4.352783163492e-14
  1547 KSP preconditioned resid norm 4.352783163492e-14 true resid norm 2.698871299019e-14 ||r(i)||/||b|| 1.259295578207e-11
  1548 KSP Residual norm 4.279482406441e-14
  1548 KSP preconditioned resid norm 4.279482406441e-14 true resid norm 2.651958100288e-14 ||r(i)||/||b|| 1.237405840914e-11
  1549 KSP Residual norm 4.208873203251e-14
  1549 KSP preconditioned resid norm 4.208873203251e-14 true resid norm 2.607345283431e-14 ||r(i)||/||b|| 1.216589463705e-11
  1550 KSP Residual norm 4.135234303748e-14
  1550 KSP preconditioned resid norm 4.135234303748e-14 true resid norm 2.573377374308e-14 ||r(i)||/||b|| 1.200740009241e-11
  1551 KSP Residual norm 4.057783823859e-14
  1551 KSP preconditioned resid norm 4.057783823859e-14 true resid norm 2.529943862034e-14 ||r(i)||/||b|| 1.180473896524e-11
  1552 KSP Residual norm 3.985894617465e-14
  1552 KSP preconditioned resid norm 3.985894617465e-14 true resid norm 2.472493075163e-14 ||r(i)||/||b|| 1.153667311899e-11
  1553 KSP Residual norm 3.917014919850e-14
  1553 KSP preconditioned resid norm 3.917014919850e-14 true resid norm 2.439606028174e-14 ||r(i)||/||b|| 1.138322188599e-11
  1554 KSP Residual norm 3.844662599856e-14
  1554 KSP preconditioned resid norm 3.844662599856e-14 true resid norm 2.398772959734e-14 ||r(i)||/||b|| 1.119269445124e-11
  1555 KSP Residual norm 3.774808329034e-14
  1555 KSP preconditioned resid norm 3.774808329034e-14 true resid norm 2.350488144870e-14 ||r(i)||/||b|| 1.096739710611e-11
  1556 KSP Residual norm 3.708607801146e-14
  1556 KSP preconditioned resid norm 3.708607801146e-14 true resid norm 2.308600697931e-14 ||r(i)||/||b|| 1.077194993257e-11
  1557 KSP Residual norm 3.643924898766e-14
  1557 KSP preconditioned resid norm 3.643924898766e-14 true resid norm 2.270305083841e-14 ||r(i)||/||b|| 1.059326228079e-11
  1558 KSP Residual norm 3.576848790082e-14
  1558 KSP preconditioned resid norm 3.576848790082e-14 true resid norm 2.239389439324e-14 ||r(i)||/||b|| 1.044900962802e-11
  1559 KSP Residual norm 3.506875287689e-14
  1559 KSP preconditioned resid norm 3.506875287689e-14 true resid norm 2.194815287192e-14 ||r(i)||/||b|| 1.024102626586e-11
  1560 KSP Residual norm 3.439331425585e-14
  1560 KSP preconditioned resid norm 3.439331425585e-14 true resid norm 2.153858445200e-14 ||r(i)||/||b|| 1.004992130269e-11
  1561 KSP Residual norm 3.371397303998e-14
  1561 KSP preconditioned resid norm 3.371397303998e-14 true resid norm 2.117935861861e-14 ||r(i)||/||b|| 9.882306232002e-12
  1562 KSP Residual norm 3.305231804415e-14
  1562 KSP preconditioned resid norm 3.305231804415e-14 true resid norm 2.069437380963e-14 ||r(i)||/||b|| 9.656011919387e-12
  1563 KSP Residual norm 3.243624690491e-14
  1563 KSP preconditioned resid norm 3.243624690491e-14 true resid norm 2.031487873106e-14 ||r(i)||/||b|| 9.478939202151e-12
  1564 KSP Residual norm 3.180643140135e-14
  1564 KSP preconditioned resid norm 3.180643140135e-14 true resid norm 1.999697726813e-14 ||r(i)||/||b|| 9.330606116864e-12
  1565 KSP Residual norm 3.118501508341e-14
  1565 KSP preconditioned resid norm 3.118501508341e-14 true resid norm 1.957991147255e-14 ||r(i)||/||b|| 9.136002872026e-12
  1566 KSP Residual norm 3.061077553638e-14
  1566 KSP preconditioned resid norm 3.061077553638e-14 true resid norm 1.917839176386e-14 ||r(i)||/||b|| 8.948653444175e-12
  1567 KSP Residual norm 3.000955521336e-14
  1567 KSP preconditioned resid norm 3.000955521336e-14 true resid norm 1.897976984406e-14 ||r(i)||/||b|| 8.855976292274e-12
  1568 KSP Residual norm 2.933126409404e-14
  1568 KSP preconditioned resid norm 2.933126409404e-14 true resid norm 1.860906334241e-14 ||r(i)||/||b|| 8.683004332286e-12
  1569 KSP Residual norm 2.870009206252e-14
  1569 KSP preconditioned resid norm 2.870009206252e-14 true resid norm 1.814339045646e-14 ||r(i)||/||b|| 8.465720978914e-12
  1570 KSP Residual norm 2.809200949747e-14
  1570 KSP preconditioned resid norm 2.809200949747e-14 true resid norm 1.782388585959e-14 ||r(i)||/||b|| 8.316639870007e-12
  1571 KSP Residual norm 2.745160838662e-14
  1571 KSP preconditioned resid norm 2.745160838662e-14 true resid norm 1.748363137758e-14 ||r(i)||/||b|| 8.157876847550e-12
  1572 KSP Residual norm 2.682225032208e-14
  1572 KSP preconditioned resid norm 2.682225032208e-14 true resid norm 1.704959028990e-14 ||r(i)||/||b|| 7.955352917389e-12
  1573 KSP Residual norm 2.621835638338e-14
  1573 KSP preconditioned resid norm 2.621835638338e-14 true resid norm 1.673939124864e-14 ||r(i)||/||b|| 7.810613788418e-12
  1574 KSP Residual norm 2.557093907114e-14
  1574 KSP preconditioned resid norm 2.557093907114e-14 true resid norm 1.643643973349e-14 ||r(i)||/||b|| 7.669256361119e-12
  1575 KSP Residual norm 2.496893719607e-14
  1575 KSP preconditioned resid norm 2.496893719607e-14 true resid norm 1.590983841306e-14 ||r(i)||/||b|| 7.423543749873e-12
  1576 KSP Residual norm 2.442106224876e-14
  1576 KSP preconditioned resid norm 2.442106224876e-14 true resid norm 1.558444775709e-14 ||r(i)||/||b|| 7.271716200930e-12
  1577 KSP Residual norm 2.386694958956e-14
  1577 KSP preconditioned resid norm 2.386694958956e-14 true resid norm 1.525204804717e-14 ||r(i)||/||b|| 7.116618221615e-12
  1578 KSP Residual norm 2.332741191171e-14
  1578 KSP preconditioned resid norm 2.332741191171e-14 true resid norm 1.495043314818e-14 ||r(i)||/||b|| 6.975884460523e-12
  1579 KSP Residual norm 2.276369923391e-14
  1579 KSP preconditioned resid norm 2.276369923391e-14 true resid norm 1.469001407155e-14 ||r(i)||/||b|| 6.854372704182e-12
  1580 KSP Residual norm 2.215822657923e-14
  1580 KSP preconditioned resid norm 2.215822657923e-14 true resid norm 1.435616265405e-14 ||r(i)||/||b|| 6.698597356916e-12
  1581 KSP Residual norm 2.156806384666e-14
  1581 KSP preconditioned resid norm 2.156806384666e-14 true resid norm 1.397724595250e-14 ||r(i)||/||b|| 6.521794510871e-12
  1582 KSP Residual norm 2.099319307965e-14
  1582 KSP preconditioned resid norm 2.099319307965e-14 true resid norm 1.367703814043e-14 ||r(i)||/||b|| 6.381717297697e-12
  1583 KSP Residual norm 2.043381760544e-14
  1583 KSP preconditioned resid norm 2.043381760544e-14 true resid norm 1.329021308675e-14 ||r(i)||/||b|| 6.201224408017e-12
  1584 KSP Residual norm 1.995542532444e-14
  1584 KSP preconditioned resid norm 1.995542532444e-14 true resid norm 1.283193501654e-14 ||r(i)||/||b|| 5.987391481778e-12
  1585 KSP Residual norm 1.954334828759e-14
  1585 KSP preconditioned resid norm 1.954334828759e-14 true resid norm 1.254143940667e-14 ||r(i)||/||b|| 5.851845990174e-12
  1586 KSP Residual norm 1.915080669680e-14
  1586 KSP preconditioned resid norm 1.915080669680e-14 true resid norm 1.229031334279e-14 ||r(i)||/||b|| 5.734670361265e-12
  1587 KSP Residual norm 1.878474632604e-14
  1587 KSP preconditioned resid norm 1.878474632604e-14 true resid norm 1.206448286089e-14 ||r(i)||/||b|| 5.629297671806e-12
  1588 KSP Residual norm 1.841143940208e-14
  1588 KSP preconditioned resid norm 1.841143940208e-14 true resid norm 1.185851519527e-14 ||r(i)||/||b|| 5.533192988833e-12
  1589 KSP Residual norm 1.806466677156e-14
  1589 KSP preconditioned resid norm 1.806466677156e-14 true resid norm 1.157224082246e-14 ||r(i)||/||b|| 5.399617129934e-12
  1590 KSP Residual norm 1.774708234408e-14
  1590 KSP preconditioned resid norm 1.774708234408e-14 true resid norm 1.140295038540e-14 ||r(i)||/||b|| 5.320626072116e-12
  1591 KSP Residual norm 1.742037605897e-14
  1591 KSP preconditioned resid norm 1.742037605897e-14 true resid norm 1.124769443298e-14 ||r(i)||/||b|| 5.248183516426e-12
  1592 KSP Residual norm 1.711187580231e-14
  1592 KSP preconditioned resid norm 1.711187580231e-14 true resid norm 1.102587002635e-14 ||r(i)||/||b|| 5.144680064998e-12
  1593 KSP Residual norm 1.680287341360e-14
  1593 KSP preconditioned resid norm 1.680287341360e-14 true resid norm 1.087610503150e-14 ||r(i)||/||b|| 5.074799594653e-12
  1594 KSP Residual norm 1.647981037528e-14
  1594 KSP preconditioned resid norm 1.647981037528e-14 true resid norm 1.065170057120e-14 ||r(i)||/||b|| 4.970092288052e-12
  1595 KSP Residual norm 1.618759561498e-14
  1595 KSP preconditioned resid norm 1.618759561498e-14 true resid norm 1.048644863857e-14 ||r(i)||/||b|| 4.892985599739e-12
  1596 KSP Residual norm 1.588639665326e-14
  1596 KSP preconditioned resid norm 1.588639665326e-14 true resid norm 1.033176128250e-14 ||r(i)||/||b|| 4.820808351577e-12
  1597 KSP Residual norm 1.559631444384e-14
  1597 KSP preconditioned resid norm 1.559631444384e-14 true resid norm 1.008148416567e-14 ||r(i)||/||b|| 4.704028842059e-12
  1598 KSP Residual norm 1.531175835636e-14
  1598 KSP preconditioned resid norm 1.531175835636e-14 true resid norm 9.918946804683e-15 ||r(i)||/||b|| 4.628188775117e-12
  1599 KSP Residual norm 1.506550996206e-14
  1599 KSP preconditioned resid norm 1.506550996206e-14 true resid norm 9.741674957995e-15 ||r(i)||/||b|| 4.545473584972e-12
  1600 KSP Residual norm 1.490036373209e-14
  1600 KSP preconditioned resid norm 1.490036373209e-14 true resid norm 9.891511125846e-15 ||r(i)||/||b|| 4.615387264701e-12
  1601 KSP Residual norm 1.468320352339e-14
  1601 KSP preconditioned resid norm 1.468320352339e-14 true resid norm 9.603360879336e-15 ||r(i)||/||b|| 4.480936121581e-12
  1602 KSP Residual norm 1.446074407591e-14
  1602 KSP preconditioned resid norm 1.446074407591e-14 true resid norm 9.426832304840e-15 ||r(i)||/||b|| 4.398567742855e-12
  1603 KSP Residual norm 1.420499577485e-14
  1603 KSP preconditioned resid norm 1.420499577485e-14 true resid norm 9.355515553263e-15 ||r(i)||/||b|| 4.365291287640e-12
  1604 KSP Residual norm 1.395457608602e-14
  1604 KSP preconditioned resid norm 1.395457608602e-14 true resid norm 9.312640675937e-15 ||r(i)||/||b|| 4.345285834451e-12
  1605 KSP Residual norm 1.370159383368e-14
  1605 KSP preconditioned resid norm 1.370159383368e-14 true resid norm 9.021082457383e-15 ||r(i)||/||b|| 4.209244528759e-12
  1606 KSP Residual norm 1.346576052214e-14
  1606 KSP preconditioned resid norm 1.346576052214e-14 true resid norm 8.955965429011e-15 ||r(i)||/||b|| 4.178860869514e-12
  1607 KSP Residual norm 1.322024589990e-14
  1607 KSP preconditioned resid norm 1.322024589990e-14 true resid norm 8.842727735800e-15 ||r(i)||/||b|| 4.126024068293e-12
  1608 KSP Residual norm 1.298844283755e-14
  1608 KSP preconditioned resid norm 1.298844283755e-14 true resid norm 8.633524764927e-15 ||r(i)||/||b|| 4.028409789219e-12
  1609 KSP Residual norm 1.276731047749e-14
  1609 KSP preconditioned resid norm 1.276731047749e-14 true resid norm 8.546404616370e-15 ||r(i)||/||b|| 3.987759455915e-12
  1610 KSP Residual norm 1.253864109133e-14
  1610 KSP preconditioned resid norm 1.253864109133e-14 true resid norm 8.450896844594e-15 ||r(i)||/||b|| 3.943195450686e-12
  1611 KSP Residual norm 1.232241080076e-14
  1611 KSP preconditioned resid norm 1.232241080076e-14 true resid norm 8.237179677593e-15 ||r(i)||/||b|| 3.843474843968e-12
  1612 KSP Residual norm 1.210129547226e-14
  1612 KSP preconditioned resid norm 1.210129547226e-14 true resid norm 8.201947451427e-15 ||r(i)||/||b|| 3.827035458126e-12
  1613 KSP Residual norm 1.186627069954e-14
  1613 KSP preconditioned resid norm 1.186627069954e-14 true resid norm 8.083107010391e-15 ||r(i)||/||b|| 3.771584410141e-12
  1614 KSP Residual norm 1.163996611992e-14
  1614 KSP preconditioned resid norm 1.163996611992e-14 true resid norm 7.915913002407e-15 ||r(i)||/||b|| 3.693571547863e-12
  1615 KSP Residual norm 1.140938372630e-14
  1615 KSP preconditioned resid norm 1.140938372630e-14 true resid norm 7.799694170792e-15 ||r(i)||/||b|| 3.639343744999e-12
  1616 KSP Residual norm 1.117609784013e-14
  1616 KSP preconditioned resid norm 1.117609784013e-14 true resid norm 7.719889118714e-15 ||r(i)||/||b|| 3.602106641757e-12
  1617 KSP Residual norm 1.091825126143e-14
  1617 KSP preconditioned resid norm 1.091825126143e-14 true resid norm 7.630152427822e-15 ||r(i)||/||b|| 3.560235427637e-12
  1618 KSP Residual norm 1.062926237060e-14
  1618 KSP preconditioned resid norm 1.062926237060e-14 true resid norm 7.493576480011e-15 ||r(i)||/||b|| 3.496508977535e-12
  1619 KSP Residual norm 1.034068529641e-14
  1619 KSP preconditioned resid norm 1.034068529641e-14 true resid norm 7.361428527247e-15 ||r(i)||/||b|| 3.434848633581e-12
  1620 KSP Residual norm 1.005877550221e-14
  1620 KSP preconditioned resid norm 1.005877550221e-14 true resid norm 7.154234495504e-15 ||r(i)||/||b|| 3.338171727165e-12
  1621 KSP Residual norm 9.782175978136e-15
  1621 KSP preconditioned resid norm 9.782175978136e-15 true resid norm 6.999466370964e-15 ||r(i)||/||b|| 3.265956792369e-12
  1622 KSP Residual norm 9.533893505080e-15
  1622 KSP preconditioned resid norm 9.533893505080e-15 true resid norm 6.842494535483e-15 ||r(i)||/||b|| 3.192713604227e-12
  1623 KSP Residual norm 9.312760864563e-15
  1623 KSP preconditioned resid norm 9.312760864563e-15 true resid norm 6.663422758076e-15 ||r(i)||/||b|| 3.109158564922e-12
  1624 KSP Residual norm 9.100542649925e-15
  1624 KSP preconditioned resid norm 9.100542649925e-15 true resid norm 6.545686297240e-15 ||r(i)||/||b|| 3.054222635010e-12
  1625 KSP Residual norm 8.899633675313e-15
  1625 KSP preconditioned resid norm 8.899633675313e-15 true resid norm 6.454003536233e-15 ||r(i)||/||b|| 3.011443382967e-12
  1626 KSP Residual norm 8.690728590566e-15
  1626 KSP preconditioned resid norm 8.690728590566e-15 true resid norm 6.358700529507e-15 ||r(i)||/||b|| 2.966974921279e-12
  1627 KSP Residual norm 8.472863752330e-15
  1627 KSP preconditioned resid norm 8.472863752330e-15 true resid norm 6.225452314963e-15 ||r(i)||/||b|| 2.904801194269e-12
  1628 KSP Residual norm 8.276066034995e-15
  1628 KSP preconditioned resid norm 8.276066034995e-15 true resid norm 6.112976279831e-15 ||r(i)||/||b|| 2.852319783338e-12
  1629 KSP Residual norm 8.084146104406e-15
  1629 KSP preconditioned resid norm 8.084146104406e-15 true resid norm 6.015815318814e-15 ||r(i)||/||b|| 2.806984398642e-12
  1630 KSP Residual norm 7.899766658577e-15
  1630 KSP preconditioned resid norm 7.899766658577e-15 true resid norm 5.884240121878e-15 ||r(i)||/||b|| 2.745591303031e-12
  1631 KSP Residual norm 7.732069888558e-15
  1631 KSP preconditioned resid norm 7.732069888558e-15 true resid norm 5.796509091242e-15 ||r(i)||/||b|| 2.704655931644e-12
  1632 KSP Residual norm 7.567423830797e-15
  1632 KSP preconditioned resid norm 7.567423830797e-15 true resid norm 5.716176136915e-15 ||r(i)||/||b|| 2.667172508776e-12
  1633 KSP Residual norm 7.396353691150e-15
  1633 KSP preconditioned resid norm 7.396353691150e-15 true resid norm 5.630244096772e-15 ||r(i)||/||b|| 2.627076547839e-12
  1634 KSP Residual norm 7.247286067025e-15
  1634 KSP preconditioned resid norm 7.247286067025e-15 true resid norm 5.513992904560e-15 ||r(i)||/||b|| 2.572833645494e-12
  1635 KSP Residual norm 7.114607049636e-15
  1635 KSP preconditioned resid norm 7.114607049636e-15 true resid norm 5.445746663003e-15 ||r(i)||/||b|| 2.540989892792e-12
  1636 KSP Residual norm 6.977922899744e-15
  1636 KSP preconditioned resid norm 6.977922899744e-15 true resid norm 5.379447505882e-15 ||r(i)||/||b|| 2.510054651296e-12
  1637 KSP Residual norm 6.842652977855e-15
  1637 KSP preconditioned resid norm 6.842652977855e-15 true resid norm 5.319555826681e-15 ||r(i)||/||b|| 2.482109144292e-12
  1638 KSP Residual norm 6.713869997382e-15
  1638 KSP preconditioned resid norm 6.713869997382e-15 true resid norm 5.237926154223e-15 ||r(i)||/||b|| 2.444020671673e-12
  1639 KSP Residual norm 6.583129709437e-15
  1639 KSP preconditioned resid norm 6.583129709437e-15 true resid norm 5.189205554103e-15 ||r(i)||/||b|| 2.421287599399e-12
  1640 KSP Residual norm 6.454453250522e-15
  1640 KSP preconditioned resid norm 6.454453250522e-15 true resid norm 5.120383404614e-15 ||r(i)||/||b|| 2.389175127579e-12
  1641 KSP Residual norm 6.332089585886e-15
  1641 KSP preconditioned resid norm 6.332089585886e-15 true resid norm 5.046732865422e-15 ||r(i)||/||b|| 2.354809725135e-12
  1642 KSP Residual norm 6.207768437259e-15
  1642 KSP preconditioned resid norm 6.207768437259e-15 true resid norm 5.003106155642e-15 ||r(i)||/||b|| 2.334453466302e-12
  1643 KSP Residual norm 6.090951951440e-15
  1643 KSP preconditioned resid norm 6.090951951440e-15 true resid norm 4.936196831940e-15 ||r(i)||/||b|| 2.303233520575e-12
  1644 KSP Residual norm 5.984212426243e-15
  1644 KSP preconditioned resid norm 5.984212426243e-15 true resid norm 4.872658185895e-15 ||r(i)||/||b|| 2.273586335829e-12
  1645 KSP Residual norm 5.879638935407e-15
  1645 KSP preconditioned resid norm 5.879638935407e-15 true resid norm 4.825233369869e-15 ||r(i)||/||b|| 2.251457877484e-12
  1646 KSP Residual norm 5.774318978072e-15
  1646 KSP preconditioned resid norm 5.774318978072e-15 true resid norm 4.797886554727e-15 ||r(i)||/||b|| 2.238697830942e-12
  1647 KSP Residual norm 5.668817081071e-15
  1647 KSP preconditioned resid norm 5.668817081071e-15 true resid norm 4.736984692075e-15 ||r(i)||/||b|| 2.210280971505e-12
  1648 KSP Residual norm 5.570038087008e-15
  1648 KSP preconditioned resid norm 5.570038087008e-15 true resid norm 4.675419376941e-15 ||r(i)||/||b|| 2.181554544592e-12
  1649 KSP Residual norm 5.472574614056e-15
  1649 KSP preconditioned resid norm 5.472574614056e-15 true resid norm 4.633267180094e-15 ||r(i)||/||b|| 2.161886294712e-12
  1650 KSP Residual norm 5.370372175355e-15
  1650 KSP preconditioned resid norm 5.370372175355e-15 true resid norm 4.598198336827e-15 ||r(i)||/||b|| 2.145523143467e-12
  1651 KSP Residual norm 5.276347210417e-15
  1651 KSP preconditioned resid norm 5.276347210417e-15 true resid norm 4.539083166908e-15 ||r(i)||/||b|| 2.117939956336e-12
  1652 KSP Residual norm 5.190072693088e-15
  1652 KSP preconditioned resid norm 5.190072693088e-15 true resid norm 4.510510529519e-15 ||r(i)||/||b|| 2.104607940120e-12
  1653 KSP Residual norm 5.104014661058e-15
  1653 KSP preconditioned resid norm 5.104014661058e-15 true resid norm 4.463004798671e-15 ||r(i)||/||b|| 2.082441726853e-12
  1654 KSP Residual norm 5.019509250679e-15
  1654 KSP preconditioned resid norm 5.019509250679e-15 true resid norm 4.430119626710e-15 ||r(i)||/||b|| 2.067097478442e-12
  1655 KSP Residual norm 4.937552994556e-15
  1655 KSP preconditioned resid norm 4.937552994556e-15 true resid norm 4.381292251922e-15 ||r(i)||/||b|| 2.044314585020e-12
  1656 KSP Residual norm 4.863176072752e-15
  1656 KSP preconditioned resid norm 4.863176072752e-15 true resid norm 4.341777742021e-15 ||r(i)||/||b|| 2.025877082050e-12
  1657 KSP Residual norm 4.792267147538e-15
  1657 KSP preconditioned resid norm 4.792267147538e-15 true resid norm 4.323629369515e-15 ||r(i)||/||b|| 2.017409036442e-12
  1658 KSP Residual norm 4.721390502272e-15
  1658 KSP preconditioned resid norm 4.721390502272e-15 true resid norm 4.288827766733e-15 ||r(i)||/||b|| 2.001170579827e-12
  1659 KSP Residual norm 4.652500550907e-15
  1659 KSP preconditioned resid norm 4.652500550907e-15 true resid norm 4.262952058815e-15 ||r(i)||/||b|| 1.989096953131e-12
  1660 KSP Residual norm 4.585329028530e-15
  1660 KSP preconditioned resid norm 4.585329028530e-15 true resid norm 4.230955844287e-15 ||r(i)||/||b|| 1.974167492994e-12
  1661 KSP Residual norm 4.520485491452e-15
  1661 KSP preconditioned resid norm 4.520485491452e-15 true resid norm 4.209262253598e-15 ||r(i)||/||b|| 1.964045245653e-12
  1662 KSP Residual norm 4.456517535936e-15
  1662 KSP preconditioned resid norm 4.456517535936e-15 true resid norm 4.172063555329e-15 ||r(i)||/||b|| 1.946688302304e-12
  1663 KSP Residual norm 4.396020270771e-15
  1663 KSP preconditioned resid norm 4.396020270771e-15 true resid norm 4.148622762439e-15 ||r(i)||/||b|| 1.935750808972e-12
  1664 KSP Residual norm 4.341323972994e-15
  1664 KSP preconditioned resid norm 4.341323972994e-15 true resid norm 4.115523327493e-15 ||r(i)||/||b|| 1.920306585276e-12
  1665 KSP Residual norm 4.290351501643e-15
  1665 KSP preconditioned resid norm 4.290351501643e-15 true resid norm 4.092304895348e-15 ||r(i)||/||b|| 1.909472845651e-12
  1666 KSP Residual norm 4.238951099447e-15
  1666 KSP preconditioned resid norm 4.238951099447e-15 true resid norm 4.090810415683e-15 ||r(i)||/||b|| 1.908775520205e-12
  1667 KSP Residual norm 4.185265558680e-15
  1667 KSP preconditioned resid norm 4.185265558680e-15 true resid norm 4.051632284095e-15 ||r(i)||/||b|| 1.890494971633e-12
  1668 KSP Residual norm 4.132197155879e-15
  1668 KSP preconditioned resid norm 4.132197155879e-15 true resid norm 4.039750832388e-15 ||r(i)||/||b|| 1.884951076449e-12
  1669 KSP Residual norm 4.081693883650e-15
  1669 KSP preconditioned resid norm 4.081693883650e-15 true resid norm 4.029027124513e-15 ||r(i)||/||b|| 1.879947385493e-12
  1670 KSP Residual norm 4.033296045969e-15
  1670 KSP preconditioned resid norm 4.033296045969e-15 true resid norm 4.001901927047e-15 ||r(i)||/||b|| 1.867290745942e-12
  1671 KSP Residual norm 3.985741979411e-15
  1671 KSP preconditioned resid norm 3.985741979411e-15 true resid norm 3.980076087990e-15 ||r(i)||/||b|| 1.857106791404e-12
  1672 KSP Residual norm 3.937070807720e-15
  1672 KSP preconditioned resid norm 3.937070807720e-15 true resid norm 3.967156272066e-15 ||r(i)||/||b|| 1.851078394617e-12
  1673 KSP Residual norm 3.888293589626e-15
  1673 KSP preconditioned resid norm 3.888293589626e-15 true resid norm 3.951664229749e-15 ||r(i)||/||b|| 1.843849794871e-12
  1674 KSP Residual norm 3.839522154029e-15
  1674 KSP preconditioned resid norm 3.839522154029e-15 true resid norm 3.926813795365e-15 ||r(i)||/||b|| 1.832254561654e-12
  1675 KSP Residual norm 3.794505124038e-15
  1675 KSP preconditioned resid norm 3.794505124038e-15 true resid norm 3.907173798681e-15 ||r(i)||/||b|| 1.823090522973e-12
  1676 KSP Residual norm 3.751741502955e-15
  1676 KSP preconditioned resid norm 3.751741502955e-15 true resid norm 3.898585621357e-15 ||r(i)||/||b|| 1.819083272337e-12
  1677 KSP Residual norm 3.709382054845e-15
  1677 KSP preconditioned resid norm 3.709382054845e-15 true resid norm 3.864740368292e-15 ||r(i)||/||b|| 1.803291049290e-12
  1678 KSP Residual norm 3.667540146194e-15
  1678 KSP preconditioned resid norm 3.667540146194e-15 true resid norm 3.852170756744e-15 ||r(i)||/||b|| 1.797426058155e-12
  1679 KSP Residual norm 3.625328914065e-15
  1679 KSP preconditioned resid norm 3.625328914065e-15 true resid norm 3.846374103583e-15 ||r(i)||/||b|| 1.794721335001e-12
  1680 KSP Residual norm 3.581530088248e-15
  1680 KSP preconditioned resid norm 3.581530088248e-15 true resid norm 3.833172449458e-15 ||r(i)||/||b|| 1.788561432278e-12
  1681 KSP Residual norm 3.538825712959e-15
  1681 KSP preconditioned resid norm 3.538825712959e-15 true resid norm 3.803749519900e-15 ||r(i)||/||b|| 1.774832669034e-12
  1682 KSP Residual norm 3.499329246804e-15
  1682 KSP preconditioned resid norm 3.499329246804e-15 true resid norm 3.804392049937e-15 ||r(i)||/||b|| 1.775132474080e-12
  1683 KSP Residual norm 3.463599187733e-15
  1683 KSP preconditioned resid norm 3.463599187733e-15 true resid norm 3.786867190332e-15 ||r(i)||/||b|| 1.766955360107e-12
  1684 KSP Residual norm 3.429433307406e-15
  1684 KSP preconditioned resid norm 3.429433307406e-15 true resid norm 3.778995192484e-15 ||r(i)||/||b|| 1.763282279407e-12
  1685 KSP Residual norm 3.396776045779e-15
  1685 KSP preconditioned resid norm 3.396776045779e-15 true resid norm 3.749642220105e-15 ||r(i)||/||b|| 1.749586158240e-12
  1686 KSP Residual norm 3.366810956284e-15
  1686 KSP preconditioned resid norm 3.366810956284e-15 true resid norm 3.747496944841e-15 ||r(i)||/||b|| 1.748585171029e-12
  1687 KSP Residual norm 3.338597654745e-15
  1687 KSP preconditioned resid norm 3.338597654745e-15 true resid norm 3.749250650722e-15 ||r(i)||/||b|| 1.749403451642e-12
  1688 KSP Residual norm 3.309286184838e-15
  1688 KSP preconditioned resid norm 3.309286184838e-15 true resid norm 3.735906339730e-15 ||r(i)||/||b|| 1.743176985107e-12
  1689 KSP Residual norm 3.279377730138e-15
  1689 KSP preconditioned resid norm 3.279377730138e-15 true resid norm 3.733382321184e-15 ||r(i)||/||b|| 1.741999275968e-12
  1690 KSP Residual norm 3.249062212700e-15
  1690 KSP preconditioned resid norm 3.249062212700e-15 true resid norm 3.718639024143e-15 ||r(i)||/||b|| 1.735120041387e-12
  1691 KSP Residual norm 3.219420322785e-15
  1691 KSP preconditioned resid norm 3.219420322785e-15 true resid norm 3.710608308741e-15 ||r(i)||/||b|| 1.731372902944e-12
  1692 KSP Residual norm 3.191185070407e-15
  1692 KSP preconditioned resid norm 3.191185070407e-15 true resid norm 3.692019570187e-15 ||r(i)||/||b|| 1.722699382175e-12
  1693 KSP Residual norm 3.163558500601e-15
  1693 KSP preconditioned resid norm 3.163558500601e-15 true resid norm 3.686289481435e-15 ||r(i)||/||b|| 1.720025718028e-12
  1694 KSP Residual norm 3.137759701159e-15
  1694 KSP preconditioned resid norm 3.137759701159e-15 true resid norm 3.674861387971e-15 ||r(i)||/||b|| 1.714693360175e-12
  1695 KSP Residual norm 3.112631013564e-15
  1695 KSP preconditioned resid norm 3.112631013564e-15 true resid norm 3.672342103311e-15 ||r(i)||/||b|| 1.713517859871e-12
  1696 KSP Residual norm 3.088802318586e-15
  1696 KSP preconditioned resid norm 3.088802318586e-15 true resid norm 3.664662305707e-15 ||r(i)||/||b|| 1.709934459963e-12
  1697 KSP Residual norm 3.065593119139e-15
  1697 KSP preconditioned resid norm 3.065593119139e-15 true resid norm 3.664666353827e-15 ||r(i)||/||b|| 1.709936348819e-12
  1698 KSP Residual norm 3.041537893902e-15
  1698 KSP preconditioned resid norm 3.041537893902e-15 true resid norm 3.630675698918e-15 ||r(i)||/||b|| 1.694076281152e-12
  1699 KSP Residual norm 3.017877105244e-15
  1699 KSP preconditioned resid norm 3.017877105244e-15 true resid norm 3.651036524289e-15 ||r(i)||/||b|| 1.703576659094e-12
  1700 KSP Residual norm 3.163714099402e-15
  1700 KSP preconditioned resid norm 3.163714099402e-15 true resid norm 3.631596718374e-15 ||r(i)||/||b|| 1.694506029591e-12
  1701 KSP Residual norm 2.996796013298e-15
  1701 KSP preconditioned resid norm 2.996796013298e-15 true resid norm 3.642443762808e-15 ||r(i)||/||b|| 1.699567269487e-12
  1702 KSP Residual norm 2.963384253093e-15
  1702 KSP preconditioned resid norm 2.963384253093e-15 true resid norm 3.656502104165e-15 ||r(i)||/||b|| 1.706126903181e-12
  1703 KSP Residual norm 2.940379704646e-15
  1703 KSP preconditioned resid norm 2.940379704646e-15 true resid norm 3.611517270101e-15 ||r(i)||/||b|| 1.685136942435e-12
  1704 KSP Residual norm 2.918176013002e-15
  1704 KSP preconditioned resid norm 2.918176013002e-15 true resid norm 3.620005032105e-15 ||r(i)||/||b|| 1.689097339200e-12
  1705 KSP Residual norm 2.897506153515e-15
  1705 KSP preconditioned resid norm 2.897506153515e-15 true resid norm 3.607116515882e-15 ||r(i)||/||b|| 1.683083546880e-12
  1706 KSP Residual norm 2.876483574559e-15
  1706 KSP preconditioned resid norm 2.876483574559e-15 true resid norm 3.595692483293e-15 ||r(i)||/||b|| 1.677753083835e-12
  1707 KSP Residual norm 2.854323997973e-15
  1707 KSP preconditioned resid norm 2.854323997973e-15 true resid norm 3.593123115837e-15 ||r(i)||/||b|| 1.676554214857e-12
  1708 KSP Residual norm 2.831200289437e-15
  1708 KSP preconditioned resid norm 2.831200289437e-15 true resid norm 3.588576351946e-15 ||r(i)||/||b|| 1.674432691068e-12
  1709 KSP Residual norm 2.807142000170e-15
  1709 KSP preconditioned resid norm 2.807142000170e-15 true resid norm 3.585442791028e-15 ||r(i)||/||b|| 1.672970568954e-12
  1710 KSP Residual norm 2.782863299902e-15
  1710 KSP preconditioned resid norm 2.782863299902e-15 true resid norm 3.586924774975e-15 ||r(i)||/||b|| 1.673662063889e-12
  1711 KSP Residual norm 2.758429208152e-15
  1711 KSP preconditioned resid norm 2.758429208152e-15 true resid norm 3.562091562453e-15 ||r(i)||/||b|| 1.662074866406e-12
  1712 KSP Residual norm 2.734294597996e-15
  1712 KSP preconditioned resid norm 2.734294597996e-15 true resid norm 3.564312216571e-15 ||r(i)||/||b|| 1.663111025452e-12
  1713 KSP Residual norm 2.710586701615e-15
  1713 KSP preconditioned resid norm 2.710586701615e-15 true resid norm 3.560524576263e-15 ||r(i)||/||b|| 1.661343709355e-12
  1714 KSP Residual norm 2.687942488064e-15
  1714 KSP preconditioned resid norm 2.687942488064e-15 true resid norm 3.558120584871e-15 ||r(i)||/||b|| 1.660222004985e-12
  1715 KSP Residual norm 2.665749117263e-15
  1715 KSP preconditioned resid norm 2.665749117263e-15 true resid norm 3.554924506736e-15 ||r(i)||/||b|| 1.658730712287e-12
  1716 KSP Residual norm 2.642225192712e-15
  1716 KSP preconditioned resid norm 2.642225192712e-15 true resid norm 3.545359769078e-15 ||r(i)||/||b|| 1.654267797792e-12
  1717 KSP Residual norm 2.617193074593e-15
  1717 KSP preconditioned resid norm 2.617193074593e-15 true resid norm 3.545677211049e-15 ||r(i)||/||b|| 1.654415916478e-12
  1718 KSP Residual norm 2.591760005383e-15
  1718 KSP preconditioned resid norm 2.591760005383e-15 true resid norm 3.528939346426e-15 ||r(i)||/||b|| 1.646606015014e-12
  1719 KSP Residual norm 2.565204865332e-15
  1719 KSP preconditioned resid norm 2.565204865332e-15 true resid norm 3.544113495645e-15 ||r(i)||/||b|| 1.653686285578e-12
  1720 KSP Residual norm 2.536143331274e-15
  1720 KSP preconditioned resid norm 2.536143331274e-15 true resid norm 3.516456328447e-15 ||r(i)||/||b|| 1.640781428511e-12
  1721 KSP Residual norm 2.505247299484e-15
  1721 KSP preconditioned resid norm 2.505247299484e-15 true resid norm 3.516558367103e-15 ||r(i)||/||b|| 1.640829039832e-12
  1722 KSP Residual norm 2.473457841087e-15
  1722 KSP preconditioned resid norm 2.473457841087e-15 true resid norm 3.500689568812e-15 ||r(i)||/||b|| 1.633424645437e-12
  1723 KSP Residual norm 2.442584415038e-15
  1723 KSP preconditioned resid norm 2.442584415038e-15 true resid norm 3.495045910422e-15 ||r(i)||/||b|| 1.630791309768e-12
  1724 KSP Residual norm 2.414288818521e-15
  1724 KSP preconditioned resid norm 2.414288818521e-15 true resid norm 3.488414336254e-15 ||r(i)||/||b|| 1.627697011782e-12
  1725 KSP Residual norm 2.386786334457e-15
  1725 KSP preconditioned resid norm 2.386786334457e-15 true resid norm 3.478509803441e-15 ||r(i)||/||b|| 1.623075548588e-12
  1726 KSP Residual norm 2.359309753809e-15
  1726 KSP preconditioned resid norm 2.359309753809e-15 true resid norm 3.473704539730e-15 ||r(i)||/||b|| 1.620833408569e-12
  1727 KSP Residual norm 2.331251916932e-15
  1727 KSP preconditioned resid norm 2.331251916932e-15 true resid norm 3.469231976148e-15 ||r(i)||/||b|| 1.618746506706e-12
  1728 KSP Residual norm 2.302240542123e-15
  1728 KSP preconditioned resid norm 2.302240542123e-15 true resid norm 3.455844570893e-15 ||r(i)||/||b|| 1.612499932352e-12
  1729 KSP Residual norm 2.273034666653e-15
  1729 KSP preconditioned resid norm 2.273034666653e-15 true resid norm 3.434414604823e-15 ||r(i)||/||b|| 1.602500692476e-12
  1730 KSP Residual norm 2.244855648824e-15
  1730 KSP preconditioned resid norm 2.244855648824e-15 true resid norm 3.454219927007e-15 ||r(i)||/||b|| 1.611741872172e-12
  1731 KSP Residual norm 2.217759757513e-15
  1731 KSP preconditioned resid norm 2.217759757513e-15 true resid norm 3.436562386244e-15 ||r(i)||/||b|| 1.603502849062e-12
  1732 KSP Residual norm 2.191556118564e-15
  1732 KSP preconditioned resid norm 2.191556118564e-15 true resid norm 3.429529551224e-15 ||r(i)||/||b|| 1.600221322430e-12
  1733 KSP Residual norm 2.165675366560e-15
  1733 KSP preconditioned resid norm 2.165675366560e-15 true resid norm 3.422754972245e-15 ||r(i)||/||b|| 1.597060298281e-12
  1734 KSP Residual norm 2.139333054281e-15
  1734 KSP preconditioned resid norm 2.139333054281e-15 true resid norm 3.419828203650e-15 ||r(i)||/||b|| 1.595694665636e-12
  1735 KSP Residual norm 2.113062340801e-15
  1735 KSP preconditioned resid norm 2.113062340801e-15 true resid norm 3.425932142303e-15 ||r(i)||/||b|| 1.598542768455e-12
  1736 KSP Residual norm 2.087851959620e-15
  1736 KSP preconditioned resid norm 2.087851959620e-15 true resid norm 3.399877071740e-15 ||r(i)||/||b|| 1.586385451001e-12
  1737 KSP Residual norm 2.063189196938e-15
  1737 KSP preconditioned resid norm 2.063189196938e-15 true resid norm 3.409104600471e-15 ||r(i)||/||b|| 1.590691023532e-12
  1738 KSP Residual norm 2.037356768210e-15
  1738 KSP preconditioned resid norm 2.037356768210e-15 true resid norm 3.403681326566e-15 ||r(i)||/||b|| 1.588160519446e-12
  1739 KSP Residual norm 2.010373899350e-15
  1739 KSP preconditioned resid norm 2.010373899350e-15 true resid norm 3.395768130663e-15 ||r(i)||/||b|| 1.584468215699e-12
  1740 KSP Residual norm 1.983766819845e-15
  1740 KSP preconditioned resid norm 1.983766819845e-15 true resid norm 3.385349865772e-15 ||r(i)||/||b|| 1.579607044693e-12
  1741 KSP Residual norm 1.956677939759e-15
  1741 KSP preconditioned resid norm 1.956677939759e-15 true resid norm 3.376857132725e-15 ||r(i)||/||b|| 1.575644328435e-12
  1742 KSP Residual norm 1.928583051028e-15
  1742 KSP preconditioned resid norm 1.928583051028e-15 true resid norm 3.378137809372e-15 ||r(i)||/||b|| 1.576241893217e-12
  1743 KSP Residual norm 1.899988416232e-15
  1743 KSP preconditioned resid norm 1.899988416232e-15 true resid norm 3.376981664155e-15 ||r(i)||/||b|| 1.575702434903e-12
  1744 KSP Residual norm 1.872533108526e-15
  1744 KSP preconditioned resid norm 1.872533108526e-15 true resid norm 3.360453983168e-15 ||r(i)||/||b|| 1.567990605298e-12
  1745 KSP Residual norm 1.845530256312e-15
  1745 KSP preconditioned resid norm 1.845530256312e-15 true resid norm 3.343607891354e-15 ||r(i)||/||b|| 1.560130204938e-12
  1746 KSP Residual norm 1.817676822184e-15
  1746 KSP preconditioned resid norm 1.817676822184e-15 true resid norm 3.363150052584e-15 ||r(i)||/||b|| 1.569248593515e-12
  1747 KSP Residual norm 1.788966635999e-15
  1747 KSP preconditioned resid norm 1.788966635999e-15 true resid norm 3.355175574169e-15 ||r(i)||/||b|| 1.565527695298e-12
  1748 KSP Residual norm 1.759515016679e-15
  1748 KSP preconditioned resid norm 1.759515016679e-15 true resid norm 3.342855975396e-15 ||r(i)||/||b|| 1.559779360330e-12
  1749 KSP Residual norm 1.731047062834e-15
  1749 KSP preconditioned resid norm 1.731047062834e-15 true resid norm 3.336883676906e-15 ||r(i)||/||b|| 1.556992680920e-12
  1750 KSP Residual norm 1.701571903532e-15
  1750 KSP preconditioned resid norm 1.701571903532e-15 true resid norm 3.325782033487e-15 ||r(i)||/||b|| 1.551812644927e-12
  1751 KSP Residual norm 1.672103502886e-15
  1751 KSP preconditioned resid norm 1.672103502886e-15 true resid norm 3.327915310768e-15 ||r(i)||/||b|| 1.552808033870e-12
  1752 KSP Residual norm 1.643398378855e-15
  1752 KSP preconditioned resid norm 1.643398378855e-15 true resid norm 3.324370262475e-15 ||r(i)||/||b|| 1.551153911407e-12
  1753 KSP Residual norm 1.614802043639e-15
  1753 KSP preconditioned resid norm 1.614802043639e-15 true resid norm 3.314331418135e-15 ||r(i)||/||b|| 1.546469778343e-12
  1754 KSP Residual norm 1.585940632223e-15
  1754 KSP preconditioned resid norm 1.585940632223e-15 true resid norm 3.316095628023e-15 ||r(i)||/||b|| 1.547292960134e-12
  1755 KSP Residual norm 1.557506583625e-15
  1755 KSP preconditioned resid norm 1.557506583625e-15 true resid norm 3.315654774137e-15 ||r(i)||/||b|| 1.547087257347e-12
  1756 KSP Residual norm 1.530134863168e-15
  1756 KSP preconditioned resid norm 1.530134863168e-15 true resid norm 3.300024665094e-15 ||r(i)||/||b|| 1.539794235552e-12
  1757 KSP Residual norm 1.503323318665e-15
  1757 KSP preconditioned resid norm 1.503323318665e-15 true resid norm 3.302286023296e-15 ||r(i)||/||b|| 1.540849387158e-12
  1758 KSP Residual norm 1.476550905709e-15
  1758 KSP preconditioned resid norm 1.476550905709e-15 true resid norm 3.294218771573e-15 ||r(i)||/||b|| 1.537085200837e-12
  1759 KSP Residual norm 1.448954884961e-15
  1759 KSP preconditioned resid norm 1.448954884961e-15 true resid norm 3.289433591565e-15 ||r(i)||/||b|| 1.534852431892e-12
  1760 KSP Residual norm 1.421599436449e-15
  1760 KSP preconditioned resid norm 1.421599436449e-15 true resid norm 3.289388478786e-15 ||r(i)||/||b|| 1.534831382232e-12
  1761 KSP Residual norm 1.394341676452e-15
  1761 KSP preconditioned resid norm 1.394341676452e-15 true resid norm 3.280896956030e-15 ||r(i)||/||b|| 1.530869230697e-12
  1762 KSP Residual norm 1.366537971251e-15
  1762 KSP preconditioned resid norm 1.366537971251e-15 true resid norm 3.275887660911e-15 ||r(i)||/||b|| 1.528531889456e-12
  1763 KSP Residual norm 1.339465672663e-15
  1763 KSP preconditioned resid norm 1.339465672663e-15 true resid norm 3.275372653599e-15 ||r(i)||/||b|| 1.528291586618e-12
  1764 KSP Residual norm 1.313405332449e-15
  1764 KSP preconditioned resid norm 1.313405332449e-15 true resid norm 3.260050502714e-15 ||r(i)||/||b|| 1.521142258355e-12
  1765 KSP Residual norm 1.287827855613e-15
  1765 KSP preconditioned resid norm 1.287827855613e-15 true resid norm 3.267296258540e-15 ||r(i)||/||b|| 1.524523134010e-12
  1766 KSP Residual norm 1.263234651341e-15
  1766 KSP preconditioned resid norm 1.263234651341e-15 true resid norm 3.249999689446e-15 ||r(i)||/||b|| 1.516452540579e-12
  1767 KSP Residual norm 1.239029073641e-15
  1767 KSP preconditioned resid norm 1.239029073641e-15 true resid norm 3.261103961971e-15 ||r(i)||/||b|| 1.521633803314e-12
  1768 KSP Residual norm 1.213865800077e-15
  1768 KSP preconditioned resid norm 1.213865800077e-15 true resid norm 3.251581929958e-15 ||r(i)||/||b|| 1.517190815309e-12
  1769 KSP Residual norm 1.187404780361e-15
  1769 KSP preconditioned resid norm 1.187404780361e-15 true resid norm 3.252557418745e-15 ||r(i)||/||b|| 1.517645979183e-12
  1770 KSP Residual norm 1.160790099999e-15
  1770 KSP preconditioned resid norm 1.160790099999e-15 true resid norm 3.237300055216e-15 ||r(i)||/||b|| 1.510526880753e-12
  1771 KSP Residual norm 1.134759314262e-15
  1771 KSP preconditioned resid norm 1.134759314262e-15 true resid norm 3.231914826841e-15 ||r(i)||/||b|| 1.508014128743e-12
  1772 KSP Residual norm 1.109421911095e-15
  1772 KSP preconditioned resid norm 1.109421911095e-15 true resid norm 3.217182252190e-15 ||r(i)||/||b|| 1.501139897238e-12
  1773 KSP Residual norm 1.084887681365e-15
  1773 KSP preconditioned resid norm 1.084887681365e-15 true resid norm 3.220395200565e-15 ||r(i)||/||b|| 1.502639061605e-12
  1774 KSP Residual norm 1.060039134355e-15
  1774 KSP preconditioned resid norm 1.060039134355e-15 true resid norm 3.226617043215e-15 ||r(i)||/||b|| 1.505542178526e-12
  1775 KSP Residual norm 1.035148371517e-15
  1775 KSP preconditioned resid norm 1.035148371517e-15 true resid norm 3.229214942232e-15 ||r(i)||/||b|| 1.506754360354e-12
  1776 KSP Residual norm 1.011395970996e-15
  1776 KSP preconditioned resid norm 1.011395970996e-15 true resid norm 3.234956582791e-15 ||r(i)||/||b|| 1.509433414583e-12
  1777 KSP Residual norm 9.887730723865e-16
  1777 KSP preconditioned resid norm 9.887730723865e-16 true resid norm 3.224344642189e-15 ||r(i)||/||b|| 1.504481874330e-12
  1778 KSP Residual norm 9.665563347179e-16
  1778 KSP preconditioned resid norm 9.665563347179e-16 true resid norm 3.215008842509e-15 ||r(i)||/||b|| 1.500125782485e-12
  1779 KSP Residual norm 9.446089195933e-16
  1779 KSP preconditioned resid norm 9.446089195933e-16 true resid norm 3.206682713226e-15 ||r(i)||/||b|| 1.496240803681e-12
  1780 KSP Residual norm 9.223780143678e-16
  1780 KSP preconditioned resid norm 9.223780143678e-16 true resid norm 3.220064668955e-15 ||r(i)||/||b|| 1.502484835282e-12
  1781 KSP Residual norm 8.992967370605e-16
  1781 KSP preconditioned resid norm 8.992967370605e-16 true resid norm 3.211685379119e-15 ||r(i)||/||b|| 1.498575051721e-12
  1782 KSP Residual norm 8.758963582647e-16
  1782 KSP preconditioned resid norm 8.758963582647e-16 true resid norm 3.207238815536e-15 ||r(i)||/||b|| 1.496500281479e-12
  1783 KSP Residual norm 8.529012296742e-16
  1783 KSP preconditioned resid norm 8.529012296742e-16 true resid norm 3.220480713330e-15 ||r(i)||/||b|| 1.502678961931e-12
  1784 KSP Residual norm 8.310857939257e-16
  1784 KSP preconditioned resid norm 8.310857939257e-16 true resid norm 3.196049240011e-15 ||r(i)||/||b|| 1.491279216293e-12
  1785 KSP Residual norm 8.117660794086e-16
  1785 KSP preconditioned resid norm 8.117660794086e-16 true resid norm 3.194939225026e-15 ||r(i)||/||b|| 1.490761282384e-12
  1786 KSP Residual norm 7.948819515249e-16
  1786 KSP preconditioned resid norm 7.948819515249e-16 true resid norm 3.190844948073e-15 ||r(i)||/||b|| 1.488850889374e-12
  1787 KSP Residual norm 7.790196039171e-16
  1787 KSP preconditioned resid norm 7.790196039171e-16 true resid norm 3.196544420644e-15 ||r(i)||/||b|| 1.491510267985e-12
  1788 KSP Residual norm 7.634878346530e-16
  1788 KSP preconditioned resid norm 7.634878346530e-16 true resid norm 3.198843103468e-15 ||r(i)||/||b|| 1.492582835291e-12
  1789 KSP Residual norm 7.484565054323e-16
  1789 KSP preconditioned resid norm 7.484565054323e-16 true resid norm 3.195070142461e-15 ||r(i)||/||b|| 1.490822368567e-12
  1790 KSP Residual norm 7.344090807098e-16
  1790 KSP preconditioned resid norm 7.344090807098e-16 true resid norm 3.199945402511e-15 ||r(i)||/||b|| 1.493097168935e-12
  1791 KSP Residual norm 7.208357592413e-16
  1791 KSP preconditioned resid norm 7.208357592413e-16 true resid norm 3.177432726859e-15 ||r(i)||/||b|| 1.482592735873e-12
  1792 KSP Residual norm 7.074010281409e-16
  1792 KSP preconditioned resid norm 7.074010281409e-16 true resid norm 3.185376594774e-15 ||r(i)||/||b|| 1.486299351206e-12
  1793 KSP Residual norm 6.946463161581e-16
  1793 KSP preconditioned resid norm 6.946463161581e-16 true resid norm 3.187321897327e-15 ||r(i)||/||b|| 1.487207030985e-12
  1794 KSP Residual norm 6.824374965712e-16
  1794 KSP preconditioned resid norm 6.824374965712e-16 true resid norm 3.178876215217e-15 ||r(i)||/||b|| 1.483266268734e-12
  1795 KSP Residual norm 6.704019249944e-16
  1795 KSP preconditioned resid norm 6.704019249944e-16 true resid norm 3.187212331845e-15 ||r(i)||/||b|| 1.487155907641e-12
  1796 KSP Residual norm 6.581788172277e-16
  1796 KSP preconditioned resid norm 6.581788172277e-16 true resid norm 3.180982551299e-15 ||r(i)||/||b|| 1.484249086890e-12
  1797 KSP Residual norm 6.458277623070e-16
  1797 KSP preconditioned resid norm 6.458277623070e-16 true resid norm 3.194043939883e-15 ||r(i)||/||b|| 1.490343541596e-12
  1798 KSP Residual norm 6.338598595850e-16
  1798 KSP preconditioned resid norm 6.338598595850e-16 true resid norm 3.180322616526e-15 ||r(i)||/||b|| 1.483941160780e-12
  1799 KSP Residual norm 6.224137836066e-16
  1799 KSP preconditioned resid norm 6.224137836066e-16 true resid norm 3.161794436119e-15 ||r(i)||/||b|| 1.475295896492e-12
    Linear solve did not converge due to DIVERGED_BREAKDOWN iterations 1800
KSP Object: 1 MPI process
  type: gmres
    restart=100, using Classical (unmodified) Gram-Schmidt Orthogonalization with no iterative refinement
    happy breakdown tolerance 1e-30
  maximum iterations=2000, initial guess is zero
  tolerances: relative=0., absolute=1e-50, divergence=10000.
  left preconditioning
  using PRECONDITIONED norm type for convergence test
PC Object: 1 MPI process
  type: ilu
    out-of-place factorization
    0 levels of fill
    tolerance for zero pivot 2.22045e-14
    matrix ordering: natural
    factor fill ratio given 1., needed 1.
      Factored matrix follows:
        Mat Object: 1 MPI process
          type: seqaij
          rows=262144, cols=262144
          package used to perform factorization: petsc
          total: nonzeros=1308672, allocated nonzeros=1308672
            not using I-node routines
  linear system matrix = precond matrix:
  Mat Object: 1 MPI process
    type: seqaij
    rows=262144, cols=262144
    total: nonzeros=1308672, allocated nonzeros=1308672
    total number of mallocs used during MatSetValues calls=0
      not using I-node routines
problem manupoly on 512 x 512 point 2D grid:
  error |u-uexact|_inf = 6.250e-02, |u-uexact|_h = 2.540e-02
****************************************************************************************************************************************************************
***                                WIDEN YOUR WINDOW TO 160 CHARACTERS.  Use 'enscript -r -fCourier9' to print this document                                 ***
****************************************************************************************************************************************************************

------------------------------------------------------------------ PETSc Performance Summary: ------------------------------------------------------------------

./fish on a arch-linux-c-opt named localhost.localdomain with 1 process, by luohao on Sat Nov  2 01:15:55 2024
Using Petsc Release Version 3.22.1, Oct 28, 2024 

                         Max       Max/Min     Avg       Total
Time (sec):           7.444e+01     1.000   7.444e+01
Objects:              0.000e+00     0.000   0.000e+00
Flops:                1.596e+11     1.000   1.596e+11  1.596e+11
Flops/sec:            2.144e+09     1.000   2.144e+09  2.144e+09
MPI Msg Count:        0.000e+00     0.000   0.000e+00  0.000e+00
MPI Msg Len (bytes):  0.000e+00     0.000   0.000e+00  0.000e+00
MPI Reductions:       0.000e+00     0.000

Flop counting convention: 1 flop = 1 real number operation of type (multiply/divide/add/subtract)
                            e.g., VecAXPY() for real vectors of length N --> 2N flops
                            and VecAXPY() for complex vectors of length N --> 8N flops

Summary of Stages:   ----- Time ------  ----- Flop ------  --- Messages ---  -- Message Lengths --  -- Reductions --
                        Avg     %Total     Avg     %Total    Count   %Total     Avg         %Total    Count   %Total
 0:      Main Stage: 7.4443e+01 100.0%  1.5959e+11 100.0%  0.000e+00   0.0%  0.000e+00        0.0%  0.000e+00   0.0%

------------------------------------------------------------------------------------------------------------------------
See the 'Profiling' chapter of the users' manual for details on interpreting output.
Phase summary info:
   Count: number of times phase was executed
   Time and Flop: Max - maximum over all processors
                  Ratio - ratio of maximum to minimum over all processors
   Mess: number of messages sent
   AvgLen: average message length (bytes)
   Reduct: number of global reductions
   Global: entire computation
   Stage: stages of a computation. Set stages with PetscLogStagePush() and PetscLogStagePop().
      %T - percent time in this phase         %F - percent flop in this phase
      %M - percent messages in this phase     %L - percent message lengths in this phase
      %R - percent reductions in this phase
   Total Mflop/s: 10e-6 * (sum of flop over all processors)/(max time over all processors)
------------------------------------------------------------------------------------------------------------------------
Event                Count      Time (sec)     Flop                              --- Global ---  --- Stage ----  Total
                   Max Ratio  Max     Ratio   Max  Ratio  Mess   AvgLen  Reduct  %T %F %M %L %R  %T %F %M %L %R Mflop/s
------------------------------------------------------------------------------------------------------------------------

--- Event Stage 0: Main Stage

BuildTwoSided          2 1.0 2.1547e-05 1.0 0.00e+00 0.0 0.0e+00 0.0e+00 0.0e+00  0  0  0  0  0   0  0  0  0  0     0
DMCreateMat            1 1.0 5.3461e-02 1.0 0.00e+00 0.0 0.0e+00 0.0e+00 0.0e+00  0  0  0  0  0   0  0  0  0  0     0
SFSetGraph             2 1.0 9.0250e-03 1.0 0.00e+00 0.0 0.0e+00 0.0e+00 0.0e+00  0  0  0  0  0   0  0  0  0  0     0
SFSetUp                2 1.0 8.2495e-03 1.0 0.00e+00 0.0 0.0e+00 0.0e+00 0.0e+00  0  0  0  0  0   0  0  0  0  0     0
SFPack                 3 1.0 5.6500e-07 1.0 0.00e+00 0.0 0.0e+00 0.0e+00 0.0e+00  0  0  0  0  0   0  0  0  0  0     0
SFUnpack               3 1.0 4.8900e-07 1.0 0.00e+00 0.0 0.0e+00 0.0e+00 0.0e+00  0  0  0  0  0   0  0  0  0  0     0
VecMDot             1800 1.0 1.8290e+01 1.0 4.77e+10 1.0 0.0e+00 0.0e+00 0.0e+00 25 30  0  0  0  25 30  0  0  0  2606
VecNorm             3622 1.0 3.2064e-01 1.0 1.90e+09 1.0 0.0e+00 0.0e+00 0.0e+00  0  1  0  0  0   0  1  0  0  0  5921
VecScale            1819 1.0 1.4985e-01 1.0 4.77e+08 1.0 0.0e+00 0.0e+00 0.0e+00  0  0  0  0  0   0  0  0  0  0  3182
VecCopy             1819 1.0 8.0724e-01 1.0 0.00e+00 0.0 0.0e+00 0.0e+00 0.0e+00  1  0  0  0  0   1  0  0  0  0     0
VecSet              1801 1.0 3.6723e-01 1.0 0.00e+00 0.0 0.0e+00 0.0e+00 0.0e+00  0  0  0  0  0   0  0  0  0  0     0
VecAXPY             1819 1.0 4.3437e-01 1.0 9.54e+08 1.0 0.0e+00 0.0e+00 0.0e+00  1  1  0  0  0   1  1  0  0  0  2196
VecAYPX             1800 1.0 6.3403e-01 1.0 4.72e+08 1.0 0.0e+00 0.0e+00 0.0e+00  1  0  0  0  0   1  0  0  0  0   744
VecMAXPY            3600 1.0 3.7187e+01 1.0 9.53e+10 1.0 0.0e+00 0.0e+00 0.0e+00 50 60  0  0  0  50 60  0  0  0  2563
VecScatterBegin        3 1.0 1.4681e-03 1.0 0.00e+00 0.0 0.0e+00 0.0e+00 0.0e+00  0  0  0  0  0   0  0  0  0  0     0
VecScatterEnd          3 1.0 1.3586e-05 1.0 0.00e+00 0.0 0.0e+00 0.0e+00 0.0e+00  0  0  0  0  0   0  0  0  0  0     0
VecNormalize        1819 1.0 3.2016e-01 1.0 1.43e+09 1.0 0.0e+00 0.0e+00 0.0e+00  0  1  0  0  0   0  1  0  0  0  4468
MatMult             3618 1.0 7.1535e+00 1.0 8.52e+09 1.0 0.0e+00 0.0e+00 0.0e+00 10  5  0  0  0  10  5  0  0  0  1191
MatSolve            1819 1.0 4.9341e+00 1.0 4.28e+09 1.0 0.0e+00 0.0e+00 0.0e+00  7  3  0  0  0   7  3  0  0  0   868
MatLUFactorNum         1 1.0 1.0566e-02 1.0 2.86e+06 1.0 0.0e+00 0.0e+00 0.0e+00  0  0  0  0  0   0  0  0  0  0   271
MatILUFactorSym        1 1.0 9.7026e-03 1.0 0.00e+00 0.0 0.0e+00 0.0e+00 0.0e+00  0  0  0  0  0   0  0  0  0  0     0
MatAssemblyBegin       2 1.0 4.2400e-07 1.0 0.00e+00 0.0 0.0e+00 0.0e+00 0.0e+00  0  0  0  0  0   0  0  0  0  0     0
MatAssemblyEnd         2 1.0 4.4377e-03 1.0 0.00e+00 0.0 0.0e+00 0.0e+00 0.0e+00  0  0  0  0  0   0  0  0  0  0     0
MatGetRowIJ            1 1.0 1.3500e-07 1.0 0.00e+00 0.0 0.0e+00 0.0e+00 0.0e+00  0  0  0  0  0   0  0  0  0  0     0
MatGetOrdering         1 1.0 1.5040e-03 1.0 0.00e+00 0.0 0.0e+00 0.0e+00 0.0e+00  0  0  0  0  0   0  0  0  0  0     0
MatView                2 1.0 9.6733e-05 1.0 0.00e+00 0.0 0.0e+00 0.0e+00 0.0e+00  0  0  0  0  0   0  0  0  0  0     0
KSPSetUp               1 1.0 3.0538e-03 1.0 0.00e+00 0.0 0.0e+00 0.0e+00 0.0e+00  0  0  0  0  0   0  0  0  0  0     0
KSPSolve               1 1.0 7.4287e+01 1.0 1.60e+11 1.0 0.0e+00 0.0e+00 0.0e+00 100 100  0  0  0 100 100  0  0  0  2148
KSPGMRESOrthog      1800 1.0 3.6905e+01 1.0 9.53e+10 1.0 0.0e+00 0.0e+00 0.0e+00 50 60  0  0  0  50 60  0  0  0  2583
SNESSolve              1 1.0 7.4345e+01 1.0 1.60e+11 1.0 0.0e+00 0.0e+00 0.0e+00 100 100  0  0  0 100 100  0  0  0  2147
SNESSetUp              1 1.0 5.4456e-02 1.0 0.00e+00 0.0 0.0e+00 0.0e+00 0.0e+00  0  0  0  0  0   0  0  0  0  0     0
SNESFunctionEval       1 1.0 2.9679e-03 1.0 2.88e+06 1.0 0.0e+00 0.0e+00 0.0e+00  0  0  0  0  0   0  0  0  0  0   972
SNESJacobianEval       1 1.0 2.9840e-02 1.0 0.00e+00 0.0 0.0e+00 0.0e+00 0.0e+00  0  0  0  0  0   0  0  0  0  0     0
PCSetUp                1 1.0 2.1869e-02 1.0 2.86e+06 1.0 0.0e+00 0.0e+00 0.0e+00  0  0  0  0  0   0  0  0  0  0   131
PCApply             1819 1.0 4.9373e+00 1.0 4.28e+09 1.0 0.0e+00 0.0e+00 0.0e+00  7  3  0  0  0   7  3  0  0  0   868
------------------------------------------------------------------------------------------------------------------------

Object Type          Creations   Destructions. Reports information only for process 0.

--- Event Stage 0: Main Stage

           Container     3              3
    Distributed Mesh     2              2
           Index Set     9              9
   IS L to G Mapping     2              2
   Star Forest Graph     6              6
     Discrete System     2              2
           Weak Form     2              2
              Vector  3718           3718
                SNES     1              1
              DMSNES     1              1
       Krylov Solver     1              1
     DMKSP interface     1              1
              Matrix     3              3
      Preconditioner     1              1
              Viewer     1              1
========================================================================================================================
Average time to get PetscTime(): 2.73e-08
#PETSc Option Table entries:
-da_grid_x 512 # (source: command line)
-da_grid_y 512 # (source: command line)
-fsh_cx 1 # (source: command line)
-fsh_cy 1 # (source: command line)
-fsh_dim 2 # (source: command line)
-fsh_problem manupoly # (source: command line)
-ksp_converged_reason # (source: command line)
-ksp_gmres_restart 100 # (source: command line)
-ksp_max_it 2000 # (source: command line)
-ksp_monitor # (source: command line)
-ksp_monitor_true_residual # (source: command line)
-ksp_rtol 0 # (source: command line)
-ksp_type gmres # (source: command line)
-ksp_view # (source: command line)
-log_view # (source: command line)
-mat_type aij # (source: command line)
-pc_type ilu # (source: command line)
#End of PETSc Option Table entries
Compiled without FORTRAN kernels
Compiled with full precision matrices (default)
sizeof(short) 2 sizeof(int) 4 sizeof(long) 8 sizeof(void*) 8 sizeof(PetscScalar) 8 sizeof(PetscInt) 4
Configure options: --with-debugging=no
-----------------------------------------
Libraries compiled on 2024-11-01 07:27:25 on localhost.localdomain 
Machine characteristics: Linux-3.10.0-1160.95.1.el7.x86_64-x86_64-with-centos-7.9.2009-Core
Using PETSc directory: /share/userfile/luohao/petsc-3.22.1
Using PETSc arch: arch-linux-c-opt
-----------------------------------------

Using C compiler: mpicc  -fPIC -Wall -Wwrite-strings -Wno-unknown-pragmas -Wno-lto-type-mismatch -Wno-stringop-overflow -fstack-protector -fvisibility=hidden -Wall -Wwrite-strings -Wno-unknown-pragmas -Wno-lto-type-mismatch -Wno-stringop-overflow -fstack-protector -fvisibility=hidden -g -O  
Using Fortran compiler: mpif90  -fPIC -Wall -ffree-line-length-none -ffree-line-length-0 -Wno-lto-type-mismatch -Wno-unused-dummy-argument -Wall -ffree-line-length-none -ffree-line-length-0 -Wno-lto-type-mismatch -Wno-unused-dummy-argument -g -O    
-----------------------------------------

Using include paths: -I/share/userfile/luohao/petsc-3.22.1/include -I/share/userfile/luohao/petsc-3.22.1/arch-linux-c-opt/include
-----------------------------------------

Using C linker: mpicc
Using Fortran linker: mpif90
Using libraries: -Wl,-rpath,/share/userfile/luohao/petsc-3.22.1/arch-linux-c-opt/lib -L/share/userfile/luohao/petsc-3.22.1/arch-linux-c-opt/lib -lpetsc -Wl,-rpath,/share/software/intel/mkl/lib/intel64 -L/share/software/intel/mkl/lib/intel64 -Wl,-rpath,/share/software/mpich-4.0.3/lib -L/share/software/mpich-4.0.3/lib -Wl,-rpath,/share/software/gcc-13.2.0/lib64 -L/share/software/gcc-13.2.0/lib64 -Wl,-rpath,/home/luohao/.local/lib64 -L/home/luohao/.local/lib64 -Wl,-rpath,/share/software/gcc-13.2.0/lib/gcc/x86_64-pc-linux-gnu/13.2.0 -L/share/software/gcc-13.2.0/lib/gcc/x86_64-pc-linux-gnu/13.2.0 -Wl,-rpath,/share/software/gcc-13.2.0/lib -L/share/software/gcc-13.2.0/lib -Wl,-rpath,/share/software/gdb/gdb-11.1/lib -L/share/software/gdb/gdb-11.1/lib -Wl,-rpath,/share/software/binutils/binutils-2.37/lib -L/share/software/binutils/binutils-2.37/lib -Wl,-rpath,/home/luohao/.local/lib -L/home/luohao/.local/lib -Wl,-rpath,/share/userfile/luohao/petsc-3.22.1 -L/share/userfile/luohao/petsc-3.22.1 -lmkl_intel_lp64 -lmkl_core -lmkl_sequential -lpthread -lm -lX11 -ldl -lmpifort -lmpi -lgfortran -lm -lgfortran -lm -lgcc_s -lquadmath -lstdc++ -lquadmath -ldl
-----------------------------------------

