    0 KSP Residual norm 5.357898784300e-04
    0 KSP preconditioned resid norm 5.357898784300e-04 true resid norm 2.143159513720e-03 ||r(i)||/||b|| 1.000000000000e+00
    1 KSP Residual norm 5.347670139256e-04
    1 KSP preconditioned resid norm 5.347670139256e-04 true resid norm 2.139068055702e-03 ||r(i)||/||b|| 9.980909223083e-01
    2 KSP Residual norm 5.340771977863e-04
    2 KSP preconditioned resid norm 5.340771977863e-04 true resid norm 2.136308791145e-03 ||r(i)||/||b|| 9.968034471858e-01
    3 KSP Residual norm 5.335190500985e-04
    3 KSP preconditioned resid norm 5.335190500985e-04 true resid norm 2.134076200394e-03 ||r(i)||/||b|| 9.957617184966e-01
    4 KSP Residual norm 5.330367703361e-04
    4 KSP preconditioned resid norm 5.330367703361e-04 true resid norm 2.132147081344e-03 ||r(i)||/||b|| 9.948615899540e-01
    5 KSP Residual norm 5.326054233961e-04
    5 KSP preconditioned resid norm 5.326054233961e-04 true resid norm 2.130421693584e-03 ||r(i)||/||b|| 9.940565225994e-01
    6 KSP Residual norm 5.322113127880e-04
    6 KSP preconditioned resid norm 5.322113127880e-04 true resid norm 2.128845251152e-03 ||r(i)||/||b|| 9.933209532579e-01
    7 KSP Residual norm 5.318459596763e-04
    7 KSP preconditioned resid norm 5.318459596763e-04 true resid norm 2.127383838705e-03 ||r(i)||/||b|| 9.926390570027e-01
    8 KSP Residual norm 5.315036842197e-04
    8 KSP preconditioned resid norm 5.315036842197e-04 true resid norm 2.126014736879e-03 ||r(i)||/||b|| 9.920002329592e-01
    9 KSP Residual norm 5.311804614049e-04
    9 KSP preconditioned resid norm 5.311804614049e-04 true resid norm 2.124721845620e-03 ||r(i)||/||b|| 9.913969688294e-01
   10 KSP Residual norm 5.308733158739e-04
   10 KSP preconditioned resid norm 5.308733158739e-04 true resid norm 2.123493263496e-03 ||r(i)||/||b|| 9.908237113951e-01
   11 KSP Residual norm 5.305799745921e-04
   11 KSP preconditioned resid norm 5.305799745921e-04 true resid norm 2.122319898369e-03 ||r(i)||/||b|| 9.902762182573e-01
   12 KSP Residual norm 5.302986546181e-04
   12 KSP preconditioned resid norm 5.302986546181e-04 true resid norm 2.121194618472e-03 ||r(i)||/||b|| 9.897511617279e-01
   13 KSP Residual norm 5.300279268213e-04
   13 KSP preconditioned resid norm 5.300279268213e-04 true resid norm 2.120111707285e-03 ||r(i)||/||b|| 9.892458744732e-01
   14 KSP Residual norm 5.297666247622e-04
   14 KSP preconditioned resid norm 5.297666247622e-04 true resid norm 2.119066499049e-03 ||r(i)||/||b|| 9.887581794464e-01
   15 KSP Residual norm 5.295137816884e-04
   15 KSP preconditioned resid norm 5.295137816884e-04 true resid norm 2.118055126754e-03 ||r(i)||/||b|| 9.882862722978e-01
   16 KSP Residual norm 5.292685857211e-04
   16 KSP preconditioned resid norm 5.292685857211e-04 true resid norm 2.117074342884e-03 ||r(i)||/||b|| 9.878286377339e-01
   17 KSP Residual norm 5.290303471969e-04
   17 KSP preconditioned resid norm 5.290303471969e-04 true resid norm 2.116121388788e-03 ||r(i)||/||b|| 9.873839885650e-01
   18 KSP Residual norm 5.287984743642e-04
   18 KSP preconditioned resid norm 5.287984743642e-04 true resid norm 2.115193897457e-03 ||r(i)||/||b|| 9.869512203435e-01
   19 KSP Residual norm 5.285724549601e-04
   19 KSP preconditioned resid norm 5.285724549601e-04 true resid norm 2.114289819840e-03 ||r(i)||/||b|| 9.865293769808e-01
   20 KSP Residual norm 5.283518420194e-04
   20 KSP preconditioned resid norm 5.283518420194e-04 true resid norm 2.113407368077e-03 ||r(i)||/||b|| 9.861176242590e-01
   21 KSP Residual norm 5.281362427823e-04
   21 KSP preconditioned resid norm 5.281362427823e-04 true resid norm 2.112544971129e-03 ||r(i)||/||b|| 9.857152291303e-01
   22 KSP Residual norm 5.279253099143e-04
   22 KSP preconditioned resid norm 5.279253099143e-04 true resid norm 2.111701239657e-03 ||r(i)||/||b|| 9.853215433283e-01
   23 KSP Residual norm 5.277187344736e-04
   23 KSP preconditioned resid norm 5.277187344736e-04 true resid norm 2.110874937894e-03 ||r(i)||/||b|| 9.849359902430e-01
   24 KSP Residual norm 5.275162402193e-04
   24 KSP preconditioned resid norm 5.275162402193e-04 true resid norm 2.110064960877e-03 ||r(i)||/||b|| 9.845580542974e-01
   25 KSP Residual norm 5.273175789609e-04
   25 KSP preconditioned resid norm 5.273175789609e-04 true resid norm 2.109270315844e-03 ||r(i)||/||b|| 9.841872722682e-01
   26 KSP Residual norm 5.271225267250e-04
   26 KSP preconditioned resid norm 5.271225267250e-04 true resid norm 2.108490106900e-03 ||r(i)||/||b|| 9.838232261305e-01
   27 KSP Residual norm 5.269308805704e-04
   27 KSP preconditioned resid norm 5.269308805704e-04 true resid norm 2.107723522281e-03 ||r(i)||/||b|| 9.834655371140e-01
   28 KSP Residual norm 5.267424559219e-04
   28 KSP preconditioned resid norm 5.267424559219e-04 true resid norm 2.106969823688e-03 ||r(i)||/||b|| 9.831138607273e-01
   29 KSP Residual norm 5.265570843243e-04
   29 KSP preconditioned resid norm 5.265570843243e-04 true resid norm 2.106228337297e-03 ||r(i)||/||b|| 9.827678825648e-01
   30 KSP Residual norm 5.263746115370e-04
   30 KSP preconditioned resid norm 5.263746115370e-04 true resid norm 2.105498446148e-03 ||r(i)||/||b|| 9.824273147516e-01
   31 KSP Residual norm 5.261948959093e-04
   31 KSP preconditioned resid norm 5.261948959093e-04 true resid norm 2.104779583637e-03 ||r(i)||/||b|| 9.820918929100e-01
   32 KSP Residual norm 5.260178069863e-04
   32 KSP preconditioned resid norm 5.260178069863e-04 true resid norm 2.104071227945e-03 ||r(i)||/||b|| 9.817613735588e-01
   33 KSP Residual norm 5.258432243079e-04
   33 KSP preconditioned resid norm 5.258432243079e-04 true resid norm 2.103372897232e-03 ||r(i)||/||b|| 9.814355318708e-01
   34 KSP Residual norm 5.256710363682e-04
   34 KSP preconditioned resid norm 5.256710363682e-04 true resid norm 2.102684145473e-03 ||r(i)||/||b|| 9.811141597311e-01
   35 KSP Residual norm 5.255011397102e-04
   35 KSP preconditioned resid norm 5.255011397102e-04 true resid norm 2.102004558841e-03 ||r(i)||/||b|| 9.807970640469e-01
   36 KSP Residual norm 5.253334381348e-04
   36 KSP preconditioned resid norm 5.253334381348e-04 true resid norm 2.101333752539e-03 ||r(i)||/||b|| 9.804840652723e-01
   37 KSP Residual norm 5.251678420074e-04
   37 KSP preconditioned resid norm 5.251678420074e-04 true resid norm 2.100671368030e-03 ||r(i)||/||b|| 9.801749961129e-01
   38 KSP Residual norm 5.250042676471e-04
   38 KSP preconditioned resid norm 5.250042676471e-04 true resid norm 2.100017070589e-03 ||r(i)||/||b|| 9.798697003862e-01
   39 KSP Residual norm 5.248426367872e-04
   39 KSP preconditioned resid norm 5.248426367872e-04 true resid norm 2.099370547149e-03 ||r(i)||/||b|| 9.795680320151e-01
   40 KSP Residual norm 5.246828760969e-04
   40 KSP preconditioned resid norm 5.246828760969e-04 true resid norm 2.098731504388e-03 ||r(i)||/||b|| 9.792698541346e-01
   41 KSP Residual norm 5.245249167560e-04
   41 KSP preconditioned resid norm 5.245249167560e-04 true resid norm 2.098099667024e-03 ||r(i)||/||b|| 9.789750382986e-01
   42 KSP Residual norm 5.243686940758e-04
   42 KSP preconditioned resid norm 5.243686940758e-04 true resid norm 2.097474776303e-03 ||r(i)||/||b|| 9.786834637720e-01
   43 KSP Residual norm 5.242141471599e-04
   43 KSP preconditioned resid norm 5.242141471599e-04 true resid norm 2.096856588639e-03 ||r(i)||/||b|| 9.783950168973e-01
   44 KSP Residual norm 5.240612185996e-04
   44 KSP preconditioned resid norm 5.240612185996e-04 true resid norm 2.096244874399e-03 ||r(i)||/||b|| 9.781095905270e-01
   45 KSP Residual norm 5.239098542010e-04
   45 KSP preconditioned resid norm 5.239098542010e-04 true resid norm 2.095639416804e-03 ||r(i)||/||b|| 9.778270835131e-01
   46 KSP Residual norm 5.237600027377e-04
   46 KSP preconditioned resid norm 5.237600027377e-04 true resid norm 2.095040010951e-03 ||r(i)||/||b|| 9.775474002466e-01
   47 KSP Residual norm 5.236116157285e-04
   47 KSP preconditioned resid norm 5.236116157285e-04 true resid norm 2.094446462914e-03 ||r(i)||/||b|| 9.772704502423e-01
   48 KSP Residual norm 5.234646472357e-04
   48 KSP preconditioned resid norm 5.234646472357e-04 true resid norm 2.093858588943e-03 ||r(i)||/||b|| 9.769961477616e-01
   49 KSP Residual norm 5.233190536819e-04
   49 KSP preconditioned resid norm 5.233190536819e-04 true resid norm 2.093276214728e-03 ||r(i)||/||b|| 9.767244114715e-01
   50 KSP Residual norm 5.231747936834e-04
   50 KSP preconditioned resid norm 5.231747936834e-04 true resid norm 2.092699174734e-03 ||r(i)||/||b|| 9.764551641335e-01
   51 KSP Residual norm 5.230318278990e-04
   51 KSP preconditioned resid norm 5.230318278990e-04 true resid norm 2.092127311596e-03 ||r(i)||/||b|| 9.761883323209e-01
   52 KSP Residual norm 5.228901188910e-04
   52 KSP preconditioned resid norm 5.228901188910e-04 true resid norm 2.091560475564e-03 ||r(i)||/||b|| 9.759238461601e-01
   53 KSP Residual norm 5.227496309992e-04
   53 KSP preconditioned resid norm 5.227496309992e-04 true resid norm 2.090998523997e-03 ||r(i)||/||b|| 9.756616390946e-01
   54 KSP Residual norm 5.226103302246e-04
   54 KSP preconditioned resid norm 5.226103302246e-04 true resid norm 2.090441320898e-03 ||r(i)||/||b|| 9.754016476683e-01
   55 KSP Residual norm 5.224721841228e-04
   55 KSP preconditioned resid norm 5.224721841228e-04 true resid norm 2.089888736491e-03 ||r(i)||/||b|| 9.751438113273e-01
   56 KSP Residual norm 5.223351617065e-04
   56 KSP preconditioned resid norm 5.223351617065e-04 true resid norm 2.089340646826e-03 ||r(i)||/||b|| 9.748880722367e-01
   57 KSP Residual norm 5.221992333556e-04
   57 KSP preconditioned resid norm 5.221992333556e-04 true resid norm 2.088796933423e-03 ||r(i)||/||b|| 9.746343751134e-01
   58 KSP Residual norm 5.220643707338e-04
   58 KSP preconditioned resid norm 5.220643707338e-04 true resid norm 2.088257482935e-03 ||r(i)||/||b|| 9.743826670701e-01
   59 KSP Residual norm 5.219305467120e-04
   59 KSP preconditioned resid norm 5.219305467120e-04 true resid norm 2.087722186848e-03 ||r(i)||/||b|| 9.741328974735e-01
   60 KSP Residual norm 5.217977352977e-04
   60 KSP preconditioned resid norm 5.217977352977e-04 true resid norm 2.087190941191e-03 ||r(i)||/||b|| 9.738850178110e-01
   61 KSP Residual norm 5.216659115694e-04
   61 KSP preconditioned resid norm 5.216659115694e-04 true resid norm 2.086663646278e-03 ||r(i)||/||b|| 9.736389815688e-01
   62 KSP Residual norm 5.215350516157e-04
   62 KSP preconditioned resid norm 5.215350516157e-04 true resid norm 2.086140206463e-03 ||r(i)||/||b|| 9.733947441186e-01
   63 KSP Residual norm 5.214051324785e-04
   63 KSP preconditioned resid norm 5.214051324785e-04 true resid norm 2.085620529914e-03 ||r(i)||/||b|| 9.731522626117e-01
   64 KSP Residual norm 5.212761321014e-04
   64 KSP preconditioned resid norm 5.212761321014e-04 true resid norm 2.085104528406e-03 ||r(i)||/||b|| 9.729114958814e-01
   65 KSP Residual norm 5.211480292801e-04
   65 KSP preconditioned resid norm 5.211480292801e-04 true resid norm 2.084592117120e-03 ||r(i)||/||b|| 9.726724043523e-01
   66 KSP Residual norm 5.210208036173e-04
   66 KSP preconditioned resid norm 5.210208036173e-04 true resid norm 2.084083214469e-03 ||r(i)||/||b|| 9.724349499548e-01
   67 KSP Residual norm 5.208944354805e-04
   67 KSP preconditioned resid norm 5.208944354805e-04 true resid norm 2.083577741922e-03 ||r(i)||/||b|| 9.721990960465e-01
   68 KSP Residual norm 5.207689059619e-04
   68 KSP preconditioned resid norm 5.207689059619e-04 true resid norm 2.083075623848e-03 ||r(i)||/||b|| 9.719648073381e-01
   69 KSP Residual norm 5.206441968421e-04
   69 KSP preconditioned resid norm 5.206441968421e-04 true resid norm 2.082576787368e-03 ||r(i)||/||b|| 9.717320498248e-01
   70 KSP Residual norm 5.205202905550e-04
   70 KSP preconditioned resid norm 5.205202905550e-04 true resid norm 2.082081162220e-03 ||r(i)||/||b|| 9.715007907210e-01
   71 KSP Residual norm 5.203971701558e-04
   71 KSP preconditioned resid norm 5.203971701558e-04 true resid norm 2.081588680623e-03 ||r(i)||/||b|| 9.712709984009e-01
   72 KSP Residual norm 5.202748192902e-04
   72 KSP preconditioned resid norm 5.202748192902e-04 true resid norm 2.081099277161e-03 ||r(i)||/||b|| 9.710426423410e-01
   73 KSP Residual norm 5.201532221665e-04
   73 KSP preconditioned resid norm 5.201532221665e-04 true resid norm 2.080612888666e-03 ||r(i)||/||b|| 9.708156930674e-01
   74 KSP Residual norm 5.200323635285e-04
   74 KSP preconditioned resid norm 5.200323635285e-04 true resid norm 2.080129454114e-03 ||r(i)||/||b|| 9.705901221060e-01
   75 KSP Residual norm 5.199122286304e-04
   75 KSP preconditioned resid norm 5.199122286304e-04 true resid norm 2.079648914522e-03 ||r(i)||/||b|| 9.703659019352e-01
   76 KSP Residual norm 5.197928032135e-04
   76 KSP preconditioned resid norm 5.197928032135e-04 true resid norm 2.079171212854e-03 ||r(i)||/||b|| 9.701430059424e-01
   77 KSP Residual norm 5.196740734836e-04
   77 KSP preconditioned resid norm 5.196740734836e-04 true resid norm 2.078696293934e-03 ||r(i)||/||b|| 9.699214083820e-01
   78 KSP Residual norm 5.195560260902e-04
   78 KSP preconditioned resid norm 5.195560260902e-04 true resid norm 2.078224104361e-03 ||r(i)||/||b|| 9.697010843367e-01
   79 KSP Residual norm 5.194386481068e-04
   79 KSP preconditioned resid norm 5.194386481068e-04 true resid norm 2.077754592427e-03 ||r(i)||/||b|| 9.694820096805e-01
   80 KSP Residual norm 5.193219270122e-04
   80 KSP preconditioned resid norm 5.193219270122e-04 true resid norm 2.077287708049e-03 ||r(i)||/||b|| 9.692641610439e-01
   81 KSP Residual norm 5.192058506731e-04
   81 KSP preconditioned resid norm 5.192058506731e-04 true resid norm 2.076823402692e-03 ||r(i)||/||b|| 9.690475157809e-01
   82 KSP Residual norm 5.190904073271e-04
   82 KSP preconditioned resid norm 5.190904073271e-04 true resid norm 2.076361629308e-03 ||r(i)||/||b|| 9.688320519384e-01
   83 KSP Residual norm 5.189755855675e-04
   83 KSP preconditioned resid norm 5.189755855675e-04 true resid norm 2.075902342270e-03 ||r(i)||/||b|| 9.686177482267e-01
   84 KSP Residual norm 5.188613743278e-04
   84 KSP preconditioned resid norm 5.188613743278e-04 true resid norm 2.075445497311e-03 ||r(i)||/||b|| 9.684045839915e-01
   85 KSP Residual norm 5.187477628684e-04
   85 KSP preconditioned resid norm 5.187477628684e-04 true resid norm 2.074991051474e-03 ||r(i)||/||b|| 9.681925391881e-01
   86 KSP Residual norm 5.186347407624e-04
   86 KSP preconditioned resid norm 5.186347407624e-04 true resid norm 2.074538963050e-03 ||r(i)||/||b|| 9.679815943560e-01
   87 KSP Residual norm 5.185222978838e-04
   87 KSP preconditioned resid norm 5.185222978838e-04 true resid norm 2.074089191535e-03 ||r(i)||/||b|| 9.677717305957e-01
   88 KSP Residual norm 5.184104243948e-04
   88 KSP preconditioned resid norm 5.184104243948e-04 true resid norm 2.073641697579e-03 ||r(i)||/||b|| 9.675629295460e-01
   89 KSP Residual norm 5.182991107348e-04
   89 KSP preconditioned resid norm 5.182991107348e-04 true resid norm 2.073196442939e-03 ||r(i)||/||b|| 9.673551733630e-01
   90 KSP Residual norm 5.181883476095e-04
   90 KSP preconditioned resid norm 5.181883476095e-04 true resid norm 2.072753390438e-03 ||r(i)||/||b|| 9.671484446999e-01
   91 KSP Residual norm 5.180781259806e-04
   91 KSP preconditioned resid norm 5.180781259806e-04 true resid norm 2.072312503922e-03 ||r(i)||/||b|| 9.669427266875e-01
   92 KSP Residual norm 5.179684370562e-04
   92 KSP preconditioned resid norm 5.179684370562e-04 true resid norm 2.071873748225e-03 ||r(i)||/||b|| 9.667380029163e-01
   93 KSP Residual norm 5.178592722810e-04
   93 KSP preconditioned resid norm 5.178592722810e-04 true resid norm 2.071437089124e-03 ||r(i)||/||b|| 9.665342574192e-01
   94 KSP Residual norm 5.177506233282e-04
   94 KSP preconditioned resid norm 5.177506233282e-04 true resid norm 2.071002493313e-03 ||r(i)||/||b|| 9.663314746545e-01
   95 KSP Residual norm 5.176424820903e-04
   95 KSP preconditioned resid norm 5.176424820903e-04 true resid norm 2.070569928361e-03 ||r(i)||/||b|| 9.661296394907e-01
   96 KSP Residual norm 5.175348406716e-04
   96 KSP preconditioned resid norm 5.175348406716e-04 true resid norm 2.070139362687e-03 ||r(i)||/||b|| 9.659287371911e-01
   97 KSP Residual norm 5.174276913804e-04
   97 KSP preconditioned resid norm 5.174276913804e-04 true resid norm 2.069710765522e-03 ||r(i)||/||b|| 9.657287533999e-01
   98 KSP Residual norm 5.173210267216e-04
   98 KSP preconditioned resid norm 5.173210267216e-04 true resid norm 2.069284106886e-03 ||r(i)||/||b|| 9.655296741280e-01
   99 KSP Residual norm 5.172148393897e-04
   99 KSP preconditioned resid norm 5.172148393897e-04 true resid norm 2.068859357559e-03 ||r(i)||/||b|| 9.653314857408e-01
  100 KSP Residual norm 5.171091222623e-04
  100 KSP preconditioned resid norm 5.171091222623e-04 true resid norm 2.068436489049e-03 ||r(i)||/||b|| 9.651341749448e-01
  101 KSP Residual norm 5.170038683937e-04
  101 KSP preconditioned resid norm 5.170038683937e-04 true resid norm 2.068015473575e-03 ||r(i)||/||b|| 9.649377287765e-01
  102 KSP Residual norm 5.168990710087e-04
  102 KSP preconditioned resid norm 5.168990710087e-04 true resid norm 2.067596284035e-03 ||r(i)||/||b|| 9.647421345908e-01
  103 KSP Residual norm 5.167947234969e-04
  103 KSP preconditioned resid norm 5.167947234969e-04 true resid norm 2.067178893987e-03 ||r(i)||/||b|| 9.645473800499e-01
  104 KSP Residual norm 5.166908194071e-04
  104 KSP preconditioned resid norm 5.166908194071e-04 true resid norm 2.066763277628e-03 ||r(i)||/||b|| 9.643534531133e-01
  105 KSP Residual norm 5.165873524420e-04
  105 KSP preconditioned resid norm 5.165873524420e-04 true resid norm 2.066349409768e-03 ||r(i)||/||b|| 9.641603420277e-01
  106 KSP Residual norm 5.164843164531e-04
  106 KSP preconditioned resid norm 5.164843164531e-04 true resid norm 2.065937265813e-03 ||r(i)||/||b|| 9.639680353175e-01
  107 KSP Residual norm 5.163817054358e-04
  107 KSP preconditioned resid norm 5.163817054358e-04 true resid norm 2.065526821743e-03 ||r(i)||/||b|| 9.637765217756e-01
  108 KSP Residual norm 5.162795135246e-04
  108 KSP preconditioned resid norm 5.162795135246e-04 true resid norm 2.065118054098e-03 ||r(i)||/||b|| 9.635857904548e-01
  109 KSP Residual norm 5.161777349889e-04
  109 KSP preconditioned resid norm 5.161777349889e-04 true resid norm 2.064710939956e-03 ||r(i)||/||b|| 9.633958306594e-01
  110 KSP Residual norm 5.160763642286e-04
  110 KSP preconditioned resid norm 5.160763642286e-04 true resid norm 2.064305456914e-03 ||r(i)||/||b|| 9.632066319372e-01
  111 KSP Residual norm 5.159753957697e-04
  111 KSP preconditioned resid norm 5.159753957697e-04 true resid norm 2.063901583079e-03 ||r(i)||/||b|| 9.630181840718e-01
  112 KSP Residual norm 5.158748242607e-04
  112 KSP preconditioned resid norm 5.158748242607e-04 true resid norm 2.063499297043e-03 ||r(i)||/||b|| 9.628304770751e-01
  113 KSP Residual norm 5.157746444687e-04
  113 KSP preconditioned resid norm 5.157746444687e-04 true resid norm 2.063098577875e-03 ||r(i)||/||b|| 9.626435011802e-01
  114 KSP Residual norm 5.156748512758e-04
  114 KSP preconditioned resid norm 5.156748512758e-04 true resid norm 2.062699405103e-03 ||r(i)||/||b|| 9.624572468350e-01
  115 KSP Residual norm 5.155754396751e-04
  115 KSP preconditioned resid norm 5.155754396751e-04 true resid norm 2.062301758700e-03 ||r(i)||/||b|| 9.622717046950e-01
  116 KSP Residual norm 5.154764047683e-04
  116 KSP preconditioned resid norm 5.154764047683e-04 true resid norm 2.061905619073e-03 ||r(i)||/||b|| 9.620868656175e-01
  117 KSP Residual norm 5.153777417614e-04
  117 KSP preconditioned resid norm 5.153777417614e-04 true resid norm 2.061510967046e-03 ||r(i)||/||b|| 9.619027206555e-01
  118 KSP Residual norm 5.152794459625e-04
  118 KSP preconditioned resid norm 5.152794459625e-04 true resid norm 2.061117783850e-03 ||r(i)||/||b|| 9.617192610515e-01
  119 KSP Residual norm 5.151815127781e-04
  119 KSP preconditioned resid norm 5.151815127781e-04 true resid norm 2.060726051113e-03 ||r(i)||/||b|| 9.615364782325e-01
  120 KSP Residual norm 5.150839377107e-04
  120 KSP preconditioned resid norm 5.150839377107e-04 true resid norm 2.060335750843e-03 ||r(i)||/||b|| 9.613543638040e-01
  121 KSP Residual norm 5.149867163556e-04
  121 KSP preconditioned resid norm 5.149867163556e-04 true resid norm 2.059946865422e-03 ||r(i)||/||b|| 9.611729095455e-01
  122 KSP Residual norm 5.148898443986e-04
  122 KSP preconditioned resid norm 5.148898443986e-04 true resid norm 2.059559377594e-03 ||r(i)||/||b|| 9.609921074048e-01
  123 KSP Residual norm 5.147933176133e-04
  123 KSP preconditioned resid norm 5.147933176133e-04 true resid norm 2.059173270453e-03 ||r(i)||/||b|| 9.608119494937e-01
  124 KSP Residual norm 5.146971318585e-04
  124 KSP preconditioned resid norm 5.146971318585e-04 true resid norm 2.058788527434e-03 ||r(i)||/||b|| 9.606324280830e-01
  125 KSP Residual norm 5.146012830759e-04
  125 KSP preconditioned resid norm 5.146012830759e-04 true resid norm 2.058405132304e-03 ||r(i)||/||b|| 9.604535355984e-01
  126 KSP Residual norm 5.145057672879e-04
  126 KSP preconditioned resid norm 5.145057672879e-04 true resid norm 2.058023069152e-03 ||r(i)||/||b|| 9.602752646160e-01
  127 KSP Residual norm 5.144105805952e-04
  127 KSP preconditioned resid norm 5.144105805952e-04 true resid norm 2.057642322381e-03 ||r(i)||/||b|| 9.600976078582e-01
  128 KSP Residual norm 5.143157191747e-04
  128 KSP preconditioned resid norm 5.143157191747e-04 true resid norm 2.057262876699e-03 ||r(i)||/||b|| 9.599205581893e-01
  129 KSP Residual norm 5.142211792773e-04
  129 KSP preconditioned resid norm 5.142211792773e-04 true resid norm 2.056884717109e-03 ||r(i)||/||b|| 9.597441086125e-01
  130 KSP Residual norm 5.141269572264e-04
  130 KSP preconditioned resid norm 5.141269572264e-04 true resid norm 2.056507828906e-03 ||r(i)||/||b|| 9.595682522652e-01
  131 KSP Residual norm 5.140330494153e-04
  131 KSP preconditioned resid norm 5.140330494153e-04 true resid norm 2.056132197661e-03 ||r(i)||/||b|| 9.593929824162e-01
  132 KSP Residual norm 5.139394523058e-04
  132 KSP preconditioned resid norm 5.139394523058e-04 true resid norm 2.055757809223e-03 ||r(i)||/||b|| 9.592182924616e-01
  133 KSP Residual norm 5.138461624262e-04
  133 KSP preconditioned resid norm 5.138461624262e-04 true resid norm 2.055384649705e-03 ||r(i)||/||b|| 9.590441759219e-01
  134 KSP Residual norm 5.137531763695e-04
  134 KSP preconditioned resid norm 5.137531763695e-04 true resid norm 2.055012705478e-03 ||r(i)||/||b|| 9.588706264384e-01
  135 KSP Residual norm 5.136604907921e-04
  135 KSP preconditioned resid norm 5.136604907921e-04 true resid norm 2.054641963168e-03 ||r(i)||/||b|| 9.586976377703e-01
  136 KSP Residual norm 5.135681024115e-04
  136 KSP preconditioned resid norm 5.135681024115e-04 true resid norm 2.054272409646e-03 ||r(i)||/||b|| 9.585252037915e-01
  137 KSP Residual norm 5.134760080056e-04
  137 KSP preconditioned resid norm 5.134760080056e-04 true resid norm 2.053904032022e-03 ||r(i)||/||b|| 9.583533184879e-01
  138 KSP Residual norm 5.133842044102e-04
  138 KSP preconditioned resid norm 5.133842044102e-04 true resid norm 2.053536817641e-03 ||r(i)||/||b|| 9.581819759540e-01
  139 KSP Residual norm 5.132926885184e-04
  139 KSP preconditioned resid norm 5.132926885184e-04 true resid norm 2.053170754074e-03 ||r(i)||/||b|| 9.580111703911e-01
  140 KSP Residual norm 5.132014572786e-04
  140 KSP preconditioned resid norm 5.132014572786e-04 true resid norm 2.052805829114e-03 ||r(i)||/||b|| 9.578408961036e-01
  141 KSP Residual norm 5.131105076934e-04
  141 KSP preconditioned resid norm 5.131105076934e-04 true resid norm 2.052442030774e-03 ||r(i)||/||b|| 9.576711474973e-01
  142 KSP Residual norm 5.130198368182e-04
  142 KSP preconditioned resid norm 5.130198368182e-04 true resid norm 2.052079347273e-03 ||r(i)||/||b|| 9.575019190761e-01
  143 KSP Residual norm 5.129294417598e-04
  143 KSP preconditioned resid norm 5.129294417598e-04 true resid norm 2.051717767039e-03 ||r(i)||/||b|| 9.573332054403e-01
  144 KSP Residual norm 5.128393196753e-04
  144 KSP preconditioned resid norm 5.128393196753e-04 true resid norm 2.051357278701e-03 ||r(i)||/||b|| 9.571650012839e-01
  145 KSP Residual norm 5.127494677708e-04
  145 KSP preconditioned resid norm 5.127494677708e-04 true resid norm 2.050997871083e-03 ||r(i)||/||b|| 9.569973013924e-01
  146 KSP Residual norm 5.126598833003e-04
  146 KSP preconditioned resid norm 5.126598833003e-04 true resid norm 2.050639533201e-03 ||r(i)||/||b|| 9.568301006404e-01
  147 KSP Residual norm 5.125705635643e-04
  147 KSP preconditioned resid norm 5.125705635643e-04 true resid norm 2.050282254257e-03 ||r(i)||/||b|| 9.566633939900e-01
  148 KSP Residual norm 5.124815059092e-04
  148 KSP preconditioned resid norm 5.124815059092e-04 true resid norm 2.049926023637e-03 ||r(i)||/||b|| 9.564971764882e-01
  149 KSP Residual norm 5.123927077258e-04
  149 KSP preconditioned resid norm 5.123927077258e-04 true resid norm 2.049570830903e-03 ||r(i)||/||b|| 9.563314432651e-01
  150 KSP Residual norm 5.123041664482e-04
  150 KSP preconditioned resid norm 5.123041664482e-04 true resid norm 2.049216665793e-03 ||r(i)||/||b|| 9.561661895320e-01
  151 KSP Residual norm 5.122158795532e-04
  151 KSP preconditioned resid norm 5.122158795532e-04 true resid norm 2.048863518213e-03 ||r(i)||/||b|| 9.560014105794e-01
  152 KSP Residual norm 5.121278445591e-04
  152 KSP preconditioned resid norm 5.121278445591e-04 true resid norm 2.048511378236e-03 ||r(i)||/||b|| 9.558371017754e-01
  153 KSP Residual norm 5.120400590246e-04
  153 KSP preconditioned resid norm 5.120400590246e-04 true resid norm 2.048160236098e-03 ||r(i)||/||b|| 9.556732585637e-01
  154 KSP Residual norm 5.119525205481e-04
  154 KSP preconditioned resid norm 5.119525205481e-04 true resid norm 2.047810082192e-03 ||r(i)||/||b|| 9.555098764618e-01
  155 KSP Residual norm 5.118652267667e-04
  155 KSP preconditioned resid norm 5.118652267667e-04 true resid norm 2.047460907067e-03 ||r(i)||/||b|| 9.553469510597e-01
  156 KSP Residual norm 5.117781753554e-04
  156 KSP preconditioned resid norm 5.117781753554e-04 true resid norm 2.047112701422e-03 ||r(i)||/||b|| 9.551844780179e-01
  157 KSP Residual norm 5.116913640262e-04
  157 KSP preconditioned resid norm 5.116913640262e-04 true resid norm 2.046765456105e-03 ||r(i)||/||b|| 9.550224530662e-01
  158 KSP Residual norm 5.116047905273e-04
  158 KSP preconditioned resid norm 5.116047905273e-04 true resid norm 2.046419162109e-03 ||r(i)||/||b|| 9.548608720016e-01
  159 KSP Residual norm 5.115184526421e-04
  159 KSP preconditioned resid norm 5.115184526421e-04 true resid norm 2.046073810569e-03 ||r(i)||/||b|| 9.546997306874e-01
  160 KSP Residual norm 5.114323481890e-04
  160 KSP preconditioned resid norm 5.114323481890e-04 true resid norm 2.045729392756e-03 ||r(i)||/||b|| 9.545390250515e-01
  161 KSP Residual norm 5.113464750200e-04
  161 KSP preconditioned resid norm 5.113464750200e-04 true resid norm 2.045385900080e-03 ||r(i)||/||b|| 9.543787510850e-01
  162 KSP Residual norm 5.112608310201e-04
  162 KSP preconditioned resid norm 5.112608310201e-04 true resid norm 2.045043324080e-03 ||r(i)||/||b|| 9.542189048406e-01
  163 KSP Residual norm 5.111754141071e-04
  163 KSP preconditioned resid norm 5.111754141071e-04 true resid norm 2.044701656428e-03 ||r(i)||/||b|| 9.540594824319e-01
  164 KSP Residual norm 5.110902222303e-04
  164 KSP preconditioned resid norm 5.110902222303e-04 true resid norm 2.044360888921e-03 ||r(i)||/||b|| 9.539004800313e-01
  165 KSP Residual norm 5.110052533700e-04
  165 KSP preconditioned resid norm 5.110052533700e-04 true resid norm 2.044021013480e-03 ||r(i)||/||b|| 9.537418938696e-01
  166 KSP Residual norm 5.109205055369e-04
  166 KSP preconditioned resid norm 5.109205055369e-04 true resid norm 2.043682022148e-03 ||r(i)||/||b|| 9.535837202339e-01
  167 KSP Residual norm 5.108359767718e-04
  167 KSP preconditioned resid norm 5.108359767718e-04 true resid norm 2.043343907087e-03 ||r(i)||/||b|| 9.534259554672e-01
  168 KSP Residual norm 5.107516651441e-04
  168 KSP preconditioned resid norm 5.107516651441e-04 true resid norm 2.043006660576e-03 ||r(i)||/||b|| 9.532685959667e-01
  169 KSP Residual norm 5.106675687521e-04
  169 KSP preconditioned resid norm 5.106675687521e-04 true resid norm 2.042670275009e-03 ||r(i)||/||b|| 9.531116381828e-01
  170 KSP Residual norm 5.105836857220e-04
  170 KSP preconditioned resid norm 5.105836857220e-04 true resid norm 2.042334742888e-03 ||r(i)||/||b|| 9.529550786182e-01
  171 KSP Residual norm 5.105000142074e-04
  171 KSP preconditioned resid norm 5.105000142074e-04 true resid norm 2.042000056829e-03 ||r(i)||/||b|| 9.527989138266e-01
  172 KSP Residual norm 5.104165523884e-04
  172 KSP preconditioned resid norm 5.104165523884e-04 true resid norm 2.041666209554e-03 ||r(i)||/||b|| 9.526431404118e-01
  173 KSP Residual norm 5.103332984718e-04
  173 KSP preconditioned resid norm 5.103332984718e-04 true resid norm 2.041333193887e-03 ||r(i)||/||b|| 9.524877550267e-01
  174 KSP Residual norm 5.102502506899e-04
  174 KSP preconditioned resid norm 5.102502506899e-04 true resid norm 2.041001002760e-03 ||r(i)||/||b|| 9.523327543721e-01
  175 KSP Residual norm 5.101674073003e-04
  175 KSP preconditioned resid norm 5.101674073003e-04 true resid norm 2.040669629201e-03 ||r(i)||/||b|| 9.521781351960e-01
  176 KSP Residual norm 5.100847665853e-04
  176 KSP preconditioned resid norm 5.100847665853e-04 true resid norm 2.040339066341e-03 ||r(i)||/||b|| 9.520238942924e-01
  177 KSP Residual norm 5.100023268516e-04
  177 KSP preconditioned resid norm 5.100023268516e-04 true resid norm 2.040009307406e-03 ||r(i)||/||b|| 9.518700285008e-01
  178 KSP Residual norm 5.099200864293e-04
  178 KSP preconditioned resid norm 5.099200864293e-04 true resid norm 2.039680345717e-03 ||r(i)||/||b|| 9.517165347048e-01
  179 KSP Residual norm 5.098380436721e-04
  179 KSP preconditioned resid norm 5.098380436721e-04 true resid norm 2.039352174688e-03 ||r(i)||/||b|| 9.515634098316e-01
  180 KSP Residual norm 5.097561969564e-04
  180 KSP preconditioned resid norm 5.097561969564e-04 true resid norm 2.039024787826e-03 ||r(i)||/||b|| 9.514106508510e-01
  181 KSP Residual norm 5.096745446812e-04
  181 KSP preconditioned resid norm 5.096745446812e-04 true resid norm 2.038698178725e-03 ||r(i)||/||b|| 9.512582547746e-01
  182 KSP Residual norm 5.095930852672e-04
  182 KSP preconditioned resid norm 5.095930852672e-04 true resid norm 2.038372341069e-03 ||r(i)||/||b|| 9.511062186551e-01
  183 KSP Residual norm 5.095118171568e-04
  183 KSP preconditioned resid norm 5.095118171568e-04 true resid norm 2.038047268627e-03 ||r(i)||/||b|| 9.509545395852e-01
  184 KSP Residual norm 5.094307388135e-04
  184 KSP preconditioned resid norm 5.094307388135e-04 true resid norm 2.037722955254e-03 ||r(i)||/||b|| 9.508032146973e-01
  185 KSP Residual norm 5.093498487215e-04
  185 KSP preconditioned resid norm 5.093498487215e-04 true resid norm 2.037399394886e-03 ||r(i)||/||b|| 9.506522411623e-01
  186 KSP Residual norm 5.092691453855e-04
  186 KSP preconditioned resid norm 5.092691453855e-04 true resid norm 2.037076581542e-03 ||r(i)||/||b|| 9.505016161892e-01
  187 KSP Residual norm 5.091886273300e-04
  187 KSP preconditioned resid norm 5.091886273300e-04 true resid norm 2.036754509320e-03 ||r(i)||/||b|| 9.503513370243e-01
  188 KSP Residual norm 5.091082930992e-04
  188 KSP preconditioned resid norm 5.091082930992e-04 true resid norm 2.036433172397e-03 ||r(i)||/||b|| 9.502014009504e-01
  189 KSP Residual norm 5.090281412564e-04
  189 KSP preconditioned resid norm 5.090281412564e-04 true resid norm 2.036112565026e-03 ||r(i)||/||b|| 9.500518052862e-01
  190 KSP Residual norm 5.089481703840e-04
  190 KSP preconditioned resid norm 5.089481703840e-04 true resid norm 2.035792681536e-03 ||r(i)||/||b|| 9.499025473855e-01
  191 KSP Residual norm 5.088683790826e-04
  191 KSP preconditioned resid norm 5.088683790826e-04 true resid norm 2.035473516331e-03 ||r(i)||/||b|| 9.497536246370e-01
  192 KSP Residual norm 5.087887659714e-04
  192 KSP preconditioned resid norm 5.087887659714e-04 true resid norm 2.035155063886e-03 ||r(i)||/||b|| 9.496050344630e-01
  193 KSP Residual norm 5.087093296871e-04
  193 KSP preconditioned resid norm 5.087093296871e-04 true resid norm 2.034837318749e-03 ||r(i)||/||b|| 9.494567743195e-01
  194 KSP Residual norm 5.086300688842e-04
  194 KSP preconditioned resid norm 5.086300688842e-04 true resid norm 2.034520275537e-03 ||r(i)||/||b|| 9.493088416949e-01
  195 KSP Residual norm 5.085509822342e-04
  195 KSP preconditioned resid norm 5.085509822342e-04 true resid norm 2.034203928937e-03 ||r(i)||/||b|| 9.491612341100e-01
  196 KSP Residual norm 5.084720684257e-04
  196 KSP preconditioned resid norm 5.084720684257e-04 true resid norm 2.033888273703e-03 ||r(i)||/||b|| 9.490139491170e-01
  197 KSP Residual norm 5.083933261639e-04
  197 KSP preconditioned resid norm 5.083933261639e-04 true resid norm 2.033573304656e-03 ||r(i)||/||b|| 9.488669842993e-01
  198 KSP Residual norm 5.083147541702e-04
  198 KSP preconditioned resid norm 5.083147541702e-04 true resid norm 2.033259016681e-03 ||r(i)||/||b|| 9.487203372705e-01
  199 KSP Residual norm 5.082363511821e-04
  199 KSP preconditioned resid norm 5.082363511821e-04 true resid norm 2.032945404728e-03 ||r(i)||/||b|| 9.485740056744e-01
  200 KSP Residual norm 5.081581159529e-04
  200 KSP preconditioned resid norm 5.081581159529e-04 true resid norm 2.032632463812e-03 ||r(i)||/||b|| 9.484279871841e-01
  201 KSP Residual norm 5.080800472514e-04
  201 KSP preconditioned resid norm 5.080800472514e-04 true resid norm 2.032320189006e-03 ||r(i)||/||b|| 9.482822795015e-01
  202 KSP Residual norm 5.080021438615e-04
  202 KSP preconditioned resid norm 5.080021438615e-04 true resid norm 2.032008575446e-03 ||r(i)||/||b|| 9.481368803570e-01
  203 KSP Residual norm 5.079244045820e-04
  203 KSP preconditioned resid norm 5.079244045820e-04 true resid norm 2.031697618328e-03 ||r(i)||/||b|| 9.479917875090e-01
  204 KSP Residual norm 5.078468282267e-04
  204 KSP preconditioned resid norm 5.078468282267e-04 true resid norm 2.031387312907e-03 ||r(i)||/||b|| 9.478469987430e-01
  205 KSP Residual norm 5.077694136235e-04
  205 KSP preconditioned resid norm 5.077694136235e-04 true resid norm 2.031077654494e-03 ||r(i)||/||b|| 9.477025118717e-01
  206 KSP Residual norm 5.076921596148e-04
  206 KSP preconditioned resid norm 5.076921596148e-04 true resid norm 2.030768638459e-03 ||r(i)||/||b|| 9.475583247344e-01
  207 KSP Residual norm 5.076150650566e-04
  207 KSP preconditioned resid norm 5.076150650566e-04 true resid norm 2.030460260226e-03 ||r(i)||/||b|| 9.474144351962e-01
  208 KSP Residual norm 5.075381288189e-04
  208 KSP preconditioned resid norm 5.075381288189e-04 true resid norm 2.030152515276e-03 ||r(i)||/||b|| 9.472708411479e-01
  209 KSP Residual norm 5.074613497851e-04
  209 KSP preconditioned resid norm 5.074613497851e-04 true resid norm 2.029845399141e-03 ||r(i)||/||b|| 9.471275405055e-01
  210 KSP Residual norm 5.073847268520e-04
  210 KSP preconditioned resid norm 5.073847268520e-04 true resid norm 2.029538907408e-03 ||r(i)||/||b|| 9.469845312098e-01
  211 KSP Residual norm 5.073082589291e-04
  211 KSP preconditioned resid norm 5.073082589291e-04 true resid norm 2.029233035716e-03 ||r(i)||/||b|| 9.468418112259e-01
  212 KSP Residual norm 5.072319449392e-04
  212 KSP preconditioned resid norm 5.072319449392e-04 true resid norm 2.028927779757e-03 ||r(i)||/||b|| 9.466993785428e-01
  213 KSP Residual norm 5.071557838172e-04
  213 KSP preconditioned resid norm 5.071557838172e-04 true resid norm 2.028623135269e-03 ||r(i)||/||b|| 9.465572311731e-01
  214 KSP Residual norm 5.070797745110e-04
  214 KSP preconditioned resid norm 5.070797745110e-04 true resid norm 2.028319098044e-03 ||r(i)||/||b|| 9.464153671527e-01
  215 KSP Residual norm 5.070039159802e-04
  215 KSP preconditioned resid norm 5.070039159802e-04 true resid norm 2.028015663921e-03 ||r(i)||/||b|| 9.462737845400e-01
  216 KSP Residual norm 5.069282071966e-04
  216 KSP preconditioned resid norm 5.069282071966e-04 true resid norm 2.027712828786e-03 ||r(i)||/||b|| 9.461324814162e-01
  217 KSP Residual norm 5.068526471440e-04
  217 KSP preconditioned resid norm 5.068526471440e-04 true resid norm 2.027410588576e-03 ||r(i)||/||b|| 9.459914558842e-01
  218 KSP Residual norm 5.067772348175e-04
  218 KSP preconditioned resid norm 5.067772348175e-04 true resid norm 2.027108939270e-03 ||r(i)||/||b|| 9.458507060688e-01
  219 KSP Residual norm 5.067019692239e-04
  219 KSP preconditioned resid norm 5.067019692239e-04 true resid norm 2.026807876896e-03 ||r(i)||/||b|| 9.457102301161e-01
  220 KSP Residual norm 5.066268493811e-04
  220 KSP preconditioned resid norm 5.066268493811e-04 true resid norm 2.026507397525e-03 ||r(i)||/||b|| 9.455700261933e-01
  221 KSP Residual norm 5.065518743183e-04
  221 KSP preconditioned resid norm 5.065518743183e-04 true resid norm 2.026207497273e-03 ||r(i)||/||b|| 9.454300924883e-01
  222 KSP Residual norm 5.064770430754e-04
  222 KSP preconditioned resid norm 5.064770430754e-04 true resid norm 2.025908172301e-03 ||r(i)||/||b|| 9.452904272091e-01
  223 KSP Residual norm 5.064023547030e-04
  223 KSP preconditioned resid norm 5.064023547030e-04 true resid norm 2.025609418812e-03 ||r(i)||/||b|| 9.451510285841e-01
  224 KSP Residual norm 5.063278082625e-04
  224 KSP preconditioned resid norm 5.063278082625e-04 true resid norm 2.025311233050e-03 ||r(i)||/||b|| 9.450118948611e-01
  225 KSP Residual norm 5.062534028256e-04
  225 KSP preconditioned resid norm 5.062534028256e-04 true resid norm 2.025013611302e-03 ||r(i)||/||b|| 9.448730243077e-01
  226 KSP Residual norm 5.061791374741e-04
  226 KSP preconditioned resid norm 5.061791374741e-04 true resid norm 2.024716549896e-03 ||r(i)||/||b|| 9.447344152102e-01
  227 KSP Residual norm 5.061050113001e-04
  227 KSP preconditioned resid norm 5.061050113001e-04 true resid norm 2.024420045200e-03 ||r(i)||/||b|| 9.445960658741e-01
  228 KSP Residual norm 5.060310234055e-04
  228 KSP preconditioned resid norm 5.060310234055e-04 true resid norm 2.024124093622e-03 ||r(i)||/||b|| 9.444579746231e-01
  229 KSP Residual norm 5.059571729021e-04
  229 KSP preconditioned resid norm 5.059571729021e-04 true resid norm 2.023828691609e-03 ||r(i)||/||b|| 9.443201397995e-01
  230 KSP Residual norm 5.058834589113e-04
  230 KSP preconditioned resid norm 5.058834589113e-04 true resid norm 2.023533835645e-03 ||r(i)||/||b|| 9.441825597633e-01
  231 KSP Residual norm 5.058098805637e-04
  231 KSP preconditioned resid norm 5.058098805637e-04 true resid norm 2.023239522255e-03 ||r(i)||/||b|| 9.440452328922e-01
  232 KSP Residual norm 5.057364369997e-04
  232 KSP preconditioned resid norm 5.057364369997e-04 true resid norm 2.022945747999e-03 ||r(i)||/||b|| 9.439081575817e-01
  233 KSP Residual norm 5.056631273687e-04
  233 KSP preconditioned resid norm 5.056631273687e-04 true resid norm 2.022652509475e-03 ||r(i)||/||b|| 9.437713322439e-01
  234 KSP Residual norm 5.055899508290e-04
  234 KSP preconditioned resid norm 5.055899508290e-04 true resid norm 2.022359803316e-03 ||r(i)||/||b|| 9.436347553084e-01
  235 KSP Residual norm 5.055169065480e-04
  235 KSP preconditioned resid norm 5.055169065480e-04 true resid norm 2.022067626192e-03 ||r(i)||/||b|| 9.434984252210e-01
  236 KSP Residual norm 5.054439937020e-04
  236 KSP preconditioned resid norm 5.054439937020e-04 true resid norm 2.021775974808e-03 ||r(i)||/||b|| 9.433623404443e-01
  237 KSP Residual norm 5.053712114758e-04
  237 KSP preconditioned resid norm 5.053712114758e-04 true resid norm 2.021484845903e-03 ||r(i)||/||b|| 9.432264994567e-01
  238 KSP Residual norm 5.052985590628e-04
  238 KSP preconditioned resid norm 5.052985590628e-04 true resid norm 2.021194236251e-03 ||r(i)||/||b|| 9.430909007528e-01
  239 KSP Residual norm 5.052260356646e-04
  239 KSP preconditioned resid norm 5.052260356646e-04 true resid norm 2.020904142659e-03 ||r(i)||/||b|| 9.429555428429e-01
  240 KSP Residual norm 5.051536404916e-04
  240 KSP preconditioned resid norm 5.051536404916e-04 true resid norm 2.020614561966e-03 ||r(i)||/||b|| 9.428204242526e-01
  241 KSP Residual norm 5.050813727618e-04
  241 KSP preconditioned resid norm 5.050813727618e-04 true resid norm 2.020325491047e-03 ||r(i)||/||b|| 9.426855435229e-01
  242 KSP Residual norm 5.050092317017e-04
  242 KSP preconditioned resid norm 5.050092317017e-04 true resid norm 2.020036926807e-03 ||r(i)||/||b|| 9.425508992099e-01
  243 KSP Residual norm 5.049372165455e-04
  243 KSP preconditioned resid norm 5.049372165455e-04 true resid norm 2.019748866182e-03 ||r(i)||/||b|| 9.424164898842e-01
  244 KSP Residual norm 5.048653265352e-04
  244 KSP preconditioned resid norm 5.048653265352e-04 true resid norm 2.019461306141e-03 ||r(i)||/||b|| 9.422823141314e-01
  245 KSP Residual norm 5.047935609206e-04
  245 KSP preconditioned resid norm 5.047935609206e-04 true resid norm 2.019174243682e-03 ||r(i)||/||b|| 9.421483705512e-01
  246 KSP Residual norm 5.047219189592e-04
  246 KSP preconditioned resid norm 5.047219189592e-04 true resid norm 2.018887675837e-03 ||r(i)||/||b|| 9.420146577575e-01
  247 KSP Residual norm 5.046503999157e-04
  247 KSP preconditioned resid norm 5.046503999157e-04 true resid norm 2.018601599663e-03 ||r(i)||/||b|| 9.418811743785e-01
  248 KSP Residual norm 5.045790030626e-04
  248 KSP preconditioned resid norm 5.045790030626e-04 true resid norm 2.018316012250e-03 ||r(i)||/||b|| 9.417479190558e-01
  249 KSP Residual norm 5.045077276793e-04
  249 KSP preconditioned resid norm 5.045077276793e-04 true resid norm 2.018030910717e-03 ||r(i)||/||b|| 9.416148904448e-01
  250 KSP Residual norm 5.044365730525e-04
  250 KSP preconditioned resid norm 5.044365730525e-04 true resid norm 2.017746292210e-03 ||r(i)||/||b|| 9.414820872143e-01
  251 KSP Residual norm 5.043655384762e-04
  251 KSP preconditioned resid norm 5.043655384762e-04 true resid norm 2.017462153905e-03 ||r(i)||/||b|| 9.413495080462e-01
  252 KSP Residual norm 5.042946232511e-04
  252 KSP preconditioned resid norm 5.042946232511e-04 true resid norm 2.017178493004e-03 ||r(i)||/||b|| 9.412171516357e-01
  253 KSP Residual norm 5.042238266849e-04
  253 KSP preconditioned resid norm 5.042238266849e-04 true resid norm 2.016895306739e-03 ||r(i)||/||b|| 9.410850166905e-01
  254 KSP Residual norm 5.041531480920e-04
  254 KSP preconditioned resid norm 5.041531480920e-04 true resid norm 2.016612592368e-03 ||r(i)||/||b|| 9.409531019312e-01
  255 KSP Residual norm 5.040825867938e-04
  255 KSP preconditioned resid norm 5.040825867938e-04 true resid norm 2.016330347175e-03 ||r(i)||/||b|| 9.408214060909e-01
  256 KSP Residual norm 5.040121421179e-04
  256 KSP preconditioned resid norm 5.040121421179e-04 true resid norm 2.016048568472e-03 ||r(i)||/||b|| 9.406899279151e-01
  257 KSP Residual norm 5.039418133987e-04
  257 KSP preconditioned resid norm 5.039418133987e-04 true resid norm 2.015767253595e-03 ||r(i)||/||b|| 9.405586661611e-01
  258 KSP Residual norm 5.038715999769e-04
  258 KSP preconditioned resid norm 5.038715999769e-04 true resid norm 2.015486399908e-03 ||r(i)||/||b|| 9.404276195987e-01
  259 KSP Residual norm 5.038015011997e-04
  259 KSP preconditioned resid norm 5.038015011997e-04 true resid norm 2.015206004799e-03 ||r(i)||/||b|| 9.402967870091e-01
  260 KSP Residual norm 5.037315164203e-04
  260 KSP preconditioned resid norm 5.037315164203e-04 true resid norm 2.014926065681e-03 ||r(i)||/||b|| 9.401661671856e-01
  261 KSP Residual norm 5.036616449983e-04
  261 KSP preconditioned resid norm 5.036616449983e-04 true resid norm 2.014646579993e-03 ||r(i)||/||b|| 9.400357589326e-01
  262 KSP Residual norm 5.035918862993e-04
  262 KSP preconditioned resid norm 5.035918862993e-04 true resid norm 2.014367545197e-03 ||r(i)||/||b|| 9.399055610662e-01
  263 KSP Residual norm 5.035222396949e-04
  263 KSP preconditioned resid norm 5.035222396949e-04 true resid norm 2.014088958780e-03 ||r(i)||/||b|| 9.397755724135e-01
  264 KSP Residual norm 5.034527045626e-04
  264 KSP preconditioned resid norm 5.034527045626e-04 true resid norm 2.013810818251e-03 ||r(i)||/||b|| 9.396457918128e-01
  265 KSP Residual norm 5.033832802859e-04
  265 KSP preconditioned resid norm 5.033832802859e-04 true resid norm 2.013533121144e-03 ||r(i)||/||b|| 9.395162181134e-01
  266 KSP Residual norm 5.033139662540e-04
  266 KSP preconditioned resid norm 5.033139662540e-04 true resid norm 2.013255865016e-03 ||r(i)||/||b|| 9.393868501750e-01
  267 KSP Residual norm 5.032447618617e-04
  267 KSP preconditioned resid norm 5.032447618617e-04 true resid norm 2.012979047447e-03 ||r(i)||/||b|| 9.392576868685e-01
  268 KSP Residual norm 5.031756665094e-04
  268 KSP preconditioned resid norm 5.031756665094e-04 true resid norm 2.012702666038e-03 ||r(i)||/||b|| 9.391287270747e-01
  269 KSP Residual norm 5.031066796034e-04
  269 KSP preconditioned resid norm 5.031066796034e-04 true resid norm 2.012426718414e-03 ||r(i)||/||b|| 9.389999696853e-01
  270 KSP Residual norm 5.030378005551e-04
  270 KSP preconditioned resid norm 5.030378005551e-04 true resid norm 2.012151202220e-03 ||r(i)||/||b|| 9.388714136018e-01
  271 KSP Residual norm 5.029690287814e-04
  271 KSP preconditioned resid norm 5.029690287814e-04 true resid norm 2.011876115126e-03 ||r(i)||/||b|| 9.387430577361e-01
  272 KSP Residual norm 5.029003637047e-04
  272 KSP preconditioned resid norm 5.029003637047e-04 true resid norm 2.011601454819e-03 ||r(i)||/||b|| 9.386149010099e-01
  273 KSP Residual norm 5.028318047524e-04
  273 KSP preconditioned resid norm 5.028318047524e-04 true resid norm 2.011327219010e-03 ||r(i)||/||b|| 9.384869423549e-01
  274 KSP Residual norm 5.027633513575e-04
  274 KSP preconditioned resid norm 5.027633513575e-04 true resid norm 2.011053405430e-03 ||r(i)||/||b|| 9.383591807122e-01
  275 KSP Residual norm 5.026950029576e-04
  275 KSP preconditioned resid norm 5.026950029576e-04 true resid norm 2.010780011831e-03 ||r(i)||/||b|| 9.382316150329e-01
  276 KSP Residual norm 5.026267589959e-04
  276 KSP preconditioned resid norm 5.026267589959e-04 true resid norm 2.010507035984e-03 ||r(i)||/||b|| 9.381042442773e-01
  277 KSP Residual norm 5.025586189204e-04
  277 KSP preconditioned resid norm 5.025586189204e-04 true resid norm 2.010234475681e-03 ||r(i)||/||b|| 9.379770674150e-01
  278 KSP Residual norm 5.024905821838e-04
  278 KSP preconditioned resid norm 5.024905821838e-04 true resid norm 2.009962328735e-03 ||r(i)||/||b|| 9.378500834250e-01
  279 KSP Residual norm 5.024226482441e-04
  279 KSP preconditioned resid norm 5.024226482441e-04 true resid norm 2.009690592976e-03 ||r(i)||/||b|| 9.377232912954e-01
  280 KSP Residual norm 5.023548165639e-04
  280 KSP preconditioned resid norm 5.023548165639e-04 true resid norm 2.009419266256e-03 ||r(i)||/||b|| 9.375966900232e-01
  281 KSP Residual norm 5.022870866105e-04
  281 KSP preconditioned resid norm 5.022870866105e-04 true resid norm 2.009148346442e-03 ||r(i)||/||b|| 9.374702786144e-01
  282 KSP Residual norm 5.022194578562e-04
  282 KSP preconditioned resid norm 5.022194578562e-04 true resid norm 2.008877831425e-03 ||r(i)||/||b|| 9.373440560837e-01
  283 KSP Residual norm 5.021519297775e-04
  283 KSP preconditioned resid norm 5.021519297775e-04 true resid norm 2.008607719110e-03 ||r(i)||/||b|| 9.372180214546e-01
  284 KSP Residual norm 5.020845018559e-04
  284 KSP preconditioned resid norm 5.020845018559e-04 true resid norm 2.008338007424e-03 ||r(i)||/||b|| 9.370921737588e-01
  285 KSP Residual norm 5.020171735772e-04
  285 KSP preconditioned resid norm 5.020171735772e-04 true resid norm 2.008068694309e-03 ||r(i)||/||b|| 9.369665120370e-01
  286 KSP Residual norm 5.019499444318e-04
  286 KSP preconditioned resid norm 5.019499444318e-04 true resid norm 2.007799777727e-03 ||r(i)||/||b|| 9.368410353378e-01
  287 KSP Residual norm 5.018828139144e-04
  287 KSP preconditioned resid norm 5.018828139144e-04 true resid norm 2.007531255658e-03 ||r(i)||/||b|| 9.367157427182e-01
  288 KSP Residual norm 5.018157815242e-04
  288 KSP preconditioned resid norm 5.018157815242e-04 true resid norm 2.007263126097e-03 ||r(i)||/||b|| 9.365906332436e-01
  289 KSP Residual norm 5.017488467646e-04
  289 KSP preconditioned resid norm 5.017488467646e-04 true resid norm 2.006995387058e-03 ||r(i)||/||b|| 9.364657059870e-01
  290 KSP Residual norm 5.016820091433e-04
  290 KSP preconditioned resid norm 5.016820091433e-04 true resid norm 2.006728036573e-03 ||r(i)||/||b|| 9.363409600297e-01
  291 KSP Residual norm 5.016152681723e-04
  291 KSP preconditioned resid norm 5.016152681723e-04 true resid norm 2.006461072689e-03 ||r(i)||/||b|| 9.362163944607e-01
  292 KSP Residual norm 5.015486233675e-04
  292 KSP preconditioned resid norm 5.015486233675e-04 true resid norm 2.006194493470e-03 ||r(i)||/||b|| 9.360920083769e-01
  293 KSP Residual norm 5.014820742494e-04
  293 KSP preconditioned resid norm 5.014820742494e-04 true resid norm 2.005928296997e-03 ||r(i)||/||b|| 9.359678008828e-01
  294 KSP Residual norm 5.014156203420e-04
  294 KSP preconditioned resid norm 5.014156203420e-04 true resid norm 2.005662481368e-03 ||r(i)||/||b|| 9.358437710904e-01
  295 KSP Residual norm 5.013492611737e-04
  295 KSP preconditioned resid norm 5.013492611737e-04 true resid norm 2.005397044695e-03 ||r(i)||/||b|| 9.357199181194e-01
  296 KSP Residual norm 5.012829962767e-04
  296 KSP preconditioned resid norm 5.012829962767e-04 true resid norm 2.005131985107e-03 ||r(i)||/||b|| 9.355962410966e-01
  297 KSP Residual norm 5.012168251872e-04
  297 KSP preconditioned resid norm 5.012168251872e-04 true resid norm 2.004867300749e-03 ||r(i)||/||b|| 9.354727391564e-01
  298 KSP Residual norm 5.011507474452e-04
  298 KSP preconditioned resid norm 5.011507474452e-04 true resid norm 2.004602989781e-03 ||r(i)||/||b|| 9.353494114404e-01
  299 KSP Residual norm 5.010847625946e-04
  299 KSP preconditioned resid norm 5.010847625946e-04 true resid norm 2.004339050378e-03 ||r(i)||/||b|| 9.352262570971e-01
  300 KSP Residual norm 5.010188701830e-04
  300 KSP preconditioned resid norm 5.010188701830e-04 true resid norm 2.004075480732e-03 ||r(i)||/||b|| 9.351032752824e-01
  301 KSP Residual norm 5.009530697619e-04
  301 KSP preconditioned resid norm 5.009530697619e-04 true resid norm 2.003812279048e-03 ||r(i)||/||b|| 9.349804651590e-01
  302 KSP Residual norm 5.008873608864e-04
  302 KSP preconditioned resid norm 5.008873608864e-04 true resid norm 2.003549443546e-03 ||r(i)||/||b|| 9.348578258965e-01
  303 KSP Residual norm 5.008217431151e-04
  303 KSP preconditioned resid norm 5.008217431151e-04 true resid norm 2.003286972460e-03 ||r(i)||/||b|| 9.347353566713e-01
  304 KSP Residual norm 5.007562160105e-04
  304 KSP preconditioned resid norm 5.007562160105e-04 true resid norm 2.003024864042e-03 ||r(i)||/||b|| 9.346130566667e-01
  305 KSP Residual norm 5.006907791385e-04
  305 KSP preconditioned resid norm 5.006907791385e-04 true resid norm 2.002763116554e-03 ||r(i)||/||b|| 9.344909250724e-01
  306 KSP Residual norm 5.006254320685e-04
  306 KSP preconditioned resid norm 5.006254320685e-04 true resid norm 2.002501728274e-03 ||r(i)||/||b|| 9.343689610850e-01
  307 KSP Residual norm 5.005601743735e-04
  307 KSP preconditioned resid norm 5.005601743735e-04 true resid norm 2.002240697494e-03 ||r(i)||/||b|| 9.342471639074e-01
  308 KSP Residual norm 5.004950056299e-04
  308 KSP preconditioned resid norm 5.004950056299e-04 true resid norm 2.001980022520e-03 ||r(i)||/||b|| 9.341255327491e-01
  309 KSP Residual norm 5.004299254176e-04
  309 KSP preconditioned resid norm 5.004299254176e-04 true resid norm 2.001719701670e-03 ||r(i)||/||b|| 9.340040668257e-01
  310 KSP Residual norm 5.003649333197e-04
  310 KSP preconditioned resid norm 5.003649333197e-04 true resid norm 2.001459733279e-03 ||r(i)||/||b|| 9.338827653593e-01
  311 KSP Residual norm 5.003000289227e-04
  311 KSP preconditioned resid norm 5.003000289227e-04 true resid norm 2.001200115691e-03 ||r(i)||/||b|| 9.337616275783e-01
  312 KSP Residual norm 5.002352118165e-04
  312 KSP preconditioned resid norm 5.002352118165e-04 true resid norm 2.000940847266e-03 ||r(i)||/||b|| 9.336406527171e-01
  313 KSP Residual norm 5.001704815942e-04
  313 KSP preconditioned resid norm 5.001704815942e-04 true resid norm 2.000681926377e-03 ||r(i)||/||b|| 9.335198400162e-01
  314 KSP Residual norm 5.001058378521e-04
  314 KSP preconditioned resid norm 5.001058378521e-04 true resid norm 2.000423351408e-03 ||r(i)||/||b|| 9.333991887221e-01
  315 KSP Residual norm 5.000412801896e-04
  315 KSP preconditioned resid norm 5.000412801896e-04 true resid norm 2.000165120758e-03 ||r(i)||/||b|| 9.332786980875e-01
  316 KSP Residual norm 4.999768082094e-04
  316 KSP preconditioned resid norm 4.999768082094e-04 true resid norm 1.999907232838e-03 ||r(i)||/||b|| 9.331583673707e-01
  317 KSP Residual norm 4.999124215174e-04
  317 KSP preconditioned resid norm 4.999124215174e-04 true resid norm 1.999649686069e-03 ||r(i)||/||b|| 9.330381958358e-01
  318 KSP Residual norm 4.998481197223e-04
  318 KSP preconditioned resid norm 4.998481197223e-04 true resid norm 1.999392478889e-03 ||r(i)||/||b|| 9.329181827529e-01
  319 KSP Residual norm 4.997839024360e-04
  319 KSP preconditioned resid norm 4.997839024360e-04 true resid norm 1.999135609744e-03 ||r(i)||/||b|| 9.327983273976e-01
  320 KSP Residual norm 4.997197692736e-04
  320 KSP preconditioned resid norm 4.997197692736e-04 true resid norm 1.998879077094e-03 ||r(i)||/||b|| 9.326786290513e-01
  321 KSP Residual norm 4.996557198529e-04
  321 KSP preconditioned resid norm 4.996557198529e-04 true resid norm 1.998622879412e-03 ||r(i)||/||b|| 9.325590870007e-01
  322 KSP Residual norm 4.995917537947e-04
  322 KSP preconditioned resid norm 4.995917537947e-04 true resid norm 1.998367015179e-03 ||r(i)||/||b|| 9.324397005384e-01
  323 KSP Residual norm 4.995278707229e-04
  323 KSP preconditioned resid norm 4.995278707229e-04 true resid norm 1.998111482892e-03 ||r(i)||/||b|| 9.323204689620e-01
  324 KSP Residual norm 4.994640702642e-04
  324 KSP preconditioned resid norm 4.994640702642e-04 true resid norm 1.997856281057e-03 ||r(i)||/||b|| 9.322013915749e-01
  325 KSP Residual norm 4.994003520480e-04
  325 KSP preconditioned resid norm 4.994003520480e-04 true resid norm 1.997601408192e-03 ||r(i)||/||b|| 9.320824676856e-01
  326 KSP Residual norm 4.993367157067e-04
  326 KSP preconditioned resid norm 4.993367157067e-04 true resid norm 1.997346862827e-03 ||r(i)||/||b|| 9.319636966079e-01
  327 KSP Residual norm 4.992731608755e-04
  327 KSP preconditioned resid norm 4.992731608755e-04 true resid norm 1.997092643502e-03 ||r(i)||/||b|| 9.318450776609e-01
  328 KSP Residual norm 4.992096871923e-04
  328 KSP preconditioned resid norm 4.992096871923e-04 true resid norm 1.996838748769e-03 ||r(i)||/||b|| 9.317266101688e-01
  329 KSP Residual norm 4.991462942978e-04
  329 KSP preconditioned resid norm 4.991462942978e-04 true resid norm 1.996585177191e-03 ||r(i)||/||b|| 9.316082934609e-01
  330 KSP Residual norm 4.990829818353e-04
  330 KSP preconditioned resid norm 4.990829818353e-04 true resid norm 1.996331927341e-03 ||r(i)||/||b|| 9.314901268716e-01
  331 KSP Residual norm 4.990197494508e-04
  331 KSP preconditioned resid norm 4.990197494508e-04 true resid norm 1.996078997803e-03 ||r(i)||/||b|| 9.313721097403e-01
  332 KSP Residual norm 4.989565967932e-04
  332 KSP preconditioned resid norm 4.989565967932e-04 true resid norm 1.995826387173e-03 ||r(i)||/||b|| 9.312542414114e-01
  333 KSP Residual norm 4.988935235137e-04
  333 KSP preconditioned resid norm 4.988935235137e-04 true resid norm 1.995574094055e-03 ||r(i)||/||b|| 9.311365212340e-01
  334 KSP Residual norm 4.988305292662e-04
  334 KSP preconditioned resid norm 4.988305292662e-04 true resid norm 1.995322117065e-03 ||r(i)||/||b|| 9.310189485623e-01
  335 KSP Residual norm 4.987676137072e-04
  335 KSP preconditioned resid norm 4.987676137072e-04 true resid norm 1.995070454829e-03 ||r(i)||/||b|| 9.309015227551e-01
  336 KSP Residual norm 4.987047764958e-04
  336 KSP preconditioned resid norm 4.987047764958e-04 true resid norm 1.994819105983e-03 ||r(i)||/||b|| 9.307842431760e-01
  337 KSP Residual norm 4.986420172935e-04
  337 KSP preconditioned resid norm 4.986420172935e-04 true resid norm 1.994568069174e-03 ||r(i)||/||b|| 9.306671091934e-01
  338 KSP Residual norm 4.985793357644e-04
  338 KSP preconditioned resid norm 4.985793357644e-04 true resid norm 1.994317343057e-03 ||r(i)||/||b|| 9.305501201802e-01
  339 KSP Residual norm 4.985167315749e-04
  339 KSP preconditioned resid norm 4.985167315749e-04 true resid norm 1.994066926300e-03 ||r(i)||/||b|| 9.304332755141e-01
  340 KSP Residual norm 4.984542043940e-04
  340 KSP preconditioned resid norm 4.984542043940e-04 true resid norm 1.993816817576e-03 ||r(i)||/||b|| 9.303165745771e-01
  341 KSP Residual norm 4.983917538931e-04
  341 KSP preconditioned resid norm 4.983917538931e-04 true resid norm 1.993567015573e-03 ||r(i)||/||b|| 9.302000167558e-01
  342 KSP Residual norm 4.983293797460e-04
  342 KSP preconditioned resid norm 4.983293797460e-04 true resid norm 1.993317518984e-03 ||r(i)||/||b|| 9.300836014413e-01
  343 KSP Residual norm 4.982670816286e-04
  343 KSP preconditioned resid norm 4.982670816286e-04 true resid norm 1.993068326515e-03 ||r(i)||/||b|| 9.299673280292e-01
  344 KSP Residual norm 4.982048592196e-04
  344 KSP preconditioned resid norm 4.982048592196e-04 true resid norm 1.992819436878e-03 ||r(i)||/||b|| 9.298511959194e-01
  345 KSP Residual norm 4.981427121996e-04
  345 KSP preconditioned resid norm 4.981427121996e-04 true resid norm 1.992570848799e-03 ||r(i)||/||b|| 9.297352045159e-01
  346 KSP Residual norm 4.980806402518e-04
  346 KSP preconditioned resid norm 4.980806402518e-04 true resid norm 1.992322561007e-03 ||r(i)||/||b|| 9.296193532273e-01
  347 KSP Residual norm 4.980186430615e-04
  347 KSP preconditioned resid norm 4.980186430615e-04 true resid norm 1.992074572246e-03 ||r(i)||/||b|| 9.295036414663e-01
  348 KSP Residual norm 4.979567203162e-04
  348 KSP preconditioned resid norm 4.979567203162e-04 true resid norm 1.991826881265e-03 ||r(i)||/||b|| 9.293880686499e-01
  349 KSP Residual norm 4.978948717058e-04
  349 KSP preconditioned resid norm 4.978948717058e-04 true resid norm 1.991579486823e-03 ||r(i)||/||b|| 9.292726341991e-01
  350 KSP Residual norm 4.978330969223e-04
  350 KSP preconditioned resid norm 4.978330969223e-04 true resid norm 1.991332387689e-03 ||r(i)||/||b|| 9.291573375390e-01
  351 KSP Residual norm 4.977713956600e-04
  351 KSP preconditioned resid norm 4.977713956600e-04 true resid norm 1.991085582640e-03 ||r(i)||/||b|| 9.290421780990e-01
  352 KSP Residual norm 4.977097676150e-04
  352 KSP preconditioned resid norm 4.977097676150e-04 true resid norm 1.990839070460e-03 ||r(i)||/||b|| 9.289271553123e-01
  353 KSP Residual norm 4.976482124861e-04
  353 KSP preconditioned resid norm 4.976482124861e-04 true resid norm 1.990592849944e-03 ||r(i)||/||b|| 9.288122686162e-01
  354 KSP Residual norm 4.975867299737e-04
  354 KSP preconditioned resid norm 4.975867299737e-04 true resid norm 1.990346919895e-03 ||r(i)||/||b|| 9.286975174519e-01
  355 KSP Residual norm 4.975253197807e-04
  355 KSP preconditioned resid norm 4.975253197807e-04 true resid norm 1.990101279123e-03 ||r(i)||/||b|| 9.285829012646e-01
  356 KSP Residual norm 4.974639816117e-04
  356 KSP preconditioned resid norm 4.974639816117e-04 true resid norm 1.989855926447e-03 ||r(i)||/||b|| 9.284684195033e-01
  357 KSP Residual norm 4.974027151737e-04
  357 KSP preconditioned resid norm 4.974027151737e-04 true resid norm 1.989610860695e-03 ||r(i)||/||b|| 9.283540716208e-01
  358 KSP Residual norm 4.973415201754e-04
  358 KSP preconditioned resid norm 4.973415201754e-04 true resid norm 1.989366080702e-03 ||r(i)||/||b|| 9.282398570738e-01
  359 KSP Residual norm 4.972803963279e-04
  359 KSP preconditioned resid norm 4.972803963279e-04 true resid norm 1.989121585312e-03 ||r(i)||/||b|| 9.281257753227e-01
  360 KSP Residual norm 4.972193433440e-04
  360 KSP preconditioned resid norm 4.972193433440e-04 true resid norm 1.988877373376e-03 ||r(i)||/||b|| 9.280118258318e-01
  361 KSP Residual norm 4.971583609385e-04
  361 KSP preconditioned resid norm 4.971583609385e-04 true resid norm 1.988633443754e-03 ||r(i)||/||b|| 9.278980080686e-01
  362 KSP Residual norm 4.970974488283e-04
  362 KSP preconditioned resid norm 4.970974488283e-04 true resid norm 1.988389795313e-03 ||r(i)||/||b|| 9.277843215049e-01
  363 KSP Residual norm 4.970366067323e-04
  363 KSP preconditioned resid norm 4.970366067323e-04 true resid norm 1.988146426929e-03 ||r(i)||/||b|| 9.276707656157e-01
  364 KSP Residual norm 4.969758343709e-04
  364 KSP preconditioned resid norm 4.969758343709e-04 true resid norm 1.987903337484e-03 ||r(i)||/||b|| 9.275573398796e-01
  365 KSP Residual norm 4.969151314669e-04
  365 KSP preconditioned resid norm 4.969151314669e-04 true resid norm 1.987660525868e-03 ||r(i)||/||b|| 9.274440437790e-01
  366 KSP Residual norm 4.968544977447e-04
  366 KSP preconditioned resid norm 4.968544977447e-04 true resid norm 1.987417990979e-03 ||r(i)||/||b|| 9.273308767995e-01
  367 KSP Residual norm 4.967939329307e-04
  367 KSP preconditioned resid norm 4.967939329307e-04 true resid norm 1.987175731723e-03 ||r(i)||/||b|| 9.272178384304e-01
  368 KSP Residual norm 4.967334367531e-04
  368 KSP preconditioned resid norm 4.967334367531e-04 true resid norm 1.986933747012e-03 ||r(i)||/||b|| 9.271049281645e-01
  369 KSP Residual norm 4.966730089417e-04
  369 KSP preconditioned resid norm 4.966730089417e-04 true resid norm 1.986692035767e-03 ||r(i)||/||b|| 9.269921454977e-01
  370 KSP Residual norm 4.966126492286e-04
  370 KSP preconditioned resid norm 4.966126492286e-04 true resid norm 1.986450596915e-03 ||r(i)||/||b|| 9.268794899296e-01
  371 KSP Residual norm 4.965523573473e-04
  371 KSP preconditioned resid norm 4.965523573473e-04 true resid norm 1.986209429389e-03 ||r(i)||/||b|| 9.267669609631e-01
  372 KSP Residual norm 4.964921330333e-04
  372 KSP preconditioned resid norm 4.964921330333e-04 true resid norm 1.985968532133e-03 ||r(i)||/||b|| 9.266545581043e-01
  373 KSP Residual norm 4.964319760236e-04
  373 KSP preconditioned resid norm 4.964319760236e-04 true resid norm 1.985727904095e-03 ||r(i)||/||b|| 9.265422808627e-01
  374 KSP Residual norm 4.963718860573e-04
  374 KSP preconditioned resid norm 4.963718860573e-04 true resid norm 1.985487544229e-03 ||r(i)||/||b|| 9.264301287509e-01
  375 KSP Residual norm 4.963118628750e-04
  375 KSP preconditioned resid norm 4.963118628750e-04 true resid norm 1.985247451500e-03 ||r(i)||/||b|| 9.263181012850e-01
  376 KSP Residual norm 4.962519062189e-04
  376 KSP preconditioned resid norm 4.962519062189e-04 true resid norm 1.985007624876e-03 ||r(i)||/||b|| 9.262061979840e-01
  377 KSP Residual norm 4.961920158333e-04
  377 KSP preconditioned resid norm 4.961920158333e-04 true resid norm 1.984768063333e-03 ||r(i)||/||b|| 9.260944183703e-01
  378 KSP Residual norm 4.961321914638e-04
  378 KSP preconditioned resid norm 4.961321914638e-04 true resid norm 1.984528765855e-03 ||r(i)||/||b|| 9.259827619693e-01
  379 KSP Residual norm 4.960724328578e-04
  379 KSP preconditioned resid norm 4.960724328578e-04 true resid norm 1.984289731431e-03 ||r(i)||/||b|| 9.258712283097e-01
  380 KSP Residual norm 4.960127397645e-04
  380 KSP preconditioned resid norm 4.960127397645e-04 true resid norm 1.984050959058e-03 ||r(i)||/||b|| 9.257598169229e-01
  381 KSP Residual norm 4.959531119344e-04
  381 KSP preconditioned resid norm 4.959531119344e-04 true resid norm 1.983812447738e-03 ||r(i)||/||b|| 9.256485273438e-01
  382 KSP Residual norm 4.958935491200e-04
  382 KSP preconditioned resid norm 4.958935491200e-04 true resid norm 1.983574196480e-03 ||r(i)||/||b|| 9.255373591101e-01
  383 KSP Residual norm 4.958340510751e-04
  383 KSP preconditioned resid norm 4.958340510751e-04 true resid norm 1.983336204300e-03 ||r(i)||/||b|| 9.254263117625e-01
  384 KSP Residual norm 4.957746175553e-04
  384 KSP preconditioned resid norm 4.957746175553e-04 true resid norm 1.983098470221e-03 ||r(i)||/||b|| 9.253153848446e-01
  385 KSP Residual norm 4.957152483176e-04
  385 KSP preconditioned resid norm 4.957152483176e-04 true resid norm 1.982860993270e-03 ||r(i)||/||b|| 9.252045779032e-01
  386 KSP Residual norm 4.956559431208e-04
  386 KSP preconditioned resid norm 4.956559431208e-04 true resid norm 1.982623772483e-03 ||r(i)||/||b|| 9.250938904878e-01
  387 KSP Residual norm 4.955967017250e-04
  387 KSP preconditioned resid norm 4.955967017250e-04 true resid norm 1.982386806900e-03 ||r(i)||/||b|| 9.249833221509e-01
  388 KSP Residual norm 4.955375238919e-04
  388 KSP preconditioned resid norm 4.955375238919e-04 true resid norm 1.982150095568e-03 ||r(i)||/||b|| 9.248728724477e-01
  389 KSP Residual norm 4.954784093849e-04
  389 KSP preconditioned resid norm 4.954784093849e-04 true resid norm 1.981913637540e-03 ||r(i)||/||b|| 9.247625409364e-01
  390 KSP Residual norm 4.954193579687e-04
  390 KSP preconditioned resid norm 4.954193579687e-04 true resid norm 1.981677431875e-03 ||r(i)||/||b|| 9.246523271780e-01
  391 KSP Residual norm 4.953603694096e-04
  391 KSP preconditioned resid norm 4.953603694096e-04 true resid norm 1.981441477638e-03 ||r(i)||/||b|| 9.245422307363e-01
  392 KSP Residual norm 4.953014434753e-04
  392 KSP preconditioned resid norm 4.953014434753e-04 true resid norm 1.981205773901e-03 ||r(i)||/||b|| 9.244322511777e-01
  393 KSP Residual norm 4.952425799350e-04
  393 KSP preconditioned resid norm 4.952425799350e-04 true resid norm 1.980970319740e-03 ||r(i)||/||b|| 9.243223880716e-01
  394 KSP Residual norm 4.951837785594e-04
  394 KSP preconditioned resid norm 4.951837785594e-04 true resid norm 1.980735114238e-03 ||r(i)||/||b|| 9.242126409900e-01
  395 KSP Residual norm 4.951250391207e-04
  395 KSP preconditioned resid norm 4.951250391207e-04 true resid norm 1.980500156483e-03 ||r(i)||/||b|| 9.241030095074e-01
  396 KSP Residual norm 4.950663613924e-04
  396 KSP preconditioned resid norm 4.950663613924e-04 true resid norm 1.980265445569e-03 ||r(i)||/||b|| 9.239934932012e-01
  397 KSP Residual norm 4.950077451493e-04
  397 KSP preconditioned resid norm 4.950077451493e-04 true resid norm 1.980030980597e-03 ||r(i)||/||b|| 9.238840916515e-01
  398 KSP Residual norm 4.949491901680e-04
  398 KSP preconditioned resid norm 4.949491901680e-04 true resid norm 1.979796760672e-03 ||r(i)||/||b|| 9.237748044408e-01
  399 KSP Residual norm 4.948906962261e-04
  399 KSP preconditioned resid norm 4.948906962261e-04 true resid norm 1.979562784905e-03 ||r(i)||/||b|| 9.236656311544e-01
  400 KSP Residual norm 4.948322631028e-04
  400 KSP preconditioned resid norm 4.948322631028e-04 true resid norm 1.979329052411e-03 ||r(i)||/||b|| 9.235565713799e-01
  401 KSP Residual norm 4.947738905786e-04
  401 KSP preconditioned resid norm 4.947738905786e-04 true resid norm 1.979095562315e-03 ||r(i)||/||b|| 9.234476247078e-01
  402 KSP Residual norm 4.947155784354e-04
  402 KSP preconditioned resid norm 4.947155784354e-04 true resid norm 1.978862313741e-03 ||r(i)||/||b|| 9.233387907309e-01
  403 KSP Residual norm 4.946573264563e-04
  403 KSP preconditioned resid norm 4.946573264563e-04 true resid norm 1.978629305825e-03 ||r(i)||/||b|| 9.232300690446e-01
  404 KSP Residual norm 4.945991344259e-04
  404 KSP preconditioned resid norm 4.945991344259e-04 true resid norm 1.978396537703e-03 ||r(i)||/||b|| 9.231214592467e-01
  405 KSP Residual norm 4.945410021300e-04
  405 KSP preconditioned resid norm 4.945410021300e-04 true resid norm 1.978164008520e-03 ||r(i)||/||b|| 9.230129609375e-01
  406 KSP Residual norm 4.944829293559e-04
  406 KSP preconditioned resid norm 4.944829293559e-04 true resid norm 1.977931717423e-03 ||r(i)||/||b|| 9.229045737199e-01
  407 KSP Residual norm 4.944249158919e-04
  407 KSP preconditioned resid norm 4.944249158919e-04 true resid norm 1.977699663568e-03 ||r(i)||/||b|| 9.227962971991e-01
  408 KSP Residual norm 4.943669615279e-04
  408 KSP preconditioned resid norm 4.943669615279e-04 true resid norm 1.977467846112e-03 ||r(i)||/||b|| 9.226881309825e-01
  409 KSP Residual norm 4.943090660548e-04
  409 KSP preconditioned resid norm 4.943090660548e-04 true resid norm 1.977236264219e-03 ||r(i)||/||b|| 9.225800746803e-01
  410 KSP Residual norm 4.942512292651e-04
  410 KSP preconditioned resid norm 4.942512292651e-04 true resid norm 1.977004917060e-03 ||r(i)||/||b|| 9.224721279046e-01
  411 KSP Residual norm 4.941934509521e-04
  411 KSP preconditioned resid norm 4.941934509521e-04 true resid norm 1.976773803808e-03 ||r(i)||/||b|| 9.223642902704e-01
  412 KSP Residual norm 4.941357309107e-04
  412 KSP preconditioned resid norm 4.941357309107e-04 true resid norm 1.976542923643e-03 ||r(i)||/||b|| 9.222565613944e-01
  413 KSP Residual norm 4.940780689370e-04
  413 KSP preconditioned resid norm 4.940780689370e-04 true resid norm 1.976312275748e-03 ||r(i)||/||b|| 9.221489408960e-01
  414 KSP Residual norm 4.940204648282e-04
  414 KSP preconditioned resid norm 4.940204648282e-04 true resid norm 1.976081859313e-03 ||r(i)||/||b|| 9.220414283969e-01
  415 KSP Residual norm 4.939629183827e-04
  415 KSP preconditioned resid norm 4.939629183827e-04 true resid norm 1.975851673531e-03 ||r(i)||/||b|| 9.219340235209e-01
  416 KSP Residual norm 4.939054294003e-04
  416 KSP preconditioned resid norm 4.939054294003e-04 true resid norm 1.975621717601e-03 ||r(i)||/||b|| 9.218267258940e-01
  417 KSP Residual norm 4.938479976817e-04
  417 KSP preconditioned resid norm 4.938479976817e-04 true resid norm 1.975391990727e-03 ||r(i)||/||b|| 9.217195351447e-01
  418 KSP Residual norm 4.937906230290e-04
  418 KSP preconditioned resid norm 4.937906230290e-04 true resid norm 1.975162492116e-03 ||r(i)||/||b|| 9.216124509034e-01
  419 KSP Residual norm 4.937333052455e-04
  419 KSP preconditioned resid norm 4.937333052455e-04 true resid norm 1.974933220982e-03 ||r(i)||/||b|| 9.215054728028e-01
  420 KSP Residual norm 4.936760441356e-04
  420 KSP preconditioned resid norm 4.936760441356e-04 true resid norm 1.974704176542e-03 ||r(i)||/||b|| 9.213986004779e-01
  421 KSP Residual norm 4.936188395046e-04
  421 KSP preconditioned resid norm 4.936188395046e-04 true resid norm 1.974475358019e-03 ||r(i)||/||b|| 9.212918335656e-01
  422 KSP Residual norm 4.935616911594e-04
  422 KSP preconditioned resid norm 4.935616911594e-04 true resid norm 1.974246764638e-03 ||r(i)||/||b|| 9.211851717053e-01
  423 KSP Residual norm 4.935045989078e-04
  423 KSP preconditioned resid norm 4.935045989078e-04 true resid norm 1.974018395631e-03 ||r(i)||/||b|| 9.210786145381e-01
  424 KSP Residual norm 4.934475625586e-04
  424 KSP preconditioned resid norm 4.934475625586e-04 true resid norm 1.973790250234e-03 ||r(i)||/||b|| 9.209721617074e-01
  425 KSP Residual norm 4.933905819220e-04
  425 KSP preconditioned resid norm 4.933905819220e-04 true resid norm 1.973562327688e-03 ||r(i)||/||b|| 9.208658128589e-01
  426 KSP Residual norm 4.933336568090e-04
  426 KSP preconditioned resid norm 4.933336568090e-04 true resid norm 1.973334627236e-03 ||r(i)||/||b|| 9.207595676399e-01
  427 KSP Residual norm 4.932767870320e-04
  427 KSP preconditioned resid norm 4.932767870320e-04 true resid norm 1.973107148128e-03 ||r(i)||/||b|| 9.206534257001e-01
  428 KSP Residual norm 4.932199724042e-04
  428 KSP preconditioned resid norm 4.932199724042e-04 true resid norm 1.972879889617e-03 ||r(i)||/||b|| 9.205473866911e-01
  429 KSP Residual norm 4.931632127402e-04
  429 KSP preconditioned resid norm 4.931632127402e-04 true resid norm 1.972652850961e-03 ||r(i)||/||b|| 9.204414502665e-01
  430 KSP Residual norm 4.931065078554e-04
  430 KSP preconditioned resid norm 4.931065078554e-04 true resid norm 1.972426031422e-03 ||r(i)||/||b|| 9.203356160821e-01
  431 KSP Residual norm 4.930498575663e-04
  431 KSP preconditioned resid norm 4.930498575663e-04 true resid norm 1.972199430265e-03 ||r(i)||/||b|| 9.202298837954e-01
  432 KSP Residual norm 4.929932616907e-04
  432 KSP preconditioned resid norm 4.929932616907e-04 true resid norm 1.971973046763e-03 ||r(i)||/||b|| 9.201242530660e-01
  433 KSP Residual norm 4.929367200471e-04
  433 KSP preconditioned resid norm 4.929367200471e-04 true resid norm 1.971746880188e-03 ||r(i)||/||b|| 9.200187235554e-01
  434 KSP Residual norm 4.928802324552e-04
  434 KSP preconditioned resid norm 4.928802324552e-04 true resid norm 1.971520929821e-03 ||r(i)||/||b|| 9.199132949272e-01
  435 KSP Residual norm 4.928237987357e-04
  435 KSP preconditioned resid norm 4.928237987357e-04 true resid norm 1.971295194943e-03 ||r(i)||/||b|| 9.198079668467e-01
  436 KSP Residual norm 4.927674187105e-04
  436 KSP preconditioned resid norm 4.927674187105e-04 true resid norm 1.971069674842e-03 ||r(i)||/||b|| 9.197027389813e-01
  437 KSP Residual norm 4.927110922022e-04
  437 KSP preconditioned resid norm 4.927110922022e-04 true resid norm 1.970844368809e-03 ||r(i)||/||b|| 9.195976110000e-01
  438 KSP Residual norm 4.926548190346e-04
  438 KSP preconditioned resid norm 4.926548190346e-04 true resid norm 1.970619276138e-03 ||r(i)||/||b|| 9.194925825741e-01
  439 KSP Residual norm 4.925985990325e-04
  439 KSP preconditioned resid norm 4.925985990325e-04 true resid norm 1.970394396130e-03 ||r(i)||/||b|| 9.193876533763e-01
  440 KSP Residual norm 4.925424320216e-04
  440 KSP preconditioned resid norm 4.925424320216e-04 true resid norm 1.970169728087e-03 ||r(i)||/||b|| 9.192828230816e-01
  441 KSP Residual norm 4.924863178287e-04
  441 KSP preconditioned resid norm 4.924863178287e-04 true resid norm 1.969945271315e-03 ||r(i)||/||b|| 9.191780913664e-01
  442 KSP Residual norm 4.924302562814e-04
  442 KSP preconditioned resid norm 4.924302562814e-04 true resid norm 1.969721025126e-03 ||r(i)||/||b|| 9.190734579092e-01
  443 KSP Residual norm 4.923742472084e-04
  443 KSP preconditioned resid norm 4.923742472084e-04 true resid norm 1.969496988834e-03 ||r(i)||/||b|| 9.189689223902e-01
  444 KSP Residual norm 4.923182904393e-04
  444 KSP preconditioned resid norm 4.923182904393e-04 true resid norm 1.969273161757e-03 ||r(i)||/||b|| 9.188644844915e-01
  445 KSP Residual norm 4.922623858047e-04
  445 KSP preconditioned resid norm 4.922623858047e-04 true resid norm 1.969049543219e-03 ||r(i)||/||b|| 9.187601438967e-01
  446 KSP Residual norm 4.922065331361e-04
  446 KSP preconditioned resid norm 4.922065331361e-04 true resid norm 1.968826132544e-03 ||r(i)||/||b|| 9.186559002914e-01
  447 KSP Residual norm 4.921507322660e-04
  447 KSP preconditioned resid norm 4.921507322660e-04 true resid norm 1.968602929064e-03 ||r(i)||/||b|| 9.185517533630e-01
  448 KSP Residual norm 4.920949830277e-04
  448 KSP preconditioned resid norm 4.920949830277e-04 true resid norm 1.968379932111e-03 ||r(i)||/||b|| 9.184477028003e-01
  449 KSP Residual norm 4.920392852555e-04
  449 KSP preconditioned resid norm 4.920392852555e-04 true resid norm 1.968157141022e-03 ||r(i)||/||b|| 9.183437482942e-01
  450 KSP Residual norm 4.919836387846e-04
  450 KSP preconditioned resid norm 4.919836387846e-04 true resid norm 1.967934555139e-03 ||r(i)||/||b|| 9.182398895371e-01
  451 KSP Residual norm 4.919280434512e-04
  451 KSP preconditioned resid norm 4.919280434512e-04 true resid norm 1.967712173805e-03 ||r(i)||/||b|| 9.181361262231e-01
  452 KSP Residual norm 4.918724990923e-04
  452 KSP preconditioned resid norm 4.918724990923e-04 true resid norm 1.967489996369e-03 ||r(i)||/||b|| 9.180324580480e-01
  453 KSP Residual norm 4.918170055457e-04
  453 KSP preconditioned resid norm 4.918170055457e-04 true resid norm 1.967268022183e-03 ||r(i)||/||b|| 9.179288847092e-01
  454 KSP Residual norm 4.917615626503e-04
  454 KSP preconditioned resid norm 4.917615626503e-04 true resid norm 1.967046250601e-03 ||r(i)||/||b|| 9.178254059060e-01
  455 KSP Residual norm 4.917061702458e-04
  455 KSP preconditioned resid norm 4.917061702458e-04 true resid norm 1.966824680983e-03 ||r(i)||/||b|| 9.177220213391e-01
  456 KSP Residual norm 4.916508281726e-04
  456 KSP preconditioned resid norm 4.916508281726e-04 true resid norm 1.966603312690e-03 ||r(i)||/||b|| 9.176187307108e-01
  457 KSP Residual norm 4.915955362722e-04
  457 KSP preconditioned resid norm 4.915955362722e-04 true resid norm 1.966382145089e-03 ||r(i)||/||b|| 9.175155337251e-01
  458 KSP Residual norm 4.915402943869e-04
  458 KSP preconditioned resid norm 4.915402943869e-04 true resid norm 1.966161177547e-03 ||r(i)||/||b|| 9.174124300878e-01
  459 KSP Residual norm 4.914851023597e-04
  459 KSP preconditioned resid norm 4.914851023597e-04 true resid norm 1.965940409439e-03 ||r(i)||/||b|| 9.173094195059e-01
  460 KSP Residual norm 4.914299600347e-04
  460 KSP preconditioned resid norm 4.914299600347e-04 true resid norm 1.965719840139e-03 ||r(i)||/||b|| 9.172065016883e-01
  461 KSP Residual norm 4.913748672567e-04
  461 KSP preconditioned resid norm 4.913748672567e-04 true resid norm 1.965499469027e-03 ||r(i)||/||b|| 9.171036763453e-01
  462 KSP Residual norm 4.913198238713e-04
  462 KSP preconditioned resid norm 4.913198238713e-04 true resid norm 1.965279295485e-03 ||r(i)||/||b|| 9.170009431888e-01
  463 KSP Residual norm 4.912648297249e-04
  463 KSP preconditioned resid norm 4.912648297249e-04 true resid norm 1.965059318900e-03 ||r(i)||/||b|| 9.168983019322e-01
  464 KSP Residual norm 4.912098846649e-04
  464 KSP preconditioned resid norm 4.912098846649e-04 true resid norm 1.964839538660e-03 ||r(i)||/||b|| 9.167957522906e-01
  465 KSP Residual norm 4.911549885393e-04
  465 KSP preconditioned resid norm 4.911549885393e-04 true resid norm 1.964619954157e-03 ||r(i)||/||b|| 9.166932939804e-01
  466 KSP Residual norm 4.911001411971e-04
  466 KSP preconditioned resid norm 4.911001411971e-04 true resid norm 1.964400564788e-03 ||r(i)||/||b|| 9.165909267196e-01
  467 KSP Residual norm 4.910453424880e-04
  467 KSP preconditioned resid norm 4.910453424880e-04 true resid norm 1.964181369952e-03 ||r(i)||/||b|| 9.164886502278e-01
  468 KSP Residual norm 4.909905922624e-04
  468 KSP preconditioned resid norm 4.909905922624e-04 true resid norm 1.963962369050e-03 ||r(i)||/||b|| 9.163864642258e-01
  469 KSP Residual norm 4.909358903718e-04
  469 KSP preconditioned resid norm 4.909358903718e-04 true resid norm 1.963743561487e-03 ||r(i)||/||b|| 9.162843684363e-01
  470 KSP Residual norm 4.908812366681e-04
  470 KSP preconditioned resid norm 4.908812366681e-04 true resid norm 1.963524946672e-03 ||r(i)||/||b|| 9.161823625831e-01
  471 KSP Residual norm 4.908266310042e-04
  471 KSP preconditioned resid norm 4.908266310042e-04 true resid norm 1.963306524017e-03 ||r(i)||/||b|| 9.160804463915e-01
  472 KSP Residual norm 4.907720732338e-04
  472 KSP preconditioned resid norm 4.907720732338e-04 true resid norm 1.963088292935e-03 ||r(i)||/||b|| 9.159786195885e-01
  473 KSP Residual norm 4.907175632112e-04
  473 KSP preconditioned resid norm 4.907175632112e-04 true resid norm 1.962870252845e-03 ||r(i)||/||b|| 9.158768819023e-01
  474 KSP Residual norm 4.906631007917e-04
  474 KSP preconditioned resid norm 4.906631007917e-04 true resid norm 1.962652403167e-03 ||r(i)||/||b|| 9.157752330624e-01
  475 KSP Residual norm 4.906086858311e-04
  475 KSP preconditioned resid norm 4.906086858311e-04 true resid norm 1.962434743325e-03 ||r(i)||/||b|| 9.156736728002e-01
  476 KSP Residual norm 4.905543181862e-04
  476 KSP preconditioned resid norm 4.905543181862e-04 true resid norm 1.962217272745e-03 ||r(i)||/||b|| 9.155722008480e-01
  477 KSP Residual norm 4.904999977143e-04
  477 KSP preconditioned resid norm 4.904999977143e-04 true resid norm 1.961999990857e-03 ||r(i)||/||b|| 9.154708169396e-01
  478 KSP Residual norm 4.904457242735e-04
  478 KSP preconditioned resid norm 4.904457242735e-04 true resid norm 1.961782897094e-03 ||r(i)||/||b|| 9.153695208105e-01
  479 KSP Residual norm 4.903914977229e-04
  479 KSP preconditioned resid norm 4.903914977229e-04 true resid norm 1.961565990892e-03 ||r(i)||/||b|| 9.152683121971e-01
  480 KSP Residual norm 4.903373179219e-04
  480 KSP preconditioned resid norm 4.903373179219e-04 true resid norm 1.961349271688e-03 ||r(i)||/||b|| 9.151671908375e-01
  481 KSP Residual norm 4.902831847310e-04
  481 KSP preconditioned resid norm 4.902831847310e-04 true resid norm 1.961132738924e-03 ||r(i)||/||b|| 9.150661564711e-01
  482 KSP Residual norm 4.902290980112e-04
  482 KSP preconditioned resid norm 4.902290980112e-04 true resid norm 1.960916392045e-03 ||r(i)||/||b|| 9.149652088384e-01
  483 KSP Residual norm 4.901750576242e-04
  483 KSP preconditioned resid norm 4.901750576242e-04 true resid norm 1.960700230497e-03 ||r(i)||/||b|| 9.148643476816e-01
  484 KSP Residual norm 4.901210634326e-04
  484 KSP preconditioned resid norm 4.901210634326e-04 true resid norm 1.960484253731e-03 ||r(i)||/||b|| 9.147635727439e-01
  485 KSP Residual norm 4.900671152996e-04
  485 KSP preconditioned resid norm 4.900671152996e-04 true resid norm 1.960268461198e-03 ||r(i)||/||b|| 9.146628837701e-01
  486 KSP Residual norm 4.900132130889e-04
  486 KSP preconditioned resid norm 4.900132130889e-04 true resid norm 1.960052852356e-03 ||r(i)||/||b|| 9.145622805060e-01
  487 KSP Residual norm 4.899593566653e-04
  487 KSP preconditioned resid norm 4.899593566653e-04 true resid norm 1.959837426661e-03 ||r(i)||/||b|| 9.144617626988e-01
  488 KSP Residual norm 4.899055458938e-04
  488 KSP preconditioned resid norm 4.899055458938e-04 true resid norm 1.959622183575e-03 ||r(i)||/||b|| 9.143613300972e-01
  489 KSP Residual norm 4.898517806406e-04
  489 KSP preconditioned resid norm 4.898517806406e-04 true resid norm 1.959407122563e-03 ||r(i)||/||b|| 9.142609824509e-01
  490 KSP Residual norm 4.897980607722e-04
  490 KSP preconditioned resid norm 4.897980607722e-04 true resid norm 1.959192243089e-03 ||r(i)||/||b|| 9.141607195110e-01
  491 KSP Residual norm 4.897443861560e-04
  491 KSP preconditioned resid norm 4.897443861560e-04 true resid norm 1.958977544624e-03 ||r(i)||/||b|| 9.140605410298e-01
  492 KSP Residual norm 4.896907566598e-04
  492 KSP preconditioned resid norm 4.896907566598e-04 true resid norm 1.958763026639e-03 ||r(i)||/||b|| 9.139604467608e-01
  493 KSP Residual norm 4.896371721523e-04
  493 KSP preconditioned resid norm 4.896371721523e-04 true resid norm 1.958548688609e-03 ||r(i)||/||b|| 9.138604364589e-01
  494 KSP Residual norm 4.895836325028e-04
  494 KSP preconditioned resid norm 4.895836325028e-04 true resid norm 1.958334530011e-03 ||r(i)||/||b|| 9.137605098801e-01
  495 KSP Residual norm 4.895301375812e-04
  495 KSP preconditioned resid norm 4.895301375812e-04 true resid norm 1.958120550325e-03 ||r(i)||/||b|| 9.136606667817e-01
  496 KSP Residual norm 4.894766872582e-04
  496 KSP preconditioned resid norm 4.894766872582e-04 true resid norm 1.957906749033e-03 ||r(i)||/||b|| 9.135609069222e-01
  497 KSP Residual norm 4.894232814050e-04
  497 KSP preconditioned resid norm 4.894232814050e-04 true resid norm 1.957693125620e-03 ||r(i)||/||b|| 9.134612300612e-01
  498 KSP Residual norm 4.893699198933e-04
  498 KSP preconditioned resid norm 4.893699198933e-04 true resid norm 1.957479679573e-03 ||r(i)||/||b|| 9.133616359595e-01
  499 KSP Residual norm 4.893166025959e-04
  499 KSP preconditioned resid norm 4.893166025959e-04 true resid norm 1.957266410384e-03 ||r(i)||/||b|| 9.132621243793e-01
  500 KSP Residual norm 4.892633293858e-04
  500 KSP preconditioned resid norm 4.892633293858e-04 true resid norm 1.957053317543e-03 ||r(i)||/||b|| 9.131626950838e-01
  501 KSP Residual norm 4.892101001367e-04
  501 KSP preconditioned resid norm 4.892101001367e-04 true resid norm 1.956840400547e-03 ||r(i)||/||b|| 9.130633478375e-01
  502 KSP Residual norm 4.891569147231e-04
  502 KSP preconditioned resid norm 4.891569147231e-04 true resid norm 1.956627658892e-03 ||r(i)||/||b|| 9.129640824057e-01
  503 KSP Residual norm 4.891037730200e-04
  503 KSP preconditioned resid norm 4.891037730200e-04 true resid norm 1.956415092080e-03 ||r(i)||/||b|| 9.128648985554e-01
  504 KSP Residual norm 4.890506749030e-04
  504 KSP preconditioned resid norm 4.890506749030e-04 true resid norm 1.956202699612e-03 ||r(i)||/||b|| 9.127657960544e-01
  505 KSP Residual norm 4.889976202484e-04
  505 KSP preconditioned resid norm 4.889976202484e-04 true resid norm 1.955990480994e-03 ||r(i)||/||b|| 9.126667746717e-01
  506 KSP Residual norm 4.889446089330e-04
  506 KSP preconditioned resid norm 4.889446089330e-04 true resid norm 1.955778435732e-03 ||r(i)||/||b|| 9.125678341773e-01
  507 KSP Residual norm 4.888916408342e-04
  507 KSP preconditioned resid norm 4.888916408342e-04 true resid norm 1.955566563337e-03 ||r(i)||/||b|| 9.124689743427e-01
  508 KSP Residual norm 4.888387158301e-04
  508 KSP preconditioned resid norm 4.888387158301e-04 true resid norm 1.955354863321e-03 ||r(i)||/||b|| 9.123701949402e-01
  509 KSP Residual norm 4.887858337994e-04
  509 KSP preconditioned resid norm 4.887858337994e-04 true resid norm 1.955143335198e-03 ||r(i)||/||b|| 9.122714957433e-01
  510 KSP Residual norm 4.887329946212e-04
  510 KSP preconditioned resid norm 4.887329946212e-04 true resid norm 1.954931978485e-03 ||r(i)||/||b|| 9.121728765265e-01
  511 KSP Residual norm 4.886801981755e-04
  511 KSP preconditioned resid norm 4.886801981755e-04 true resid norm 1.954720792702e-03 ||r(i)||/||b|| 9.120743370656e-01
  512 KSP Residual norm 4.886274443424e-04
  512 KSP preconditioned resid norm 4.886274443424e-04 true resid norm 1.954509777370e-03 ||r(i)||/||b|| 9.119758771373e-01
  513 KSP Residual norm 4.885747330032e-04
  513 KSP preconditioned resid norm 4.885747330032e-04 true resid norm 1.954298932013e-03 ||r(i)||/||b|| 9.118774965195e-01
  514 KSP Residual norm 4.885220640392e-04
  514 KSP preconditioned resid norm 4.885220640392e-04 true resid norm 1.954088256157e-03 ||r(i)||/||b|| 9.117791949910e-01
  515 KSP Residual norm 4.884694373326e-04
  515 KSP preconditioned resid norm 4.884694373326e-04 true resid norm 1.953877749331e-03 ||r(i)||/||b|| 9.116809723319e-01
  516 KSP Residual norm 4.884168527662e-04
  516 KSP preconditioned resid norm 4.884168527662e-04 true resid norm 1.953667411065e-03 ||r(i)||/||b|| 9.115828283233e-01
  517 KSP Residual norm 4.883643102230e-04
  517 KSP preconditioned resid norm 4.883643102230e-04 true resid norm 1.953457240892e-03 ||r(i)||/||b|| 9.114847627471e-01
  518 KSP Residual norm 4.883118095870e-04
  518 KSP preconditioned resid norm 4.883118095870e-04 true resid norm 1.953247238348e-03 ||r(i)||/||b|| 9.113867753866e-01
  519 KSP Residual norm 4.882593507425e-04
  519 KSP preconditioned resid norm 4.882593507425e-04 true resid norm 1.953037402970e-03 ||r(i)||/||b|| 9.112888660258e-01
  520 KSP Residual norm 4.882069335744e-04
  520 KSP preconditioned resid norm 4.882069335744e-04 true resid norm 1.952827734298e-03 ||r(i)||/||b|| 9.111910344500e-01
  521 KSP Residual norm 4.881545579682e-04
  521 KSP preconditioned resid norm 4.881545579682e-04 true resid norm 1.952618231873e-03 ||r(i)||/||b|| 9.110932804454e-01
  522 KSP Residual norm 4.881022238098e-04
  522 KSP preconditioned resid norm 4.881022238098e-04 true resid norm 1.952408895239e-03 ||r(i)||/||b|| 9.109956037993e-01
  523 KSP Residual norm 4.880499309859e-04
  523 KSP preconditioned resid norm 4.880499309859e-04 true resid norm 1.952199723943e-03 ||r(i)||/||b|| 9.108980042997e-01
  524 KSP Residual norm 4.879976793833e-04
  524 KSP preconditioned resid norm 4.879976793833e-04 true resid norm 1.951990717533e-03 ||r(i)||/||b|| 9.108004817361e-01
  525 KSP Residual norm 4.879454688899e-04
  525 KSP preconditioned resid norm 4.879454688899e-04 true resid norm 1.951781875560e-03 ||r(i)||/||b|| 9.107030358986e-01
  526 KSP Residual norm 4.878932993937e-04
  526 KSP preconditioned resid norm 4.878932993937e-04 true resid norm 1.951573197575e-03 ||r(i)||/||b|| 9.106056665784e-01
  527 KSP Residual norm 4.878411707833e-04
  527 KSP preconditioned resid norm 4.878411707833e-04 true resid norm 1.951364683133e-03 ||r(i)||/||b|| 9.105083735678e-01
  528 KSP Residual norm 4.877890829481e-04
  528 KSP preconditioned resid norm 4.877890829481e-04 true resid norm 1.951156331792e-03 ||r(i)||/||b|| 9.104111566599e-01
  529 KSP Residual norm 4.877370357775e-04
  529 KSP preconditioned resid norm 4.877370357775e-04 true resid norm 1.950948143110e-03 ||r(i)||/||b|| 9.103140156488e-01
  530 KSP Residual norm 4.876850291620e-04
  530 KSP preconditioned resid norm 4.876850291620e-04 true resid norm 1.950740116648e-03 ||r(i)||/||b|| 9.102169503297e-01
  531 KSP Residual norm 4.876330629922e-04
  531 KSP preconditioned resid norm 4.876330629922e-04 true resid norm 1.950532251969e-03 ||r(i)||/||b|| 9.101199604985e-01
  532 KSP Residual norm 4.875811371593e-04
  532 KSP preconditioned resid norm 4.875811371593e-04 true resid norm 1.950324548637e-03 ||r(i)||/||b|| 9.100230459525e-01
  533 KSP Residual norm 4.875292515552e-04
  533 KSP preconditioned resid norm 4.875292515552e-04 true resid norm 1.950117006221e-03 ||r(i)||/||b|| 9.099262064893e-01
  534 KSP Residual norm 4.874774060719e-04
  534 KSP preconditioned resid norm 4.874774060719e-04 true resid norm 1.949909624288e-03 ||r(i)||/||b|| 9.098294419081e-01
  535 KSP Residual norm 4.874256006024e-04
  535 KSP preconditioned resid norm 4.874256006024e-04 true resid norm 1.949702402410e-03 ||r(i)||/||b|| 9.097327520085e-01
  536 KSP Residual norm 4.873738350398e-04
  536 KSP preconditioned resid norm 4.873738350398e-04 true resid norm 1.949495340159e-03 ||r(i)||/||b|| 9.096361365914e-01
  537 KSP Residual norm 4.873221092778e-04
  537 KSP preconditioned resid norm 4.873221092778e-04 true resid norm 1.949288437111e-03 ||r(i)||/||b|| 9.095395954583e-01
  538 KSP Residual norm 4.872704232108e-04
  538 KSP preconditioned resid norm 4.872704232108e-04 true resid norm 1.949081692843e-03 ||r(i)||/||b|| 9.094431284119e-01
  539 KSP Residual norm 4.872187767333e-04
  539 KSP preconditioned resid norm 4.872187767333e-04 true resid norm 1.948875106933e-03 ||r(i)||/||b|| 9.093467352556e-01
  540 KSP Residual norm 4.871671697406e-04
  540 KSP preconditioned resid norm 4.871671697406e-04 true resid norm 1.948668678962e-03 ||r(i)||/||b|| 9.092504157939e-01
  541 KSP Residual norm 4.871156021284e-04
  541 KSP preconditioned resid norm 4.871156021284e-04 true resid norm 1.948462408513e-03 ||r(i)||/||b|| 9.091541698320e-01
  542 KSP Residual norm 4.870640737927e-04
  542 KSP preconditioned resid norm 4.870640737927e-04 true resid norm 1.948256295171e-03 ||r(i)||/||b|| 9.090579971760e-01
  543 KSP Residual norm 4.870125846303e-04
  543 KSP preconditioned resid norm 4.870125846303e-04 true resid norm 1.948050338521e-03 ||r(i)||/||b|| 9.089618976331e-01
  544 KSP Residual norm 4.869611345382e-04
  544 KSP preconditioned resid norm 4.869611345382e-04 true resid norm 1.947844538153e-03 ||r(i)||/||b|| 9.088658710111e-01
  545 KSP Residual norm 4.869097234139e-04
  545 KSP preconditioned resid norm 4.869097234139e-04 true resid norm 1.947638893656e-03 ||r(i)||/||b|| 9.087699171188e-01
  546 KSP Residual norm 4.868583511555e-04
  546 KSP preconditioned resid norm 4.868583511555e-04 true resid norm 1.947433404622e-03 ||r(i)||/||b|| 9.086740357660e-01
  547 KSP Residual norm 4.868070176615e-04
  547 KSP preconditioned resid norm 4.868070176615e-04 true resid norm 1.947228070646e-03 ||r(i)||/||b|| 9.085782267632e-01
  548 KSP Residual norm 4.867557228309e-04
  548 KSP preconditioned resid norm 4.867557228309e-04 true resid norm 1.947022891323e-03 ||r(i)||/||b|| 9.084824899216e-01
  549 KSP Residual norm 4.867044665629e-04
  549 KSP preconditioned resid norm 4.867044665629e-04 true resid norm 1.946817866252e-03 ||r(i)||/||b|| 9.083868250537e-01
  550 KSP Residual norm 4.866532487575e-04
  550 KSP preconditioned resid norm 4.866532487575e-04 true resid norm 1.946612995030e-03 ||r(i)||/||b|| 9.082912319723e-01
  551 KSP Residual norm 4.866020693149e-04
  551 KSP preconditioned resid norm 4.866020693149e-04 true resid norm 1.946408277260e-03 ||r(i)||/||b|| 9.081957104916e-01
  552 KSP Residual norm 4.865509281360e-04
  552 KSP preconditioned resid norm 4.865509281360e-04 true resid norm 1.946203712544e-03 ||r(i)||/||b|| 9.081002604262e-01
  553 KSP Residual norm 4.864998251218e-04
  553 KSP preconditioned resid norm 4.864998251218e-04 true resid norm 1.945999300487e-03 ||r(i)||/||b|| 9.080048815917e-01
  554 KSP Residual norm 4.864487601741e-04
  554 KSP preconditioned resid norm 4.864487601741e-04 true resid norm 1.945795040696e-03 ||r(i)||/||b|| 9.079095738045e-01
  555 KSP Residual norm 4.863977331949e-04
  555 KSP preconditioned resid norm 4.863977331949e-04 true resid norm 1.945590932780e-03 ||r(i)||/||b|| 9.078143368819e-01
  556 KSP Residual norm 4.863467440867e-04
  556 KSP preconditioned resid norm 4.863467440867e-04 true resid norm 1.945386976347e-03 ||r(i)||/||b|| 9.077191706418e-01
  557 KSP Residual norm 4.862957927525e-04
  557 KSP preconditioned resid norm 4.862957927525e-04 true resid norm 1.945183171010e-03 ||r(i)||/||b|| 9.076240749032e-01
  558 KSP Residual norm 4.862448790956e-04
  558 KSP preconditioned resid norm 4.862448790956e-04 true resid norm 1.944979516382e-03 ||r(i)||/||b|| 9.075290494857e-01
  559 KSP Residual norm 4.861940030198e-04
  559 KSP preconditioned resid norm 4.861940030198e-04 true resid norm 1.944776012079e-03 ||r(i)||/||b|| 9.074340942097e-01
  560 KSP Residual norm 4.861431644294e-04
  560 KSP preconditioned resid norm 4.861431644294e-04 true resid norm 1.944572657717e-03 ||r(i)||/||b|| 9.073392088965e-01
  561 KSP Residual norm 4.860923632289e-04
  561 KSP preconditioned resid norm 4.860923632289e-04 true resid norm 1.944369452916e-03 ||r(i)||/||b|| 9.072443933680e-01
  562 KSP Residual norm 4.860415993236e-04
  562 KSP preconditioned resid norm 4.860415993236e-04 true resid norm 1.944166397294e-03 ||r(i)||/||b|| 9.071496474473e-01
  563 KSP Residual norm 4.859908726187e-04
  563 KSP preconditioned resid norm 4.859908726187e-04 true resid norm 1.943963490475e-03 ||r(i)||/||b|| 9.070549709577e-01
  564 KSP Residual norm 4.859401830203e-04
  564 KSP preconditioned resid norm 4.859401830203e-04 true resid norm 1.943760732081e-03 ||r(i)||/||b|| 9.069603637237e-01
  565 KSP Residual norm 4.858895304347e-04
  565 KSP preconditioned resid norm 4.858895304347e-04 true resid norm 1.943558121739e-03 ||r(i)||/||b|| 9.068658255705e-01
  566 KSP Residual norm 4.858389147685e-04
  566 KSP preconditioned resid norm 4.858389147685e-04 true resid norm 1.943355659074e-03 ||r(i)||/||b|| 9.067713563239e-01
  567 KSP Residual norm 4.857883359290e-04
  567 KSP preconditioned resid norm 4.857883359290e-04 true resid norm 1.943153343716e-03 ||r(i)||/||b|| 9.066769558106e-01
  568 KSP Residual norm 4.857377938236e-04
  568 KSP preconditioned resid norm 4.857377938236e-04 true resid norm 1.942951175294e-03 ||r(i)||/||b|| 9.065826238579e-01
  569 KSP Residual norm 4.856872883602e-04
  569 KSP preconditioned resid norm 4.856872883602e-04 true resid norm 1.942749153441e-03 ||r(i)||/||b|| 9.064883602942e-01
  570 KSP Residual norm 4.856368194472e-04
  570 KSP preconditioned resid norm 4.856368194472e-04 true resid norm 1.942547277789e-03 ||r(i)||/||b|| 9.063941649482e-01
  571 KSP Residual norm 4.855863869934e-04
  571 KSP preconditioned resid norm 4.855863869934e-04 true resid norm 1.942345547974e-03 ||r(i)||/||b|| 9.063000376497e-01
  572 KSP Residual norm 4.855359909079e-04
  572 KSP preconditioned resid norm 4.855359909079e-04 true resid norm 1.942143963631e-03 ||r(i)||/||b|| 9.062059782291e-01
  573 KSP Residual norm 4.854856311001e-04
  573 KSP preconditioned resid norm 4.854856311001e-04 true resid norm 1.941942524400e-03 ||r(i)||/||b|| 9.061119865173e-01
  574 KSP Residual norm 4.854353074799e-04
  574 KSP preconditioned resid norm 4.854353074799e-04 true resid norm 1.941741229920e-03 ||r(i)||/||b|| 9.060180623464e-01
  575 KSP Residual norm 4.853850199578e-04
  575 KSP preconditioned resid norm 4.853850199578e-04 true resid norm 1.941540079831e-03 ||r(i)||/||b|| 9.059242055489e-01
  576 KSP Residual norm 4.853347684443e-04
  576 KSP preconditioned resid norm 4.853347684443e-04 true resid norm 1.941339073777e-03 ||r(i)||/||b|| 9.058304159580e-01
  577 KSP Residual norm 4.852845528505e-04
  577 KSP preconditioned resid norm 4.852845528505e-04 true resid norm 1.941138211402e-03 ||r(i)||/||b|| 9.057366934079e-01
  578 KSP Residual norm 4.852343730879e-04
  578 KSP preconditioned resid norm 4.852343730879e-04 true resid norm 1.940937492352e-03 ||r(i)||/||b|| 9.056430377331e-01
  579 KSP Residual norm 4.851842290683e-04
  579 KSP preconditioned resid norm 4.851842290683e-04 true resid norm 1.940736916273e-03 ||r(i)||/||b|| 9.055494487691e-01
  580 KSP Residual norm 4.851341207039e-04
  580 KSP preconditioned resid norm 4.851341207039e-04 true resid norm 1.940536482816e-03 ||r(i)||/||b|| 9.054559263521e-01
  581 KSP Residual norm 4.850840479072e-04
  581 KSP preconditioned resid norm 4.850840479072e-04 true resid norm 1.940336191629e-03 ||r(i)||/||b|| 9.053624703189e-01
  582 KSP Residual norm 4.850340105913e-04
  582 KSP preconditioned resid norm 4.850340105913e-04 true resid norm 1.940136042365e-03 ||r(i)||/||b|| 9.052690805070e-01
  583 KSP Residual norm 4.849840086693e-04
  583 KSP preconditioned resid norm 4.849840086693e-04 true resid norm 1.939936034677e-03 ||r(i)||/||b|| 9.051757567546e-01
  584 KSP Residual norm 4.849340420550e-04
  584 KSP preconditioned resid norm 4.849340420550e-04 true resid norm 1.939736168220e-03 ||r(i)||/||b|| 9.050824989006e-01
  585 KSP Residual norm 4.848841106625e-04
  585 KSP preconditioned resid norm 4.848841106625e-04 true resid norm 1.939536442650e-03 ||r(i)||/||b|| 9.049893067845e-01
  586 KSP Residual norm 4.848342144061e-04
  586 KSP preconditioned resid norm 4.848342144061e-04 true resid norm 1.939336857624e-03 ||r(i)||/||b|| 9.048961802467e-01
  587 KSP Residual norm 4.847843532006e-04
  587 KSP preconditioned resid norm 4.847843532006e-04 true resid norm 1.939137412802e-03 ||r(i)||/||b|| 9.048031191280e-01
  588 KSP Residual norm 4.847345269612e-04
  588 KSP preconditioned resid norm 4.847345269612e-04 true resid norm 1.938938107845e-03 ||r(i)||/||b|| 9.047101232700e-01
  589 KSP Residual norm 4.846847356033e-04
  589 KSP preconditioned resid norm 4.846847356033e-04 true resid norm 1.938738942413e-03 ||r(i)||/||b|| 9.046171925150e-01
  590 KSP Residual norm 4.846349790427e-04
  590 KSP preconditioned resid norm 4.846349790427e-04 true resid norm 1.938539916171e-03 ||r(i)||/||b|| 9.045243267060e-01
  591 KSP Residual norm 4.845852571957e-04
  591 KSP preconditioned resid norm 4.845852571957e-04 true resid norm 1.938341028783e-03 ||r(i)||/||b|| 9.044315256864e-01
  592 KSP Residual norm 4.845355699788e-04
  592 KSP preconditioned resid norm 4.845355699788e-04 true resid norm 1.938142279915e-03 ||r(i)||/||b|| 9.043387893005e-01
  593 KSP Residual norm 4.844859173089e-04
  593 KSP preconditioned resid norm 4.844859173089e-04 true resid norm 1.937943669236e-03 ||r(i)||/||b|| 9.042461173933e-01
  594 KSP Residual norm 4.844362991032e-04
  594 KSP preconditioned resid norm 4.844362991032e-04 true resid norm 1.937745196413e-03 ||r(i)||/||b|| 9.041535098101e-01
  595 KSP Residual norm 4.843867152793e-04
  595 KSP preconditioned resid norm 4.843867152793e-04 true resid norm 1.937546861117e-03 ||r(i)||/||b|| 9.040609663972e-01
  596 KSP Residual norm 4.843371657550e-04
  596 KSP preconditioned resid norm 4.843371657550e-04 true resid norm 1.937348663020e-03 ||r(i)||/||b|| 9.039684870015e-01
  597 KSP Residual norm 4.842876504488e-04
  597 KSP preconditioned resid norm 4.842876504488e-04 true resid norm 1.937150601795e-03 ||r(i)||/||b|| 9.038760714702e-01
  598 KSP Residual norm 4.842381692791e-04
  598 KSP preconditioned resid norm 4.842381692791e-04 true resid norm 1.936952677116e-03 ||r(i)||/||b|| 9.037837196516e-01
  599 KSP Residual norm 4.841887221649e-04
  599 KSP preconditioned resid norm 4.841887221649e-04 true resid norm 1.936754888660e-03 ||r(i)||/||b|| 9.036914313942e-01
  600 KSP Residual norm 4.841393090255e-04
  600 KSP preconditioned resid norm 4.841393090255e-04 true resid norm 1.936557236102e-03 ||r(i)||/||b|| 9.035992065475e-01
  601 KSP Residual norm 4.840899297804e-04
  601 KSP preconditioned resid norm 4.840899297804e-04 true resid norm 1.936359719122e-03 ||r(i)||/||b|| 9.035070449613e-01
  602 KSP Residual norm 4.840405843497e-04
  602 KSP preconditioned resid norm 4.840405843497e-04 true resid norm 1.936162337399e-03 ||r(i)||/||b|| 9.034149464863e-01
  603 KSP Residual norm 4.839912726535e-04
  603 KSP preconditioned resid norm 4.839912726535e-04 true resid norm 1.935965090614e-03 ||r(i)||/||b|| 9.033229109735e-01
  604 KSP Residual norm 4.839419946124e-04
  604 KSP preconditioned resid norm 4.839419946124e-04 true resid norm 1.935767978450e-03 ||r(i)||/||b|| 9.032309382748e-01
  605 KSP Residual norm 4.838927501474e-04
  605 KSP preconditioned resid norm 4.838927501474e-04 true resid norm 1.935571000590e-03 ||r(i)||/||b|| 9.031390282425e-01
  606 KSP Residual norm 4.838435391797e-04
  606 KSP preconditioned resid norm 4.838435391797e-04 true resid norm 1.935374156719e-03 ||r(i)||/||b|| 9.030471807297e-01
  607 KSP Residual norm 4.837943616308e-04
  607 KSP preconditioned resid norm 4.837943616308e-04 true resid norm 1.935177446523e-03 ||r(i)||/||b|| 9.029553955898e-01
  608 KSP Residual norm 4.837452174226e-04
  608 KSP preconditioned resid norm 4.837452174226e-04 true resid norm 1.934980869690e-03 ||r(i)||/||b|| 9.028636726772e-01
  609 KSP Residual norm 4.836961064772e-04
  609 KSP preconditioned resid norm 4.836961064772e-04 true resid norm 1.934784425909e-03 ||r(i)||/||b|| 9.027720118466e-01
  610 KSP Residual norm 4.836470287173e-04
  610 KSP preconditioned resid norm 4.836470287173e-04 true resid norm 1.934588114869e-03 ||r(i)||/||b|| 9.026804129532e-01
  611 KSP Residual norm 4.835979840656e-04
  611 KSP preconditioned resid norm 4.835979840656e-04 true resid norm 1.934391936263e-03 ||r(i)||/||b|| 9.025888758532e-01
  612 KSP Residual norm 4.835489724453e-04
  612 KSP preconditioned resid norm 4.835489724453e-04 true resid norm 1.934195889781e-03 ||r(i)||/||b|| 9.024974004030e-01
  613 KSP Residual norm 4.834999937797e-04
  613 KSP preconditioned resid norm 4.834999937797e-04 true resid norm 1.933999975119e-03 ||r(i)||/||b|| 9.024059864596e-01
  614 KSP Residual norm 4.834510479926e-04
  614 KSP preconditioned resid norm 4.834510479926e-04 true resid norm 1.933804191971e-03 ||r(i)||/||b|| 9.023146338809e-01
  615 KSP Residual norm 4.834021350082e-04
  615 KSP preconditioned resid norm 4.834021350082e-04 true resid norm 1.933608540033e-03 ||r(i)||/||b|| 9.022233425250e-01
  616 KSP Residual norm 4.833532547506e-04
  616 KSP preconditioned resid norm 4.833532547506e-04 true resid norm 1.933413019002e-03 ||r(i)||/||b|| 9.021321122508e-01
  617 KSP Residual norm 4.833044071447e-04
  617 KSP preconditioned resid norm 4.833044071447e-04 true resid norm 1.933217628579e-03 ||r(i)||/||b|| 9.020409429176e-01
  618 KSP Residual norm 4.832555921153e-04
  618 KSP preconditioned resid norm 4.832555921153e-04 true resid norm 1.933022368461e-03 ||r(i)||/||b|| 9.019498343855e-01
  619 KSP Residual norm 4.832068095878e-04
  619 KSP preconditioned resid norm 4.832068095878e-04 true resid norm 1.932827238351e-03 ||r(i)||/||b|| 9.018587865148e-01
  620 KSP Residual norm 4.831580594876e-04
  620 KSP preconditioned resid norm 4.831580594876e-04 true resid norm 1.932632237950e-03 ||r(i)||/||b|| 9.017677991668e-01
  621 KSP Residual norm 4.831093417407e-04
  621 KSP preconditioned resid norm 4.831093417407e-04 true resid norm 1.932437366963e-03 ||r(i)||/||b|| 9.016768722029e-01
  622 KSP Residual norm 4.830606562732e-04
  622 KSP preconditioned resid norm 4.830606562732e-04 true resid norm 1.932242625093e-03 ||r(i)||/||b|| 9.015860054854e-01
  623 KSP Residual norm 4.830120030115e-04
  623 KSP preconditioned resid norm 4.830120030115e-04 true resid norm 1.932048012046e-03 ||r(i)||/||b|| 9.014951988769e-01
  624 KSP Residual norm 4.829633818823e-04
  624 KSP preconditioned resid norm 4.829633818823e-04 true resid norm 1.931853527529e-03 ||r(i)||/||b|| 9.014044522408e-01
  625 KSP Residual norm 4.829147928128e-04
  625 KSP preconditioned resid norm 4.829147928128e-04 true resid norm 1.931659171251e-03 ||r(i)||/||b|| 9.013137654409e-01
  626 KSP Residual norm 4.828662357302e-04
  626 KSP preconditioned resid norm 4.828662357302e-04 true resid norm 1.931464942921e-03 ||r(i)||/||b|| 9.012231383414e-01
  627 KSP Residual norm 4.828177105621e-04
  627 KSP preconditioned resid norm 4.828177105621e-04 true resid norm 1.931270842248e-03 ||r(i)||/||b|| 9.011325708072e-01
  628 KSP Residual norm 4.827692172364e-04
  628 KSP preconditioned resid norm 4.827692172364e-04 true resid norm 1.931076868945e-03 ||r(i)||/||b|| 9.010420627038e-01
  629 KSP Residual norm 4.827207556812e-04
  629 KSP preconditioned resid norm 4.827207556812e-04 true resid norm 1.930883022725e-03 ||r(i)||/||b|| 9.009516138971e-01
  630 KSP Residual norm 4.826723258250e-04
  630 KSP preconditioned resid norm 4.826723258250e-04 true resid norm 1.930689303300e-03 ||r(i)||/||b|| 9.008612242535e-01
  631 KSP Residual norm 4.826239275966e-04
  631 KSP preconditioned resid norm 4.826239275966e-04 true resid norm 1.930495710386e-03 ||r(i)||/||b|| 9.007708936400e-01
  632 KSP Residual norm 4.825755609249e-04
  632 KSP preconditioned resid norm 4.825755609249e-04 true resid norm 1.930302243700e-03 ||r(i)||/||b|| 9.006806219241e-01
  633 KSP Residual norm 4.825272257393e-04
  633 KSP preconditioned resid norm 4.825272257393e-04 true resid norm 1.930108902957e-03 ||r(i)||/||b|| 9.005904089739e-01
  634 KSP Residual norm 4.824789219692e-04
  634 KSP preconditioned resid norm 4.824789219692e-04 true resid norm 1.929915687877e-03 ||r(i)||/||b|| 9.005002546578e-01
  635 KSP Residual norm 4.824306495446e-04
  635 KSP preconditioned resid norm 4.824306495446e-04 true resid norm 1.929722598178e-03 ||r(i)||/||b|| 9.004101588449e-01
  636 KSP Residual norm 4.823824083955e-04
  636 KSP preconditioned resid norm 4.823824083955e-04 true resid norm 1.929529633582e-03 ||r(i)||/||b|| 9.003201214048e-01
  637 KSP Residual norm 4.823341984523e-04
  637 KSP preconditioned resid norm 4.823341984523e-04 true resid norm 1.929336793809e-03 ||r(i)||/||b|| 9.002301422074e-01
  638 KSP Residual norm 4.822860196457e-04
  638 KSP preconditioned resid norm 4.822860196457e-04 true resid norm 1.929144078583e-03 ||r(i)||/||b|| 9.001402211235e-01
  639 KSP Residual norm 4.822378719065e-04
  639 KSP preconditioned resid norm 4.822378719065e-04 true resid norm 1.928951487626e-03 ||r(i)||/||b|| 9.000503580240e-01
  640 KSP Residual norm 4.821897551660e-04
  640 KSP preconditioned resid norm 4.821897551660e-04 true resid norm 1.928759020664e-03 ||r(i)||/||b|| 8.999605527804e-01
  641 KSP Residual norm 4.821416693556e-04
  641 KSP preconditioned resid norm 4.821416693556e-04 true resid norm 1.928566677422e-03 ||r(i)||/||b|| 8.998708052649e-01
  642 KSP Residual norm 4.820936144070e-04
  642 KSP preconditioned resid norm 4.820936144070e-04 true resid norm 1.928374457628e-03 ||r(i)||/||b|| 8.997811153500e-01
  643 KSP Residual norm 4.820455902522e-04
  643 KSP preconditioned resid norm 4.820455902522e-04 true resid norm 1.928182361009e-03 ||r(i)||/||b|| 8.996914829088e-01
  644 KSP Residual norm 4.819975968234e-04
  644 KSP preconditioned resid norm 4.819975968234e-04 true resid norm 1.927990387293e-03 ||r(i)||/||b|| 8.996019078146e-01
  645 KSP Residual norm 4.819496340531e-04
  645 KSP preconditioned resid norm 4.819496340531e-04 true resid norm 1.927798536212e-03 ||r(i)||/||b|| 8.995123899417e-01
  646 KSP Residual norm 4.819017018741e-04
  646 KSP preconditioned resid norm 4.819017018741e-04 true resid norm 1.927606807496e-03 ||r(i)||/||b|| 8.994229291643e-01
  647 KSP Residual norm 4.818538002193e-04
  647 KSP preconditioned resid norm 4.818538002193e-04 true resid norm 1.927415200877e-03 ||r(i)||/||b|| 8.993335253576e-01
  648 KSP Residual norm 4.818059290221e-04
  648 KSP preconditioned resid norm 4.818059290221e-04 true resid norm 1.927223716089e-03 ||r(i)||/||b|| 8.992441783969e-01
  649 KSP Residual norm 4.817580882160e-04
  649 KSP preconditioned resid norm 4.817580882160e-04 true resid norm 1.927032352864e-03 ||r(i)||/||b|| 8.991548881582e-01
  650 KSP Residual norm 4.817102777347e-04
  650 KSP preconditioned resid norm 4.817102777347e-04 true resid norm 1.926841110939e-03 ||r(i)||/||b|| 8.990656545179e-01
  651 KSP Residual norm 4.816624975122e-04
  651 KSP preconditioned resid norm 4.816624975122e-04 true resid norm 1.926649990049e-03 ||r(i)||/||b|| 8.989764773527e-01
  652 KSP Residual norm 4.816147474829e-04
  652 KSP preconditioned resid norm 4.816147474829e-04 true resid norm 1.926458989931e-03 ||r(i)||/||b|| 8.988873565401e-01
  653 KSP Residual norm 4.815670275812e-04
  653 KSP preconditioned resid norm 4.815670275812e-04 true resid norm 1.926268110325e-03 ||r(i)||/||b|| 8.987982919579e-01
  654 KSP Residual norm 4.815193377419e-04
  654 KSP preconditioned resid norm 4.815193377419e-04 true resid norm 1.926077350968e-03 ||r(i)||/||b|| 8.987092834842e-01
  655 KSP Residual norm 4.814716779000e-04
  655 KSP preconditioned resid norm 4.814716779000e-04 true resid norm 1.925886711600e-03 ||r(i)||/||b|| 8.986203309978e-01
  656 KSP Residual norm 4.814240479908e-04
  656 KSP preconditioned resid norm 4.814240479908e-04 true resid norm 1.925696191963e-03 ||r(i)||/||b|| 8.985314343779e-01
  657 KSP Residual norm 4.813764479498e-04
  657 KSP preconditioned resid norm 4.813764479498e-04 true resid norm 1.925505791799e-03 ||r(i)||/||b|| 8.984425935040e-01
  658 KSP Residual norm 4.813288777127e-04
  658 KSP preconditioned resid norm 4.813288777127e-04 true resid norm 1.925315510851e-03 ||r(i)||/||b|| 8.983538082563e-01
  659 KSP Residual norm 4.812813372156e-04
  659 KSP preconditioned resid norm 4.812813372156e-04 true resid norm 1.925125348862e-03 ||r(i)||/||b|| 8.982650785152e-01
  660 KSP Residual norm 4.812338263945e-04
  660 KSP preconditioned resid norm 4.812338263945e-04 true resid norm 1.924935305578e-03 ||r(i)||/||b|| 8.981764041618e-01
  661 KSP Residual norm 4.811863451861e-04
  661 KSP preconditioned resid norm 4.811863451861e-04 true resid norm 1.924745380744e-03 ||r(i)||/||b|| 8.980877850774e-01
  662 KSP Residual norm 4.811388935269e-04
  662 KSP preconditioned resid norm 4.811388935269e-04 true resid norm 1.924555574108e-03 ||r(i)||/||b|| 8.979992211439e-01
  663 KSP Residual norm 4.810914713540e-04
  663 KSP preconditioned resid norm 4.810914713540e-04 true resid norm 1.924365885416e-03 ||r(i)||/||b|| 8.979107122437e-01
  664 KSP Residual norm 4.810440786045e-04
  664 KSP preconditioned resid norm 4.810440786045e-04 true resid norm 1.924176314418e-03 ||r(i)||/||b|| 8.978222582593e-01
  665 KSP Residual norm 4.809967152157e-04
  665 KSP preconditioned resid norm 4.809967152157e-04 true resid norm 1.923986860863e-03 ||r(i)||/||b|| 8.977338590740e-01
  666 KSP Residual norm 4.809493811254e-04
  666 KSP preconditioned resid norm 4.809493811254e-04 true resid norm 1.923797524502e-03 ||r(i)||/||b|| 8.976455145714e-01
  667 KSP Residual norm 4.809020762714e-04
  667 KSP preconditioned resid norm 4.809020762714e-04 true resid norm 1.923608305086e-03 ||r(i)||/||b|| 8.975572246356e-01
  668 KSP Residual norm 4.808548005918e-04
  668 KSP preconditioned resid norm 4.808548005918e-04 true resid norm 1.923419202367e-03 ||r(i)||/||b|| 8.974689891509e-01
  669 KSP Residual norm 4.808075540249e-04
  669 KSP preconditioned resid norm 4.808075540249e-04 true resid norm 1.923230216100e-03 ||r(i)||/||b|| 8.973808080023e-01
  670 KSP Residual norm 4.807603365093e-04
  670 KSP preconditioned resid norm 4.807603365093e-04 true resid norm 1.923041346037e-03 ||r(i)||/||b|| 8.972926810751e-01
  671 KSP Residual norm 4.807131479838e-04
  671 KSP preconditioned resid norm 4.807131479838e-04 true resid norm 1.922852591935e-03 ||r(i)||/||b|| 8.972046082550e-01
  672 KSP Residual norm 4.806659883872e-04
  672 KSP preconditioned resid norm 4.806659883872e-04 true resid norm 1.922663953549e-03 ||r(i)||/||b|| 8.971165894282e-01
  673 KSP Residual norm 4.806188576590e-04
  673 KSP preconditioned resid norm 4.806188576590e-04 true resid norm 1.922475430636e-03 ||r(i)||/||b|| 8.970286244812e-01
  674 KSP Residual norm 4.805717557384e-04
  674 KSP preconditioned resid norm 4.805717557384e-04 true resid norm 1.922287022954e-03 ||r(i)||/||b|| 8.969407133010e-01
  675 KSP Residual norm 4.805246825653e-04
  675 KSP preconditioned resid norm 4.805246825653e-04 true resid norm 1.922098730261e-03 ||r(i)||/||b|| 8.968528557750e-01
  676 KSP Residual norm 4.804776380794e-04
  676 KSP preconditioned resid norm 4.804776380794e-04 true resid norm 1.921910552317e-03 ||r(i)||/||b|| 8.967650517911e-01
  677 KSP Residual norm 4.804306222209e-04
  677 KSP preconditioned resid norm 4.804306222209e-04 true resid norm 1.921722488883e-03 ||r(i)||/||b|| 8.966773012374e-01
  678 KSP Residual norm 4.803836349301e-04
  678 KSP preconditioned resid norm 4.803836349301e-04 true resid norm 1.921534539720e-03 ||r(i)||/||b|| 8.965896040025e-01
  679 KSP Residual norm 4.803366761475e-04
  679 KSP preconditioned resid norm 4.803366761475e-04 true resid norm 1.921346704590e-03 ||r(i)||/||b|| 8.965019599756e-01
  680 KSP Residual norm 4.802897458140e-04
  680 KSP preconditioned resid norm 4.802897458140e-04 true resid norm 1.921158983256e-03 ||r(i)||/||b|| 8.964143690460e-01
  681 KSP Residual norm 4.802428438705e-04
  681 KSP preconditioned resid norm 4.802428438705e-04 true resid norm 1.920971375482e-03 ||r(i)||/||b|| 8.963268311035e-01
  682 KSP Residual norm 4.801959702581e-04
  682 KSP preconditioned resid norm 4.801959702581e-04 true resid norm 1.920783881032e-03 ||r(i)||/||b|| 8.962393460385e-01
  683 KSP Residual norm 4.801491249183e-04
  683 KSP preconditioned resid norm 4.801491249183e-04 true resid norm 1.920596499673e-03 ||r(i)||/||b|| 8.961519137415e-01
  684 KSP Residual norm 4.801023077927e-04
  684 KSP preconditioned resid norm 4.801023077927e-04 true resid norm 1.920409231171e-03 ||r(i)||/||b|| 8.960645341035e-01
  685 KSP Residual norm 4.800555188231e-04
  685 KSP preconditioned resid norm 4.800555188231e-04 true resid norm 1.920222075293e-03 ||r(i)||/||b|| 8.959772070160e-01
  686 KSP Residual norm 4.800087579516e-04
  686 KSP preconditioned resid norm 4.800087579516e-04 true resid norm 1.920035031806e-03 ||r(i)||/||b|| 8.958899323708e-01
  687 KSP Residual norm 4.799620251203e-04
  687 KSP preconditioned resid norm 4.799620251203e-04 true resid norm 1.919848100481e-03 ||r(i)||/||b|| 8.958027100600e-01
  688 KSP Residual norm 4.799153202717e-04
  688 KSP preconditioned resid norm 4.799153202717e-04 true resid norm 1.919661281087e-03 ||r(i)||/||b|| 8.957155399763e-01
  689 KSP Residual norm 4.798686433485e-04
  689 KSP preconditioned resid norm 4.798686433485e-04 true resid norm 1.919474573394e-03 ||r(i)||/||b|| 8.956284220126e-01
  690 KSP Residual norm 4.798219942936e-04
  690 KSP preconditioned resid norm 4.798219942936e-04 true resid norm 1.919287977174e-03 ||r(i)||/||b|| 8.955413560622e-01
  691 KSP Residual norm 4.797753730499e-04
  691 KSP preconditioned resid norm 4.797753730499e-04 true resid norm 1.919101492200e-03 ||r(i)||/||b|| 8.954543420190e-01
  692 KSP Residual norm 4.797287795608e-04
  692 KSP preconditioned resid norm 4.797287795608e-04 true resid norm 1.918915118243e-03 ||r(i)||/||b|| 8.953673797769e-01
  693 KSP Residual norm 4.796822137697e-04
  693 KSP preconditioned resid norm 4.796822137697e-04 true resid norm 1.918728855079e-03 ||r(i)||/||b|| 8.952804692305e-01
  694 KSP Residual norm 4.796356756204e-04
  694 KSP preconditioned resid norm 4.796356756204e-04 true resid norm 1.918542702481e-03 ||r(i)||/||b|| 8.951936102747e-01
  695 KSP Residual norm 4.795891650565e-04
  695 KSP preconditioned resid norm 4.795891650565e-04 true resid norm 1.918356660226e-03 ||r(i)||/||b|| 8.951068028047e-01
  696 KSP Residual norm 4.795426820223e-04
  696 KSP preconditioned resid norm 4.795426820223e-04 true resid norm 1.918170728089e-03 ||r(i)||/||b|| 8.950200467160e-01
  697 KSP Residual norm 4.794962264620e-04
  697 KSP preconditioned resid norm 4.794962264620e-04 true resid norm 1.917984905848e-03 ||r(i)||/||b|| 8.949333419047e-01
  698 KSP Residual norm 4.794497983201e-04
  698 KSP preconditioned resid norm 4.794497983201e-04 true resid norm 1.917799193280e-03 ||r(i)||/||b|| 8.948466882671e-01
  699 KSP Residual norm 4.794033975411e-04
  699 KSP preconditioned resid norm 4.794033975411e-04 true resid norm 1.917613590165e-03 ||r(i)||/||b|| 8.947600856999e-01
  700 KSP Residual norm 4.793570240700e-04
  700 KSP preconditioned resid norm 4.793570240700e-04 true resid norm 1.917428096280e-03 ||r(i)||/||b|| 8.946735341002e-01
  701 KSP Residual norm 4.793106778519e-04
  701 KSP preconditioned resid norm 4.793106778519e-04 true resid norm 1.917242711407e-03 ||r(i)||/||b|| 8.945870333654e-01
  702 KSP Residual norm 4.792643588318e-04
  702 KSP preconditioned resid norm 4.792643588318e-04 true resid norm 1.917057435327e-03 ||r(i)||/||b|| 8.945005833933e-01
  703 KSP Residual norm 4.792180669554e-04
  703 KSP preconditioned resid norm 4.792180669554e-04 true resid norm 1.916872267822e-03 ||r(i)||/||b|| 8.944141840821e-01
  704 KSP Residual norm 4.791718021681e-04
  704 KSP preconditioned resid norm 4.791718021681e-04 true resid norm 1.916687208673e-03 ||r(i)||/||b|| 8.943278353303e-01
  705 KSP Residual norm 4.791255644159e-04
  705 KSP preconditioned resid norm 4.791255644159e-04 true resid norm 1.916502257664e-03 ||r(i)||/||b|| 8.942415370367e-01
  706 KSP Residual norm 4.790793536447e-04
  706 KSP preconditioned resid norm 4.790793536447e-04 true resid norm 1.916317414579e-03 ||r(i)||/||b|| 8.941552891005e-01
  707 KSP Residual norm 4.790331698007e-04
  707 KSP preconditioned resid norm 4.790331698007e-04 true resid norm 1.916132679203e-03 ||r(i)||/||b|| 8.940690914214e-01
  708 KSP Residual norm 4.789870128303e-04
  708 KSP preconditioned resid norm 4.789870128303e-04 true resid norm 1.915948051321e-03 ||r(i)||/||b|| 8.939829438993e-01
  709 KSP Residual norm 4.789408826800e-04
  709 KSP preconditioned resid norm 4.789408826800e-04 true resid norm 1.915763530720e-03 ||r(i)||/||b|| 8.938968464343e-01
  710 KSP Residual norm 4.788947792966e-04
  710 KSP preconditioned resid norm 4.788947792966e-04 true resid norm 1.915579117186e-03 ||r(i)||/||b|| 8.938107989272e-01
  711 KSP Residual norm 4.788487026271e-04
  711 KSP preconditioned resid norm 4.788487026271e-04 true resid norm 1.915394810508e-03 ||r(i)||/||b|| 8.937248012789e-01
  712 KSP Residual norm 4.788026526185e-04
  712 KSP preconditioned resid norm 4.788026526185e-04 true resid norm 1.915210610474e-03 ||r(i)||/||b|| 8.936388533907e-01
  713 KSP Residual norm 4.787566292182e-04
  713 KSP preconditioned resid norm 4.787566292182e-04 true resid norm 1.915026516873e-03 ||r(i)||/||b|| 8.935529551642e-01
  714 KSP Residual norm 4.787106323736e-04
  714 KSP preconditioned resid norm 4.787106323736e-04 true resid norm 1.914842529494e-03 ||r(i)||/||b|| 8.934671065014e-01
  715 KSP Residual norm 4.786646620324e-04
  715 KSP preconditioned resid norm 4.786646620324e-04 true resid norm 1.914658648130e-03 ||r(i)||/||b|| 8.933813073047e-01
  716 KSP Residual norm 4.786187181425e-04
  716 KSP preconditioned resid norm 4.786187181425e-04 true resid norm 1.914474872570e-03 ||r(i)||/||b|| 8.932955574767e-01
  717 KSP Residual norm 4.785728006518e-04
  717 KSP preconditioned resid norm 4.785728006518e-04 true resid norm 1.914291202607e-03 ||r(i)||/||b|| 8.932098569204e-01
  718 KSP Residual norm 4.785269095086e-04
  718 KSP preconditioned resid norm 4.785269095086e-04 true resid norm 1.914107638035e-03 ||r(i)||/||b|| 8.931242055391e-01
  719 KSP Residual norm 4.784810446613e-04
  719 KSP preconditioned resid norm 4.784810446613e-04 true resid norm 1.913924178645e-03 ||r(i)||/||b|| 8.930386032364e-01
  720 KSP Residual norm 4.784352060584e-04
  720 KSP preconditioned resid norm 4.784352060584e-04 true resid norm 1.913740824234e-03 ||r(i)||/||b|| 8.929530499165e-01
  721 KSP Residual norm 4.783893936487e-04
  721 KSP preconditioned resid norm 4.783893936487e-04 true resid norm 1.913557574595e-03 ||r(i)||/||b|| 8.928675454835e-01
  722 KSP Residual norm 4.783436073810e-04
  722 KSP preconditioned resid norm 4.783436073810e-04 true resid norm 1.913374429524e-03 ||r(i)||/||b|| 8.927820898421e-01
  723 KSP Residual norm 4.782978472044e-04
  723 KSP preconditioned resid norm 4.782978472044e-04 true resid norm 1.913191388818e-03 ||r(i)||/||b|| 8.926966828973e-01
  724 KSP Residual norm 4.782521130682e-04
  724 KSP preconditioned resid norm 4.782521130682e-04 true resid norm 1.913008452273e-03 ||r(i)||/||b|| 8.926113245545e-01
  725 KSP Residual norm 4.782064049219e-04
  725 KSP preconditioned resid norm 4.782064049219e-04 true resid norm 1.912825619688e-03 ||r(i)||/||b|| 8.925260147190e-01
  726 KSP Residual norm 4.781607227150e-04
  726 KSP preconditioned resid norm 4.781607227150e-04 true resid norm 1.912642890860e-03 ||r(i)||/||b|| 8.924407532971e-01
  727 KSP Residual norm 4.781150663973e-04
  727 KSP preconditioned resid norm 4.781150663973e-04 true resid norm 1.912460265589e-03 ||r(i)||/||b|| 8.923555401948e-01
  728 KSP Residual norm 4.780694359187e-04
  728 KSP preconditioned resid norm 4.780694359187e-04 true resid norm 1.912277743675e-03 ||r(i)||/||b|| 8.922703753187e-01
  729 KSP Residual norm 4.780238312293e-04
  729 KSP preconditioned resid norm 4.780238312293e-04 true resid norm 1.912095324917e-03 ||r(i)||/||b|| 8.921852585758e-01
  730 KSP Residual norm 4.779782522795e-04
  730 KSP preconditioned resid norm 4.779782522795e-04 true resid norm 1.911913009118e-03 ||r(i)||/||b|| 8.921001898732e-01
  731 KSP Residual norm 4.779326990197e-04
  731 KSP preconditioned resid norm 4.779326990197e-04 true resid norm 1.911730796079e-03 ||r(i)||/||b|| 8.920151691185e-01
  732 KSP Residual norm 4.778871714004e-04
  732 KSP preconditioned resid norm 4.778871714004e-04 true resid norm 1.911548685602e-03 ||r(i)||/||b|| 8.919301962195e-01
  733 KSP Residual norm 4.778416693726e-04
  733 KSP preconditioned resid norm 4.778416693726e-04 true resid norm 1.911366677490e-03 ||r(i)||/||b|| 8.918452710842e-01
  734 KSP Residual norm 4.777961928870e-04
  734 KSP preconditioned resid norm 4.777961928870e-04 true resid norm 1.911184771548e-03 ||r(i)||/||b|| 8.917603936213e-01
  735 KSP Residual norm 4.777507418948e-04
  735 KSP preconditioned resid norm 4.777507418948e-04 true resid norm 1.911002967579e-03 ||r(i)||/||b|| 8.916755637393e-01
  736 KSP Residual norm 4.777053163474e-04
  736 KSP preconditioned resid norm 4.777053163474e-04 true resid norm 1.910821265389e-03 ||r(i)||/||b|| 8.915907813473e-01
  737 KSP Residual norm 4.776599161960e-04
  737 KSP preconditioned resid norm 4.776599161960e-04 true resid norm 1.910639664784e-03 ||r(i)||/||b|| 8.915060463548e-01
  738 KSP Residual norm 4.776145413924e-04
  738 KSP preconditioned resid norm 4.776145413924e-04 true resid norm 1.910458165570e-03 ||r(i)||/||b|| 8.914213586714e-01
  739 KSP Residual norm 4.775691918883e-04
  739 KSP preconditioned resid norm 4.775691918883e-04 true resid norm 1.910276767553e-03 ||r(i)||/||b|| 8.913367182071e-01
  740 KSP Residual norm 4.775238676356e-04
  740 KSP preconditioned resid norm 4.775238676356e-04 true resid norm 1.910095470542e-03 ||r(i)||/||b|| 8.912521248720e-01
  741 KSP Residual norm 4.774785685864e-04
  741 KSP preconditioned resid norm 4.774785685864e-04 true resid norm 1.909914274346e-03 ||r(i)||/||b|| 8.911675785768e-01
  742 KSP Residual norm 4.774332946929e-04
  742 KSP preconditioned resid norm 4.774332946929e-04 true resid norm 1.909733178772e-03 ||r(i)||/||b|| 8.910830792323e-01
  743 KSP Residual norm 4.773880459075e-04
  743 KSP preconditioned resid norm 4.773880459075e-04 true resid norm 1.909552183630e-03 ||r(i)||/||b|| 8.909986267498e-01
  744 KSP Residual norm 4.773428221828e-04
  744 KSP preconditioned resid norm 4.773428221828e-04 true resid norm 1.909371288731e-03 ||r(i)||/||b|| 8.909142210405e-01
  745 KSP Residual norm 4.772976234715e-04
  745 KSP preconditioned resid norm 4.772976234715e-04 true resid norm 1.909190493886e-03 ||r(i)||/||b|| 8.908298620164e-01
  746 KSP Residual norm 4.772524497265e-04
  746 KSP preconditioned resid norm 4.772524497265e-04 true resid norm 1.909009798906e-03 ||r(i)||/||b|| 8.907455495893e-01
  747 KSP Residual norm 4.772073009008e-04
  747 KSP preconditioned resid norm 4.772073009008e-04 true resid norm 1.908829203603e-03 ||r(i)||/||b|| 8.906612836717e-01
  748 KSP Residual norm 4.771621769475e-04
  748 KSP preconditioned resid norm 4.771621769475e-04 true resid norm 1.908648707790e-03 ||r(i)||/||b|| 8.905770641762e-01
  749 KSP Residual norm 4.771170778200e-04
  749 KSP preconditioned resid norm 4.771170778200e-04 true resid norm 1.908468311280e-03 ||r(i)||/||b|| 8.904928910156e-01
  750 KSP Residual norm 4.770720034718e-04
  750 KSP preconditioned resid norm 4.770720034718e-04 true resid norm 1.908288013887e-03 ||r(i)||/||b|| 8.904087641031e-01
  751 KSP Residual norm 4.770269538565e-04
  751 KSP preconditioned resid norm 4.770269538565e-04 true resid norm 1.908107815426e-03 ||r(i)||/||b|| 8.903246833523e-01
  752 KSP Residual norm 4.769819289279e-04
  752 KSP preconditioned resid norm 4.769819289279e-04 true resid norm 1.907927715712e-03 ||r(i)||/||b|| 8.902406486768e-01
  753 KSP Residual norm 4.769369286400e-04
  753 KSP preconditioned resid norm 4.769369286400e-04 true resid norm 1.907747714560e-03 ||r(i)||/||b|| 8.901566599907e-01
  754 KSP Residual norm 4.768919529469e-04
  754 KSP preconditioned resid norm 4.768919529469e-04 true resid norm 1.907567811787e-03 ||r(i)||/||b|| 8.900727172083e-01
  755 KSP Residual norm 4.768470018027e-04
  755 KSP preconditioned resid norm 4.768470018027e-04 true resid norm 1.907388007211e-03 ||r(i)||/||b|| 8.899888202442e-01
  756 KSP Residual norm 4.768020751619e-04
  756 KSP preconditioned resid norm 4.768020751619e-04 true resid norm 1.907208300648e-03 ||r(i)||/||b|| 8.899049690134e-01
  757 KSP Residual norm 4.767571729790e-04
  757 KSP preconditioned resid norm 4.767571729790e-04 true resid norm 1.907028691916e-03 ||r(i)||/||b|| 8.898211634308e-01
  758 KSP Residual norm 4.767122952087e-04
  758 KSP preconditioned resid norm 4.767122952087e-04 true resid norm 1.906849180835e-03 ||r(i)||/||b|| 8.897374034121e-01
  759 KSP Residual norm 4.766674418059e-04
  759 KSP preconditioned resid norm 4.766674418059e-04 true resid norm 1.906669767224e-03 ||r(i)||/||b|| 8.896536888728e-01
  760 KSP Residual norm 4.766226127255e-04
  760 KSP preconditioned resid norm 4.766226127255e-04 true resid norm 1.906490450902e-03 ||r(i)||/||b|| 8.895700197290e-01
  761 KSP Residual norm 4.765778079227e-04
  761 KSP preconditioned resid norm 4.765778079227e-04 true resid norm 1.906311231691e-03 ||r(i)||/||b|| 8.894863958968e-01
  762 KSP Residual norm 4.765330273526e-04
  762 KSP preconditioned resid norm 4.765330273526e-04 true resid norm 1.906132109411e-03 ||r(i)||/||b|| 8.894028172929e-01
  763 KSP Residual norm 4.764882709709e-04
  763 KSP preconditioned resid norm 4.764882709709e-04 true resid norm 1.905953083883e-03 ||r(i)||/||b|| 8.893192838340e-01
  764 KSP Residual norm 4.764435387329e-04
  764 KSP preconditioned resid norm 4.764435387329e-04 true resid norm 1.905774154931e-03 ||r(i)||/||b|| 8.892357954372e-01
  765 KSP Residual norm 4.763988305944e-04
  765 KSP preconditioned resid norm 4.763988305944e-04 true resid norm 1.905595322378e-03 ||r(i)||/||b|| 8.891523520198e-01
  766 KSP Residual norm 4.763541465112e-04
  766 KSP preconditioned resid norm 4.763541465112e-04 true resid norm 1.905416586045e-03 ||r(i)||/||b|| 8.890689534993e-01
  767 KSP Residual norm 4.763094864394e-04
  767 KSP preconditioned resid norm 4.763094864394e-04 true resid norm 1.905237945758e-03 ||r(i)||/||b|| 8.889855997936e-01
  768 KSP Residual norm 4.762648503351e-04
  768 KSP preconditioned resid norm 4.762648503351e-04 true resid norm 1.905059401340e-03 ||r(i)||/||b|| 8.889022908210e-01
  769 KSP Residual norm 4.762202381545e-04
  769 KSP preconditioned resid norm 4.762202381545e-04 true resid norm 1.904880952618e-03 ||r(i)||/||b|| 8.888190264996e-01
  770 KSP Residual norm 4.761756498540e-04
  770 KSP preconditioned resid norm 4.761756498540e-04 true resid norm 1.904702599416e-03 ||r(i)||/||b|| 8.887358067482e-01
  771 KSP Residual norm 4.761310853902e-04
  771 KSP preconditioned resid norm 4.761310853902e-04 true resid norm 1.904524341561e-03 ||r(i)||/||b|| 8.886526314857e-01
  772 KSP Residual norm 4.760865447198e-04
  772 KSP preconditioned resid norm 4.760865447198e-04 true resid norm 1.904346178879e-03 ||r(i)||/||b|| 8.885695006312e-01
  773 KSP Residual norm 4.760420277996e-04
  773 KSP preconditioned resid norm 4.760420277996e-04 true resid norm 1.904168111198e-03 ||r(i)||/||b|| 8.884864141042e-01
  774 KSP Residual norm 4.759975345865e-04
  774 KSP preconditioned resid norm 4.759975345865e-04 true resid norm 1.903990138346e-03 ||r(i)||/||b|| 8.884033718243e-01
  775 KSP Residual norm 4.759530650377e-04
  775 KSP preconditioned resid norm 4.759530650377e-04 true resid norm 1.903812260151e-03 ||r(i)||/||b|| 8.883203737114e-01
  776 KSP Residual norm 4.759086191104e-04
  776 KSP preconditioned resid norm 4.759086191104e-04 true resid norm 1.903634476442e-03 ||r(i)||/||b|| 8.882374196858e-01
  777 KSP Residual norm 4.758641967620e-04
  777 KSP preconditioned resid norm 4.758641967620e-04 true resid norm 1.903456787048e-03 ||r(i)||/||b|| 8.881545096679e-01
  778 KSP Residual norm 4.758197979499e-04
  778 KSP preconditioned resid norm 4.758197979499e-04 true resid norm 1.903279191800e-03 ||r(i)||/||b|| 8.880716435783e-01
  779 KSP Residual norm 4.757754226318e-04
  779 KSP preconditioned resid norm 4.757754226318e-04 true resid norm 1.903101690527e-03 ||r(i)||/||b|| 8.879888213380e-01
  780 KSP Residual norm 4.757310707656e-04
  780 KSP preconditioned resid norm 4.757310707656e-04 true resid norm 1.902924283062e-03 ||r(i)||/||b|| 8.879060428682e-01
  781 KSP Residual norm 4.756867423090e-04
  781 KSP preconditioned resid norm 4.756867423090e-04 true resid norm 1.902746969236e-03 ||r(i)||/||b|| 8.878233080903e-01
  782 KSP Residual norm 4.756424372201e-04
  782 KSP preconditioned resid norm 4.756424372201e-04 true resid norm 1.902569748881e-03 ||r(i)||/||b|| 8.877406169260e-01
  783 KSP Residual norm 4.755981554572e-04
  783 KSP preconditioned resid norm 4.755981554572e-04 true resid norm 1.902392621829e-03 ||r(i)||/||b|| 8.876579692973e-01
  784 KSP Residual norm 4.755538969784e-04
  784 KSP preconditioned resid norm 4.755538969784e-04 true resid norm 1.902215587914e-03 ||r(i)||/||b|| 8.875753651263e-01
  785 KSP Residual norm 4.755096617423e-04
  785 KSP preconditioned resid norm 4.755096617423e-04 true resid norm 1.902038646969e-03 ||r(i)||/||b|| 8.874928043354e-01
  786 KSP Residual norm 4.754654497074e-04
  786 KSP preconditioned resid norm 4.754654497074e-04 true resid norm 1.901861798830e-03 ||r(i)||/||b|| 8.874102868472e-01
  787 KSP Residual norm 4.754212608324e-04
  787 KSP preconditioned resid norm 4.754212608324e-04 true resid norm 1.901685043329e-03 ||r(i)||/||b|| 8.873278125848e-01
  788 KSP Residual norm 4.753770950760e-04
  788 KSP preconditioned resid norm 4.753770950760e-04 true resid norm 1.901508380304e-03 ||r(i)||/||b|| 8.872453814713e-01
  789 KSP Residual norm 4.753329523974e-04
  789 KSP preconditioned resid norm 4.753329523974e-04 true resid norm 1.901331809590e-03 ||r(i)||/||b|| 8.871629934299e-01
  790 KSP Residual norm 4.752888327555e-04
  790 KSP preconditioned resid norm 4.752888327555e-04 true resid norm 1.901155331022e-03 ||r(i)||/||b|| 8.870806483844e-01
  791 KSP Residual norm 4.752447361095e-04
  791 KSP preconditioned resid norm 4.752447361095e-04 true resid norm 1.900978944438e-03 ||r(i)||/||b|| 8.869983462587e-01
  792 KSP Residual norm 4.752006624188e-04
  792 KSP preconditioned resid norm 4.752006624188e-04 true resid norm 1.900802649675e-03 ||r(i)||/||b|| 8.869160869767e-01
  793 KSP Residual norm 4.751566116429e-04
  793 KSP preconditioned resid norm 4.751566116429e-04 true resid norm 1.900626446572e-03 ||r(i)||/||b|| 8.868338704629e-01
  794 KSP Residual norm 4.751125837413e-04
  794 KSP preconditioned resid norm 4.751125837413e-04 true resid norm 1.900450334965e-03 ||r(i)||/||b|| 8.867516966418e-01
  795 KSP Residual norm 4.750685786737e-04
  795 KSP preconditioned resid norm 4.750685786737e-04 true resid norm 1.900274314695e-03 ||r(i)||/||b|| 8.866695654382e-01
  796 KSP Residual norm 4.750245964000e-04
  796 KSP preconditioned resid norm 4.750245964000e-04 true resid norm 1.900098385600e-03 ||r(i)||/||b|| 8.865874767771e-01
  797 KSP Residual norm 4.749806368801e-04
  797 KSP preconditioned resid norm 4.749806368801e-04 true resid norm 1.899922547520e-03 ||r(i)||/||b|| 8.865054305839e-01
  798 KSP Residual norm 4.749367000741e-04
  798 KSP preconditioned resid norm 4.749367000741e-04 true resid norm 1.899746800296e-03 ||r(i)||/||b|| 8.864234267840e-01
  799 KSP Residual norm 4.748927859422e-04
  799 KSP preconditioned resid norm 4.748927859422e-04 true resid norm 1.899571143769e-03 ||r(i)||/||b|| 8.863414653031e-01
  800 KSP Residual norm 4.748488944448e-04
  800 KSP preconditioned resid norm 4.748488944448e-04 true resid norm 1.899395577779e-03 ||r(i)||/||b|| 8.862595460672e-01
  801 KSP Residual norm 4.748050255422e-04
  801 KSP preconditioned resid norm 4.748050255422e-04 true resid norm 1.899220102169e-03 ||r(i)||/||b|| 8.861776690025e-01
  802 KSP Residual norm 4.747611791951e-04
  802 KSP preconditioned resid norm 4.747611791951e-04 true resid norm 1.899044716780e-03 ||r(i)||/||b|| 8.860958340354e-01
  803 KSP Residual norm 4.747173553642e-04
  803 KSP preconditioned resid norm 4.747173553642e-04 true resid norm 1.898869421457e-03 ||r(i)||/||b|| 8.860140410925e-01
  804 KSP Residual norm 4.746735540102e-04
  804 KSP preconditioned resid norm 4.746735540102e-04 true resid norm 1.898694216041e-03 ||r(i)||/||b|| 8.859322901006e-01
  805 KSP Residual norm 4.746297750941e-04
  805 KSP preconditioned resid norm 4.746297750941e-04 true resid norm 1.898519100376e-03 ||r(i)||/||b|| 8.858505809869e-01
  806 KSP Residual norm 4.745860185770e-04
  806 KSP preconditioned resid norm 4.745860185770e-04 true resid norm 1.898344074308e-03 ||r(i)||/||b|| 8.857689136787e-01
  807 KSP Residual norm 4.745422844199e-04
  807 KSP preconditioned resid norm 4.745422844199e-04 true resid norm 1.898169137680e-03 ||r(i)||/||b|| 8.856872881035e-01
  808 KSP Residual norm 4.744985725843e-04
  808 KSP preconditioned resid norm 4.744985725843e-04 true resid norm 1.897994290337e-03 ||r(i)||/||b|| 8.856057041890e-01
  809 KSP Residual norm 4.744548830315e-04
  809 KSP preconditioned resid norm 4.744548830315e-04 true resid norm 1.897819532126e-03 ||r(i)||/||b|| 8.855241618632e-01
  810 KSP Residual norm 4.744112157230e-04
  810 KSP preconditioned resid norm 4.744112157230e-04 true resid norm 1.897644862892e-03 ||r(i)||/||b|| 8.854426610543e-01
  811 KSP Residual norm 4.743675706204e-04
  811 KSP preconditioned resid norm 4.743675706204e-04 true resid norm 1.897470282482e-03 ||r(i)||/||b|| 8.853612016907e-01
  812 KSP Residual norm 4.743239476856e-04
  812 KSP preconditioned resid norm 4.743239476856e-04 true resid norm 1.897295790743e-03 ||r(i)||/||b|| 8.852797837009e-01
  813 KSP Residual norm 4.742803468804e-04
  813 KSP preconditioned resid norm 4.742803468804e-04 true resid norm 1.897121387522e-03 ||r(i)||/||b|| 8.851984070140e-01
  814 KSP Residual norm 4.742367681668e-04
  814 KSP preconditioned resid norm 4.742367681668e-04 true resid norm 1.896947072667e-03 ||r(i)||/||b|| 8.851170715588e-01
  815 KSP Residual norm 4.741932115068e-04
  815 KSP preconditioned resid norm 4.741932115068e-04 true resid norm 1.896772846027e-03 ||r(i)||/||b|| 8.850357772647e-01
  816 KSP Residual norm 4.741496768628e-04
  816 KSP preconditioned resid norm 4.741496768628e-04 true resid norm 1.896598707451e-03 ||r(i)||/||b|| 8.849545240612e-01
  817 KSP Residual norm 4.741061641970e-04
  817 KSP preconditioned resid norm 4.741061641970e-04 true resid norm 1.896424656788e-03 ||r(i)||/||b|| 8.848733118779e-01
  818 KSP Residual norm 4.740626734718e-04
  818 KSP preconditioned resid norm 4.740626734718e-04 true resid norm 1.896250693887e-03 ||r(i)||/||b|| 8.847921406447e-01
  819 KSP Residual norm 4.740192046499e-04
  819 KSP preconditioned resid norm 4.740192046499e-04 true resid norm 1.896076818599e-03 ||r(i)||/||b|| 8.847110102918e-01
  820 KSP Residual norm 4.739757576938e-04
  820 KSP preconditioned resid norm 4.739757576938e-04 true resid norm 1.895903030775e-03 ||r(i)||/||b|| 8.846299207494e-01
  821 KSP Residual norm 4.739323325665e-04
  821 KSP preconditioned resid norm 4.739323325665e-04 true resid norm 1.895729330266e-03 ||r(i)||/||b|| 8.845488719482e-01
  822 KSP Residual norm 4.738889292307e-04
  822 KSP preconditioned resid norm 4.738889292307e-04 true resid norm 1.895555716923e-03 ||r(i)||/||b|| 8.844678638188e-01
  823 KSP Residual norm 4.738455476494e-04
  823 KSP preconditioned resid norm 4.738455476494e-04 true resid norm 1.895382190598e-03 ||r(i)||/||b|| 8.843868962922e-01
  824 KSP Residual norm 4.738021877859e-04
  824 KSP preconditioned resid norm 4.738021877859e-04 true resid norm 1.895208751144e-03 ||r(i)||/||b|| 8.843059692995e-01
  825 KSP Residual norm 4.737588496032e-04
  825 KSP preconditioned resid norm 4.737588496032e-04 true resid norm 1.895035398413e-03 ||r(i)||/||b|| 8.842250827722e-01
  826 KSP Residual norm 4.737155330648e-04
  826 KSP preconditioned resid norm 4.737155330648e-04 true resid norm 1.894862132259e-03 ||r(i)||/||b|| 8.841442366417e-01
  827 KSP Residual norm 4.736722381341e-04
  827 KSP preconditioned resid norm 4.736722381341e-04 true resid norm 1.894688952536e-03 ||r(i)||/||b|| 8.840634308399e-01
  828 KSP Residual norm 4.736289647745e-04
  828 KSP preconditioned resid norm 4.736289647745e-04 true resid norm 1.894515859098e-03 ||r(i)||/||b|| 8.839826652986e-01
  829 KSP Residual norm 4.735857129499e-04
  829 KSP preconditioned resid norm 4.735857129499e-04 true resid norm 1.894342851800e-03 ||r(i)||/||b|| 8.839019399501e-01
  830 KSP Residual norm 4.735424826239e-04
  830 KSP preconditioned resid norm 4.735424826239e-04 true resid norm 1.894169930496e-03 ||r(i)||/||b|| 8.838212547268e-01
  831 KSP Residual norm 4.734992737604e-04
  831 KSP preconditioned resid norm 4.734992737604e-04 true resid norm 1.893997095042e-03 ||r(i)||/||b|| 8.837406095612e-01
  832 KSP Residual norm 4.734560863235e-04
  832 KSP preconditioned resid norm 4.734560863235e-04 true resid norm 1.893824345294e-03 ||r(i)||/||b|| 8.836600043861e-01
  833 KSP Residual norm 4.734129202771e-04
  833 KSP preconditioned resid norm 4.734129202771e-04 true resid norm 1.893651681108e-03 ||r(i)||/||b|| 8.835794391345e-01
  834 KSP Residual norm 4.733697755855e-04
  834 KSP preconditioned resid norm 4.733697755855e-04 true resid norm 1.893479102342e-03 ||r(i)||/||b|| 8.834989137394e-01
  835 KSP Residual norm 4.733266522129e-04
  835 KSP preconditioned resid norm 4.733266522129e-04 true resid norm 1.893306608852e-03 ||r(i)||/||b|| 8.834184281344e-01
  836 KSP Residual norm 4.732835501238e-04
  836 KSP preconditioned resid norm 4.732835501238e-04 true resid norm 1.893134200495e-03 ||r(i)||/||b|| 8.833379822529e-01
  837 KSP Residual norm 4.732404692828e-04
  837 KSP preconditioned resid norm 4.732404692828e-04 true resid norm 1.892961877131e-03 ||r(i)||/||b|| 8.832575760287e-01
  838 KSP Residual norm 4.731974096543e-04
  838 KSP preconditioned resid norm 4.731974096543e-04 true resid norm 1.892789638617e-03 ||r(i)||/||b|| 8.831772093958e-01
  839 KSP Residual norm 4.731543712031e-04
  839 KSP preconditioned resid norm 4.731543712031e-04 true resid norm 1.892617484812e-03 ||r(i)||/||b|| 8.830968822883e-01
  840 KSP Residual norm 4.731113538941e-04
  840 KSP preconditioned resid norm 4.731113538941e-04 true resid norm 1.892445415576e-03 ||r(i)||/||b|| 8.830165946405e-01
  841 KSP Residual norm 4.730683576920e-04
  841 KSP preconditioned resid norm 4.730683576920e-04 true resid norm 1.892273430768e-03 ||r(i)||/||b|| 8.829363463869e-01
  842 KSP Residual norm 4.730253825621e-04
  842 KSP preconditioned resid norm 4.730253825621e-04 true resid norm 1.892101530248e-03 ||r(i)||/||b|| 8.828561374624e-01
  843 KSP Residual norm 4.729824284694e-04
  843 KSP preconditioned resid norm 4.729824284694e-04 true resid norm 1.891929713878e-03 ||r(i)||/||b|| 8.827759678017e-01
  844 KSP Residual norm 4.729394953791e-04
  844 KSP preconditioned resid norm 4.729394953791e-04 true resid norm 1.891757981516e-03 ||r(i)||/||b|| 8.826958373401e-01
  845 KSP Residual norm 4.728965832565e-04
  845 KSP preconditioned resid norm 4.728965832565e-04 true resid norm 1.891586333026e-03 ||r(i)||/||b|| 8.826157460127e-01
  846 KSP Residual norm 4.728536920671e-04
  846 KSP preconditioned resid norm 4.728536920671e-04 true resid norm 1.891414768268e-03 ||r(i)||/||b|| 8.825356937550e-01
  847 KSP Residual norm 4.728108217764e-04
  847 KSP preconditioned resid norm 4.728108217764e-04 true resid norm 1.891243287106e-03 ||r(i)||/||b|| 8.824556805028e-01
  848 KSP Residual norm 4.727679723501e-04
  848 KSP preconditioned resid norm 4.727679723501e-04 true resid norm 1.891071889400e-03 ||r(i)||/||b|| 8.823757061919e-01
  849 KSP Residual norm 4.727251437538e-04
  849 KSP preconditioned resid norm 4.727251437538e-04 true resid norm 1.890900575015e-03 ||r(i)||/||b|| 8.822957707582e-01
  850 KSP Residual norm 4.726823359535e-04
  850 KSP preconditioned resid norm 4.726823359535e-04 true resid norm 1.890729343814e-03 ||r(i)||/||b|| 8.822158741381e-01
  851 KSP Residual norm 4.726395489149e-04
  851 KSP preconditioned resid norm 4.726395489149e-04 true resid norm 1.890558195660e-03 ||r(i)||/||b|| 8.821360162680e-01
  852 KSP Residual norm 4.725967826042e-04
  852 KSP preconditioned resid norm 4.725967826042e-04 true resid norm 1.890387130417e-03 ||r(i)||/||b|| 8.820561970843e-01
  853 KSP Residual norm 4.725540369874e-04
  853 KSP preconditioned resid norm 4.725540369874e-04 true resid norm 1.890216147950e-03 ||r(i)||/||b|| 8.819764165239e-01
  854 KSP Residual norm 4.725113120309e-04
  854 KSP preconditioned resid norm 4.725113120309e-04 true resid norm 1.890045248124e-03 ||r(i)||/||b|| 8.818966745238e-01
  855 KSP Residual norm 4.724686077008e-04
  855 KSP preconditioned resid norm 4.724686077008e-04 true resid norm 1.889874430803e-03 ||r(i)||/||b|| 8.818169710211e-01
  856 KSP Residual norm 4.724259239637e-04
  856 KSP preconditioned resid norm 4.724259239637e-04 true resid norm 1.889703695855e-03 ||r(i)||/||b|| 8.817373059530e-01
  857 KSP Residual norm 4.723832607860e-04
  857 KSP preconditioned resid norm 4.723832607860e-04 true resid norm 1.889533043144e-03 ||r(i)||/||b|| 8.816576792571e-01
  858 KSP Residual norm 4.723406181344e-04
  858 KSP preconditioned resid norm 4.723406181344e-04 true resid norm 1.889362472537e-03 ||r(i)||/||b|| 8.815780908711e-01
  859 KSP Residual norm 4.722979959754e-04
  859 KSP preconditioned resid norm 4.722979959754e-04 true resid norm 1.889191983902e-03 ||r(i)||/||b|| 8.814985407329e-01
  860 KSP Residual norm 4.722553942761e-04
  860 KSP preconditioned resid norm 4.722553942761e-04 true resid norm 1.889021577104e-03 ||r(i)||/||b|| 8.814190287803e-01
  861 KSP Residual norm 4.722128130031e-04
  861 KSP preconditioned resid norm 4.722128130031e-04 true resid norm 1.888851252012e-03 ||r(i)||/||b|| 8.813395549517e-01
  862 KSP Residual norm 4.721702521236e-04
  862 KSP preconditioned resid norm 4.721702521236e-04 true resid norm 1.888681008494e-03 ||r(i)||/||b|| 8.812601191855e-01
  863 KSP Residual norm 4.721277116045e-04
  863 KSP preconditioned resid norm 4.721277116045e-04 true resid norm 1.888510846418e-03 ||r(i)||/||b|| 8.811807214201e-01
  864 KSP Residual norm 4.720851914131e-04
  864 KSP preconditioned resid norm 4.720851914131e-04 true resid norm 1.888340765652e-03 ||r(i)||/||b|| 8.811013615944e-01
  865 KSP Residual norm 4.720426915167e-04
  865 KSP preconditioned resid norm 4.720426915167e-04 true resid norm 1.888170766067e-03 ||r(i)||/||b|| 8.810220396472e-01
  866 KSP Residual norm 4.720002118825e-04
  866 KSP preconditioned resid norm 4.720002118825e-04 true resid norm 1.888000847530e-03 ||r(i)||/||b|| 8.809427555176e-01
  867 KSP Residual norm 4.719577524781e-04
  867 KSP preconditioned resid norm 4.719577524781e-04 true resid norm 1.887831009912e-03 ||r(i)||/||b|| 8.808635091449e-01
  868 KSP Residual norm 4.719153132710e-04
  868 KSP preconditioned resid norm 4.719153132710e-04 true resid norm 1.887661253084e-03 ||r(i)||/||b|| 8.807843004684e-01
  869 KSP Residual norm 4.718728942288e-04
  869 KSP preconditioned resid norm 4.718728942288e-04 true resid norm 1.887491576915e-03 ||r(i)||/||b|| 8.807051294279e-01
  870 KSP Residual norm 4.718304953193e-04
  870 KSP preconditioned resid norm 4.718304953193e-04 true resid norm 1.887321981277e-03 ||r(i)||/||b|| 8.806259959630e-01
  871 KSP Residual norm 4.717881165102e-04
  871 KSP preconditioned resid norm 4.717881165102e-04 true resid norm 1.887152466041e-03 ||r(i)||/||b|| 8.805469000137e-01
  872 KSP Residual norm 4.717457577696e-04
  872 KSP preconditioned resid norm 4.717457577696e-04 true resid norm 1.886983031078e-03 ||r(i)||/||b|| 8.804678415201e-01
  873 KSP Residual norm 4.717034190653e-04
  873 KSP preconditioned resid norm 4.717034190653e-04 true resid norm 1.886813676261e-03 ||r(i)||/||b|| 8.803888204225e-01
  874 KSP Residual norm 4.716611003655e-04
  874 KSP preconditioned resid norm 4.716611003655e-04 true resid norm 1.886644401462e-03 ||r(i)||/||b|| 8.803098366613e-01
  875 KSP Residual norm 4.716188016383e-04
  875 KSP preconditioned resid norm 4.716188016383e-04 true resid norm 1.886475206553e-03 ||r(i)||/||b|| 8.802308901771e-01
  876 KSP Residual norm 4.715765228521e-04
  876 KSP preconditioned resid norm 4.715765228521e-04 true resid norm 1.886306091408e-03 ||r(i)||/||b|| 8.801519809107e-01
  877 KSP Residual norm 4.715342639751e-04
  877 KSP preconditioned resid norm 4.715342639751e-04 true resid norm 1.886137055900e-03 ||r(i)||/||b|| 8.800731088031e-01
  878 KSP Residual norm 4.714920249759e-04
  878 KSP preconditioned resid norm 4.714920249759e-04 true resid norm 1.885968099903e-03 ||r(i)||/||b|| 8.799942737954e-01
  879 KSP Residual norm 4.714498058229e-04
  879 KSP preconditioned resid norm 4.714498058229e-04 true resid norm 1.885799223292e-03 ||r(i)||/||b|| 8.799154758287e-01
  880 KSP Residual norm 4.714076064848e-04
  880 KSP preconditioned resid norm 4.714076064848e-04 true resid norm 1.885630425939e-03 ||r(i)||/||b|| 8.798367148446e-01
  881 KSP Residual norm 4.713654269303e-04
  881 KSP preconditioned resid norm 4.713654269303e-04 true resid norm 1.885461707721e-03 ||r(i)||/||b|| 8.797579907847e-01
  882 KSP Residual norm 4.713232671282e-04
  882 KSP preconditioned resid norm 4.713232671282e-04 true resid norm 1.885293068513e-03 ||r(i)||/||b|| 8.796793035907e-01
  883 KSP Residual norm 4.712811270474e-04
  883 KSP preconditioned resid norm 4.712811270474e-04 true resid norm 1.885124508190e-03 ||r(i)||/||b|| 8.796006532046e-01
  884 KSP Residual norm 4.712390066568e-04
  884 KSP preconditioned resid norm 4.712390066568e-04 true resid norm 1.884956026627e-03 ||r(i)||/||b|| 8.795220395684e-01
  885 KSP Residual norm 4.711969059255e-04
  885 KSP preconditioned resid norm 4.711969059255e-04 true resid norm 1.884787623702e-03 ||r(i)||/||b|| 8.794434626243e-01
  886 KSP Residual norm 4.711548248227e-04
  886 KSP preconditioned resid norm 4.711548248227e-04 true resid norm 1.884619299291e-03 ||r(i)||/||b|| 8.793649223149e-01
  887 KSP Residual norm 4.711127633175e-04
  887 KSP preconditioned resid norm 4.711127633175e-04 true resid norm 1.884451053270e-03 ||r(i)||/||b|| 8.792864185826e-01
  888 KSP Residual norm 4.710707213793e-04
  888 KSP preconditioned resid norm 4.710707213793e-04 true resid norm 1.884282885517e-03 ||r(i)||/||b|| 8.792079513702e-01
  889 KSP Residual norm 4.710286989775e-04
  889 KSP preconditioned resid norm 4.710286989775e-04 true resid norm 1.884114795910e-03 ||r(i)||/||b|| 8.791295206205e-01
  890 KSP Residual norm 4.709866960815e-04
  890 KSP preconditioned resid norm 4.709866960815e-04 true resid norm 1.883946784326e-03 ||r(i)||/||b|| 8.790511262767e-01
  891 KSP Residual norm 4.709447126610e-04
  891 KSP preconditioned resid norm 4.709447126610e-04 true resid norm 1.883778850644e-03 ||r(i)||/||b|| 8.789727682818e-01
  892 KSP Residual norm 4.709027486855e-04
  892 KSP preconditioned resid norm 4.709027486855e-04 true resid norm 1.883610994742e-03 ||r(i)||/||b|| 8.788944465794e-01
  893 KSP Residual norm 4.708608041249e-04
  893 KSP preconditioned resid norm 4.708608041249e-04 true resid norm 1.883443216499e-03 ||r(i)||/||b|| 8.788161611127e-01
  894 KSP Residual norm 4.708188789489e-04
  894 KSP preconditioned resid norm 4.708188789489e-04 true resid norm 1.883275515795e-03 ||r(i)||/||b|| 8.787379118256e-01
  895 KSP Residual norm 4.707769731274e-04
  895 KSP preconditioned resid norm 4.707769731274e-04 true resid norm 1.883107892509e-03 ||r(i)||/||b|| 8.786596986619e-01
  896 KSP Residual norm 4.707350866304e-04
  896 KSP preconditioned resid norm 4.707350866304e-04 true resid norm 1.882940346521e-03 ||r(i)||/||b|| 8.785815215655e-01
  897 KSP Residual norm 4.706932194279e-04
  897 KSP preconditioned resid norm 4.706932194279e-04 true resid norm 1.882772877712e-03 ||r(i)||/||b|| 8.785033804805e-01
  898 KSP Residual norm 4.706513714902e-04
  898 KSP preconditioned resid norm 4.706513714902e-04 true resid norm 1.882605485961e-03 ||r(i)||/||b|| 8.784252753512e-01
  899 KSP Residual norm 4.706095427875e-04
  899 KSP preconditioned resid norm 4.706095427875e-04 true resid norm 1.882438171150e-03 ||r(i)||/||b|| 8.783472061221e-01
  900 KSP Residual norm 4.705677332900e-04
  900 KSP preconditioned resid norm 4.705677332900e-04 true resid norm 1.882270933160e-03 ||r(i)||/||b|| 8.782691727378e-01
  901 KSP Residual norm 4.705259429681e-04
  901 KSP preconditioned resid norm 4.705259429681e-04 true resid norm 1.882103771872e-03 ||r(i)||/||b|| 8.781911751429e-01
  902 KSP Residual norm 4.704841717923e-04
  902 KSP preconditioned resid norm 4.704841717923e-04 true resid norm 1.881936687169e-03 ||r(i)||/||b|| 8.781132132825e-01
  903 KSP Residual norm 4.704424197333e-04
  903 KSP preconditioned resid norm 4.704424197333e-04 true resid norm 1.881769678933e-03 ||r(i)||/||b|| 8.780352871014e-01
  904 KSP Residual norm 4.704006867615e-04
  904 KSP preconditioned resid norm 4.704006867615e-04 true resid norm 1.881602747046e-03 ||r(i)||/||b|| 8.779573965449e-01
  905 KSP Residual norm 4.703589728477e-04
  905 KSP preconditioned resid norm 4.703589728477e-04 true resid norm 1.881435891391e-03 ||r(i)||/||b|| 8.778795415583e-01
  906 KSP Residual norm 4.703172779626e-04
  906 KSP preconditioned resid norm 4.703172779626e-04 true resid norm 1.881269111851e-03 ||r(i)||/||b|| 8.778017220871e-01
  907 KSP Residual norm 4.702756020773e-04
  907 KSP preconditioned resid norm 4.702756020773e-04 true resid norm 1.881102408309e-03 ||r(i)||/||b|| 8.777239380769e-01
  908 KSP Residual norm 4.702339451626e-04
  908 KSP preconditioned resid norm 4.702339451626e-04 true resid norm 1.880935780650e-03 ||r(i)||/||b|| 8.776461894736e-01
  909 KSP Residual norm 4.701923071894e-04
  909 KSP preconditioned resid norm 4.701923071894e-04 true resid norm 1.880769228758e-03 ||r(i)||/||b|| 8.775684762229e-01
  910 KSP Residual norm 4.701506881291e-04
  910 KSP preconditioned resid norm 4.701506881291e-04 true resid norm 1.880602752516e-03 ||r(i)||/||b|| 8.774907982711e-01
  911 KSP Residual norm 4.701090879526e-04
  911 KSP preconditioned resid norm 4.701090879526e-04 true resid norm 1.880436351810e-03 ||r(i)||/||b|| 8.774131555642e-01
  912 KSP Residual norm 4.700675066313e-04
  912 KSP preconditioned resid norm 4.700675066313e-04 true resid norm 1.880270026525e-03 ||r(i)||/||b|| 8.773355480488e-01
  913 KSP Residual norm 4.700259441366e-04
  913 KSP preconditioned resid norm 4.700259441366e-04 true resid norm 1.880103776546e-03 ||r(i)||/||b|| 8.772579756712e-01
  914 KSP Residual norm 4.699844004397e-04
  914 KSP preconditioned resid norm 4.699844004397e-04 true resid norm 1.879937601759e-03 ||r(i)||/||b|| 8.771804383781e-01
  915 KSP Residual norm 4.699428755123e-04
  915 KSP preconditioned resid norm 4.699428755123e-04 true resid norm 1.879771502049e-03 ||r(i)||/||b|| 8.771029361163e-01
  916 KSP Residual norm 4.699013693259e-04
  916 KSP preconditioned resid norm 4.699013693259e-04 true resid norm 1.879605477304e-03 ||r(i)||/||b|| 8.770254688328e-01
  917 KSP Residual norm 4.698598818521e-04
  917 KSP preconditioned resid norm 4.698598818521e-04 true resid norm 1.879439527408e-03 ||r(i)||/||b|| 8.769480364745e-01
  918 KSP Residual norm 4.698184130626e-04
  918 KSP preconditioned resid norm 4.698184130626e-04 true resid norm 1.879273652250e-03 ||r(i)||/||b|| 8.768706389888e-01
  919 KSP Residual norm 4.697769629293e-04
  919 KSP preconditioned resid norm 4.697769629293e-04 true resid norm 1.879107851717e-03 ||r(i)||/||b|| 8.767932763230e-01
  920 KSP Residual norm 4.697355314240e-04
  920 KSP preconditioned resid norm 4.697355314240e-04 true resid norm 1.878942125696e-03 ||r(i)||/||b|| 8.767159484245e-01
  921 KSP Residual norm 4.696941185186e-04
  921 KSP preconditioned resid norm 4.696941185186e-04 true resid norm 1.878776474075e-03 ||r(i)||/||b|| 8.766386552411e-01
  922 KSP Residual norm 4.696527241852e-04
  922 KSP preconditioned resid norm 4.696527241852e-04 true resid norm 1.878610896741e-03 ||r(i)||/||b|| 8.765613967204e-01
  923 KSP Residual norm 4.696113483959e-04
  923 KSP preconditioned resid norm 4.696113483959e-04 true resid norm 1.878445393584e-03 ||r(i)||/||b|| 8.764841728105e-01
  924 KSP Residual norm 4.695699911228e-04
  924 KSP preconditioned resid norm 4.695699911228e-04 true resid norm 1.878279964491e-03 ||r(i)||/||b|| 8.764069834593e-01
  925 KSP Residual norm 4.695286523382e-04
  925 KSP preconditioned resid norm 4.695286523382e-04 true resid norm 1.878114609353e-03 ||r(i)||/||b|| 8.763298286151e-01
  926 KSP Residual norm 4.694873320144e-04
  926 KSP preconditioned resid norm 4.694873320144e-04 true resid norm 1.877949328058e-03 ||r(i)||/||b|| 8.762527082261e-01
  927 KSP Residual norm 4.694460301238e-04
  927 KSP preconditioned resid norm 4.694460301238e-04 true resid norm 1.877784120495e-03 ||r(i)||/||b|| 8.761756222409e-01
  928 KSP Residual norm 4.694047466388e-04
  928 KSP preconditioned resid norm 4.694047466388e-04 true resid norm 1.877618986555e-03 ||r(i)||/||b|| 8.760985706081e-01
  929 KSP Residual norm 4.693634815319e-04
  929 KSP preconditioned resid norm 4.693634815319e-04 true resid norm 1.877453926128e-03 ||r(i)||/||b|| 8.760215532763e-01
  930 KSP Residual norm 4.693222347759e-04
  930 KSP preconditioned resid norm 4.693222347759e-04 true resid norm 1.877288939104e-03 ||r(i)||/||b|| 8.759445701945e-01
  931 KSP Residual norm 4.692810063433e-04
  931 KSP preconditioned resid norm 4.692810063433e-04 true resid norm 1.877124025373e-03 ||r(i)||/||b|| 8.758676213116e-01
  932 KSP Residual norm 4.692397962069e-04
  932 KSP preconditioned resid norm 4.692397962069e-04 true resid norm 1.876959184828e-03 ||r(i)||/||b|| 8.757907065769e-01
  933 KSP Residual norm 4.691986043396e-04
  933 KSP preconditioned resid norm 4.691986043396e-04 true resid norm 1.876794417358e-03 ||r(i)||/||b|| 8.757138259395e-01
  934 KSP Residual norm 4.691574307141e-04
  934 KSP preconditioned resid norm 4.691574307141e-04 true resid norm 1.876629722857e-03 ||r(i)||/||b|| 8.756369793489e-01
  935 KSP Residual norm 4.691162753036e-04
  935 KSP preconditioned resid norm 4.691162753036e-04 true resid norm 1.876465101214e-03 ||r(i)||/||b|| 8.755601667546e-01
  936 KSP Residual norm 4.690751380810e-04
  936 KSP preconditioned resid norm 4.690751380810e-04 true resid norm 1.876300552324e-03 ||r(i)||/||b|| 8.754833881064e-01
  937 KSP Residual norm 4.690340190194e-04
  937 KSP preconditioned resid norm 4.690340190194e-04 true resid norm 1.876136076078e-03 ||r(i)||/||b|| 8.754066433540e-01
  938 KSP Residual norm 4.689929180920e-04
  938 KSP preconditioned resid norm 4.689929180920e-04 true resid norm 1.875971672368e-03 ||r(i)||/||b|| 8.753299324473e-01
  939 KSP Residual norm 4.689518352721e-04
  939 KSP preconditioned resid norm 4.689518352721e-04 true resid norm 1.875807341088e-03 ||r(i)||/||b|| 8.752532553364e-01
  940 KSP Residual norm 4.689107705330e-04
  940 KSP preconditioned resid norm 4.689107705330e-04 true resid norm 1.875643082132e-03 ||r(i)||/||b|| 8.751766119715e-01
  941 KSP Residual norm 4.688697238480e-04
  941 KSP preconditioned resid norm 4.688697238480e-04 true resid norm 1.875478895392e-03 ||r(i)||/||b|| 8.751000023030e-01
  942 KSP Residual norm 4.688286951906e-04
  942 KSP preconditioned resid norm 4.688286951906e-04 true resid norm 1.875314780762e-03 ||r(i)||/||b|| 8.750234262812e-01
  943 KSP Residual norm 4.687876845344e-04
  943 KSP preconditioned resid norm 4.687876845344e-04 true resid norm 1.875150738137e-03 ||r(i)||/||b|| 8.749468838569e-01
  944 KSP Residual norm 4.687466918528e-04
  944 KSP preconditioned resid norm 4.687466918528e-04 true resid norm 1.874986767411e-03 ||r(i)||/||b|| 8.748703749806e-01
  945 KSP Residual norm 4.687057171197e-04
  945 KSP preconditioned resid norm 4.687057171197e-04 true resid norm 1.874822868479e-03 ||r(i)||/||b|| 8.747938996033e-01
  946 KSP Residual norm 4.686647603087e-04
  946 KSP preconditioned resid norm 4.686647603087e-04 true resid norm 1.874659041235e-03 ||r(i)||/||b|| 8.747174576759e-01
  947 KSP Residual norm 4.686238213937e-04
  947 KSP preconditioned resid norm 4.686238213937e-04 true resid norm 1.874495285575e-03 ||r(i)||/||b|| 8.746410491495e-01
  948 KSP Residual norm 4.685829003484e-04
  948 KSP preconditioned resid norm 4.685829003484e-04 true resid norm 1.874331601393e-03 ||r(i)||/||b|| 8.745646739753e-01
  949 KSP Residual norm 4.685419971468e-04
  949 KSP preconditioned resid norm 4.685419971468e-04 true resid norm 1.874167988587e-03 ||r(i)||/||b|| 8.744883321047e-01
  950 KSP Residual norm 4.685011117630e-04
  950 KSP preconditioned resid norm 4.685011117630e-04 true resid norm 1.874004447052e-03 ||r(i)||/||b|| 8.744120234892e-01
  951 KSP Residual norm 4.684602441709e-04
  951 KSP preconditioned resid norm 4.684602441709e-04 true resid norm 1.873840976684e-03 ||r(i)||/||b|| 8.743357480803e-01
  952 KSP Residual norm 4.684193943448e-04
  952 KSP preconditioned resid norm 4.684193943448e-04 true resid norm 1.873677577379e-03 ||r(i)||/||b|| 8.742595058298e-01
  953 KSP Residual norm 4.683785622588e-04
  953 KSP preconditioned resid norm 4.683785622588e-04 true resid norm 1.873514249035e-03 ||r(i)||/||b|| 8.741832966895e-01
  954 KSP Residual norm 4.683377478871e-04
  954 KSP preconditioned resid norm 4.683377478871e-04 true resid norm 1.873350991549e-03 ||r(i)||/||b|| 8.741071206114e-01
  955 KSP Residual norm 4.682969512042e-04
  955 KSP preconditioned resid norm 4.682969512042e-04 true resid norm 1.873187804817e-03 ||r(i)||/||b|| 8.740309775476e-01
  956 KSP Residual norm 4.682561721845e-04
  956 KSP preconditioned resid norm 4.682561721845e-04 true resid norm 1.873024688738e-03 ||r(i)||/||b|| 8.739548674503e-01
  957 KSP Residual norm 4.682154108023e-04
  957 KSP preconditioned resid norm 4.682154108023e-04 true resid norm 1.872861643209e-03 ||r(i)||/||b|| 8.738787902719e-01
  958 KSP Residual norm 4.681746670322e-04
  958 KSP preconditioned resid norm 4.681746670322e-04 true resid norm 1.872698668129e-03 ||r(i)||/||b|| 8.738027459648e-01
  959 KSP Residual norm 4.681339408489e-04
  959 KSP preconditioned resid norm 4.681339408489e-04 true resid norm 1.872535763396e-03 ||r(i)||/||b|| 8.737267344816e-01
  960 KSP Residual norm 4.680932322269e-04
  960 KSP preconditioned resid norm 4.680932322269e-04 true resid norm 1.872372928908e-03 ||r(i)||/||b|| 8.736507557750e-01
  961 KSP Residual norm 4.680525411411e-04
  961 KSP preconditioned resid norm 4.680525411411e-04 true resid norm 1.872210164564e-03 ||r(i)||/||b|| 8.735748097978e-01
  962 KSP Residual norm 4.680118675661e-04
  962 KSP preconditioned resid norm 4.680118675661e-04 true resid norm 1.872047470264e-03 ||r(i)||/||b|| 8.734988965031e-01
  963 KSP Residual norm 4.679712114768e-04
  963 KSP preconditioned resid norm 4.679712114768e-04 true resid norm 1.871884845907e-03 ||r(i)||/||b|| 8.734230158437e-01
  964 KSP Residual norm 4.679305728483e-04
  964 KSP preconditioned resid norm 4.679305728483e-04 true resid norm 1.871722291393e-03 ||r(i)||/||b|| 8.733471677731e-01
  965 KSP Residual norm 4.678899516554e-04
  965 KSP preconditioned resid norm 4.678899516554e-04 true resid norm 1.871559806621e-03 ||r(i)||/||b|| 8.732713522443e-01
  966 KSP Residual norm 4.678493478731e-04
  966 KSP preconditioned resid norm 4.678493478731e-04 true resid norm 1.871397391492e-03 ||r(i)||/||b|| 8.731955692110e-01
  967 KSP Residual norm 4.678087614767e-04
  967 KSP preconditioned resid norm 4.678087614767e-04 true resid norm 1.871235045907e-03 ||r(i)||/||b|| 8.731198186265e-01
  968 KSP Residual norm 4.677681924412e-04
  968 KSP preconditioned resid norm 4.677681924412e-04 true resid norm 1.871072769765e-03 ||r(i)||/||b|| 8.730441004446e-01
  969 KSP Residual norm 4.677276407419e-04
  969 KSP preconditioned resid norm 4.677276407419e-04 true resid norm 1.870910562968e-03 ||r(i)||/||b|| 8.729684146190e-01
  970 KSP Residual norm 4.676871063542e-04
  970 KSP preconditioned resid norm 4.676871063542e-04 true resid norm 1.870748425417e-03 ||r(i)||/||b|| 8.728927611037e-01
  971 KSP Residual norm 4.676465892533e-04
  971 KSP preconditioned resid norm 4.676465892533e-04 true resid norm 1.870586357013e-03 ||r(i)||/||b|| 8.728171398527e-01
  972 KSP Residual norm 4.676060894146e-04
  972 KSP preconditioned resid norm 4.676060894146e-04 true resid norm 1.870424357658e-03 ||r(i)||/||b|| 8.727415508200e-01
  973 KSP Residual norm 4.675656068137e-04
  973 KSP preconditioned resid norm 4.675656068137e-04 true resid norm 1.870262427255e-03 ||r(i)||/||b|| 8.726659939599e-01
  974 KSP Residual norm 4.675251414262e-04
  974 KSP preconditioned resid norm 4.675251414262e-04 true resid norm 1.870100565705e-03 ||r(i)||/||b|| 8.725904692268e-01
  975 KSP Residual norm 4.674846932275e-04
  975 KSP preconditioned resid norm 4.674846932275e-04 true resid norm 1.869938772910e-03 ||r(i)||/||b|| 8.725149765751e-01
  976 KSP Residual norm 4.674442621934e-04
  976 KSP preconditioned resid norm 4.674442621934e-04 true resid norm 1.869777048774e-03 ||r(i)||/||b|| 8.724395159595e-01
  977 KSP Residual norm 4.674038482997e-04
  977 KSP preconditioned resid norm 4.674038482997e-04 true resid norm 1.869615393199e-03 ||r(i)||/||b|| 8.723640873346e-01
  978 KSP Residual norm 4.673634515220e-04
  978 KSP preconditioned resid norm 4.673634515220e-04 true resid norm 1.869453806088e-03 ||r(i)||/||b|| 8.722886906553e-01
  979 KSP Residual norm 4.673230718363e-04
  979 KSP preconditioned resid norm 4.673230718363e-04 true resid norm 1.869292287345e-03 ||r(i)||/||b|| 8.722133258764e-01
  980 KSP Residual norm 4.672827092184e-04
  980 KSP preconditioned resid norm 4.672827092184e-04 true resid norm 1.869130836874e-03 ||r(i)||/||b|| 8.721379929530e-01
  981 KSP Residual norm 4.672423636444e-04
  981 KSP preconditioned resid norm 4.672423636444e-04 true resid norm 1.868969454578e-03 ||r(i)||/||b|| 8.720626918403e-01
  982 KSP Residual norm 4.672020350902e-04
  982 KSP preconditioned resid norm 4.672020350902e-04 true resid norm 1.868808140361e-03 ||r(i)||/||b|| 8.719874224935e-01
  983 KSP Residual norm 4.671617235320e-04
  983 KSP preconditioned resid norm 4.671617235320e-04 true resid norm 1.868646894128e-03 ||r(i)||/||b|| 8.719121848680e-01
  984 KSP Residual norm 4.671214289459e-04
  984 KSP preconditioned resid norm 4.671214289459e-04 true resid norm 1.868485715784e-03 ||r(i)||/||b|| 8.718369789192e-01
  985 KSP Residual norm 4.670811513081e-04
  985 KSP preconditioned resid norm 4.670811513081e-04 true resid norm 1.868324605232e-03 ||r(i)||/||b|| 8.717618046029e-01
  986 KSP Residual norm 4.670408905948e-04
  986 KSP preconditioned resid norm 4.670408905948e-04 true resid norm 1.868163562379e-03 ||r(i)||/||b|| 8.716866618747e-01
  987 KSP Residual norm 4.670006467825e-04
  987 KSP preconditioned resid norm 4.670006467825e-04 true resid norm 1.868002587130e-03 ||r(i)||/||b|| 8.716115506903e-01
  988 KSP Residual norm 4.669604198475e-04
  988 KSP preconditioned resid norm 4.669604198475e-04 true resid norm 1.867841679390e-03 ||r(i)||/||b|| 8.715364710058e-01
  989 KSP Residual norm 4.669202097662e-04
  989 KSP preconditioned resid norm 4.669202097662e-04 true resid norm 1.867680839065e-03 ||r(i)||/||b|| 8.714614227772e-01
  990 KSP Residual norm 4.668800165151e-04
  990 KSP preconditioned resid norm 4.668800165151e-04 true resid norm 1.867520066060e-03 ||r(i)||/||b|| 8.713864059605e-01
  991 KSP Residual norm 4.668398400709e-04
  991 KSP preconditioned resid norm 4.668398400709e-04 true resid norm 1.867359360283e-03 ||r(i)||/||b|| 8.713114205122e-01
  992 KSP Residual norm 4.667996804100e-04
  992 KSP preconditioned resid norm 4.667996804100e-04 true resid norm 1.867198721640e-03 ||r(i)||/||b|| 8.712364663884e-01
  993 KSP Residual norm 4.667595375093e-04
  993 KSP preconditioned resid norm 4.667595375093e-04 true resid norm 1.867038150037e-03 ||r(i)||/||b|| 8.711615435458e-01
  994 KSP Residual norm 4.667194113453e-04
  994 KSP preconditioned resid norm 4.667194113453e-04 true resid norm 1.866877645381e-03 ||r(i)||/||b|| 8.710866519408e-01
  995 KSP Residual norm 4.666793018950e-04
  995 KSP preconditioned resid norm 4.666793018950e-04 true resid norm 1.866717207580e-03 ||r(i)||/||b|| 8.710117915302e-01
  996 KSP Residual norm 4.666392091352e-04
  996 KSP preconditioned resid norm 4.666392091352e-04 true resid norm 1.866556836541e-03 ||r(i)||/||b|| 8.709369622708e-01
  997 KSP Residual norm 4.665991330427e-04
  997 KSP preconditioned resid norm 4.665991330427e-04 true resid norm 1.866396532171e-03 ||r(i)||/||b|| 8.708621641193e-01
  998 KSP Residual norm 4.665590735946e-04
  998 KSP preconditioned resid norm 4.665590735946e-04 true resid norm 1.866236294379e-03 ||r(i)||/||b|| 8.707873970329e-01
  999 KSP Residual norm 4.665190307679e-04
  999 KSP preconditioned resid norm 4.665190307679e-04 true resid norm 1.866076123071e-03 ||r(i)||/||b|| 8.707126609687e-01
  1000 KSP Residual norm 4.664790045395e-04
  1000 KSP preconditioned resid norm 4.664790045395e-04 true resid norm 1.865916018158e-03 ||r(i)||/||b|| 8.706379558839e-01
  1001 KSP Residual norm 4.664389948867e-04
  1001 KSP preconditioned resid norm 4.664389948867e-04 true resid norm 1.865755979547e-03 ||r(i)||/||b|| 8.705632817357e-01
  1002 KSP Residual norm 4.663990017867e-04
  1002 KSP preconditioned resid norm 4.663990017867e-04 true resid norm 1.865596007147e-03 ||r(i)||/||b|| 8.704886384816e-01
  1003 KSP Residual norm 4.663590252167e-04
  1003 KSP preconditioned resid norm 4.663590252167e-04 true resid norm 1.865436100867e-03 ||r(i)||/||b|| 8.704140260791e-01
  1004 KSP Residual norm 4.663190651539e-04
  1004 KSP preconditioned resid norm 4.663190651539e-04 true resid norm 1.865276260616e-03 ||r(i)||/||b|| 8.703394444859e-01
  1005 KSP Residual norm 4.662791215758e-04
  1005 KSP preconditioned resid norm 4.662791215758e-04 true resid norm 1.865116486303e-03 ||r(i)||/||b|| 8.702648936597e-01
  1006 KSP Residual norm 4.662391944597e-04
  1006 KSP preconditioned resid norm 4.662391944597e-04 true resid norm 1.864956777839e-03 ||r(i)||/||b|| 8.701903735583e-01
  1007 KSP Residual norm 4.661992837832e-04
  1007 KSP preconditioned resid norm 4.661992837832e-04 true resid norm 1.864797135133e-03 ||r(i)||/||b|| 8.701158841397e-01
  1008 KSP Residual norm 4.661593895237e-04
  1008 KSP preconditioned resid norm 4.661593895237e-04 true resid norm 1.864637558095e-03 ||r(i)||/||b|| 8.700414253619e-01
  1009 KSP Residual norm 4.661195116588e-04
  1009 KSP preconditioned resid norm 4.661195116588e-04 true resid norm 1.864478046635e-03 ||r(i)||/||b|| 8.699669971830e-01
  1010 KSP Residual norm 4.660796501661e-04
  1010 KSP preconditioned resid norm 4.660796501661e-04 true resid norm 1.864318600664e-03 ||r(i)||/||b|| 8.698925995613e-01
  1011 KSP Residual norm 4.660398050233e-04
  1011 KSP preconditioned resid norm 4.660398050233e-04 true resid norm 1.864159220093e-03 ||r(i)||/||b|| 8.698182324551e-01
  1012 KSP Residual norm 4.659999762082e-04
  1012 KSP preconditioned resid norm 4.659999762082e-04 true resid norm 1.863999904833e-03 ||r(i)||/||b|| 8.697438958230e-01
  1013 KSP Residual norm 4.659601636985e-04
  1013 KSP preconditioned resid norm 4.659601636985e-04 true resid norm 1.863840654794e-03 ||r(i)||/||b|| 8.696695896233e-01
  1014 KSP Residual norm 4.659203674721e-04
  1014 KSP preconditioned resid norm 4.659203674721e-04 true resid norm 1.863681469888e-03 ||r(i)||/||b|| 8.695953138148e-01
  1015 KSP Residual norm 4.658805875069e-04
  1015 KSP preconditioned resid norm 4.658805875069e-04 true resid norm 1.863522350027e-03 ||r(i)||/||b|| 8.695210683562e-01
  1016 KSP Residual norm 4.658408237808e-04
  1016 KSP preconditioned resid norm 4.658408237808e-04 true resid norm 1.863363295123e-03 ||r(i)||/||b|| 8.694468532064e-01
  1017 KSP Residual norm 4.658010762718e-04
  1017 KSP preconditioned resid norm 4.658010762718e-04 true resid norm 1.863204305087e-03 ||r(i)||/||b|| 8.693726683243e-01
  1018 KSP Residual norm 4.657613449580e-04
  1018 KSP preconditioned resid norm 4.657613449580e-04 true resid norm 1.863045379832e-03 ||r(i)||/||b|| 8.692985136689e-01
  1019 KSP Residual norm 4.657216298175e-04
  1019 KSP preconditioned resid norm 4.657216298175e-04 true resid norm 1.862886519270e-03 ||r(i)||/||b|| 8.692243891994e-01
  1020 KSP Residual norm 4.656819308285e-04
  1020 KSP preconditioned resid norm 4.656819308285e-04 true resid norm 1.862727723314e-03 ||r(i)||/||b|| 8.691502948751e-01
  1021 KSP Residual norm 4.656422479691e-04
  1021 KSP preconditioned resid norm 4.656422479691e-04 true resid norm 1.862568991876e-03 ||r(i)||/||b|| 8.690762306552e-01
  1022 KSP Residual norm 4.656025812177e-04
  1022 KSP preconditioned resid norm 4.656025812177e-04 true resid norm 1.862410324871e-03 ||r(i)||/||b|| 8.690021964992e-01
  1023 KSP Residual norm 4.655629305525e-04
  1023 KSP preconditioned resid norm 4.655629305525e-04 true resid norm 1.862251722210e-03 ||r(i)||/||b|| 8.689281923667e-01
  1024 KSP Residual norm 4.655232959519e-04
  1024 KSP preconditioned resid norm 4.655232959519e-04 true resid norm 1.862093183808e-03 ||r(i)||/||b|| 8.688542182172e-01
  1025 KSP Residual norm 4.654836773944e-04
  1025 KSP preconditioned resid norm 4.654836773944e-04 true resid norm 1.861934709578e-03 ||r(i)||/||b|| 8.687802740105e-01
  1026 KSP Residual norm 4.654440748584e-04
  1026 KSP preconditioned resid norm 4.654440748584e-04 true resid norm 1.861776299434e-03 ||r(i)||/||b|| 8.687063597064e-01
  1027 KSP Residual norm 4.654044883224e-04
  1027 KSP preconditioned resid norm 4.654044883224e-04 true resid norm 1.861617953290e-03 ||r(i)||/||b|| 8.686324752648e-01
  1028 KSP Residual norm 4.653649177651e-04
  1028 KSP preconditioned resid norm 4.653649177651e-04 true resid norm 1.861459671060e-03 ||r(i)||/||b|| 8.685586206458e-01
  1029 KSP Residual norm 4.653253631650e-04
  1029 KSP preconditioned resid norm 4.653253631650e-04 true resid norm 1.861301452660e-03 ||r(i)||/||b|| 8.684847958094e-01
  1030 KSP Residual norm 4.652858245008e-04
  1030 KSP preconditioned resid norm 4.652858245008e-04 true resid norm 1.861143298003e-03 ||r(i)||/||b|| 8.684110007158e-01
  1031 KSP Residual norm 4.652463017512e-04
  1031 KSP preconditioned resid norm 4.652463017512e-04 true resid norm 1.860985207005e-03 ||r(i)||/||b|| 8.683372353254e-01
  1032 KSP Residual norm 4.652067948951e-04
  1032 KSP preconditioned resid norm 4.652067948951e-04 true resid norm 1.860827179580e-03 ||r(i)||/||b|| 8.682634995986e-01
  1033 KSP Residual norm 4.651673039112e-04
  1033 KSP preconditioned resid norm 4.651673039112e-04 true resid norm 1.860669215645e-03 ||r(i)||/||b|| 8.681897934957e-01
  1034 KSP Residual norm 4.651278287785e-04
  1034 KSP preconditioned resid norm 4.651278287785e-04 true resid norm 1.860511315114e-03 ||r(i)||/||b|| 8.681161169775e-01
  1035 KSP Residual norm 4.650883694758e-04
  1035 KSP preconditioned resid norm 4.650883694758e-04 true resid norm 1.860353477903e-03 ||r(i)||/||b|| 8.680424700045e-01
  1036 KSP Residual norm 4.650489259821e-04
  1036 KSP preconditioned resid norm 4.650489259821e-04 true resid norm 1.860195703928e-03 ||r(i)||/||b|| 8.679688525376e-01
  1037 KSP Residual norm 4.650094982765e-04
  1037 KSP preconditioned resid norm 4.650094982765e-04 true resid norm 1.860037993106e-03 ||r(i)||/||b|| 8.678952645375e-01
  1038 KSP Residual norm 4.649700863380e-04
  1038 KSP preconditioned resid norm 4.649700863380e-04 true resid norm 1.859880345352e-03 ||r(i)||/||b|| 8.678217059653e-01
  1039 KSP Residual norm 4.649306901458e-04
  1039 KSP preconditioned resid norm 4.649306901458e-04 true resid norm 1.859722760583e-03 ||r(i)||/||b|| 8.677481767820e-01
  1040 KSP Residual norm 4.648913096791e-04
  1040 KSP preconditioned resid norm 4.648913096791e-04 true resid norm 1.859565238716e-03 ||r(i)||/||b|| 8.676746769487e-01
  1041 KSP Residual norm 4.648519449170e-04
  1041 KSP preconditioned resid norm 4.648519449170e-04 true resid norm 1.859407779668e-03 ||r(i)||/||b|| 8.676012064266e-01
  1042 KSP Residual norm 4.648125958389e-04
  1042 KSP preconditioned resid norm 4.648125958389e-04 true resid norm 1.859250383355e-03 ||r(i)||/||b|| 8.675277651771e-01
  1043 KSP Residual norm 4.647732624240e-04
  1043 KSP preconditioned resid norm 4.647732624240e-04 true resid norm 1.859093049696e-03 ||r(i)||/||b|| 8.674543531616e-01
  1044 KSP Residual norm 4.647339446517e-04
  1044 KSP preconditioned resid norm 4.647339446517e-04 true resid norm 1.858935778607e-03 ||r(i)||/||b|| 8.673809703415e-01
  1045 KSP Residual norm 4.646946425015e-04
  1045 KSP preconditioned resid norm 4.646946425015e-04 true resid norm 1.858778570006e-03 ||r(i)||/||b|| 8.673076166785e-01
  1046 KSP Residual norm 4.646553559528e-04
  1046 KSP preconditioned resid norm 4.646553559528e-04 true resid norm 1.858621423811e-03 ||r(i)||/||b|| 8.672342921341e-01
  1047 KSP Residual norm 4.646160849852e-04
  1047 KSP preconditioned resid norm 4.646160849852e-04 true resid norm 1.858464339941e-03 ||r(i)||/||b|| 8.671609966703e-01
  1048 KSP Residual norm 4.645768295781e-04
  1048 KSP preconditioned resid norm 4.645768295781e-04 true resid norm 1.858307318313e-03 ||r(i)||/||b|| 8.670877302489e-01
  1049 KSP Residual norm 4.645375897113e-04
  1049 KSP preconditioned resid norm 4.645375897113e-04 true resid norm 1.858150358845e-03 ||r(i)||/||b|| 8.670144928317e-01
  1050 KSP Residual norm 4.644983653643e-04
  1050 KSP preconditioned resid norm 4.644983653643e-04 true resid norm 1.857993461457e-03 ||r(i)||/||b|| 8.669412843808e-01
  1051 KSP Residual norm 4.644591565169e-04
  1051 KSP preconditioned resid norm 4.644591565169e-04 true resid norm 1.857836626068e-03 ||r(i)||/||b|| 8.668681048584e-01
  1052 KSP Residual norm 4.644199631488e-04
  1052 KSP preconditioned resid norm 4.644199631488e-04 true resid norm 1.857679852595e-03 ||r(i)||/||b|| 8.667949542267e-01
  1053 KSP Residual norm 4.643807852399e-04
  1053 KSP preconditioned resid norm 4.643807852399e-04 true resid norm 1.857523140959e-03 ||r(i)||/||b|| 8.667218324479e-01
  1054 KSP Residual norm 4.643416227699e-04
  1054 KSP preconditioned resid norm 4.643416227699e-04 true resid norm 1.857366491079e-03 ||r(i)||/||b|| 8.666487394845e-01
  1055 KSP Residual norm 4.643024757187e-04
  1055 KSP preconditioned resid norm 4.643024757187e-04 true resid norm 1.857209902875e-03 ||r(i)||/||b|| 8.665756752988e-01
  1056 KSP Residual norm 4.642633440664e-04
  1056 KSP preconditioned resid norm 4.642633440664e-04 true resid norm 1.857053376266e-03 ||r(i)||/||b|| 8.665026398536e-01
  1057 KSP Residual norm 4.642242277928e-04
  1057 KSP preconditioned resid norm 4.642242277928e-04 true resid norm 1.856896911171e-03 ||r(i)||/||b|| 8.664296331113e-01
  1058 KSP Residual norm 4.641851268781e-04
  1058 KSP preconditioned resid norm 4.641851268781e-04 true resid norm 1.856740507512e-03 ||r(i)||/||b|| 8.663566550349e-01
  1059 KSP Residual norm 4.641460413023e-04
  1059 KSP preconditioned resid norm 4.641460413023e-04 true resid norm 1.856584165209e-03 ||r(i)||/||b|| 8.662837055869e-01
  1060 KSP Residual norm 4.641069710455e-04
  1060 KSP preconditioned resid norm 4.641069710455e-04 true resid norm 1.856427884182e-03 ||r(i)||/||b|| 8.662107847305e-01
  1061 KSP Residual norm 4.640679160879e-04
  1061 KSP preconditioned resid norm 4.640679160879e-04 true resid norm 1.856271664352e-03 ||r(i)||/||b|| 8.661378924285e-01
  1062 KSP Residual norm 4.640288764097e-04
  1062 KSP preconditioned resid norm 4.640288764097e-04 true resid norm 1.856115505639e-03 ||r(i)||/||b|| 8.660650286441e-01
  1063 KSP Residual norm 4.639898519912e-04
  1063 KSP preconditioned resid norm 4.639898519912e-04 true resid norm 1.855959407965e-03 ||r(i)||/||b|| 8.659921933404e-01
  1064 KSP Residual norm 4.639508428126e-04
  1064 KSP preconditioned resid norm 4.639508428126e-04 true resid norm 1.855803371250e-03 ||r(i)||/||b|| 8.659193864806e-01
  1065 KSP Residual norm 4.639118488544e-04
  1065 KSP preconditioned resid norm 4.639118488544e-04 true resid norm 1.855647395418e-03 ||r(i)||/||b|| 8.658466080281e-01
  1066 KSP Residual norm 4.638728700969e-04
  1066 KSP preconditioned resid norm 4.638728700969e-04 true resid norm 1.855491480388e-03 ||r(i)||/||b|| 8.657738579463e-01
  1067 KSP Residual norm 4.638339065206e-04
  1067 KSP preconditioned resid norm 4.638339065206e-04 true resid norm 1.855335626082e-03 ||r(i)||/||b|| 8.657011361987e-01
  1068 KSP Residual norm 4.637949581059e-04
  1068 KSP preconditioned resid norm 4.637949581059e-04 true resid norm 1.855179832424e-03 ||r(i)||/||b|| 8.656284427489e-01
  1069 KSP Residual norm 4.637560248335e-04
  1069 KSP preconditioned resid norm 4.637560248335e-04 true resid norm 1.855024099334e-03 ||r(i)||/||b|| 8.655557775605e-01
  1070 KSP Residual norm 4.637171066838e-04
  1070 KSP preconditioned resid norm 4.637171066838e-04 true resid norm 1.854868426735e-03 ||r(i)||/||b|| 8.654831405972e-01
  1071 KSP Residual norm 4.636782036375e-04
  1071 KSP preconditioned resid norm 4.636782036375e-04 true resid norm 1.854712814550e-03 ||r(i)||/||b|| 8.654105318230e-01
  1072 KSP Residual norm 4.636393156752e-04
  1072 KSP preconditioned resid norm 4.636393156752e-04 true resid norm 1.854557262701e-03 ||r(i)||/||b|| 8.653379512017e-01
  1073 KSP Residual norm 4.636004427777e-04
  1073 KSP preconditioned resid norm 4.636004427777e-04 true resid norm 1.854401771111e-03 ||r(i)||/||b|| 8.652653986974e-01
  1074 KSP Residual norm 4.635615849257e-04
  1074 KSP preconditioned resid norm 4.635615849257e-04 true resid norm 1.854246339703e-03 ||r(i)||/||b|| 8.651928742740e-01
  1075 KSP Residual norm 4.635227421001e-04
  1075 KSP preconditioned resid norm 4.635227421001e-04 true resid norm 1.854090968400e-03 ||r(i)||/||b|| 8.651203778958e-01
  1076 KSP Residual norm 4.634839142815e-04
  1076 KSP preconditioned resid norm 4.634839142815e-04 true resid norm 1.853935657126e-03 ||r(i)||/||b|| 8.650479095269e-01
  1077 KSP Residual norm 4.634451014510e-04
  1077 KSP preconditioned resid norm 4.634451014510e-04 true resid norm 1.853780405804e-03 ||r(i)||/||b|| 8.649754691318e-01
  1078 KSP Residual norm 4.634063035895e-04
  1078 KSP preconditioned resid norm 4.634063035895e-04 true resid norm 1.853625214358e-03 ||r(i)||/||b|| 8.649030566749e-01
  1079 KSP Residual norm 4.633675206779e-04
  1079 KSP preconditioned resid norm 4.633675206779e-04 true resid norm 1.853470082712e-03 ||r(i)||/||b|| 8.648306721205e-01
  1080 KSP Residual norm 4.633287526973e-04
  1080 KSP preconditioned resid norm 4.633287526973e-04 true resid norm 1.853315010789e-03 ||r(i)||/||b|| 8.647583154333e-01
  1081 KSP Residual norm 4.632899996286e-04
  1081 KSP preconditioned resid norm 4.632899996286e-04 true resid norm 1.853159998515e-03 ||r(i)||/||b|| 8.646859865779e-01
  1082 KSP Residual norm 4.632512614531e-04
  1082 KSP preconditioned resid norm 4.632512614531e-04 true resid norm 1.853005045812e-03 ||r(i)||/||b|| 8.646136855190e-01
  1083 KSP Residual norm 4.632125381518e-04
  1083 KSP preconditioned resid norm 4.632125381518e-04 true resid norm 1.852850152607e-03 ||r(i)||/||b|| 8.645414122215e-01
  1084 KSP Residual norm 4.631738297059e-04
  1084 KSP preconditioned resid norm 4.631738297059e-04 true resid norm 1.852695318824e-03 ||r(i)||/||b|| 8.644691666502e-01
  1085 KSP Residual norm 4.631351360967e-04
  1085 KSP preconditioned resid norm 4.631351360967e-04 true resid norm 1.852540544387e-03 ||r(i)||/||b|| 8.643969487700e-01
  1086 KSP Residual norm 4.630964573054e-04
  1086 KSP preconditioned resid norm 4.630964573054e-04 true resid norm 1.852385829222e-03 ||r(i)||/||b|| 8.643247585461e-01
  1087 KSP Residual norm 4.630577933134e-04
  1087 KSP preconditioned resid norm 4.630577933134e-04 true resid norm 1.852231173254e-03 ||r(i)||/||b|| 8.642525959436e-01
  1088 KSP Residual norm 4.630191441019e-04
  1088 KSP preconditioned resid norm 4.630191441019e-04 true resid norm 1.852076576408e-03 ||r(i)||/||b|| 8.641804609276e-01
  1089 KSP Residual norm 4.629805096524e-04
  1089 KSP preconditioned resid norm 4.629805096524e-04 true resid norm 1.851922038610e-03 ||r(i)||/||b|| 8.641083534634e-01
  1090 KSP Residual norm 4.629418899464e-04
  1090 KSP preconditioned resid norm 4.629418899464e-04 true resid norm 1.851767559786e-03 ||r(i)||/||b|| 8.640362735163e-01
  1091 KSP Residual norm 4.629032849652e-04
  1091 KSP preconditioned resid norm 4.629032849652e-04 true resid norm 1.851613139861e-03 ||r(i)||/||b|| 8.639642210519e-01
  1092 KSP Residual norm 4.628646946905e-04
  1092 KSP preconditioned resid norm 4.628646946905e-04 true resid norm 1.851458778762e-03 ||r(i)||/||b|| 8.638921960356e-01
  1093 KSP Residual norm 4.628261191037e-04
  1093 KSP preconditioned resid norm 4.628261191037e-04 true resid norm 1.851304476415e-03 ||r(i)||/||b|| 8.638201984329e-01
  1094 KSP Residual norm 4.627875581866e-04
  1094 KSP preconditioned resid norm 4.627875581866e-04 true resid norm 1.851150232746e-03 ||r(i)||/||b|| 8.637482282097e-01
  1095 KSP Residual norm 4.627490119206e-04
  1095 KSP preconditioned resid norm 4.627490119206e-04 true resid norm 1.850996047682e-03 ||r(i)||/||b|| 8.636762853315e-01
  1096 KSP Residual norm 4.627104802876e-04
  1096 KSP preconditioned resid norm 4.627104802876e-04 true resid norm 1.850841921150e-03 ||r(i)||/||b|| 8.636043697642e-01
  1097 KSP Residual norm 4.626719632692e-04
  1097 KSP preconditioned resid norm 4.626719632692e-04 true resid norm 1.850687853077e-03 ||r(i)||/||b|| 8.635324814738e-01
  1098 KSP Residual norm 4.626334608472e-04
  1098 KSP preconditioned resid norm 4.626334608472e-04 true resid norm 1.850533843389e-03 ||r(i)||/||b|| 8.634606204261e-01
  1099 KSP Residual norm 4.625949730034e-04
  1099 KSP preconditioned resid norm 4.625949730034e-04 true resid norm 1.850379892013e-03 ||r(i)||/||b|| 8.633887865872e-01
  1100 KSP Residual norm 4.625564997196e-04
  1100 KSP preconditioned resid norm 4.625564997196e-04 true resid norm 1.850225998879e-03 ||r(i)||/||b|| 8.633169799233e-01
  1101 KSP Residual norm 4.625180409779e-04
  1101 KSP preconditioned resid norm 4.625180409779e-04 true resid norm 1.850072163911e-03 ||r(i)||/||b|| 8.632452004005e-01
  1102 KSP Residual norm 4.624795967599e-04
  1102 KSP preconditioned resid norm 4.624795967599e-04 true resid norm 1.849918387040e-03 ||r(i)||/||b|| 8.631734479851e-01
  1103 KSP Residual norm 4.624411670479e-04
  1103 KSP preconditioned resid norm 4.624411670479e-04 true resid norm 1.849764668191e-03 ||r(i)||/||b|| 8.631017226435e-01
  1104 KSP Residual norm 4.624027518236e-04
  1104 KSP preconditioned resid norm 4.624027518236e-04 true resid norm 1.849611007294e-03 ||r(i)||/||b|| 8.630300243420e-01
  1105 KSP Residual norm 4.623643510693e-04
  1105 KSP preconditioned resid norm 4.623643510693e-04 true resid norm 1.849457404277e-03 ||r(i)||/||b|| 8.629583530472e-01
  1106 KSP Residual norm 4.623259647669e-04
  1106 KSP preconditioned resid norm 4.623259647669e-04 true resid norm 1.849303859068e-03 ||r(i)||/||b|| 8.628867087256e-01
  1107 KSP Residual norm 4.622875928987e-04
  1107 KSP preconditioned resid norm 4.622875928987e-04 true resid norm 1.849150371595e-03 ||r(i)||/||b|| 8.628150913438e-01
  1108 KSP Residual norm 4.622492354467e-04
  1108 KSP preconditioned resid norm 4.622492354467e-04 true resid norm 1.848996941787e-03 ||r(i)||/||b|| 8.627435008687e-01
  1109 KSP Residual norm 4.622108923932e-04
  1109 KSP preconditioned resid norm 4.622108923932e-04 true resid norm 1.848843569573e-03 ||r(i)||/||b|| 8.626719372669e-01
  1110 KSP Residual norm 4.621725637204e-04
  1110 KSP preconditioned resid norm 4.621725637204e-04 true resid norm 1.848690254882e-03 ||r(i)||/||b|| 8.626004005053e-01
  1111 KSP Residual norm 4.621342494106e-04
  1111 KSP preconditioned resid norm 4.621342494106e-04 true resid norm 1.848536997642e-03 ||r(i)||/||b|| 8.625288905509e-01
  1112 KSP Residual norm 4.620959494461e-04
  1112 KSP preconditioned resid norm 4.620959494461e-04 true resid norm 1.848383797785e-03 ||r(i)||/||b|| 8.624574073707e-01
  1113 KSP Residual norm 4.620576638094e-04
  1113 KSP preconditioned resid norm 4.620576638094e-04 true resid norm 1.848230655238e-03 ||r(i)||/||b|| 8.623859509317e-01
  1114 KSP Residual norm 4.620193924827e-04
  1114 KSP preconditioned resid norm 4.620193924827e-04 true resid norm 1.848077569931e-03 ||r(i)||/||b|| 8.623145212011e-01
  1115 KSP Residual norm 4.619811354486e-04
  1115 KSP preconditioned resid norm 4.619811354486e-04 true resid norm 1.847924541794e-03 ||r(i)||/||b|| 8.622431181461e-01
  1116 KSP Residual norm 4.619428926894e-04
  1116 KSP preconditioned resid norm 4.619428926894e-04 true resid norm 1.847771570758e-03 ||r(i)||/||b|| 8.621717417340e-01
  1117 KSP Residual norm 4.619046641878e-04
  1117 KSP preconditioned resid norm 4.619046641878e-04 true resid norm 1.847618656751e-03 ||r(i)||/||b|| 8.621003919322e-01
  1118 KSP Residual norm 4.618664499262e-04
  1118 KSP preconditioned resid norm 4.618664499262e-04 true resid norm 1.847465799705e-03 ||r(i)||/||b|| 8.620290687082e-01
  1119 KSP Residual norm 4.618282498873e-04
  1119 KSP preconditioned resid norm 4.618282498873e-04 true resid norm 1.847312999549e-03 ||r(i)||/||b|| 8.619577720293e-01
  1120 KSP Residual norm 4.617900640538e-04
  1120 KSP preconditioned resid norm 4.617900640538e-04 true resid norm 1.847160256215e-03 ||r(i)||/||b|| 8.618865018633e-01
  1121 KSP Residual norm 4.617518924081e-04
  1121 KSP preconditioned resid norm 4.617518924081e-04 true resid norm 1.847007569632e-03 ||r(i)||/||b|| 8.618152581777e-01
  1122 KSP Residual norm 4.617137349331e-04
  1122 KSP preconditioned resid norm 4.617137349331e-04 true resid norm 1.846854939733e-03 ||r(i)||/||b|| 8.617440409403e-01
  1123 KSP Residual norm 4.616755916116e-04
  1123 KSP preconditioned resid norm 4.616755916116e-04 true resid norm 1.846702366446e-03 ||r(i)||/||b|| 8.616728501189e-01
  1124 KSP Residual norm 4.616374624262e-04
  1124 KSP preconditioned resid norm 4.616374624262e-04 true resid norm 1.846549849705e-03 ||r(i)||/||b|| 8.616016856813e-01
  1125 KSP Residual norm 4.615993473598e-04
  1125 KSP preconditioned resid norm 4.615993473598e-04 true resid norm 1.846397389439e-03 ||r(i)||/||b|| 8.615305475954e-01
  1126 KSP Residual norm 4.615612463953e-04
  1126 KSP preconditioned resid norm 4.615612463953e-04 true resid norm 1.846244985581e-03 ||r(i)||/||b|| 8.614594358293e-01
  1127 KSP Residual norm 4.615231595156e-04
  1127 KSP preconditioned resid norm 4.615231595156e-04 true resid norm 1.846092638062e-03 ||r(i)||/||b|| 8.613883503511e-01
  1128 KSP Residual norm 4.614850867035e-04
  1128 KSP preconditioned resid norm 4.614850867035e-04 true resid norm 1.845940346814e-03 ||r(i)||/||b|| 8.613172911288e-01
  1129 KSP Residual norm 4.614470279421e-04
  1129 KSP preconditioned resid norm 4.614470279421e-04 true resid norm 1.845788111768e-03 ||r(i)||/||b|| 8.612462581307e-01
  1130 KSP Residual norm 4.614089832143e-04
  1130 KSP preconditioned resid norm 4.614089832143e-04 true resid norm 1.845635932857e-03 ||r(i)||/||b|| 8.611752513250e-01
  1131 KSP Residual norm 4.613709525032e-04
  1131 KSP preconditioned resid norm 4.613709525032e-04 true resid norm 1.845483810013e-03 ||r(i)||/||b|| 8.611042706801e-01
  1132 KSP Residual norm 4.613329357919e-04
  1132 KSP preconditioned resid norm 4.613329357919e-04 true resid norm 1.845331743168e-03 ||r(i)||/||b|| 8.610333161645e-01
  1133 KSP Residual norm 4.612949330635e-04
  1133 KSP preconditioned resid norm 4.612949330635e-04 true resid norm 1.845179732254e-03 ||r(i)||/||b|| 8.609623877465e-01
  1134 KSP Residual norm 4.612569443011e-04
  1134 KSP preconditioned resid norm 4.612569443011e-04 true resid norm 1.845027777204e-03 ||r(i)||/||b|| 8.608914853948e-01
  1135 KSP Residual norm 4.612189694879e-04
  1135 KSP preconditioned resid norm 4.612189694879e-04 true resid norm 1.844875877951e-03 ||r(i)||/||b|| 8.608206090779e-01
  1136 KSP Residual norm 4.611810086071e-04
  1136 KSP preconditioned resid norm 4.611810086071e-04 true resid norm 1.844724034428e-03 ||r(i)||/||b|| 8.607497587646e-01
  1137 KSP Residual norm 4.611430616420e-04
  1137 KSP preconditioned resid norm 4.611430616420e-04 true resid norm 1.844572246568e-03 ||r(i)||/||b|| 8.606789344236e-01
  1138 KSP Residual norm 4.611051285760e-04
  1138 KSP preconditioned resid norm 4.611051285760e-04 true resid norm 1.844420514304e-03 ||r(i)||/||b|| 8.606081360237e-01
  1139 KSP Residual norm 4.610672093922e-04
  1139 KSP preconditioned resid norm 4.610672093922e-04 true resid norm 1.844268837569e-03 ||r(i)||/||b|| 8.605373635338e-01
  1140 KSP Residual norm 4.610293040741e-04
  1140 KSP preconditioned resid norm 4.610293040741e-04 true resid norm 1.844117216296e-03 ||r(i)||/||b|| 8.604666169228e-01
  1141 KSP Residual norm 4.609914126051e-04
  1141 KSP preconditioned resid norm 4.609914126051e-04 true resid norm 1.843965650420e-03 ||r(i)||/||b|| 8.603958961598e-01
  1142 KSP Residual norm 4.609535349686e-04
  1142 KSP preconditioned resid norm 4.609535349686e-04 true resid norm 1.843814139874e-03 ||r(i)||/||b|| 8.603252012138e-01
  1143 KSP Residual norm 4.609156711481e-04
  1143 KSP preconditioned resid norm 4.609156711481e-04 true resid norm 1.843662684592e-03 ||r(i)||/||b|| 8.602545320541e-01
  1144 KSP Residual norm 4.608778211271e-04
  1144 KSP preconditioned resid norm 4.608778211271e-04 true resid norm 1.843511284508e-03 ||r(i)||/||b|| 8.601838886498e-01
  1145 KSP Residual norm 4.608399848891e-04
  1145 KSP preconditioned resid norm 4.608399848891e-04 true resid norm 1.843359939556e-03 ||r(i)||/||b|| 8.601132709702e-01
  1146 KSP Residual norm 4.608021624177e-04
  1146 KSP preconditioned resid norm 4.608021624177e-04 true resid norm 1.843208649671e-03 ||r(i)||/||b|| 8.600426789846e-01
  1147 KSP Residual norm 4.607643536966e-04
  1147 KSP preconditioned resid norm 4.607643536966e-04 true resid norm 1.843057414786e-03 ||r(i)||/||b|| 8.599721126625e-01
  1148 KSP Residual norm 4.607265587093e-04
  1148 KSP preconditioned resid norm 4.607265587093e-04 true resid norm 1.842906234837e-03 ||r(i)||/||b|| 8.599015719734e-01
  1149 KSP Residual norm 4.606887774396e-04
  1149 KSP preconditioned resid norm 4.606887774396e-04 true resid norm 1.842755109759e-03 ||r(i)||/||b|| 8.598310568867e-01
  1150 KSP Residual norm 4.606510098712e-04
  1150 KSP preconditioned resid norm 4.606510098712e-04 true resid norm 1.842604039485e-03 ||r(i)||/||b|| 8.597605673721e-01
  1151 KSP Residual norm 4.606132559878e-04
  1151 KSP preconditioned resid norm 4.606132559878e-04 true resid norm 1.842453023951e-03 ||r(i)||/||b|| 8.596901033993e-01
  1152 KSP Residual norm 4.605755157731e-04
  1152 KSP preconditioned resid norm 4.605755157731e-04 true resid norm 1.842302063093e-03 ||r(i)||/||b|| 8.596196649380e-01
  1153 KSP Residual norm 4.605377892111e-04
  1153 KSP preconditioned resid norm 4.605377892111e-04 true resid norm 1.842151156845e-03 ||r(i)||/||b|| 8.595492519580e-01
  1154 KSP Residual norm 4.605000762856e-04
  1154 KSP preconditioned resid norm 4.605000762856e-04 true resid norm 1.842000305143e-03 ||r(i)||/||b|| 8.594788644292e-01
  1155 KSP Residual norm 4.604623769805e-04
  1155 KSP preconditioned resid norm 4.604623769805e-04 true resid norm 1.841849507922e-03 ||r(i)||/||b|| 8.594085023214e-01
  1156 KSP Residual norm 4.604246912796e-04
  1156 KSP preconditioned resid norm 4.604246912796e-04 true resid norm 1.841698765118e-03 ||r(i)||/||b|| 8.593381656048e-01
  1157 KSP Residual norm 4.603870191670e-04
  1157 KSP preconditioned resid norm 4.603870191670e-04 true resid norm 1.841548076668e-03 ||r(i)||/||b|| 8.592678542493e-01
  1158 KSP Residual norm 4.603493606266e-04
  1158 KSP preconditioned resid norm 4.603493606266e-04 true resid norm 1.841397442506e-03 ||r(i)||/||b|| 8.591975682250e-01
  1159 KSP Residual norm 4.603117156425e-04
  1159 KSP preconditioned resid norm 4.603117156425e-04 true resid norm 1.841246862570e-03 ||r(i)||/||b|| 8.591273075022e-01
  1160 KSP Residual norm 4.602740841986e-04
  1160 KSP preconditioned resid norm 4.602740841986e-04 true resid norm 1.841096336795e-03 ||r(i)||/||b|| 8.590570720511e-01
  1161 KSP Residual norm 4.602364662792e-04
  1161 KSP preconditioned resid norm 4.602364662792e-04 true resid norm 1.840945865117e-03 ||r(i)||/||b|| 8.589868618420e-01
  1162 KSP Residual norm 4.601988618683e-04
  1162 KSP preconditioned resid norm 4.601988618683e-04 true resid norm 1.840795447473e-03 ||r(i)||/||b|| 8.589166768452e-01
  1163 KSP Residual norm 4.601612709501e-04
  1163 KSP preconditioned resid norm 4.601612709501e-04 true resid norm 1.840645083801e-03 ||r(i)||/||b|| 8.588465170312e-01
  1164 KSP Residual norm 4.601236935088e-04
  1164 KSP preconditioned resid norm 4.601236935088e-04 true resid norm 1.840494774035e-03 ||r(i)||/||b|| 8.587763823705e-01
  1165 KSP Residual norm 4.600861295286e-04
  1165 KSP preconditioned resid norm 4.600861295286e-04 true resid norm 1.840344518114e-03 ||r(i)||/||b|| 8.587062728336e-01
  1166 KSP Residual norm 4.600485789937e-04
  1166 KSP preconditioned resid norm 4.600485789937e-04 true resid norm 1.840194315975e-03 ||r(i)||/||b|| 8.586361883912e-01
  1167 KSP Residual norm 4.600110418885e-04
  1167 KSP preconditioned resid norm 4.600110418885e-04 true resid norm 1.840044167554e-03 ||r(i)||/||b|| 8.585661290140e-01
  1168 KSP Residual norm 4.599735181972e-04
  1168 KSP preconditioned resid norm 4.599735181972e-04 true resid norm 1.839894072789e-03 ||r(i)||/||b|| 8.584960946726e-01
  1169 KSP Residual norm 4.599360079043e-04
  1169 KSP preconditioned resid norm 4.599360079043e-04 true resid norm 1.839744031617e-03 ||r(i)||/||b|| 8.584260853378e-01
  1170 KSP Residual norm 4.598985109940e-04
  1170 KSP preconditioned resid norm 4.598985109940e-04 true resid norm 1.839594043976e-03 ||r(i)||/||b|| 8.583561009806e-01
  1171 KSP Residual norm 4.598610274509e-04
  1171 KSP preconditioned resid norm 4.598610274509e-04 true resid norm 1.839444109804e-03 ||r(i)||/||b|| 8.582861415719e-01
  1172 KSP Residual norm 4.598235572594e-04
  1172 KSP preconditioned resid norm 4.598235572594e-04 true resid norm 1.839294229038e-03 ||r(i)||/||b|| 8.582162070826e-01
  1173 KSP Residual norm 4.597861004039e-04
  1173 KSP preconditioned resid norm 4.597861004039e-04 true resid norm 1.839144401616e-03 ||r(i)||/||b|| 8.581462974837e-01
  1174 KSP Residual norm 4.597486568691e-04
  1174 KSP preconditioned resid norm 4.597486568691e-04 true resid norm 1.838994627476e-03 ||r(i)||/||b|| 8.580764127465e-01
  1175 KSP Residual norm 4.597112266393e-04
  1175 KSP preconditioned resid norm 4.597112266393e-04 true resid norm 1.838844906557e-03 ||r(i)||/||b|| 8.580065528420e-01
  1176 KSP Residual norm 4.596738096993e-04
  1176 KSP preconditioned resid norm 4.596738096993e-04 true resid norm 1.838695238797e-03 ||r(i)||/||b|| 8.579367177415e-01
  1177 KSP Residual norm 4.596364060336e-04
  1177 KSP preconditioned resid norm 4.596364060336e-04 true resid norm 1.838545624134e-03 ||r(i)||/||b|| 8.578669074162e-01
  1178 KSP Residual norm 4.595990156269e-04
  1178 KSP preconditioned resid norm 4.595990156269e-04 true resid norm 1.838396062507e-03 ||r(i)||/||b|| 8.577971218375e-01
  1179 KSP Residual norm 4.595616384638e-04
  1179 KSP preconditioned resid norm 4.595616384638e-04 true resid norm 1.838246553855e-03 ||r(i)||/||b|| 8.577273609768e-01
  1180 KSP Residual norm 4.595242745291e-04
  1180 KSP preconditioned resid norm 4.595242745291e-04 true resid norm 1.838097098116e-03 ||r(i)||/||b|| 8.576576248055e-01
  1181 KSP Residual norm 4.594869238075e-04
  1181 KSP preconditioned resid norm 4.594869238075e-04 true resid norm 1.837947695230e-03 ||r(i)||/||b|| 8.575879132952e-01
  1182 KSP Residual norm 4.594495862837e-04
  1182 KSP preconditioned resid norm 4.594495862837e-04 true resid norm 1.837798345135e-03 ||r(i)||/||b|| 8.575182264175e-01
  1183 KSP Residual norm 4.594122619426e-04
  1183 KSP preconditioned resid norm 4.594122619426e-04 true resid norm 1.837649047771e-03 ||r(i)||/||b|| 8.574485641440e-01
  1184 KSP Residual norm 4.593749507691e-04
  1184 KSP preconditioned resid norm 4.593749507691e-04 true resid norm 1.837499803076e-03 ||r(i)||/||b|| 8.573789264463e-01
  1185 KSP Residual norm 4.593376527479e-04
  1185 KSP preconditioned resid norm 4.593376527479e-04 true resid norm 1.837350610992e-03 ||r(i)||/||b|| 8.573093132963e-01
  1186 KSP Residual norm 4.593003678640e-04
  1186 KSP preconditioned resid norm 4.593003678640e-04 true resid norm 1.837201471456e-03 ||r(i)||/||b|| 8.572397246657e-01
  1187 KSP Residual norm 4.592630961023e-04
  1187 KSP preconditioned resid norm 4.592630961023e-04 true resid norm 1.837052384409e-03 ||r(i)||/||b|| 8.571701605265e-01
  1188 KSP Residual norm 4.592258374477e-04
  1188 KSP preconditioned resid norm 4.592258374477e-04 true resid norm 1.836903349791e-03 ||r(i)||/||b|| 8.571006208504e-01
  1189 KSP Residual norm 4.591885918853e-04
  1189 KSP preconditioned resid norm 4.591885918853e-04 true resid norm 1.836754367541e-03 ||r(i)||/||b|| 8.570311056096e-01
  1190 KSP Residual norm 4.591513594000e-04
  1190 KSP preconditioned resid norm 4.591513594000e-04 true resid norm 1.836605437600e-03 ||r(i)||/||b|| 8.569616147761e-01
  1191 KSP Residual norm 4.591141399770e-04
  1191 KSP preconditioned resid norm 4.591141399770e-04 true resid norm 1.836456559908e-03 ||r(i)||/||b|| 8.568921483220e-01
  1192 KSP Residual norm 4.590769336013e-04
  1192 KSP preconditioned resid norm 4.590769336013e-04 true resid norm 1.836307734405e-03 ||r(i)||/||b|| 8.568227062193e-01
  1193 KSP Residual norm 4.590397402580e-04
  1193 KSP preconditioned resid norm 4.590397402580e-04 true resid norm 1.836158961032e-03 ||r(i)||/||b|| 8.567532884405e-01
  1194 KSP Residual norm 4.590025599322e-04
  1194 KSP preconditioned resid norm 4.590025599322e-04 true resid norm 1.836010239729e-03 ||r(i)||/||b|| 8.566838949576e-01
  1195 KSP Residual norm 4.589653926092e-04
  1195 KSP preconditioned resid norm 4.589653926092e-04 true resid norm 1.835861570437e-03 ||r(i)||/||b|| 8.566145257430e-01
  1196 KSP Residual norm 4.589282382741e-04
  1196 KSP preconditioned resid norm 4.589282382741e-04 true resid norm 1.835712953096e-03 ||r(i)||/||b|| 8.565451807692e-01
  1197 KSP Residual norm 4.588910969122e-04
  1197 KSP preconditioned resid norm 4.588910969122e-04 true resid norm 1.835564387649e-03 ||r(i)||/||b|| 8.564758600086e-01
  1198 KSP Residual norm 4.588539685087e-04
  1198 KSP preconditioned resid norm 4.588539685087e-04 true resid norm 1.835415874035e-03 ||r(i)||/||b|| 8.564065634335e-01
  1199 KSP Residual norm 4.588168530489e-04
  1199 KSP preconditioned resid norm 4.588168530489e-04 true resid norm 1.835267412196e-03 ||r(i)||/||b|| 8.563372910167e-01
  1200 KSP Residual norm 4.587797505182e-04
  1200 KSP preconditioned resid norm 4.587797505182e-04 true resid norm 1.835119002073e-03 ||r(i)||/||b|| 8.562680427307e-01
  1201 KSP Residual norm 4.587426609018e-04
  1201 KSP preconditioned resid norm 4.587426609018e-04 true resid norm 1.834970643607e-03 ||r(i)||/||b|| 8.561988185482e-01
  1202 KSP Residual norm 4.587055841853e-04
  1202 KSP preconditioned resid norm 4.587055841853e-04 true resid norm 1.834822336741e-03 ||r(i)||/||b|| 8.561296184419e-01
  1203 KSP Residual norm 4.586685203539e-04
  1203 KSP preconditioned resid norm 4.586685203539e-04 true resid norm 1.834674081416e-03 ||r(i)||/||b|| 8.560604423846e-01
  1204 KSP Residual norm 4.586314693932e-04
  1204 KSP preconditioned resid norm 4.586314693932e-04 true resid norm 1.834525877573e-03 ||r(i)||/||b|| 8.559912903490e-01
  1205 KSP Residual norm 4.585944312886e-04
  1205 KSP preconditioned resid norm 4.585944312886e-04 true resid norm 1.834377725154e-03 ||r(i)||/||b|| 8.559221623081e-01
  1206 KSP Residual norm 4.585574060256e-04
  1206 KSP preconditioned resid norm 4.585574060256e-04 true resid norm 1.834229624102e-03 ||r(i)||/||b|| 8.558530582349e-01
  1207 KSP Residual norm 4.585203935897e-04
  1207 KSP preconditioned resid norm 4.585203935897e-04 true resid norm 1.834081574359e-03 ||r(i)||/||b|| 8.557839781022e-01
  1208 KSP Residual norm 4.584833939665e-04
  1208 KSP preconditioned resid norm 4.584833939665e-04 true resid norm 1.833933575866e-03 ||r(i)||/||b|| 8.557149218833e-01
  1209 KSP Residual norm 4.584464071416e-04
  1209 KSP preconditioned resid norm 4.584464071416e-04 true resid norm 1.833785628567e-03 ||r(i)||/||b|| 8.556458895510e-01
  1210 KSP Residual norm 4.584094331007e-04
  1210 KSP preconditioned resid norm 4.584094331007e-04 true resid norm 1.833637732403e-03 ||r(i)||/||b|| 8.555768810787e-01
  1211 KSP Residual norm 4.583724718292e-04
  1211 KSP preconditioned resid norm 4.583724718292e-04 true resid norm 1.833489887317e-03 ||r(i)||/||b|| 8.555078964396e-01
  1212 KSP Residual norm 4.583355233130e-04
  1212 KSP preconditioned resid norm 4.583355233130e-04 true resid norm 1.833342093252e-03 ||r(i)||/||b|| 8.554389356068e-01
  1213 KSP Residual norm 4.582985875377e-04
  1213 KSP preconditioned resid norm 4.582985875377e-04 true resid norm 1.833194350151e-03 ||r(i)||/||b|| 8.553699985537e-01
  1214 KSP Residual norm 4.582616644891e-04
  1214 KSP preconditioned resid norm 4.582616644891e-04 true resid norm 1.833046657956e-03 ||r(i)||/||b|| 8.553010852537e-01
  1215 KSP Residual norm 4.582247541529e-04
  1215 KSP preconditioned resid norm 4.582247541529e-04 true resid norm 1.832899016612e-03 ||r(i)||/||b|| 8.552321956803e-01
  1216 KSP Residual norm 4.581878565149e-04
  1216 KSP preconditioned resid norm 4.581878565149e-04 true resid norm 1.832751426060e-03 ||r(i)||/||b|| 8.551633298068e-01
  1217 KSP Residual norm 4.581509715610e-04
  1217 KSP preconditioned resid norm 4.581509715610e-04 true resid norm 1.832603886244e-03 ||r(i)||/||b|| 8.550944876068e-01
  1218 KSP Residual norm 4.581140992769e-04
  1218 KSP preconditioned resid norm 4.581140992769e-04 true resid norm 1.832456397108e-03 ||r(i)||/||b|| 8.550256690539e-01
  1219 KSP Residual norm 4.580772396486e-04
  1219 KSP preconditioned resid norm 4.580772396486e-04 true resid norm 1.832308958594e-03 ||r(i)||/||b|| 8.549568741218e-01
  1220 KSP Residual norm 4.580403926619e-04
  1220 KSP preconditioned resid norm 4.580403926619e-04 true resid norm 1.832161570648e-03 ||r(i)||/||b|| 8.548881027841e-01
  1221 KSP Residual norm 4.580035583028e-04
  1221 KSP preconditioned resid norm 4.580035583028e-04 true resid norm 1.832014233211e-03 ||r(i)||/||b|| 8.548193550146e-01
  1222 KSP Residual norm 4.579667365573e-04
  1222 KSP preconditioned resid norm 4.579667365573e-04 true resid norm 1.831866946229e-03 ||r(i)||/||b|| 8.547506307870e-01
  1223 KSP Residual norm 4.579299274113e-04
  1223 KSP preconditioned resid norm 4.579299274113e-04 true resid norm 1.831719709645e-03 ||r(i)||/||b|| 8.546819300753e-01
  1224 KSP Residual norm 4.578931308509e-04
  1224 KSP preconditioned resid norm 4.578931308509e-04 true resid norm 1.831572523404e-03 ||r(i)||/||b|| 8.546132528533e-01
  1225 KSP Residual norm 4.578563468620e-04
  1225 KSP preconditioned resid norm 4.578563468620e-04 true resid norm 1.831425387448e-03 ||r(i)||/||b|| 8.545445990949e-01
  1226 KSP Residual norm 4.578195754309e-04
  1226 KSP preconditioned resid norm 4.578195754309e-04 true resid norm 1.831278301723e-03 ||r(i)||/||b|| 8.544759687742e-01
  1227 KSP Residual norm 4.577828165434e-04
  1227 KSP preconditioned resid norm 4.577828165434e-04 true resid norm 1.831131266174e-03 ||r(i)||/||b|| 8.544073618652e-01
  1228 KSP Residual norm 4.577460701859e-04
  1228 KSP preconditioned resid norm 4.577460701859e-04 true resid norm 1.830984280744e-03 ||r(i)||/||b|| 8.543387783421e-01
  1229 KSP Residual norm 4.577093363444e-04
  1229 KSP preconditioned resid norm 4.577093363444e-04 true resid norm 1.830837345378e-03 ||r(i)||/||b|| 8.542702181789e-01
  1230 KSP Residual norm 4.576726150052e-04
  1230 KSP preconditioned resid norm 4.576726150052e-04 true resid norm 1.830690460021e-03 ||r(i)||/||b|| 8.542016813499e-01
  1231 KSP Residual norm 4.576359061543e-04
  1231 KSP preconditioned resid norm 4.576359061543e-04 true resid norm 1.830543624617e-03 ||r(i)||/||b|| 8.541331678294e-01
  1232 KSP Residual norm 4.575992097782e-04
  1232 KSP preconditioned resid norm 4.575992097782e-04 true resid norm 1.830396839113e-03 ||r(i)||/||b|| 8.540646775917e-01
  1233 KSP Residual norm 4.575625258629e-04
  1233 KSP preconditioned resid norm 4.575625258629e-04 true resid norm 1.830250103452e-03 ||r(i)||/||b|| 8.539962106110e-01
  1234 KSP Residual norm 4.575258543949e-04
  1234 KSP preconditioned resid norm 4.575258543949e-04 true resid norm 1.830103417580e-03 ||r(i)||/||b|| 8.539277668619e-01
  1235 KSP Residual norm 4.574891953605e-04
  1235 KSP preconditioned resid norm 4.574891953605e-04 true resid norm 1.829956781442e-03 ||r(i)||/||b|| 8.538593463188e-01
  1236 KSP Residual norm 4.574525487459e-04
  1236 KSP preconditioned resid norm 4.574525487459e-04 true resid norm 1.829810194983e-03 ||r(i)||/||b|| 8.537909489563e-01
  1237 KSP Residual norm 4.574159145375e-04
  1237 KSP preconditioned resid norm 4.574159145375e-04 true resid norm 1.829663658150e-03 ||r(i)||/||b|| 8.537225747487e-01
  1238 KSP Residual norm 4.573792927219e-04
  1238 KSP preconditioned resid norm 4.573792927219e-04 true resid norm 1.829517170887e-03 ||r(i)||/||b|| 8.536542236709e-01
  1239 KSP Residual norm 4.573426832853e-04
  1239 KSP preconditioned resid norm 4.573426832853e-04 true resid norm 1.829370733141e-03 ||r(i)||/||b|| 8.535858956974e-01
  1240 KSP Residual norm 4.573060862142e-04
  1240 KSP preconditioned resid norm 4.573060862142e-04 true resid norm 1.829224344857e-03 ||r(i)||/||b|| 8.535175908030e-01
  1241 KSP Residual norm 4.572695014951e-04
  1241 KSP preconditioned resid norm 4.572695014951e-04 true resid norm 1.829078005981e-03 ||r(i)||/||b|| 8.534493089625e-01
  1242 KSP Residual norm 4.572329291146e-04
  1242 KSP preconditioned resid norm 4.572329291146e-04 true resid norm 1.828931716458e-03 ||r(i)||/||b|| 8.533810501505e-01
  1243 KSP Residual norm 4.571963690591e-04
  1243 KSP preconditioned resid norm 4.571963690591e-04 true resid norm 1.828785476236e-03 ||r(i)||/||b|| 8.533128143421e-01
  1244 KSP Residual norm 4.571598213151e-04
  1244 KSP preconditioned resid norm 4.571598213151e-04 true resid norm 1.828639285261e-03 ||r(i)||/||b|| 8.532446015120e-01
  1245 KSP Residual norm 4.571232858694e-04
  1245 KSP preconditioned resid norm 4.571232858694e-04 true resid norm 1.828493143478e-03 ||r(i)||/||b|| 8.531764116354e-01
  1246 KSP Residual norm 4.570867627085e-04
  1246 KSP preconditioned resid norm 4.570867627085e-04 true resid norm 1.828347050834e-03 ||r(i)||/||b|| 8.531082446871e-01
  1247 KSP Residual norm 4.570502518190e-04
  1247 KSP preconditioned resid norm 4.570502518190e-04 true resid norm 1.828201007276e-03 ||r(i)||/||b|| 8.530401006422e-01
  1248 KSP Residual norm 4.570137531875e-04
  1248 KSP preconditioned resid norm 4.570137531875e-04 true resid norm 1.828055012750e-03 ||r(i)||/||b|| 8.529719794759e-01
  1249 KSP Residual norm 4.569772668009e-04
  1249 KSP preconditioned resid norm 4.569772668009e-04 true resid norm 1.827909067204e-03 ||r(i)||/||b|| 8.529038811633e-01
  1250 KSP Residual norm 4.569407926458e-04
  1250 KSP preconditioned resid norm 4.569407926458e-04 true resid norm 1.827763170583e-03 ||r(i)||/||b|| 8.528358056795e-01
  1251 KSP Residual norm 4.569043307088e-04
  1251 KSP preconditioned resid norm 4.569043307088e-04 true resid norm 1.827617322835e-03 ||r(i)||/||b|| 8.527677530000e-01
  1252 KSP Residual norm 4.568678809769e-04
  1252 KSP preconditioned resid norm 4.568678809769e-04 true resid norm 1.827471523908e-03 ||r(i)||/||b|| 8.526997230998e-01
  1253 KSP Residual norm 4.568314434368e-04
  1253 KSP preconditioned resid norm 4.568314434368e-04 true resid norm 1.827325773747e-03 ||r(i)||/||b|| 8.526317159545e-01
  1254 KSP Residual norm 4.567950180753e-04
  1254 KSP preconditioned resid norm 4.567950180753e-04 true resid norm 1.827180072301e-03 ||r(i)||/||b|| 8.525637315393e-01
  1255 KSP Residual norm 4.567586048792e-04
  1255 KSP preconditioned resid norm 4.567586048792e-04 true resid norm 1.827034419517e-03 ||r(i)||/||b|| 8.524957698298e-01
  1256 KSP Residual norm 4.567222038354e-04
  1256 KSP preconditioned resid norm 4.567222038354e-04 true resid norm 1.826888815342e-03 ||r(i)||/||b|| 8.524278308015e-01
  1257 KSP Residual norm 4.566858149309e-04
  1257 KSP preconditioned resid norm 4.566858149309e-04 true resid norm 1.826743259724e-03 ||r(i)||/||b|| 8.523599144297e-01
  1258 KSP Residual norm 4.566494381525e-04
  1258 KSP preconditioned resid norm 4.566494381525e-04 true resid norm 1.826597752610e-03 ||r(i)||/||b|| 8.522920206903e-01
  1259 KSP Residual norm 4.566130734871e-04
  1259 KSP preconditioned resid norm 4.566130734871e-04 true resid norm 1.826452293948e-03 ||r(i)||/||b|| 8.522241495587e-01
  1260 KSP Residual norm 4.565767209218e-04
  1260 KSP preconditioned resid norm 4.565767209218e-04 true resid norm 1.826306883687e-03 ||r(i)||/||b|| 8.521563010106e-01
  1261 KSP Residual norm 4.565403804436e-04
  1261 KSP preconditioned resid norm 4.565403804436e-04 true resid norm 1.826161521774e-03 ||r(i)||/||b|| 8.520884750219e-01
  1262 KSP Residual norm 4.565040520394e-04
  1262 KSP preconditioned resid norm 4.565040520394e-04 true resid norm 1.826016208157e-03 ||r(i)||/||b|| 8.520206715682e-01
  1263 KSP Residual norm 4.564677356962e-04
  1263 KSP preconditioned resid norm 4.564677356962e-04 true resid norm 1.825870942785e-03 ||r(i)||/||b|| 8.519528906254e-01
  1264 KSP Residual norm 4.564314314013e-04
  1264 KSP preconditioned resid norm 4.564314314013e-04 true resid norm 1.825725725605e-03 ||r(i)||/||b|| 8.518851321694e-01
  1265 KSP Residual norm 4.563951391417e-04
  1265 KSP preconditioned resid norm 4.563951391417e-04 true resid norm 1.825580556567e-03 ||r(i)||/||b|| 8.518173961760e-01
  1266 KSP Residual norm 4.563588589044e-04
  1266 KSP preconditioned resid norm 4.563588589044e-04 true resid norm 1.825435435618e-03 ||r(i)||/||b|| 8.517496826212e-01
  1267 KSP Residual norm 4.563225906766e-04
  1267 KSP preconditioned resid norm 4.563225906766e-04 true resid norm 1.825290362707e-03 ||r(i)||/||b|| 8.516819914811e-01
  1268 KSP Residual norm 4.562863344456e-04
  1268 KSP preconditioned resid norm 4.562863344456e-04 true resid norm 1.825145337782e-03 ||r(i)||/||b|| 8.516143227316e-01
  1269 KSP Residual norm 4.562500901984e-04
  1269 KSP preconditioned resid norm 4.562500901984e-04 true resid norm 1.825000360794e-03 ||r(i)||/||b|| 8.515466763489e-01
  1270 KSP Residual norm 4.562138579224e-04
  1270 KSP preconditioned resid norm 4.562138579224e-04 true resid norm 1.824855431690e-03 ||r(i)||/||b|| 8.514790523092e-01
  1271 KSP Residual norm 4.561776376047e-04
  1271 KSP preconditioned resid norm 4.561776376047e-04 true resid norm 1.824710550419e-03 ||r(i)||/||b|| 8.514114505885e-01
  1272 KSP Residual norm 4.561414292326e-04
  1272 KSP preconditioned resid norm 4.561414292326e-04 true resid norm 1.824565716931e-03 ||r(i)||/||b|| 8.513438711632e-01
  1273 KSP Residual norm 4.561052327935e-04
  1273 KSP preconditioned resid norm 4.561052327935e-04 true resid norm 1.824420931174e-03 ||r(i)||/||b|| 8.512763140096e-01
  1274 KSP Residual norm 4.560690482746e-04
  1274 KSP preconditioned resid norm 4.560690482746e-04 true resid norm 1.824276193098e-03 ||r(i)||/||b|| 8.512087791038e-01
  1275 KSP Residual norm 4.560328756632e-04
  1275 KSP preconditioned resid norm 4.560328756632e-04 true resid norm 1.824131502653e-03 ||r(i)||/||b|| 8.511412664224e-01
  1276 KSP Residual norm 4.559967149468e-04
  1276 KSP preconditioned resid norm 4.559967149468e-04 true resid norm 1.823986859787e-03 ||r(i)||/||b|| 8.510737759418e-01
  1277 KSP Residual norm 4.559605661127e-04
  1277 KSP preconditioned resid norm 4.559605661127e-04 true resid norm 1.823842264451e-03 ||r(i)||/||b|| 8.510063076383e-01
  1278 KSP Residual norm 4.559244291483e-04
  1278 KSP preconditioned resid norm 4.559244291483e-04 true resid norm 1.823697716593e-03 ||r(i)||/||b|| 8.509388614886e-01
  1279 KSP Residual norm 4.558883040411e-04
  1279 KSP preconditioned resid norm 4.558883040411e-04 true resid norm 1.823553216164e-03 ||r(i)||/||b|| 8.508714374691e-01
  1280 KSP Residual norm 4.558521907785e-04
  1280 KSP preconditioned resid norm 4.558521907785e-04 true resid norm 1.823408763114e-03 ||r(i)||/||b|| 8.508040355564e-01
  1281 KSP Residual norm 4.558160893480e-04
  1281 KSP preconditioned resid norm 4.558160893480e-04 true resid norm 1.823264357392e-03 ||r(i)||/||b|| 8.507366557273e-01
  1282 KSP Residual norm 4.557799997372e-04
  1282 KSP preconditioned resid norm 4.557799997372e-04 true resid norm 1.823119998949e-03 ||r(i)||/||b|| 8.506692979583e-01
  1283 KSP Residual norm 4.557439219335e-04
  1283 KSP preconditioned resid norm 4.557439219335e-04 true resid norm 1.822975687734e-03 ||r(i)||/||b|| 8.506019622262e-01
  1284 KSP Residual norm 4.557078559245e-04
  1284 KSP preconditioned resid norm 4.557078559245e-04 true resid norm 1.822831423698e-03 ||r(i)||/||b|| 8.505346485079e-01
  1285 KSP Residual norm 4.556718016978e-04
  1285 KSP preconditioned resid norm 4.556718016978e-04 true resid norm 1.822687206791e-03 ||r(i)||/||b|| 8.504673567800e-01
  1286 KSP Residual norm 4.556357592410e-04
  1286 KSP preconditioned resid norm 4.556357592410e-04 true resid norm 1.822543036964e-03 ||r(i)||/||b|| 8.504000870194e-01
  1287 KSP Residual norm 4.555997285416e-04
  1287 KSP preconditioned resid norm 4.555997285416e-04 true resid norm 1.822398914167e-03 ||r(i)||/||b|| 8.503328392031e-01
  1288 KSP Residual norm 4.555637095875e-04
  1288 KSP preconditioned resid norm 4.555637095875e-04 true resid norm 1.822254838350e-03 ||r(i)||/||b|| 8.502656133080e-01
  1289 KSP Residual norm 4.555277023662e-04
  1289 KSP preconditioned resid norm 4.555277023662e-04 true resid norm 1.822110809465e-03 ||r(i)||/||b|| 8.501984093111e-01
  1290 KSP Residual norm 4.554917068654e-04
  1290 KSP preconditioned resid norm 4.554917068654e-04 true resid norm 1.821966827461e-03 ||r(i)||/||b|| 8.501312271895e-01
  1291 KSP Residual norm 4.554557230728e-04
  1291 KSP preconditioned resid norm 4.554557230728e-04 true resid norm 1.821822892291e-03 ||r(i)||/||b|| 8.500640669201e-01
  1292 KSP Residual norm 4.554197509763e-04
  1292 KSP preconditioned resid norm 4.554197509763e-04 true resid norm 1.821679003905e-03 ||r(i)||/||b|| 8.499969284802e-01
  1293 KSP Residual norm 4.553837905634e-04
  1293 KSP preconditioned resid norm 4.553837905634e-04 true resid norm 1.821535162254e-03 ||r(i)||/||b|| 8.499298118469e-01
  1294 KSP Residual norm 4.553478418222e-04
  1294 KSP preconditioned resid norm 4.553478418222e-04 true resid norm 1.821391367289e-03 ||r(i)||/||b|| 8.498627169974e-01
  1295 KSP Residual norm 4.553119047402e-04
  1295 KSP preconditioned resid norm 4.553119047402e-04 true resid norm 1.821247618961e-03 ||r(i)||/||b|| 8.497956439089e-01
  1296 KSP Residual norm 4.552759793055e-04
  1296 KSP preconditioned resid norm 4.552759793055e-04 true resid norm 1.821103917222e-03 ||r(i)||/||b|| 8.497285925587e-01
  1297 KSP Residual norm 4.552400655058e-04
  1297 KSP preconditioned resid norm 4.552400655058e-04 true resid norm 1.820960262023e-03 ||r(i)||/||b|| 8.496615629243e-01
  1298 KSP Residual norm 4.552041633290e-04
  1298 KSP preconditioned resid norm 4.552041633290e-04 true resid norm 1.820816653316e-03 ||r(i)||/||b|| 8.495945549829e-01
  1299 KSP Residual norm 4.551682727631e-04
  1299 KSP preconditioned resid norm 4.551682727631e-04 true resid norm 1.820673091052e-03 ||r(i)||/||b|| 8.495275687120e-01
  1300 KSP Residual norm 4.551323937959e-04
  1300 KSP preconditioned resid norm 4.551323937959e-04 true resid norm 1.820529575184e-03 ||r(i)||/||b|| 8.494606040890e-01
  1301 KSP Residual norm 4.550965264154e-04
  1301 KSP preconditioned resid norm 4.550965264154e-04 true resid norm 1.820386105661e-03 ||r(i)||/||b|| 8.493936610914e-01
  1302 KSP Residual norm 4.550606706095e-04
  1302 KSP preconditioned resid norm 4.550606706095e-04 true resid norm 1.820242682438e-03 ||r(i)||/||b|| 8.493267396969e-01
  1303 KSP Residual norm 4.550248263663e-04
  1303 KSP preconditioned resid norm 4.550248263663e-04 true resid norm 1.820099305465e-03 ||r(i)||/||b|| 8.492598398829e-01
  1304 KSP Residual norm 4.549889936738e-04
  1304 KSP preconditioned resid norm 4.549889936738e-04 true resid norm 1.819955974695e-03 ||r(i)||/||b|| 8.491929616272e-01
  1305 KSP Residual norm 4.549531725200e-04
  1305 KSP preconditioned resid norm 4.549531725200e-04 true resid norm 1.819812690080e-03 ||r(i)||/||b|| 8.491261049073e-01
  1306 KSP Residual norm 4.549173628929e-04
  1306 KSP preconditioned resid norm 4.549173628929e-04 true resid norm 1.819669451572e-03 ||r(i)||/||b|| 8.490592697010e-01
  1307 KSP Residual norm 4.548815647807e-04
  1307 KSP preconditioned resid norm 4.548815647807e-04 true resid norm 1.819526259123e-03 ||r(i)||/||b|| 8.489924559860e-01
  1308 KSP Residual norm 4.548457781715e-04
  1308 KSP preconditioned resid norm 4.548457781715e-04 true resid norm 1.819383112686e-03 ||r(i)||/||b|| 8.489256637402e-01
  1309 KSP Residual norm 4.548100030533e-04
  1309 KSP preconditioned resid norm 4.548100030533e-04 true resid norm 1.819240012213e-03 ||r(i)||/||b|| 8.488588929414e-01
  1310 KSP Residual norm 4.547742394143e-04
  1310 KSP preconditioned resid norm 4.547742394143e-04 true resid norm 1.819096957657e-03 ||r(i)||/||b|| 8.487921435675e-01
  1311 KSP Residual norm 4.547384872428e-04
  1311 KSP preconditioned resid norm 4.547384872428e-04 true resid norm 1.818953948971e-03 ||r(i)||/||b|| 8.487254155963e-01
  1312 KSP Residual norm 4.547027465268e-04
  1312 KSP preconditioned resid norm 4.547027465268e-04 true resid norm 1.818810986107e-03 ||r(i)||/||b|| 8.486587090058e-01
  1313 KSP Residual norm 4.546670172546e-04
  1313 KSP preconditioned resid norm 4.546670172546e-04 true resid norm 1.818668069018e-03 ||r(i)||/||b|| 8.485920237742e-01
  1314 KSP Residual norm 4.546312994144e-04
  1314 KSP preconditioned resid norm 4.546312994144e-04 true resid norm 1.818525197658e-03 ||r(i)||/||b|| 8.485253598793e-01
  1315 KSP Residual norm 4.545955929946e-04
  1315 KSP preconditioned resid norm 4.545955929946e-04 true resid norm 1.818382371978e-03 ||r(i)||/||b|| 8.484587172992e-01
  1316 KSP Residual norm 4.545598979833e-04
  1316 KSP preconditioned resid norm 4.545598979833e-04 true resid norm 1.818239591933e-03 ||r(i)||/||b|| 8.483920960122e-01
  1317 KSP Residual norm 4.545242143689e-04
  1317 KSP preconditioned resid norm 4.545242143689e-04 true resid norm 1.818096857476e-03 ||r(i)||/||b|| 8.483254959963e-01
  1318 KSP Residual norm 4.544885421397e-04
  1318 KSP preconditioned resid norm 4.544885421397e-04 true resid norm 1.817954168559e-03 ||r(i)||/||b|| 8.482589172298e-01
  1319 KSP Residual norm 4.544528812840e-04
  1319 KSP preconditioned resid norm 4.544528812840e-04 true resid norm 1.817811525136e-03 ||r(i)||/||b|| 8.481923596908e-01
  1320 KSP Residual norm 4.544172317902e-04
  1320 KSP preconditioned resid norm 4.544172317902e-04 true resid norm 1.817668927161e-03 ||r(i)||/||b|| 8.481258233578e-01
  1321 KSP Residual norm 4.543815936467e-04
  1321 KSP preconditioned resid norm 4.543815936467e-04 true resid norm 1.817526374587e-03 ||r(i)||/||b|| 8.480593082090e-01
  1322 KSP Residual norm 4.543459668419e-04
  1322 KSP preconditioned resid norm 4.543459668419e-04 true resid norm 1.817383867368e-03 ||r(i)||/||b|| 8.479928142228e-01
  1323 KSP Residual norm 4.543103513642e-04
  1323 KSP preconditioned resid norm 4.543103513642e-04 true resid norm 1.817241405457e-03 ||r(i)||/||b|| 8.479263413775e-01
  1324 KSP Residual norm 4.542747472021e-04
  1324 KSP preconditioned resid norm 4.542747472021e-04 true resid norm 1.817098988808e-03 ||r(i)||/||b|| 8.478598896517e-01
  1325 KSP Residual norm 4.542391543440e-04
  1325 KSP preconditioned resid norm 4.542391543440e-04 true resid norm 1.816956617376e-03 ||r(i)||/||b|| 8.477934590237e-01
  1326 KSP Residual norm 4.542035727785e-04
  1326 KSP preconditioned resid norm 4.542035727785e-04 true resid norm 1.816814291114e-03 ||r(i)||/||b|| 8.477270494722e-01
  1327 KSP Residual norm 4.541680024940e-04
  1327 KSP preconditioned resid norm 4.541680024940e-04 true resid norm 1.816672009976e-03 ||r(i)||/||b|| 8.476606609757e-01
  1328 KSP Residual norm 4.541324434792e-04
  1328 KSP preconditioned resid norm 4.541324434792e-04 true resid norm 1.816529773917e-03 ||r(i)||/||b|| 8.475942935128e-01
  1329 KSP Residual norm 4.540968957224e-04
  1329 KSP preconditioned resid norm 4.540968957224e-04 true resid norm 1.816387582890e-03 ||r(i)||/||b|| 8.475279470622e-01
  1330 KSP Residual norm 4.540613592124e-04
  1330 KSP preconditioned resid norm 4.540613592124e-04 true resid norm 1.816245436850e-03 ||r(i)||/||b|| 8.474616216024e-01
  1331 KSP Residual norm 4.540258339377e-04
  1331 KSP preconditioned resid norm 4.540258339377e-04 true resid norm 1.816103335751e-03 ||r(i)||/||b|| 8.473953171123e-01
  1332 KSP Residual norm 4.539903198869e-04
  1332 KSP preconditioned resid norm 4.539903198869e-04 true resid norm 1.815961279548e-03 ||r(i)||/||b|| 8.473290335705e-01
  1333 KSP Residual norm 4.539548170487e-04
  1333 KSP preconditioned resid norm 4.539548170487e-04 true resid norm 1.815819268195e-03 ||r(i)||/||b|| 8.472627709560e-01
  1334 KSP Residual norm 4.539193254118e-04
  1334 KSP preconditioned resid norm 4.539193254118e-04 true resid norm 1.815677301647e-03 ||r(i)||/||b|| 8.471965292475e-01
  1335 KSP Residual norm 4.538838449647e-04
  1335 KSP preconditioned resid norm 4.538838449647e-04 true resid norm 1.815535379859e-03 ||r(i)||/||b|| 8.471303084238e-01
  1336 KSP Residual norm 4.538483756963e-04
  1336 KSP preconditioned resid norm 4.538483756963e-04 true resid norm 1.815393502785e-03 ||r(i)||/||b|| 8.470641084640e-01
  1337 KSP Residual norm 4.538129175952e-04
  1337 KSP preconditioned resid norm 4.538129175952e-04 true resid norm 1.815251670381e-03 ||r(i)||/||b|| 8.469979293469e-01
  1338 KSP Residual norm 4.537774706502e-04
  1338 KSP preconditioned resid norm 4.537774706502e-04 true resid norm 1.815109882601e-03 ||r(i)||/||b|| 8.469317710516e-01
  1339 KSP Residual norm 4.537420348500e-04
  1339 KSP preconditioned resid norm 4.537420348500e-04 true resid norm 1.814968139400e-03 ||r(i)||/||b|| 8.468656335570e-01
  1340 KSP Residual norm 4.537066101835e-04
  1340 KSP preconditioned resid norm 4.537066101835e-04 true resid norm 1.814826440734e-03 ||r(i)||/||b|| 8.467995168423e-01
  1341 KSP Residual norm 4.536711966394e-04
  1341 KSP preconditioned resid norm 4.536711966394e-04 true resid norm 1.814684786558e-03 ||r(i)||/||b|| 8.467334208865e-01
  1342 KSP Residual norm 4.536357942065e-04
  1342 KSP preconditioned resid norm 4.536357942065e-04 true resid norm 1.814543176826e-03 ||r(i)||/||b|| 8.466673456688e-01
  1343 KSP Residual norm 4.536004028738e-04
  1343 KSP preconditioned resid norm 4.536004028738e-04 true resid norm 1.814401611495e-03 ||r(i)||/||b|| 8.466012911684e-01
  1344 KSP Residual norm 4.535650226299e-04
  1344 KSP preconditioned resid norm 4.535650226299e-04 true resid norm 1.814260090520e-03 ||r(i)||/||b|| 8.465352573644e-01
  1345 KSP Residual norm 4.535296534640e-04
  1345 KSP preconditioned resid norm 4.535296534640e-04 true resid norm 1.814118613856e-03 ||r(i)||/||b|| 8.464692442361e-01
  1346 KSP Residual norm 4.534942953648e-04
  1346 KSP preconditioned resid norm 4.534942953648e-04 true resid norm 1.813977181459e-03 ||r(i)||/||b|| 8.464032517629e-01
  1347 KSP Residual norm 4.534589483212e-04
  1347 KSP preconditioned resid norm 4.534589483212e-04 true resid norm 1.813835793285e-03 ||r(i)||/||b|| 8.463372799240e-01
  1348 KSP Residual norm 4.534236123223e-04
  1348 KSP preconditioned resid norm 4.534236123223e-04 true resid norm 1.813694449289e-03 ||r(i)||/||b|| 8.462713286988e-01
  1349 KSP Residual norm 4.533882873570e-04
  1349 KSP preconditioned resid norm 4.533882873570e-04 true resid norm 1.813553149428e-03 ||r(i)||/||b|| 8.462053980667e-01
  1350 KSP Residual norm 4.533529734142e-04
  1350 KSP preconditioned resid norm 4.533529734142e-04 true resid norm 1.813411893657e-03 ||r(i)||/||b|| 8.461394880072e-01
  1351 KSP Residual norm 4.533176704830e-04
  1351 KSP preconditioned resid norm 4.533176704830e-04 true resid norm 1.813270681932e-03 ||r(i)||/||b|| 8.460735984997e-01
  1352 KSP Residual norm 4.532823785523e-04
  1352 KSP preconditioned resid norm 4.532823785523e-04 true resid norm 1.813129514209e-03 ||r(i)||/||b|| 8.460077295238e-01
  1353 KSP Residual norm 4.532470976114e-04
  1353 KSP preconditioned resid norm 4.532470976114e-04 true resid norm 1.812988390445e-03 ||r(i)||/||b|| 8.459418810589e-01
  1354 KSP Residual norm 4.532118276491e-04
  1354 KSP preconditioned resid norm 4.532118276491e-04 true resid norm 1.812847310596e-03 ||r(i)||/||b|| 8.458760530847e-01
  1355 KSP Residual norm 4.531765686546e-04
  1355 KSP preconditioned resid norm 4.531765686546e-04 true resid norm 1.812706274618e-03 ||r(i)||/||b|| 8.458102455808e-01
  1356 KSP Residual norm 4.531413206169e-04
  1356 KSP preconditioned resid norm 4.531413206169e-04 true resid norm 1.812565282468e-03 ||r(i)||/||b|| 8.457444585269e-01
  1357 KSP Residual norm 4.531060835253e-04
  1357 KSP preconditioned resid norm 4.531060835253e-04 true resid norm 1.812424334101e-03 ||r(i)||/||b|| 8.456786919026e-01
  1358 KSP Residual norm 4.530708573688e-04
  1358 KSP preconditioned resid norm 4.530708573688e-04 true resid norm 1.812283429475e-03 ||r(i)||/||b|| 8.456129456877e-01
  1359 KSP Residual norm 4.530356421367e-04
  1359 KSP preconditioned resid norm 4.530356421367e-04 true resid norm 1.812142568547e-03 ||r(i)||/||b|| 8.455472198620e-01
  1360 KSP Residual norm 4.530004378180e-04
  1360 KSP preconditioned resid norm 4.530004378180e-04 true resid norm 1.812001751272e-03 ||r(i)||/||b|| 8.454815144053e-01
  1361 KSP Residual norm 4.529652444020e-04
  1361 KSP preconditioned resid norm 4.529652444020e-04 true resid norm 1.811860977608e-03 ||r(i)||/||b|| 8.454158292973e-01
  1362 KSP Residual norm 4.529300618779e-04
  1362 KSP preconditioned resid norm 4.529300618779e-04 true resid norm 1.811720247512e-03 ||r(i)||/||b|| 8.453501645181e-01
  1363 KSP Residual norm 4.528948902349e-04
  1363 KSP preconditioned resid norm 4.528948902349e-04 true resid norm 1.811579560940e-03 ||r(i)||/||b|| 8.452845200474e-01
  1364 KSP Residual norm 4.528597294624e-04
  1364 KSP preconditioned resid norm 4.528597294624e-04 true resid norm 1.811438917849e-03 ||r(i)||/||b|| 8.452188958653e-01
  1365 KSP Residual norm 4.528245795495e-04
  1365 KSP preconditioned resid norm 4.528245795495e-04 true resid norm 1.811298318198e-03 ||r(i)||/||b|| 8.451532919517e-01
  1366 KSP Residual norm 4.527894404856e-04
  1366 KSP preconditioned resid norm 4.527894404856e-04 true resid norm 1.811157761942e-03 ||r(i)||/||b|| 8.450877082866e-01
  1367 KSP Residual norm 4.527543122599e-04
  1367 KSP preconditioned resid norm 4.527543122599e-04 true resid norm 1.811017249040e-03 ||r(i)||/||b|| 8.450221448502e-01
  1368 KSP Residual norm 4.527191948619e-04
  1368 KSP preconditioned resid norm 4.527191948619e-04 true resid norm 1.810876779448e-03 ||r(i)||/||b|| 8.449566016225e-01
  1369 KSP Residual norm 4.526840882808e-04
  1369 KSP preconditioned resid norm 4.526840882808e-04 true resid norm 1.810736353123e-03 ||r(i)||/||b|| 8.448910785835e-01
  1370 KSP Residual norm 4.526489925061e-04
  1370 KSP preconditioned resid norm 4.526489925061e-04 true resid norm 1.810595970024e-03 ||r(i)||/||b|| 8.448255757136e-01
  1371 KSP Residual norm 4.526139075271e-04
  1371 KSP preconditioned resid norm 4.526139075271e-04 true resid norm 1.810455630109e-03 ||r(i)||/||b|| 8.447600929929e-01
  1372 KSP Residual norm 4.525788333333e-04
  1372 KSP preconditioned resid norm 4.525788333333e-04 true resid norm 1.810315333333e-03 ||r(i)||/||b|| 8.446946304015e-01
  1373 KSP Residual norm 4.525437699140e-04
  1373 KSP preconditioned resid norm 4.525437699140e-04 true resid norm 1.810175079656e-03 ||r(i)||/||b|| 8.446291879199e-01
  1374 KSP Residual norm 4.525087172587e-04
  1374 KSP preconditioned resid norm 4.525087172587e-04 true resid norm 1.810034869035e-03 ||r(i)||/||b|| 8.445637655282e-01
  1375 KSP Residual norm 4.524736753569e-04
  1375 KSP preconditioned resid norm 4.524736753569e-04 true resid norm 1.809894701428e-03 ||r(i)||/||b|| 8.444983632069e-01
  1376 KSP Residual norm 4.524386441981e-04
  1376 KSP preconditioned resid norm 4.524386441981e-04 true resid norm 1.809754576792e-03 ||r(i)||/||b|| 8.444329809362e-01
  1377 KSP Residual norm 4.524036237717e-04
  1377 KSP preconditioned resid norm 4.524036237717e-04 true resid norm 1.809614495087e-03 ||r(i)||/||b|| 8.443676186966e-01
  1378 KSP Residual norm 4.523686140672e-04
  1378 KSP preconditioned resid norm 4.523686140672e-04 true resid norm 1.809474456269e-03 ||r(i)||/||b|| 8.443022764686e-01
  1379 KSP Residual norm 4.523336150743e-04
  1379 KSP preconditioned resid norm 4.523336150743e-04 true resid norm 1.809334460297e-03 ||r(i)||/||b|| 8.442369542326e-01
  1380 KSP Residual norm 4.522986267825e-04
  1380 KSP preconditioned resid norm 4.522986267825e-04 true resid norm 1.809194507130e-03 ||r(i)||/||b|| 8.441716519691e-01
  1381 KSP Residual norm 4.522636491814e-04
  1381 KSP preconditioned resid norm 4.522636491814e-04 true resid norm 1.809054596725e-03 ||r(i)||/||b|| 8.441063696586e-01
  1382 KSP Residual norm 4.522286822604e-04
  1382 KSP preconditioned resid norm 4.522286822604e-04 true resid norm 1.808914729042e-03 ||r(i)||/||b|| 8.440411072818e-01
  1383 KSP Residual norm 4.521937260093e-04
  1383 KSP preconditioned resid norm 4.521937260093e-04 true resid norm 1.808774904037e-03 ||r(i)||/||b|| 8.439758648193e-01
  1384 KSP Residual norm 4.521587804178e-04
  1384 KSP preconditioned resid norm 4.521587804178e-04 true resid norm 1.808635121671e-03 ||r(i)||/||b|| 8.439106422516e-01
  1385 KSP Residual norm 4.521238454753e-04
  1385 KSP preconditioned resid norm 4.521238454753e-04 true resid norm 1.808495381901e-03 ||r(i)||/||b|| 8.438454395596e-01
  1386 KSP Residual norm 4.520889211716e-04
  1386 KSP preconditioned resid norm 4.520889211716e-04 true resid norm 1.808355684687e-03 ||r(i)||/||b|| 8.437802567238e-01
  1387 KSP Residual norm 4.520540074965e-04
  1387 KSP preconditioned resid norm 4.520540074965e-04 true resid norm 1.808216029986e-03 ||r(i)||/||b|| 8.437150937251e-01
  1388 KSP Residual norm 4.520191044395e-04
  1388 KSP preconditioned resid norm 4.520191044395e-04 true resid norm 1.808076417758e-03 ||r(i)||/||b|| 8.436499505441e-01
  1389 KSP Residual norm 4.519842119904e-04
  1389 KSP preconditioned resid norm 4.519842119904e-04 true resid norm 1.807936847962e-03 ||r(i)||/||b|| 8.435848271618e-01
  1390 KSP Residual norm 4.519493301390e-04
  1390 KSP preconditioned resid norm 4.519493301390e-04 true resid norm 1.807797320556e-03 ||r(i)||/||b|| 8.435197235590e-01
  1391 KSP Residual norm 4.519144588749e-04
  1391 KSP preconditioned resid norm 4.519144588749e-04 true resid norm 1.807657835500e-03 ||r(i)||/||b|| 8.434546397166e-01
  1392 KSP Residual norm 4.518795981881e-04
  1392 KSP preconditioned resid norm 4.518795981881e-04 true resid norm 1.807518392752e-03 ||r(i)||/||b|| 8.433895756154e-01
  1393 KSP Residual norm 4.518447480682e-04
  1393 KSP preconditioned resid norm 4.518447480682e-04 true resid norm 1.807378992273e-03 ||r(i)||/||b|| 8.433245312365e-01
  1394 KSP Residual norm 4.518099085051e-04
  1394 KSP preconditioned resid norm 4.518099085051e-04 true resid norm 1.807239634020e-03 ||r(i)||/||b|| 8.432595065608e-01
  1395 KSP Residual norm 4.517750794886e-04
  1395 KSP preconditioned resid norm 4.517750794886e-04 true resid norm 1.807100317954e-03 ||r(i)||/||b|| 8.431945015693e-01
  1396 KSP Residual norm 4.517402610086e-04
  1396 KSP preconditioned resid norm 4.517402610086e-04 true resid norm 1.806961044034e-03 ||r(i)||/||b|| 8.431295162431e-01
  1397 KSP Residual norm 4.517054530549e-04
  1397 KSP preconditioned resid norm 4.517054530549e-04 true resid norm 1.806821812219e-03 ||r(i)||/||b|| 8.430645505632e-01
  1398 KSP Residual norm 4.516706556173e-04
  1398 KSP preconditioned resid norm 4.516706556173e-04 true resid norm 1.806682622469e-03 ||r(i)||/||b|| 8.429996045108e-01
  1399 KSP Residual norm 4.516358686859e-04
  1399 KSP preconditioned resid norm 4.516358686859e-04 true resid norm 1.806543474744e-03 ||r(i)||/||b|| 8.429346780670e-01
  1400 KSP Residual norm 4.516010922505e-04
  1400 KSP preconditioned resid norm 4.516010922505e-04 true resid norm 1.806404369002e-03 ||r(i)||/||b|| 8.428697712129e-01
  1401 KSP Residual norm 4.515663263010e-04
  1401 KSP preconditioned resid norm 4.515663263010e-04 true resid norm 1.806265305204e-03 ||r(i)||/||b|| 8.428048839299e-01
  1402 KSP Residual norm 4.515315708274e-04
  1402 KSP preconditioned resid norm 4.515315708274e-04 true resid norm 1.806126283310e-03 ||r(i)||/||b|| 8.427400161991e-01
  1403 KSP Residual norm 4.514968258197e-04
  1403 KSP preconditioned resid norm 4.514968258197e-04 true resid norm 1.805987303279e-03 ||r(i)||/||b|| 8.426751680019e-01
  1404 KSP Residual norm 4.514620912678e-04
  1404 KSP preconditioned resid norm 4.514620912678e-04 true resid norm 1.805848365071e-03 ||r(i)||/||b|| 8.426103393195e-01
  1405 KSP Residual norm 4.514273671618e-04
  1405 KSP preconditioned resid norm 4.514273671618e-04 true resid norm 1.805709468647e-03 ||r(i)||/||b|| 8.425455301332e-01
  1406 KSP Residual norm 4.513926534916e-04
  1406 KSP preconditioned resid norm 4.513926534916e-04 true resid norm 1.805570613966e-03 ||r(i)||/||b|| 8.424807404245e-01
  1407 KSP Residual norm 4.513579502474e-04
  1407 KSP preconditioned resid norm 4.513579502474e-04 true resid norm 1.805431800989e-03 ||r(i)||/||b|| 8.424159701747e-01
  1408 KSP Residual norm 4.513232574191e-04
  1408 KSP preconditioned resid norm 4.513232574191e-04 true resid norm 1.805293029676e-03 ||r(i)||/||b|| 8.423512193653e-01
  1409 KSP Residual norm 4.512885749968e-04
  1409 KSP preconditioned resid norm 4.512885749968e-04 true resid norm 1.805154299987e-03 ||r(i)||/||b|| 8.422864879778e-01
  1410 KSP Residual norm 4.512539029707e-04
  1410 KSP preconditioned resid norm 4.512539029707e-04 true resid norm 1.805015611883e-03 ||r(i)||/||b|| 8.422217759936e-01
  1411 KSP Residual norm 4.512192413308e-04
  1411 KSP preconditioned resid norm 4.512192413308e-04 true resid norm 1.804876965323e-03 ||r(i)||/||b|| 8.421570833943e-01
  1412 KSP Residual norm 4.511845900672e-04
  1412 KSP preconditioned resid norm 4.511845900672e-04 true resid norm 1.804738360269e-03 ||r(i)||/||b|| 8.420924101615e-01
  1413 KSP Residual norm 4.511499491702e-04
  1413 KSP preconditioned resid norm 4.511499491702e-04 true resid norm 1.804599796681e-03 ||r(i)||/||b|| 8.420277562767e-01
  1414 KSP Residual norm 4.511153186297e-04
  1414 KSP preconditioned resid norm 4.511153186297e-04 true resid norm 1.804461274519e-03 ||r(i)||/||b|| 8.419631217216e-01
  1415 KSP Residual norm 4.510806984361e-04
  1415 KSP preconditioned resid norm 4.510806984361e-04 true resid norm 1.804322793745e-03 ||r(i)||/||b|| 8.418985064778e-01
  1416 KSP Residual norm 4.510460885795e-04
  1416 KSP preconditioned resid norm 4.510460885795e-04 true resid norm 1.804184354318e-03 ||r(i)||/||b|| 8.418339105271e-01
  1417 KSP Residual norm 4.510114890502e-04
  1417 KSP preconditioned resid norm 4.510114890502e-04 true resid norm 1.804045956201e-03 ||r(i)||/||b|| 8.417693338511e-01
  1418 KSP Residual norm 4.509768998382e-04
  1418 KSP preconditioned resid norm 4.509768998382e-04 true resid norm 1.803907599353e-03 ||r(i)||/||b|| 8.417047764316e-01
  1419 KSP Residual norm 4.509423209340e-04
  1419 KSP preconditioned resid norm 4.509423209340e-04 true resid norm 1.803769283736e-03 ||r(i)||/||b|| 8.416402382504e-01
  1420 KSP Residual norm 4.509077523276e-04
  1420 KSP preconditioned resid norm 4.509077523276e-04 true resid norm 1.803631009311e-03 ||r(i)||/||b|| 8.415757192893e-01
  1421 KSP Residual norm 4.508731940095e-04
  1421 KSP preconditioned resid norm 4.508731940095e-04 true resid norm 1.803492776038e-03 ||r(i)||/||b|| 8.415112195302e-01
  1422 KSP Residual norm 4.508386459699e-04
  1422 KSP preconditioned resid norm 4.508386459699e-04 true resid norm 1.803354583880e-03 ||r(i)||/||b|| 8.414467389549e-01
  1423 KSP Residual norm 4.508041081991e-04
  1423 KSP preconditioned resid norm 4.508041081991e-04 true resid norm 1.803216432796e-03 ||r(i)||/||b|| 8.413822775453e-01
  1424 KSP Residual norm 4.507695806875e-04
  1424 KSP preconditioned resid norm 4.507695806875e-04 true resid norm 1.803078322750e-03 ||r(i)||/||b|| 8.413178352834e-01
  1425 KSP Residual norm 4.507350634253e-04
  1425 KSP preconditioned resid norm 4.507350634253e-04 true resid norm 1.802940253701e-03 ||r(i)||/||b|| 8.412534121512e-01
  1426 KSP Residual norm 4.507005564029e-04
  1426 KSP preconditioned resid norm 4.507005564029e-04 true resid norm 1.802802225612e-03 ||r(i)||/||b|| 8.411890081306e-01
  1427 KSP Residual norm 4.506660596107e-04
  1427 KSP preconditioned resid norm 4.506660596107e-04 true resid norm 1.802664238443e-03 ||r(i)||/||b|| 8.411246232036e-01
  1428 KSP Residual norm 4.506315730391e-04
  1428 KSP preconditioned resid norm 4.506315730391e-04 true resid norm 1.802526292157e-03 ||r(i)||/||b|| 8.410602573525e-01
  1429 KSP Residual norm 4.505970966786e-04
  1429 KSP preconditioned resid norm 4.505970966786e-04 true resid norm 1.802388386714e-03 ||r(i)||/||b|| 8.409959105591e-01
  1430 KSP Residual norm 4.505626305194e-04
  1430 KSP preconditioned resid norm 4.505626305194e-04 true resid norm 1.802250522078e-03 ||r(i)||/||b|| 8.409315828057e-01
  1431 KSP Residual norm 4.505281745521e-04
  1431 KSP preconditioned resid norm 4.505281745521e-04 true resid norm 1.802112698208e-03 ||r(i)||/||b|| 8.408672740745e-01
  1432 KSP Residual norm 4.504937287671e-04
  1432 KSP preconditioned resid norm 4.504937287671e-04 true resid norm 1.801974915068e-03 ||r(i)||/||b|| 8.408029843475e-01
  1433 KSP Residual norm 4.504592931549e-04
  1433 KSP preconditioned resid norm 4.504592931549e-04 true resid norm 1.801837172619e-03 ||r(i)||/||b|| 8.407387136070e-01
  1434 KSP Residual norm 4.504248677059e-04
  1434 KSP preconditioned resid norm 4.504248677059e-04 true resid norm 1.801699470824e-03 ||r(i)||/||b|| 8.406744618353e-01
  1435 KSP Residual norm 4.503904524107e-04
  1435 KSP preconditioned resid norm 4.503904524107e-04 true resid norm 1.801561809643e-03 ||r(i)||/||b|| 8.406102290146e-01
  1436 KSP Residual norm 4.503560472598e-04
  1436 KSP preconditioned resid norm 4.503560472598e-04 true resid norm 1.801424189039e-03 ||r(i)||/||b|| 8.405460151273e-01
  1437 KSP Residual norm 4.503216522437e-04
  1437 KSP preconditioned resid norm 4.503216522437e-04 true resid norm 1.801286608975e-03 ||r(i)||/||b|| 8.404818201556e-01
  1438 KSP Residual norm 4.502872673530e-04
  1438 KSP preconditioned resid norm 4.502872673530e-04 true resid norm 1.801149069412e-03 ||r(i)||/||b|| 8.404176440819e-01
  1439 KSP Residual norm 4.502528925783e-04
  1439 KSP preconditioned resid norm 4.502528925783e-04 true resid norm 1.801011570313e-03 ||r(i)||/||b|| 8.403534868886e-01
  1440 KSP Residual norm 4.502185279100e-04
  1440 KSP preconditioned resid norm 4.502185279100e-04 true resid norm 1.800874111640e-03 ||r(i)||/||b|| 8.402893485582e-01
  1441 KSP Residual norm 4.501841733389e-04
  1441 KSP preconditioned resid norm 4.501841733389e-04 true resid norm 1.800736693356e-03 ||r(i)||/||b|| 8.402252290731e-01
  1442 KSP Residual norm 4.501498288555e-04
  1442 KSP preconditioned resid norm 4.501498288555e-04 true resid norm 1.800599315422e-03 ||r(i)||/||b|| 8.401611284158e-01
  1443 KSP Residual norm 4.501154944504e-04
  1443 KSP preconditioned resid norm 4.501154944504e-04 true resid norm 1.800461977802e-03 ||r(i)||/||b|| 8.400970465688e-01
  1444 KSP Residual norm 4.500811701144e-04
  1444 KSP preconditioned resid norm 4.500811701144e-04 true resid norm 1.800324680458e-03 ||r(i)||/||b|| 8.400329835145e-01
  1445 KSP Residual norm 4.500468558381e-04
  1445 KSP preconditioned resid norm 4.500468558381e-04 true resid norm 1.800187423352e-03 ||r(i)||/||b|| 8.399689392357e-01
  1446 KSP Residual norm 4.500125516120e-04
  1446 KSP preconditioned resid norm 4.500125516120e-04 true resid norm 1.800050206448e-03 ||r(i)||/||b|| 8.399049137149e-01
  1447 KSP Residual norm 4.499782574271e-04
  1447 KSP preconditioned resid norm 4.499782574271e-04 true resid norm 1.799913029708e-03 ||r(i)||/||b|| 8.398409069347e-01
  1448 KSP Residual norm 4.499439732738e-04
  1448 KSP preconditioned resid norm 4.499439732738e-04 true resid norm 1.799775893095e-03 ||r(i)||/||b|| 8.397769188778e-01
  1449 KSP Residual norm 4.499096991431e-04
  1449 KSP preconditioned resid norm 4.499096991431e-04 true resid norm 1.799638796572e-03 ||r(i)||/||b|| 8.397129495269e-01
  1450 KSP Residual norm 4.498754350255e-04
  1450 KSP preconditioned resid norm 4.498754350255e-04 true resid norm 1.799501740102e-03 ||r(i)||/||b|| 8.396489988646e-01
  1451 KSP Residual norm 4.498411809119e-04
  1451 KSP preconditioned resid norm 4.498411809119e-04 true resid norm 1.799364723648e-03 ||r(i)||/||b|| 8.395850668738e-01
  1452 KSP Residual norm 4.498069367931e-04
  1452 KSP preconditioned resid norm 4.498069367931e-04 true resid norm 1.799227747172e-03 ||r(i)||/||b|| 8.395211535372e-01
  1453 KSP Residual norm 4.497727026597e-04
  1453 KSP preconditioned resid norm 4.497727026597e-04 true resid norm 1.799090810639e-03 ||r(i)||/||b|| 8.394572588376e-01
  1454 KSP Residual norm 4.497384785027e-04
  1454 KSP preconditioned resid norm 4.497384785027e-04 true resid norm 1.798953914011e-03 ||r(i)||/||b|| 8.393933827578e-01
  1455 KSP Residual norm 4.497042643128e-04
  1455 KSP preconditioned resid norm 4.497042643128e-04 true resid norm 1.798817057251e-03 ||r(i)||/||b|| 8.393295252807e-01
  1456 KSP Residual norm 4.496700600809e-04
  1456 KSP preconditioned resid norm 4.496700600809e-04 true resid norm 1.798680240324e-03 ||r(i)||/||b|| 8.392656863892e-01
  1457 KSP Residual norm 4.496358657978e-04
  1457 KSP preconditioned resid norm 4.496358657978e-04 true resid norm 1.798543463191e-03 ||r(i)||/||b|| 8.392018660662e-01
  1458 KSP Residual norm 4.496016814544e-04
  1458 KSP preconditioned resid norm 4.496016814544e-04 true resid norm 1.798406725818e-03 ||r(i)||/||b|| 8.391380642947e-01
  1459 KSP Residual norm 4.495675070415e-04
  1459 KSP preconditioned resid norm 4.495675070415e-04 true resid norm 1.798270028166e-03 ||r(i)||/||b|| 8.390742810575e-01
  1460 KSP Residual norm 4.495333425501e-04
  1460 KSP preconditioned resid norm 4.495333425501e-04 true resid norm 1.798133370200e-03 ||r(i)||/||b|| 8.390105163378e-01
  1461 KSP Residual norm 4.494991879710e-04
  1461 KSP preconditioned resid norm 4.494991879710e-04 true resid norm 1.797996751884e-03 ||r(i)||/||b|| 8.389467701185e-01
  1462 KSP Residual norm 4.494650432952e-04
  1462 KSP preconditioned resid norm 4.494650432952e-04 true resid norm 1.797860173181e-03 ||r(i)||/||b|| 8.388830423828e-01
  1463 KSP Residual norm 4.494309085136e-04
  1463 KSP preconditioned resid norm 4.494309085136e-04 true resid norm 1.797723634055e-03 ||r(i)||/||b|| 8.388193331136e-01
  1464 KSP Residual norm 4.493967836172e-04
  1464 KSP preconditioned resid norm 4.493967836172e-04 true resid norm 1.797587134469e-03 ||r(i)||/||b|| 8.387556422941e-01
  1465 KSP Residual norm 4.493626685969e-04
  1465 KSP preconditioned resid norm 4.493626685969e-04 true resid norm 1.797450674388e-03 ||r(i)||/||b|| 8.386919699075e-01
  1466 KSP Residual norm 4.493285634437e-04
  1466 KSP preconditioned resid norm 4.493285634437e-04 true resid norm 1.797314253775e-03 ||r(i)||/||b|| 8.386283159369e-01
  1467 KSP Residual norm 4.492944681487e-04
  1467 KSP preconditioned resid norm 4.492944681487e-04 true resid norm 1.797177872595e-03 ||r(i)||/||b|| 8.385646803655e-01
  1468 KSP Residual norm 4.492603827027e-04
  1468 KSP preconditioned resid norm 4.492603827027e-04 true resid norm 1.797041530811e-03 ||r(i)||/||b|| 8.385010631765e-01
  1469 KSP Residual norm 4.492263070969e-04
  1469 KSP preconditioned resid norm 4.492263070969e-04 true resid norm 1.796905228388e-03 ||r(i)||/||b|| 8.384374643532e-01
  1470 KSP Residual norm 4.491922413223e-04
  1470 KSP preconditioned resid norm 4.491922413223e-04 true resid norm 1.796768965289e-03 ||r(i)||/||b|| 8.383738838789e-01
  1471 KSP Residual norm 4.491581853700e-04
  1471 KSP preconditioned resid norm 4.491581853700e-04 true resid norm 1.796632741480e-03 ||r(i)||/||b|| 8.383103217369e-01
  1472 KSP Residual norm 4.491241392309e-04
  1472 KSP preconditioned resid norm 4.491241392309e-04 true resid norm 1.796496556924e-03 ||r(i)||/||b|| 8.382467779104e-01
  1473 KSP Residual norm 4.490901028963e-04
  1473 KSP preconditioned resid norm 4.490901028963e-04 true resid norm 1.796360411585e-03 ||r(i)||/||b|| 8.381832523830e-01
  1474 KSP Residual norm 4.490560763572e-04
  1474 KSP preconditioned resid norm 4.490560763572e-04 true resid norm 1.796224305429e-03 ||r(i)||/||b|| 8.381197451379e-01
  1475 KSP Residual norm 4.490220596047e-04
  1475 KSP preconditioned resid norm 4.490220596047e-04 true resid norm 1.796088238419e-03 ||r(i)||/||b|| 8.380562561586e-01
  1476 KSP Residual norm 4.489880526299e-04
  1476 KSP preconditioned resid norm 4.489880526299e-04 true resid norm 1.795952210520e-03 ||r(i)||/||b|| 8.379927854285e-01
  1477 KSP Residual norm 4.489540554241e-04
  1477 KSP preconditioned resid norm 4.489540554241e-04 true resid norm 1.795816221696e-03 ||r(i)||/||b|| 8.379293329312e-01
  1478 KSP Residual norm 4.489200679783e-04
  1478 KSP preconditioned resid norm 4.489200679783e-04 true resid norm 1.795680271913e-03 ||r(i)||/||b|| 8.378658986500e-01
  1479 KSP Residual norm 4.488860902837e-04
  1479 KSP preconditioned resid norm 4.488860902837e-04 true resid norm 1.795544361135e-03 ||r(i)||/||b|| 8.378024825685e-01
  1480 KSP Residual norm 4.488521223316e-04
  1480 KSP preconditioned resid norm 4.488521223316e-04 true resid norm 1.795408489326e-03 ||r(i)||/||b|| 8.377390846704e-01
  1481 KSP Residual norm 4.488181641130e-04
  1481 KSP preconditioned resid norm 4.488181641130e-04 true resid norm 1.795272656452e-03 ||r(i)||/||b|| 8.376757049390e-01
  1482 KSP Residual norm 4.487842156193e-04
  1482 KSP preconditioned resid norm 4.487842156193e-04 true resid norm 1.795136862477e-03 ||r(i)||/||b|| 8.376123433582e-01
  1483 KSP Residual norm 4.487502768417e-04
  1483 KSP preconditioned resid norm 4.487502768417e-04 true resid norm 1.795001107367e-03 ||r(i)||/||b|| 8.375489999114e-01
  1484 KSP Residual norm 4.487163477713e-04
  1484 KSP preconditioned resid norm 4.487163477713e-04 true resid norm 1.794865391085e-03 ||r(i)||/||b|| 8.374856745824e-01
  1485 KSP Residual norm 4.486824283996e-04
  1485 KSP preconditioned resid norm 4.486824283996e-04 true resid norm 1.794729713598e-03 ||r(i)||/||b|| 8.374223673548e-01
  1486 KSP Residual norm 4.486485187177e-04
  1486 KSP preconditioned resid norm 4.486485187177e-04 true resid norm 1.794594074871e-03 ||r(i)||/||b|| 8.373590782124e-01
  1487 KSP Residual norm 4.486146187169e-04
  1487 KSP preconditioned resid norm 4.486146187169e-04 true resid norm 1.794458474867e-03 ||r(i)||/||b|| 8.372958071389e-01
  1488 KSP Residual norm 4.485807283885e-04
  1488 KSP preconditioned resid norm 4.485807283885e-04 true resid norm 1.794322913554e-03 ||r(i)||/||b|| 8.372325541181e-01
  1489 KSP Residual norm 4.485468477239e-04
  1489 KSP preconditioned resid norm 4.485468477239e-04 true resid norm 1.794187390896e-03 ||r(i)||/||b|| 8.371693191337e-01
  1490 KSP Residual norm 4.485129767144e-04
  1490 KSP preconditioned resid norm 4.485129767144e-04 true resid norm 1.794051906858e-03 ||r(i)||/||b|| 8.371061021695e-01
  1491 KSP Residual norm 4.484791153513e-04
  1491 KSP preconditioned resid norm 4.484791153513e-04 true resid norm 1.793916461405e-03 ||r(i)||/||b|| 8.370429032095e-01
  1492 KSP Residual norm 4.484452636260e-04
  1492 KSP preconditioned resid norm 4.484452636260e-04 true resid norm 1.793781054504e-03 ||r(i)||/||b|| 8.369797222375e-01
  1493 KSP Residual norm 4.484114215298e-04
  1493 KSP preconditioned resid norm 4.484114215298e-04 true resid norm 1.793645686119e-03 ||r(i)||/||b|| 8.369165592374e-01
  1494 KSP Residual norm 4.483775890542e-04
  1494 KSP preconditioned resid norm 4.483775890542e-04 true resid norm 1.793510356217e-03 ||r(i)||/||b|| 8.368534141931e-01
  1495 KSP Residual norm 4.483437661905e-04
  1495 KSP preconditioned resid norm 4.483437661905e-04 true resid norm 1.793375064762e-03 ||r(i)||/||b|| 8.367902870885e-01
  1496 KSP Residual norm 4.483099529302e-04
  1496 KSP preconditioned resid norm 4.483099529302e-04 true resid norm 1.793239811721e-03 ||r(i)||/||b|| 8.367271779077e-01
  1497 KSP Residual norm 4.482761492647e-04
  1497 KSP preconditioned resid norm 4.482761492647e-04 true resid norm 1.793104597059e-03 ||r(i)||/||b|| 8.366640866346e-01
  1498 KSP Residual norm 4.482423551854e-04
  1498 KSP preconditioned resid norm 4.482423551854e-04 true resid norm 1.792969420742e-03 ||r(i)||/||b|| 8.366010132533e-01
  1499 KSP Residual norm 4.482085706838e-04
  1499 KSP preconditioned resid norm 4.482085706838e-04 true resid norm 1.792834282735e-03 ||r(i)||/||b|| 8.365379577478e-01
  1500 KSP Residual norm 4.481747957513e-04
  1500 KSP preconditioned resid norm 4.481747957513e-04 true resid norm 1.792699183005e-03 ||r(i)||/||b|| 8.364749201023e-01
  1501 KSP Residual norm 4.481410303795e-04
  1501 KSP preconditioned resid norm 4.481410303795e-04 true resid norm 1.792564121518e-03 ||r(i)||/||b|| 8.364119003007e-01
  1502 KSP Residual norm 4.481072745598e-04
  1502 KSP preconditioned resid norm 4.481072745598e-04 true resid norm 1.792429098239e-03 ||r(i)||/||b|| 8.363488983272e-01
  1503 KSP Residual norm 4.480735282837e-04
  1503 KSP preconditioned resid norm 4.480735282837e-04 true resid norm 1.792294113135e-03 ||r(i)||/||b|| 8.362859141661e-01
  1504 KSP Residual norm 4.480397915429e-04
  1504 KSP preconditioned resid norm 4.480397915429e-04 true resid norm 1.792159166171e-03 ||r(i)||/||b|| 8.362229478014e-01
  1505 KSP Residual norm 4.480060643287e-04
  1505 KSP preconditioned resid norm 4.480060643287e-04 true resid norm 1.792024257315e-03 ||r(i)||/||b|| 8.361599992174e-01
  1506 KSP Residual norm 4.479723466328e-04
  1506 KSP preconditioned resid norm 4.479723466328e-04 true resid norm 1.791889386531e-03 ||r(i)||/||b|| 8.360970683983e-01
  1507 KSP Residual norm 4.479386384467e-04
  1507 KSP preconditioned resid norm 4.479386384467e-04 true resid norm 1.791754553787e-03 ||r(i)||/||b|| 8.360341553284e-01
  1508 KSP Residual norm 4.479049397620e-04
  1508 KSP preconditioned resid norm 4.479049397620e-04 true resid norm 1.791619759048e-03 ||r(i)||/||b|| 8.359712599919e-01
  1509 KSP Residual norm 4.478712505703e-04
  1509 KSP preconditioned resid norm 4.478712505703e-04 true resid norm 1.791485002281e-03 ||r(i)||/||b|| 8.359083823732e-01
  1510 KSP Residual norm 4.478375708633e-04
  1510 KSP preconditioned resid norm 4.478375708633e-04 true resid norm 1.791350283453e-03 ||r(i)||/||b|| 8.358455224566e-01
  1511 KSP Residual norm 4.478039006324e-04
  1511 KSP preconditioned resid norm 4.478039006324e-04 true resid norm 1.791215602530e-03 ||r(i)||/||b|| 8.357826802265e-01
  1512 KSP Residual norm 4.477702398694e-04
  1512 KSP preconditioned resid norm 4.477702398694e-04 true resid norm 1.791080959478e-03 ||r(i)||/||b|| 8.357198556672e-01
  1513 KSP Residual norm 4.477365885659e-04
  1513 KSP preconditioned resid norm 4.477365885659e-04 true resid norm 1.790946354264e-03 ||r(i)||/||b|| 8.356570487631e-01
  1514 KSP Residual norm 4.477029467136e-04
  1514 KSP preconditioned resid norm 4.477029467136e-04 true resid norm 1.790811786854e-03 ||r(i)||/||b|| 8.355942594988e-01
  1515 KSP Residual norm 4.476693143041e-04
  1515 KSP preconditioned resid norm 4.476693143041e-04 true resid norm 1.790677257216e-03 ||r(i)||/||b|| 8.355314878585e-01
  1516 KSP Residual norm 4.476356913291e-04
  1516 KSP preconditioned resid norm 4.476356913291e-04 true resid norm 1.790542765317e-03 ||r(i)||/||b|| 8.354687338269e-01
  1517 KSP Residual norm 4.476020777804e-04
  1517 KSP preconditioned resid norm 4.476020777804e-04 true resid norm 1.790408311122e-03 ||r(i)||/||b|| 8.354059973884e-01
  1518 KSP Residual norm 4.475684736496e-04
  1518 KSP preconditioned resid norm 4.475684736496e-04 true resid norm 1.790273894598e-03 ||r(i)||/||b|| 8.353432785276e-01
  1519 KSP Residual norm 4.475348789284e-04
  1519 KSP preconditioned resid norm 4.475348789284e-04 true resid norm 1.790139515714e-03 ||r(i)||/||b|| 8.352805772290e-01
  1520 KSP Residual norm 4.475012936087e-04
  1520 KSP preconditioned resid norm 4.475012936087e-04 true resid norm 1.790005174435e-03 ||r(i)||/||b|| 8.352178934772e-01
  1521 KSP Residual norm 4.474677176820e-04
  1521 KSP preconditioned resid norm 4.474677176820e-04 true resid norm 1.789870870728e-03 ||r(i)||/||b|| 8.351552272568e-01
  1522 KSP Residual norm 4.474341511404e-04
  1522 KSP preconditioned resid norm 4.474341511404e-04 true resid norm 1.789736604561e-03 ||r(i)||/||b|| 8.350925785524e-01
  1523 KSP Residual norm 4.474005939754e-04
  1523 KSP preconditioned resid norm 4.474005939754e-04 true resid norm 1.789602375901e-03 ||r(i)||/||b|| 8.350299473487e-01
  1524 KSP Residual norm 4.473670461788e-04
  1524 KSP preconditioned resid norm 4.473670461788e-04 true resid norm 1.789468184715e-03 ||r(i)||/||b|| 8.349673336305e-01
  1525 KSP Residual norm 4.473335077426e-04
  1525 KSP preconditioned resid norm 4.473335077426e-04 true resid norm 1.789334030971e-03 ||r(i)||/||b|| 8.349047373822e-01
  1526 KSP Residual norm 4.472999786585e-04
  1526 KSP preconditioned resid norm 4.472999786585e-04 true resid norm 1.789199914634e-03 ||r(i)||/||b|| 8.348421585888e-01
  1527 KSP Residual norm 4.472664589184e-04
  1527 KSP preconditioned resid norm 4.472664589184e-04 true resid norm 1.789065835673e-03 ||r(i)||/||b|| 8.347795972350e-01
  1528 KSP Residual norm 4.472329485140e-04
  1528 KSP preconditioned resid norm 4.472329485140e-04 true resid norm 1.788931794056e-03 ||r(i)||/||b|| 8.347170533055e-01
  1529 KSP Residual norm 4.471994474372e-04
  1529 KSP preconditioned resid norm 4.471994474372e-04 true resid norm 1.788797789749e-03 ||r(i)||/||b|| 8.346545267851e-01
  1530 KSP Residual norm 4.471659556800e-04
  1530 KSP preconditioned resid norm 4.471659556800e-04 true resid norm 1.788663822720e-03 ||r(i)||/||b|| 8.345920176587e-01
  1531 KSP Residual norm 4.471324732341e-04
  1531 KSP preconditioned resid norm 4.471324732341e-04 true resid norm 1.788529892937e-03 ||r(i)||/||b|| 8.345295259111e-01
  1532 KSP Residual norm 4.470990000916e-04
  1532 KSP preconditioned resid norm 4.470990000916e-04 true resid norm 1.788396000366e-03 ||r(i)||/||b|| 8.344670515272e-01
  1533 KSP Residual norm 4.470655362442e-04
  1533 KSP preconditioned resid norm 4.470655362442e-04 true resid norm 1.788262144977e-03 ||r(i)||/||b|| 8.344045944919e-01
  1534 KSP Residual norm 4.470320816840e-04
  1534 KSP preconditioned resid norm 4.470320816840e-04 true resid norm 1.788128326736e-03 ||r(i)||/||b|| 8.343421547901e-01
  1535 KSP Residual norm 4.469986364027e-04
  1535 KSP preconditioned resid norm 4.469986364027e-04 true resid norm 1.787994545611e-03 ||r(i)||/||b|| 8.342797324067e-01
  1536 KSP Residual norm 4.469652003925e-04
  1536 KSP preconditioned resid norm 4.469652003925e-04 true resid norm 1.787860801570e-03 ||r(i)||/||b|| 8.342173273267e-01
  1537 KSP Residual norm 4.469317736453e-04
  1537 KSP preconditioned resid norm 4.469317736453e-04 true resid norm 1.787727094581e-03 ||r(i)||/||b|| 8.341549395351e-01
  1538 KSP Residual norm 4.468983561529e-04
  1538 KSP preconditioned resid norm 4.468983561529e-04 true resid norm 1.787593424612e-03 ||r(i)||/||b|| 8.340925690170e-01
  1539 KSP Residual norm 4.468649479075e-04
  1539 KSP preconditioned resid norm 4.468649479075e-04 true resid norm 1.787459791630e-03 ||r(i)||/||b|| 8.340302157573e-01
  1540 KSP Residual norm 4.468315489010e-04
  1540 KSP preconditioned resid norm 4.468315489010e-04 true resid norm 1.787326195604e-03 ||r(i)||/||b|| 8.339678797411e-01
  1541 KSP Residual norm 4.467981591254e-04
  1541 KSP preconditioned resid norm 4.467981591254e-04 true resid norm 1.787192636502e-03 ||r(i)||/||b|| 8.339055609536e-01
  1542 KSP Residual norm 4.467647785727e-04
  1542 KSP preconditioned resid norm 4.467647785727e-04 true resid norm 1.787059114291e-03 ||r(i)||/||b|| 8.338432593797e-01
  1543 KSP Residual norm 4.467314072350e-04
  1543 KSP preconditioned resid norm 4.467314072350e-04 true resid norm 1.786925628940e-03 ||r(i)||/||b|| 8.337809750047e-01
  1544 KSP Residual norm 4.466980451043e-04
  1544 KSP preconditioned resid norm 4.466980451043e-04 true resid norm 1.786792180417e-03 ||r(i)||/||b|| 8.337187078137e-01
  1545 KSP Residual norm 4.466646921727e-04
  1545 KSP preconditioned resid norm 4.466646921727e-04 true resid norm 1.786658768691e-03 ||r(i)||/||b|| 8.336564577919e-01
  1546 KSP Residual norm 4.466313484322e-04
  1546 KSP preconditioned resid norm 4.466313484322e-04 true resid norm 1.786525393729e-03 ||r(i)||/||b|| 8.335942249245e-01
  1547 KSP Residual norm 4.465980138750e-04
  1547 KSP preconditioned resid norm 4.465980138750e-04 true resid norm 1.786392055500e-03 ||r(i)||/||b|| 8.335320091967e-01
  1548 KSP Residual norm 4.465646884931e-04
  1548 KSP preconditioned resid norm 4.465646884931e-04 true resid norm 1.786258753972e-03 ||r(i)||/||b|| 8.334698105937e-01
  1549 KSP Residual norm 4.465313722786e-04
  1549 KSP preconditioned resid norm 4.465313722786e-04 true resid norm 1.786125489114e-03 ||r(i)||/||b|| 8.334076291009e-01
  1550 KSP Residual norm 4.464980652237e-04
  1550 KSP preconditioned resid norm 4.464980652237e-04 true resid norm 1.785992260895e-03 ||r(i)||/||b|| 8.333454647035e-01
  1551 KSP Residual norm 4.464647673204e-04
  1551 KSP preconditioned resid norm 4.464647673204e-04 true resid norm 1.785859069282e-03 ||r(i)||/||b|| 8.332833173869e-01
  1552 KSP Residual norm 4.464314785610e-04
  1552 KSP preconditioned resid norm 4.464314785610e-04 true resid norm 1.785725914244e-03 ||r(i)||/||b|| 8.332211871363e-01
  1553 KSP Residual norm 4.463981989376e-04
  1553 KSP preconditioned resid norm 4.463981989376e-04 true resid norm 1.785592795751e-03 ||r(i)||/||b|| 8.331590739372e-01
  1554 KSP Residual norm 4.463649284424e-04
  1554 KSP preconditioned resid norm 4.463649284424e-04 true resid norm 1.785459713770e-03 ||r(i)||/||b|| 8.330969777749e-01
  1555 KSP Residual norm 4.463316670675e-04
  1555 KSP preconditioned resid norm 4.463316670675e-04 true resid norm 1.785326668270e-03 ||r(i)||/||b|| 8.330348986349e-01
  1556 KSP Residual norm 4.462984148051e-04
  1556 KSP preconditioned resid norm 4.462984148051e-04 true resid norm 1.785193659221e-03 ||r(i)||/||b|| 8.329728365025e-01
  1557 KSP Residual norm 4.462651716475e-04
  1557 KSP preconditioned resid norm 4.462651716475e-04 true resid norm 1.785060686590e-03 ||r(i)||/||b|| 8.329107913632e-01
  1558 KSP Residual norm 4.462319375869e-04
  1558 KSP preconditioned resid norm 4.462319375869e-04 true resid norm 1.784927750347e-03 ||r(i)||/||b|| 8.328487632026e-01
  1559 KSP Residual norm 4.461987126154e-04
  1559 KSP preconditioned resid norm 4.461987126154e-04 true resid norm 1.784794850462e-03 ||r(i)||/||b|| 8.327867520061e-01
  1560 KSP Residual norm 4.461654967254e-04
  1560 KSP preconditioned resid norm 4.461654967254e-04 true resid norm 1.784661986902e-03 ||r(i)||/||b|| 8.327247577591e-01
  1561 KSP Residual norm 4.461322899091e-04
  1561 KSP preconditioned resid norm 4.461322899091e-04 true resid norm 1.784529159636e-03 ||r(i)||/||b|| 8.326627804474e-01
  1562 KSP Residual norm 4.460990921587e-04
  1562 KSP preconditioned resid norm 4.460990921587e-04 true resid norm 1.784396368635e-03 ||r(i)||/||b|| 8.326008200564e-01
  1563 KSP Residual norm 4.460659034666e-04
  1563 KSP preconditioned resid norm 4.460659034666e-04 true resid norm 1.784263613866e-03 ||r(i)||/||b|| 8.325388765717e-01
  1564 KSP Residual norm 4.460327238250e-04
  1564 KSP preconditioned resid norm 4.460327238250e-04 true resid norm 1.784130895300e-03 ||r(i)||/||b|| 8.324769499789e-01
  1565 KSP Residual norm 4.459995532262e-04
  1565 KSP preconditioned resid norm 4.459995532262e-04 true resid norm 1.783998212905e-03 ||r(i)||/||b|| 8.324150402637e-01
  1566 KSP Residual norm 4.459663916625e-04
  1566 KSP preconditioned resid norm 4.459663916625e-04 true resid norm 1.783865566650e-03 ||r(i)||/||b|| 8.323531474118e-01
  1567 KSP Residual norm 4.459332391264e-04
  1567 KSP preconditioned resid norm 4.459332391264e-04 true resid norm 1.783732956506e-03 ||r(i)||/||b|| 8.322912714087e-01
  1568 KSP Residual norm 4.459000956100e-04
  1568 KSP preconditioned resid norm 4.459000956100e-04 true resid norm 1.783600382440e-03 ||r(i)||/||b|| 8.322294122402e-01
  1569 KSP Residual norm 4.458669611058e-04
  1569 KSP preconditioned resid norm 4.458669611058e-04 true resid norm 1.783467844423e-03 ||r(i)||/||b|| 8.321675698921e-01
  1570 KSP Residual norm 4.458338356062e-04
  1570 KSP preconditioned resid norm 4.458338356062e-04 true resid norm 1.783335342425e-03 ||r(i)||/||b|| 8.321057443500e-01
  1571 KSP Residual norm 4.458007191034e-04
  1571 KSP preconditioned resid norm 4.458007191034e-04 true resid norm 1.783202876414e-03 ||r(i)||/||b|| 8.320439355998e-01
  1572 KSP Residual norm 4.457676115899e-04
  1572 KSP preconditioned resid norm 4.457676115899e-04 true resid norm 1.783070446360e-03 ||r(i)||/||b|| 8.319821436271e-01
  1573 KSP Residual norm 4.457345130581e-04
  1573 KSP preconditioned resid norm 4.457345130581e-04 true resid norm 1.782938052232e-03 ||r(i)||/||b|| 8.319203684179e-01
  1574 KSP Residual norm 4.457014235003e-04
  1574 KSP preconditioned resid norm 4.457014235003e-04 true resid norm 1.782805694001e-03 ||r(i)||/||b|| 8.318586099580e-01
  1575 KSP Residual norm 4.456683429091e-04
  1575 KSP preconditioned resid norm 4.456683429091e-04 true resid norm 1.782673371636e-03 ||r(i)||/||b|| 8.317968682332e-01
  1576 KSP Residual norm 4.456352712768e-04
  1576 KSP preconditioned resid norm 4.456352712768e-04 true resid norm 1.782541085107e-03 ||r(i)||/||b|| 8.317351432293e-01
  1577 KSP Residual norm 4.456022085958e-04
  1577 KSP preconditioned resid norm 4.456022085958e-04 true resid norm 1.782408834383e-03 ||r(i)||/||b|| 8.316734349324e-01
  1578 KSP Residual norm 4.455691548587e-04
  1578 KSP preconditioned resid norm 4.455691548587e-04 true resid norm 1.782276619435e-03 ||r(i)||/||b|| 8.316117433282e-01
  1579 KSP Residual norm 4.455361100579e-04
  1579 KSP preconditioned resid norm 4.455361100579e-04 true resid norm 1.782144440232e-03 ||r(i)||/||b|| 8.315500684028e-01
  1580 KSP Residual norm 4.455030741859e-04
  1580 KSP preconditioned resid norm 4.455030741859e-04 true resid norm 1.782012296744e-03 ||r(i)||/||b|| 8.314884101421e-01
  1581 KSP Residual norm 4.454700472352e-04
  1581 KSP preconditioned resid norm 4.454700472352e-04 true resid norm 1.781880188941e-03 ||r(i)||/||b|| 8.314267685320e-01
  1582 KSP Residual norm 4.454370291982e-04
  1582 KSP preconditioned resid norm 4.454370291982e-04 true resid norm 1.781748116793e-03 ||r(i)||/||b|| 8.313651435587e-01
  1583 KSP Residual norm 4.454040200675e-04
  1583 KSP preconditioned resid norm 4.454040200675e-04 true resid norm 1.781616080270e-03 ||r(i)||/||b|| 8.313035352080e-01
  1584 KSP Residual norm 4.453710198356e-04
  1584 KSP preconditioned resid norm 4.453710198356e-04 true resid norm 1.781484079342e-03 ||r(i)||/||b|| 8.312419434662e-01
  1585 KSP Residual norm 4.453380284951e-04
  1585 KSP preconditioned resid norm 4.453380284951e-04 true resid norm 1.781352113980e-03 ||r(i)||/||b|| 8.311803683191e-01
  1586 KSP Residual norm 4.453050460384e-04
  1586 KSP preconditioned resid norm 4.453050460384e-04 true resid norm 1.781220184154e-03 ||r(i)||/||b|| 8.311188097530e-01
  1587 KSP Residual norm 4.452720724582e-04
  1587 KSP preconditioned resid norm 4.452720724582e-04 true resid norm 1.781088289833e-03 ||r(i)||/||b|| 8.310572677539e-01
  1588 KSP Residual norm 4.452391077470e-04
  1588 KSP preconditioned resid norm 4.452391077470e-04 true resid norm 1.780956430988e-03 ||r(i)||/||b|| 8.309957423079e-01
  1589 KSP Residual norm 4.452061518974e-04
  1589 KSP preconditioned resid norm 4.452061518974e-04 true resid norm 1.780824607590e-03 ||r(i)||/||b|| 8.309342334013e-01
  1590 KSP Residual norm 4.451732049020e-04
  1590 KSP preconditioned resid norm 4.451732049020e-04 true resid norm 1.780692819608e-03 ||r(i)||/||b|| 8.308727410201e-01
  1591 KSP Residual norm 4.451402667533e-04
  1591 KSP preconditioned resid norm 4.451402667533e-04 true resid norm 1.780561067013e-03 ||r(i)||/||b|| 8.308112651507e-01
  1592 KSP Residual norm 4.451073374441e-04
  1592 KSP preconditioned resid norm 4.451073374441e-04 true resid norm 1.780429349776e-03 ||r(i)||/||b|| 8.307498057791e-01
  1593 KSP Residual norm 4.450744169669e-04
  1593 KSP preconditioned resid norm 4.450744169669e-04 true resid norm 1.780297667868e-03 ||r(i)||/||b|| 8.306883628916e-01
  1594 KSP Residual norm 4.450415053144e-04
  1594 KSP preconditioned resid norm 4.450415053144e-04 true resid norm 1.780166021257e-03 ||r(i)||/||b|| 8.306269364746e-01
  1595 KSP Residual norm 4.450086024791e-04
  1595 KSP preconditioned resid norm 4.450086024791e-04 true resid norm 1.780034409917e-03 ||r(i)||/||b|| 8.305655265142e-01
  1596 KSP Residual norm 4.449757084539e-04
  1596 KSP preconditioned resid norm 4.449757084539e-04 true resid norm 1.779902833816e-03 ||r(i)||/||b|| 8.305041329967e-01
  1597 KSP Residual norm 4.449428232313e-04
  1597 KSP preconditioned resid norm 4.449428232313e-04 true resid norm 1.779771292925e-03 ||r(i)||/||b|| 8.304427559086e-01
  1598 KSP Residual norm 4.449099468040e-04
  1598 KSP preconditioned resid norm 4.449099468040e-04 true resid norm 1.779639787216e-03 ||r(i)||/||b|| 8.303813952361e-01
  1599 KSP Residual norm 4.448770791648e-04
  1599 KSP preconditioned resid norm 4.448770791648e-04 true resid norm 1.779508316659e-03 ||r(i)||/||b|| 8.303200509655e-01
  1600 KSP Residual norm 4.448442203062e-04
  1600 KSP preconditioned resid norm 4.448442203062e-04 true resid norm 1.779376881225e-03 ||r(i)||/||b|| 8.302587230834e-01
  1601 KSP Residual norm 4.448113702211e-04
  1601 KSP preconditioned resid norm 4.448113702211e-04 true resid norm 1.779245480885e-03 ||r(i)||/||b|| 8.301974115760e-01
  1602 KSP Residual norm 4.447785289022e-04
  1602 KSP preconditioned resid norm 4.447785289022e-04 true resid norm 1.779114115609e-03 ||r(i)||/||b|| 8.301361164297e-01
  1603 KSP Residual norm 4.447456963422e-04
  1603 KSP preconditioned resid norm 4.447456963422e-04 true resid norm 1.778982785369e-03 ||r(i)||/||b|| 8.300748376312e-01
  1604 KSP Residual norm 4.447128725338e-04
  1604 KSP preconditioned resid norm 4.447128725338e-04 true resid norm 1.778851490135e-03 ||r(i)||/||b|| 8.300135751667e-01
  1605 KSP Residual norm 4.446800574698e-04
  1605 KSP preconditioned resid norm 4.446800574698e-04 true resid norm 1.778720229879e-03 ||r(i)||/||b|| 8.299523290228e-01
  1606 KSP Residual norm 4.446472511430e-04
  1606 KSP preconditioned resid norm 4.446472511430e-04 true resid norm 1.778589004572e-03 ||r(i)||/||b|| 8.298910991860e-01
  1607 KSP Residual norm 4.446144535461e-04
  1607 KSP preconditioned resid norm 4.446144535461e-04 true resid norm 1.778457814184e-03 ||r(i)||/||b|| 8.298298856428e-01
  1608 KSP Residual norm 4.445816646720e-04
  1608 KSP preconditioned resid norm 4.445816646720e-04 true resid norm 1.778326658688e-03 ||r(i)||/||b|| 8.297686883797e-01
  1609 KSP Residual norm 4.445488845134e-04
  1609 KSP preconditioned resid norm 4.445488845134e-04 true resid norm 1.778195538053e-03 ||r(i)||/||b|| 8.297075073834e-01
  1610 KSP Residual norm 4.445161130631e-04
  1610 KSP preconditioned resid norm 4.445161130631e-04 true resid norm 1.778064452253e-03 ||r(i)||/||b|| 8.296463426404e-01
  1611 KSP Residual norm 4.444833503141e-04
  1611 KSP preconditioned resid norm 4.444833503141e-04 true resid norm 1.777933401256e-03 ||r(i)||/||b|| 8.295851941372e-01
  1612 KSP Residual norm 4.444505962591e-04
  1612 KSP preconditioned resid norm 4.444505962591e-04 true resid norm 1.777802385036e-03 ||r(i)||/||b|| 8.295240618607e-01
  1613 KSP Residual norm 4.444178508909e-04
  1613 KSP preconditioned resid norm 4.444178508909e-04 true resid norm 1.777671403564e-03 ||r(i)||/||b|| 8.294629457973e-01
  1614 KSP Residual norm 4.443851142024e-04
  1614 KSP preconditioned resid norm 4.443851142024e-04 true resid norm 1.777540456810e-03 ||r(i)||/||b|| 8.294018459337e-01
  1615 KSP Residual norm 4.443523861865e-04
  1615 KSP preconditioned resid norm 4.443523861865e-04 true resid norm 1.777409544746e-03 ||r(i)||/||b|| 8.293407622567e-01
  1616 KSP Residual norm 4.443196668361e-04
  1616 KSP preconditioned resid norm 4.443196668361e-04 true resid norm 1.777278667344e-03 ||r(i)||/||b|| 8.292796947529e-01
  1617 KSP Residual norm 4.442869561440e-04
  1617 KSP preconditioned resid norm 4.442869561440e-04 true resid norm 1.777147824576e-03 ||r(i)||/||b|| 8.292186434091e-01
  1618 KSP Residual norm 4.442542541032e-04
  1618 KSP preconditioned resid norm 4.442542541032e-04 true resid norm 1.777017016413e-03 ||r(i)||/||b|| 8.291576082120e-01
  1619 KSP Residual norm 4.442215607065e-04
  1619 KSP preconditioned resid norm 4.442215607065e-04 true resid norm 1.776886242826e-03 ||r(i)||/||b|| 8.290965891483e-01
  1620 KSP Residual norm 4.441888759469e-04
  1620 KSP preconditioned resid norm 4.441888759469e-04 true resid norm 1.776755503787e-03 ||r(i)||/||b|| 8.290355862049e-01
  1621 KSP Residual norm 4.441561998172e-04
  1621 KSP preconditioned resid norm 4.441561998172e-04 true resid norm 1.776624799269e-03 ||r(i)||/||b|| 8.289745993686e-01
  1622 KSP Residual norm 4.441235323105e-04
  1622 KSP preconditioned resid norm 4.441235323105e-04 true resid norm 1.776494129242e-03 ||r(i)||/||b|| 8.289136286262e-01
  1623 KSP Residual norm 4.440908734198e-04
  1623 KSP preconditioned resid norm 4.440908734198e-04 true resid norm 1.776363493679e-03 ||r(i)||/||b|| 8.288526739644e-01
  1624 KSP Residual norm 4.440582231378e-04
  1624 KSP preconditioned resid norm 4.440582231378e-04 true resid norm 1.776232892551e-03 ||r(i)||/||b|| 8.287917353703e-01
  1625 KSP Residual norm 4.440255814577e-04
  1625 KSP preconditioned resid norm 4.440255814577e-04 true resid norm 1.776102325831e-03 ||r(i)||/||b|| 8.287308128306e-01
  1626 KSP Residual norm 4.439929483724e-04
  1626 KSP preconditioned resid norm 4.439929483724e-04 true resid norm 1.775971793490e-03 ||r(i)||/||b|| 8.286699063323e-01
  1627 KSP Residual norm 4.439603238749e-04
  1627 KSP preconditioned resid norm 4.439603238749e-04 true resid norm 1.775841295499e-03 ||r(i)||/||b|| 8.286090158623e-01
  1628 KSP Residual norm 4.439277079581e-04
  1628 KSP preconditioned resid norm 4.439277079581e-04 true resid norm 1.775710831833e-03 ||r(i)||/||b|| 8.285481414076e-01
  1629 KSP Residual norm 4.438951006152e-04
  1629 KSP preconditioned resid norm 4.438951006152e-04 true resid norm 1.775580402461e-03 ||r(i)||/||b|| 8.284872829550e-01
  1630 KSP Residual norm 4.438625018392e-04
  1630 KSP preconditioned resid norm 4.438625018392e-04 true resid norm 1.775450007357e-03 ||r(i)||/||b|| 8.284264404916e-01
  1631 KSP Residual norm 4.438299116230e-04
  1631 KSP preconditioned resid norm 4.438299116230e-04 true resid norm 1.775319646492e-03 ||r(i)||/||b|| 8.283656140044e-01
  1632 KSP Residual norm 4.437973299597e-04
  1632 KSP preconditioned resid norm 4.437973299597e-04 true resid norm 1.775189319839e-03 ||r(i)||/||b|| 8.283048034804e-01
  1633 KSP Residual norm 4.437647568424e-04
  1633 KSP preconditioned resid norm 4.437647568424e-04 true resid norm 1.775059027370e-03 ||r(i)||/||b|| 8.282440089066e-01
  1634 KSP Residual norm 4.437321922641e-04
  1634 KSP preconditioned resid norm 4.437321922641e-04 true resid norm 1.774928769056e-03 ||r(i)||/||b|| 8.281832302700e-01
  1635 KSP Residual norm 4.436996362180e-04
  1635 KSP preconditioned resid norm 4.436996362180e-04 true resid norm 1.774798544872e-03 ||r(i)||/||b|| 8.281224675579e-01
  1636 KSP Residual norm 4.436670886970e-04
  1636 KSP preconditioned resid norm 4.436670886970e-04 true resid norm 1.774668354788e-03 ||r(i)||/||b|| 8.280617207572e-01
  1637 KSP Residual norm 4.436345496943e-04
  1637 KSP preconditioned resid norm 4.436345496943e-04 true resid norm 1.774538198777e-03 ||r(i)||/||b|| 8.280009898550e-01
  1638 KSP Residual norm 4.436020192030e-04
  1638 KSP preconditioned resid norm 4.436020192030e-04 true resid norm 1.774408076812e-03 ||r(i)||/||b|| 8.279402748386e-01
  1639 KSP Residual norm 4.435694972163e-04
  1639 KSP preconditioned resid norm 4.435694972163e-04 true resid norm 1.774277988865e-03 ||r(i)||/||b|| 8.278795756950e-01
  1640 KSP Residual norm 4.435369837271e-04
  1640 KSP preconditioned resid norm 4.435369837271e-04 true resid norm 1.774147934909e-03 ||r(i)||/||b|| 8.278188924114e-01
  1641 KSP Residual norm 4.435044787288e-04
  1641 KSP preconditioned resid norm 4.435044787288e-04 true resid norm 1.774017914915e-03 ||r(i)||/||b|| 8.277582249751e-01
  1642 KSP Residual norm 4.434719822144e-04
  1642 KSP preconditioned resid norm 4.434719822144e-04 true resid norm 1.773887928857e-03 ||r(i)||/||b|| 8.276975733731e-01
  1643 KSP Residual norm 4.434394941770e-04
  1643 KSP preconditioned resid norm 4.434394941770e-04 true resid norm 1.773757976708e-03 ||r(i)||/||b|| 8.276369375928e-01
  1644 KSP Residual norm 4.434070146099e-04
  1644 KSP preconditioned resid norm 4.434070146099e-04 true resid norm 1.773628058440e-03 ||r(i)||/||b|| 8.275763176214e-01
  1645 KSP Residual norm 4.433745435062e-04
  1645 KSP preconditioned resid norm 4.433745435062e-04 true resid norm 1.773498174025e-03 ||r(i)||/||b|| 8.275157134462e-01
  1646 KSP Residual norm 4.433420808591e-04
  1646 KSP preconditioned resid norm 4.433420808591e-04 true resid norm 1.773368323436e-03 ||r(i)||/||b|| 8.274551250544e-01
  1647 KSP Residual norm 4.433096266618e-04
  1647 KSP preconditioned resid norm 4.433096266618e-04 true resid norm 1.773238506647e-03 ||r(i)||/||b|| 8.273945524333e-01
  1648 KSP Residual norm 4.432771809076e-04
  1648 KSP preconditioned resid norm 4.432771809076e-04 true resid norm 1.773108723630e-03 ||r(i)||/||b|| 8.273339955703e-01
  1649 KSP Residual norm 4.432447435895e-04
  1649 KSP preconditioned resid norm 4.432447435895e-04 true resid norm 1.772978974358e-03 ||r(i)||/||b|| 8.272734544526e-01
  1650 KSP Residual norm 4.432123147009e-04
  1650 KSP preconditioned resid norm 4.432123147009e-04 true resid norm 1.772849258804e-03 ||r(i)||/||b|| 8.272129290678e-01
  1651 KSP Residual norm 4.431798942350e-04
  1651 KSP preconditioned resid norm 4.431798942350e-04 true resid norm 1.772719576940e-03 ||r(i)||/||b|| 8.271524194030e-01
  1652 KSP Residual norm 4.431474821850e-04
  1652 KSP preconditioned resid norm 4.431474821850e-04 true resid norm 1.772589928740e-03 ||r(i)||/||b|| 8.270919254458e-01
  1653 KSP Residual norm 4.431150785442e-04
  1653 KSP preconditioned resid norm 4.431150785442e-04 true resid norm 1.772460314177e-03 ||r(i)||/||b|| 8.270314471836e-01
  1654 KSP Residual norm 4.430826833059e-04
  1654 KSP preconditioned resid norm 4.430826833059e-04 true resid norm 1.772330733224e-03 ||r(i)||/||b|| 8.269709846037e-01
  1655 KSP Residual norm 4.430502964633e-04
  1655 KSP preconditioned resid norm 4.430502964633e-04 true resid norm 1.772201185853e-03 ||r(i)||/||b|| 8.269105376936e-01
  1656 KSP Residual norm 4.430179180097e-04
  1656 KSP preconditioned resid norm 4.430179180097e-04 true resid norm 1.772071672039e-03 ||r(i)||/||b|| 8.268501064408e-01
  1657 KSP Residual norm 4.429855479384e-04
  1657 KSP preconditioned resid norm 4.429855479384e-04 true resid norm 1.771942191754e-03 ||r(i)||/||b|| 8.267896908327e-01
  1658 KSP Residual norm 4.429531862428e-04
  1658 KSP preconditioned resid norm 4.429531862428e-04 true resid norm 1.771812744971e-03 ||r(i)||/||b|| 8.267292908570e-01
  1659 KSP Residual norm 4.429208329160e-04
  1659 KSP preconditioned resid norm 4.429208329160e-04 true resid norm 1.771683331664e-03 ||r(i)||/||b|| 8.266689065010e-01
  1660 KSP Residual norm 4.428884879515e-04
  1660 KSP preconditioned resid norm 4.428884879515e-04 true resid norm 1.771553951806e-03 ||r(i)||/||b|| 8.266085377524e-01
  1661 KSP Residual norm 4.428561513426e-04
  1661 KSP preconditioned resid norm 4.428561513426e-04 true resid norm 1.771424605371e-03 ||r(i)||/||b|| 8.265481845987e-01
  1662 KSP Residual norm 4.428238230827e-04
  1662 KSP preconditioned resid norm 4.428238230827e-04 true resid norm 1.771295292331e-03 ||r(i)||/||b|| 8.264878470274e-01
  1663 KSP Residual norm 4.427915031650e-04
  1663 KSP preconditioned resid norm 4.427915031650e-04 true resid norm 1.771166012660e-03 ||r(i)||/||b|| 8.264275250262e-01
  1664 KSP Residual norm 4.427591915830e-04
  1664 KSP preconditioned resid norm 4.427591915830e-04 true resid norm 1.771036766332e-03 ||r(i)||/||b|| 8.263672185827e-01
  1665 KSP Residual norm 4.427268883299e-04
  1665 KSP preconditioned resid norm 4.427268883299e-04 true resid norm 1.770907553320e-03 ||r(i)||/||b|| 8.263069276845e-01
  1666 KSP Residual norm 4.426945933993e-04
  1666 KSP preconditioned resid norm 4.426945933993e-04 true resid norm 1.770778373597e-03 ||r(i)||/||b|| 8.262466523193e-01
  1667 KSP Residual norm 4.426623067845e-04
  1667 KSP preconditioned resid norm 4.426623067845e-04 true resid norm 1.770649227138e-03 ||r(i)||/||b|| 8.261863924747e-01
  1668 KSP Residual norm 4.426300284789e-04
  1668 KSP preconditioned resid norm 4.426300284789e-04 true resid norm 1.770520113916e-03 ||r(i)||/||b|| 8.261261481384e-01
  1669 KSP Residual norm 4.425977584759e-04
  1669 KSP preconditioned resid norm 4.425977584759e-04 true resid norm 1.770391033903e-03 ||r(i)||/||b|| 8.260659192981e-01
  1670 KSP Residual norm 4.425654967689e-04
  1670 KSP preconditioned resid norm 4.425654967689e-04 true resid norm 1.770261987075e-03 ||r(i)||/||b|| 8.260057059415e-01
  1671 KSP Residual norm 4.425332433513e-04
  1671 KSP preconditioned resid norm 4.425332433513e-04 true resid norm 1.770132973405e-03 ||r(i)||/||b|| 8.259455080564e-01
  1672 KSP Residual norm 4.425009982167e-04
  1672 KSP preconditioned resid norm 4.425009982167e-04 true resid norm 1.770003992867e-03 ||r(i)||/||b|| 8.258853256305e-01
  1673 KSP Residual norm 4.424687613584e-04
  1673 KSP preconditioned resid norm 4.424687613584e-04 true resid norm 1.769875045434e-03 ||r(i)||/||b|| 8.258251586517e-01
  1674 KSP Residual norm 4.424365327699e-04
  1674 KSP preconditioned resid norm 4.424365327699e-04 true resid norm 1.769746131080e-03 ||r(i)||/||b|| 8.257650071076e-01
  1675 KSP Residual norm 4.424043124447e-04
  1675 KSP preconditioned resid norm 4.424043124447e-04 true resid norm 1.769617249779e-03 ||r(i)||/||b|| 8.257048709861e-01
  1676 KSP Residual norm 4.423721003762e-04
  1676 KSP preconditioned resid norm 4.423721003762e-04 true resid norm 1.769488401505e-03 ||r(i)||/||b|| 8.256447502750e-01
  1677 KSP Residual norm 4.423398965579e-04
  1677 KSP preconditioned resid norm 4.423398965579e-04 true resid norm 1.769359586232e-03 ||r(i)||/||b|| 8.255846449622e-01
  1678 KSP Residual norm 4.423077009834e-04
  1678 KSP preconditioned resid norm 4.423077009834e-04 true resid norm 1.769230803934e-03 ||r(i)||/||b|| 8.255245550355e-01
  1679 KSP Residual norm 4.422755136461e-04
  1679 KSP preconditioned resid norm 4.422755136461e-04 true resid norm 1.769102054584e-03 ||r(i)||/||b|| 8.254644804828e-01
  1680 KSP Residual norm 4.422433345396e-04
  1680 KSP preconditioned resid norm 4.422433345396e-04 true resid norm 1.768973338158e-03 ||r(i)||/||b|| 8.254044212920e-01
  1681 KSP Residual norm 4.422111636573e-04
  1681 KSP preconditioned resid norm 4.422111636573e-04 true resid norm 1.768844654629e-03 ||r(i)||/||b|| 8.253443774510e-01
  1682 KSP Residual norm 4.421790009928e-04
  1682 KSP preconditioned resid norm 4.421790009928e-04 true resid norm 1.768716003971e-03 ||r(i)||/||b|| 8.252843489477e-01
  1683 KSP Residual norm 4.421468465397e-04
  1683 KSP preconditioned resid norm 4.421468465397e-04 true resid norm 1.768587386159e-03 ||r(i)||/||b|| 8.252243357701e-01
  1684 KSP Residual norm 4.421147002915e-04
  1684 KSP preconditioned resid norm 4.421147002915e-04 true resid norm 1.768458801166e-03 ||r(i)||/||b|| 8.251643379062e-01
  1685 KSP Residual norm 4.420825622418e-04
  1685 KSP preconditioned resid norm 4.420825622418e-04 true resid norm 1.768330248967e-03 ||r(i)||/||b|| 8.251043553439e-01
  1686 KSP Residual norm 4.420504323840e-04
  1686 KSP preconditioned resid norm 4.420504323840e-04 true resid norm 1.768201729536e-03 ||r(i)||/||b|| 8.250443880713e-01
  1687 KSP Residual norm 4.420183107119e-04
  1687 KSP preconditioned resid norm 4.420183107119e-04 true resid norm 1.768073242848e-03 ||r(i)||/||b|| 8.249844360762e-01
  1688 KSP Residual norm 4.419861972190e-04
  1688 KSP preconditioned resid norm 4.419861972190e-04 true resid norm 1.767944788876e-03 ||r(i)||/||b|| 8.249244993469e-01
  1689 KSP Residual norm 4.419540918989e-04
  1689 KSP preconditioned resid norm 4.419540918989e-04 true resid norm 1.767816367595e-03 ||r(i)||/||b|| 8.248645778713e-01
  1690 KSP Residual norm 4.419219947451e-04
  1690 KSP preconditioned resid norm 4.419219947451e-04 true resid norm 1.767687978980e-03 ||r(i)||/||b|| 8.248046716375e-01
  1691 KSP Residual norm 4.418899057514e-04
  1691 KSP preconditioned resid norm 4.418899057514e-04 true resid norm 1.767559623006e-03 ||r(i)||/||b|| 8.247447806336e-01
  1692 KSP Residual norm 4.418578249113e-04
  1692 KSP preconditioned resid norm 4.418578249113e-04 true resid norm 1.767431299645e-03 ||r(i)||/||b|| 8.246849048476e-01
  1693 KSP Residual norm 4.418257522185e-04
  1693 KSP preconditioned resid norm 4.418257522185e-04 true resid norm 1.767303008874e-03 ||r(i)||/||b|| 8.246250442678e-01
  1694 KSP Residual norm 4.417936876667e-04
  1694 KSP preconditioned resid norm 4.417936876667e-04 true resid norm 1.767174750667e-03 ||r(i)||/||b|| 8.245651988822e-01
  1695 KSP Residual norm 4.417616312494e-04
  1695 KSP preconditioned resid norm 4.417616312494e-04 true resid norm 1.767046524997e-03 ||r(i)||/||b|| 8.245053686790e-01
  1696 KSP Residual norm 4.417295829603e-04
  1696 KSP preconditioned resid norm 4.417295829603e-04 true resid norm 1.766918331841e-03 ||r(i)||/||b|| 8.244455536463e-01
  1697 KSP Residual norm 4.416975427931e-04
  1697 KSP preconditioned resid norm 4.416975427931e-04 true resid norm 1.766790171172e-03 ||r(i)||/||b|| 8.243857537724e-01
  1698 KSP Residual norm 4.416655107415e-04
  1698 KSP preconditioned resid norm 4.416655107415e-04 true resid norm 1.766662042966e-03 ||r(i)||/||b|| 8.243259690455e-01
  1699 KSP Residual norm 4.416334867992e-04
  1699 KSP preconditioned resid norm 4.416334867992e-04 true resid norm 1.766533947197e-03 ||r(i)||/||b|| 8.242661994537e-01
  1700 KSP Residual norm 4.416014709598e-04
  1700 KSP preconditioned resid norm 4.416014709598e-04 true resid norm 1.766405883839e-03 ||r(i)||/||b|| 8.242064449853e-01
  1701 KSP Residual norm 4.415694632172e-04
  1701 KSP preconditioned resid norm 4.415694632172e-04 true resid norm 1.766277852869e-03 ||r(i)||/||b|| 8.241467056285e-01
  1702 KSP Residual norm 4.415374635649e-04
  1702 KSP preconditioned resid norm 4.415374635649e-04 true resid norm 1.766149854259e-03 ||r(i)||/||b|| 8.240869813717e-01
  1703 KSP Residual norm 4.415054719967e-04
  1703 KSP preconditioned resid norm 4.415054719967e-04 true resid norm 1.766021887987e-03 ||r(i)||/||b|| 8.240272722031e-01
  1704 KSP Residual norm 4.414734885063e-04
  1704 KSP preconditioned resid norm 4.414734885063e-04 true resid norm 1.765893954025e-03 ||r(i)||/||b|| 8.239675781110e-01
  1705 KSP Residual norm 4.414415130876e-04
  1705 KSP preconditioned resid norm 4.414415130876e-04 true resid norm 1.765766052350e-03 ||r(i)||/||b|| 8.239078990837e-01
  1706 KSP Residual norm 4.414095457341e-04
  1706 KSP preconditioned resid norm 4.414095457341e-04 true resid norm 1.765638182936e-03 ||r(i)||/||b|| 8.238482351096e-01
  1707 KSP Residual norm 4.413775864398e-04
  1707 KSP preconditioned resid norm 4.413775864398e-04 true resid norm 1.765510345759e-03 ||r(i)||/||b|| 8.237885861770e-01
  1708 KSP Residual norm 4.413456351983e-04
  1708 KSP preconditioned resid norm 4.413456351983e-04 true resid norm 1.765382540793e-03 ||r(i)||/||b|| 8.237289522743e-01
  1709 KSP Residual norm 4.413136920035e-04
  1709 KSP preconditioned resid norm 4.413136920035e-04 true resid norm 1.765254768014e-03 ||r(i)||/||b|| 8.236693333899e-01
  1710 KSP Residual norm 4.412817568491e-04
  1710 KSP preconditioned resid norm 4.412817568491e-04 true resid norm 1.765127027396e-03 ||r(i)||/||b|| 8.236097295122e-01
  1711 KSP Residual norm 4.412498297289e-04
  1711 KSP preconditioned resid norm 4.412498297289e-04 true resid norm 1.764999318915e-03 ||r(i)||/||b|| 8.235501406295e-01
  1712 KSP Residual norm 4.412179106367e-04
  1712 KSP preconditioned resid norm 4.412179106367e-04 true resid norm 1.764871642547e-03 ||r(i)||/||b|| 8.234905667304e-01
  1713 KSP Residual norm 4.411859995663e-04
  1713 KSP preconditioned resid norm 4.411859995663e-04 true resid norm 1.764743998265e-03 ||r(i)||/||b|| 8.234310078032e-01
  1714 KSP Residual norm 4.411540965116e-04
  1714 KSP preconditioned resid norm 4.411540965116e-04 true resid norm 1.764616386047e-03 ||r(i)||/||b|| 8.233714638365e-01
  1715 KSP Residual norm 4.411222014664e-04
  1715 KSP preconditioned resid norm 4.411222014664e-04 true resid norm 1.764488805866e-03 ||r(i)||/||b|| 8.233119348187e-01
  1716 KSP Residual norm 4.410903144245e-04
  1716 KSP preconditioned resid norm 4.410903144245e-04 true resid norm 1.764361257698e-03 ||r(i)||/||b|| 8.232524207383e-01
  1717 KSP Residual norm 4.410584353798e-04
  1717 KSP preconditioned resid norm 4.410584353798e-04 true resid norm 1.764233741519e-03 ||r(i)||/||b|| 8.231929215838e-01
  1718 KSP Residual norm 4.410265643261e-04
  1718 KSP preconditioned resid norm 4.410265643261e-04 true resid norm 1.764106257304e-03 ||r(i)||/||b|| 8.231334373439e-01
  1719 KSP Residual norm 4.409947012573e-04
  1719 KSP preconditioned resid norm 4.409947012573e-04 true resid norm 1.763978805029e-03 ||r(i)||/||b|| 8.230739680069e-01
  1720 KSP Residual norm 4.409628461672e-04
  1720 KSP preconditioned resid norm 4.409628461672e-04 true resid norm 1.763851384669e-03 ||r(i)||/||b|| 8.230145135615e-01
  1721 KSP Residual norm 4.409309990498e-04
  1721 KSP preconditioned resid norm 4.409309990498e-04 true resid norm 1.763723996199e-03 ||r(i)||/||b|| 8.229550739963e-01
  1722 KSP Residual norm 4.408991598989e-04
  1722 KSP preconditioned resid norm 4.408991598989e-04 true resid norm 1.763596639596e-03 ||r(i)||/||b|| 8.228956492998e-01
  1723 KSP Residual norm 4.408673287084e-04
  1723 KSP preconditioned resid norm 4.408673287084e-04 true resid norm 1.763469314834e-03 ||r(i)||/||b|| 8.228362394607e-01
  1724 KSP Residual norm 4.408355054723e-04
  1724 KSP preconditioned resid norm 4.408355054723e-04 true resid norm 1.763342021889e-03 ||r(i)||/||b|| 8.227768444676e-01
  1725 KSP Residual norm 4.408036901844e-04
  1725 KSP preconditioned resid norm 4.408036901844e-04 true resid norm 1.763214760738e-03 ||r(i)||/||b|| 8.227174643091e-01
  1726 KSP Residual norm 4.407718828387e-04
  1726 KSP preconditioned resid norm 4.407718828387e-04 true resid norm 1.763087531355e-03 ||r(i)||/||b|| 8.226580989739e-01
  1727 KSP Residual norm 4.407400834290e-04
  1727 KSP preconditioned resid norm 4.407400834290e-04 true resid norm 1.762960333716e-03 ||r(i)||/||b|| 8.225987484507e-01
  1728 KSP Residual norm 4.407082919494e-04
  1728 KSP preconditioned resid norm 4.407082919494e-04 true resid norm 1.762833167798e-03 ||r(i)||/||b|| 8.225394127281e-01
  1729 KSP Residual norm 4.406765083938e-04
  1729 KSP preconditioned resid norm 4.406765083938e-04 true resid norm 1.762706033575e-03 ||r(i)||/||b|| 8.224800917949e-01
  1730 KSP Residual norm 4.406447327562e-04
  1730 KSP preconditioned resid norm 4.406447327562e-04 true resid norm 1.762578931025e-03 ||r(i)||/||b|| 8.224207856398e-01
  1731 KSP Residual norm 4.406129650305e-04
  1731 KSP preconditioned resid norm 4.406129650305e-04 true resid norm 1.762451860122e-03 ||r(i)||/||b|| 8.223614942514e-01
  1732 KSP Residual norm 4.405812052106e-04
  1732 KSP preconditioned resid norm 4.405812052106e-04 true resid norm 1.762324820842e-03 ||r(i)||/||b|| 8.223022176187e-01
  1733 KSP Residual norm 4.405494532906e-04
  1733 KSP preconditioned resid norm 4.405494532906e-04 true resid norm 1.762197813163e-03 ||r(i)||/||b|| 8.222429557303e-01
  1734 KSP Residual norm 4.405177092645e-04
  1734 KSP preconditioned resid norm 4.405177092645e-04 true resid norm 1.762070837058e-03 ||r(i)||/||b|| 8.221837085751e-01
  1735 KSP Residual norm 4.404859731263e-04
  1735 KSP preconditioned resid norm 4.404859731263e-04 true resid norm 1.761943892505e-03 ||r(i)||/||b|| 8.221244761417e-01
  1736 KSP Residual norm 4.404542448699e-04
  1736 KSP preconditioned resid norm 4.404542448699e-04 true resid norm 1.761816979480e-03 ||r(i)||/||b|| 8.220652584191e-01
  1737 KSP Residual norm 4.404225244894e-04
  1737 KSP preconditioned resid norm 4.404225244894e-04 true resid norm 1.761690097958e-03 ||r(i)||/||b|| 8.220060553961e-01
  1738 KSP Residual norm 4.403908119788e-04
  1738 KSP preconditioned resid norm 4.403908119788e-04 true resid norm 1.761563247915e-03 ||r(i)||/||b|| 8.219468670615e-01
  1739 KSP Residual norm 4.403591073321e-04
  1739 KSP preconditioned resid norm 4.403591073321e-04 true resid norm 1.761436429329e-03 ||r(i)||/||b|| 8.218876934042e-01
  1740 KSP Residual norm 4.403274105434e-04
  1740 KSP preconditioned resid norm 4.403274105434e-04 true resid norm 1.761309642174e-03 ||r(i)||/||b|| 8.218285344131e-01
  1741 KSP Residual norm 4.402957216068e-04
  1741 KSP preconditioned resid norm 4.402957216068e-04 true resid norm 1.761182886427e-03 ||r(i)||/||b|| 8.217693900770e-01
  1742 KSP Residual norm 4.402640405162e-04
  1742 KSP preconditioned resid norm 4.402640405162e-04 true resid norm 1.761056162065e-03 ||r(i)||/||b|| 8.217102603848e-01
  1743 KSP Residual norm 4.402323672658e-04
  1743 KSP preconditioned resid norm 4.402323672658e-04 true resid norm 1.760929469063e-03 ||r(i)||/||b|| 8.216511453256e-01
  1744 KSP Residual norm 4.402007018496e-04
  1744 KSP preconditioned resid norm 4.402007018496e-04 true resid norm 1.760802807399e-03 ||r(i)||/||b|| 8.215920448881e-01
  1745 KSP Residual norm 4.401690442618e-04
  1745 KSP preconditioned resid norm 4.401690442618e-04 true resid norm 1.760676177047e-03 ||r(i)||/||b|| 8.215329590615e-01
  1746 KSP Residual norm 4.401373944963e-04
  1746 KSP preconditioned resid norm 4.401373944963e-04 true resid norm 1.760549577985e-03 ||r(i)||/||b|| 8.214738878346e-01
  1747 KSP Residual norm 4.401057525473e-04
  1747 KSP preconditioned resid norm 4.401057525473e-04 true resid norm 1.760423010189e-03 ||r(i)||/||b|| 8.214148311964e-01
  1748 KSP Residual norm 4.400741184089e-04
  1748 KSP preconditioned resid norm 4.400741184089e-04 true resid norm 1.760296473636e-03 ||r(i)||/||b|| 8.213557891360e-01
  1749 KSP Residual norm 4.400424920752e-04
  1749 KSP preconditioned resid norm 4.400424920752e-04 true resid norm 1.760169968301e-03 ||r(i)||/||b|| 8.212967616423e-01
  1750 KSP Residual norm 4.400108735404e-04
  1750 KSP preconditioned resid norm 4.400108735404e-04 true resid norm 1.760043494162e-03 ||r(i)||/||b|| 8.212377487043e-01
  1751 KSP Residual norm 4.399792627985e-04
  1751 KSP preconditioned resid norm 4.399792627985e-04 true resid norm 1.759917051194e-03 ||r(i)||/||b|| 8.211787503112e-01
  1752 KSP Residual norm 4.399476598438e-04
  1752 KSP preconditioned resid norm 4.399476598438e-04 true resid norm 1.759790639375e-03 ||r(i)||/||b|| 8.211197664520e-01
  1753 KSP Residual norm 4.399160646702e-04
  1753 KSP preconditioned resid norm 4.399160646702e-04 true resid norm 1.759664258681e-03 ||r(i)||/||b|| 8.210607971157e-01
  1754 KSP Residual norm 4.398844772721e-04
  1754 KSP preconditioned resid norm 4.398844772721e-04 true resid norm 1.759537909089e-03 ||r(i)||/||b|| 8.210018422915e-01
  1755 KSP Residual norm 4.398528976436e-04
  1755 KSP preconditioned resid norm 4.398528976436e-04 true resid norm 1.759411590574e-03 ||r(i)||/||b|| 8.209429019684e-01
  1756 KSP Residual norm 4.398213257788e-04
  1756 KSP preconditioned resid norm 4.398213257788e-04 true resid norm 1.759285303115e-03 ||r(i)||/||b|| 8.208839761356e-01
  1757 KSP Residual norm 4.397897616719e-04
  1757 KSP preconditioned resid norm 4.397897616719e-04 true resid norm 1.759159046688e-03 ||r(i)||/||b|| 8.208250647822e-01
  1758 KSP Residual norm 4.397582053172e-04
  1758 KSP preconditioned resid norm 4.397582053172e-04 true resid norm 1.759032821269e-03 ||r(i)||/||b|| 8.207661678974e-01
  1759 KSP Residual norm 4.397266567087e-04
  1759 KSP preconditioned resid norm 4.397266567087e-04 true resid norm 1.758906626835e-03 ||r(i)||/||b|| 8.207072854702e-01
  1760 KSP Residual norm 4.396951158407e-04
  1760 KSP preconditioned resid norm 4.396951158407e-04 true resid norm 1.758780463363e-03 ||r(i)||/||b|| 8.206484174900e-01
  1761 KSP Residual norm 4.396635827075e-04
  1761 KSP preconditioned resid norm 4.396635827075e-04 true resid norm 1.758654330830e-03 ||r(i)||/||b|| 8.205895639459e-01
  1762 KSP Residual norm 4.396320573031e-04
  1762 KSP preconditioned resid norm 4.396320573031e-04 true resid norm 1.758528229212e-03 ||r(i)||/||b|| 8.205307248270e-01
  1763 KSP Residual norm 4.396005396220e-04
  1763 KSP preconditioned resid norm 4.396005396220e-04 true resid norm 1.758402158488e-03 ||r(i)||/||b|| 8.204719001227e-01
  1764 KSP Residual norm 4.395690296582e-04
  1764 KSP preconditioned resid norm 4.395690296582e-04 true resid norm 1.758276118633e-03 ||r(i)||/||b|| 8.204130898222e-01
  1765 KSP Residual norm 4.395375274060e-04
  1765 KSP preconditioned resid norm 4.395375274060e-04 true resid norm 1.758150109624e-03 ||r(i)||/||b|| 8.203542939146e-01
  1766 KSP Residual norm 4.395060328598e-04
  1766 KSP preconditioned resid norm 4.395060328598e-04 true resid norm 1.758024131439e-03 ||r(i)||/||b|| 8.202955123894e-01
  1767 KSP Residual norm 4.394745460136e-04
  1767 KSP preconditioned resid norm 4.394745460136e-04 true resid norm 1.757898184055e-03 ||r(i)||/||b|| 8.202367452357e-01
  1768 KSP Residual norm 4.394430668619e-04
  1768 KSP preconditioned resid norm 4.394430668619e-04 true resid norm 1.757772267448e-03 ||r(i)||/||b|| 8.201779924429e-01
  1769 KSP Residual norm 4.394115953989e-04
  1769 KSP preconditioned resid norm 4.394115953989e-04 true resid norm 1.757646381595e-03 ||r(i)||/||b|| 8.201192540003e-01
  1770 KSP Residual norm 4.393801316188e-04
  1770 KSP preconditioned resid norm 4.393801316188e-04 true resid norm 1.757520526475e-03 ||r(i)||/||b|| 8.200605298971e-01
  1771 KSP Residual norm 4.393486755160e-04
  1771 KSP preconditioned resid norm 4.393486755160e-04 true resid norm 1.757394702064e-03 ||r(i)||/||b|| 8.200018201228e-01
  1772 KSP Residual norm 4.393172270847e-04
  1772 KSP preconditioned resid norm 4.393172270847e-04 true resid norm 1.757268908339e-03 ||r(i)||/||b|| 8.199431246667e-01
  1773 KSP Residual norm 4.392857863192e-04
  1773 KSP preconditioned resid norm 4.392857863192e-04 true resid norm 1.757143145277e-03 ||r(i)||/||b|| 8.198844435182e-01
  1774 KSP Residual norm 4.392543532140e-04
  1774 KSP preconditioned resid norm 4.392543532140e-04 true resid norm 1.757017412856e-03 ||r(i)||/||b|| 8.198257766666e-01
  1775 KSP Residual norm 4.392229277632e-04
  1775 KSP preconditioned resid norm 4.392229277632e-04 true resid norm 1.756891711053e-03 ||r(i)||/||b|| 8.197671241014e-01
  1776 KSP Residual norm 4.391915099612e-04
  1776 KSP preconditioned resid norm 4.391915099612e-04 true resid norm 1.756766039845e-03 ||r(i)||/||b|| 8.197084858119e-01
  1777 KSP Residual norm 4.391600998023e-04
  1777 KSP preconditioned resid norm 4.391600998023e-04 true resid norm 1.756640399209e-03 ||r(i)||/||b|| 8.196498617876e-01
  1778 KSP Residual norm 4.391286972810e-04
  1778 KSP preconditioned resid norm 4.391286972810e-04 true resid norm 1.756514789124e-03 ||r(i)||/||b|| 8.195912520180e-01
  1779 KSP Residual norm 4.390973023914e-04
  1779 KSP preconditioned resid norm 4.390973023914e-04 true resid norm 1.756389209566e-03 ||r(i)||/||b|| 8.195326564924e-01
  1780 KSP Residual norm 4.390659151281e-04
  1780 KSP preconditioned resid norm 4.390659151281e-04 true resid norm 1.756263660512e-03 ||r(i)||/||b|| 8.194740752004e-01
  1781 KSP Residual norm 4.390345354853e-04
  1781 KSP preconditioned resid norm 4.390345354853e-04 true resid norm 1.756138141941e-03 ||r(i)||/||b|| 8.194155081314e-01
  1782 KSP Residual norm 4.390031634575e-04
  1782 KSP preconditioned resid norm 4.390031634575e-04 true resid norm 1.756012653830e-03 ||r(i)||/||b|| 8.193569552749e-01
  1783 KSP Residual norm 4.389717990390e-04
  1783 KSP preconditioned resid norm 4.389717990390e-04 true resid norm 1.755887196156e-03 ||r(i)||/||b|| 8.192984166205e-01
  1784 KSP Residual norm 4.389404422242e-04
  1784 KSP preconditioned resid norm 4.389404422242e-04 true resid norm 1.755761768897e-03 ||r(i)||/||b|| 8.192398921577e-01
  1785 KSP Residual norm 4.389090930074e-04
  1785 KSP preconditioned resid norm 4.389090930074e-04 true resid norm 1.755636372030e-03 ||r(i)||/||b|| 8.191813818760e-01
  1786 KSP Residual norm 4.388777513832e-04
  1786 KSP preconditioned resid norm 4.388777513832e-04 true resid norm 1.755511005533e-03 ||r(i)||/||b|| 8.191228857650e-01
  1787 KSP Residual norm 4.388464173459e-04
  1787 KSP preconditioned resid norm 4.388464173459e-04 true resid norm 1.755385669384e-03 ||r(i)||/||b|| 8.190644038142e-01
  1788 KSP Residual norm 4.388150908899e-04
  1788 KSP preconditioned resid norm 4.388150908899e-04 true resid norm 1.755260363560e-03 ||r(i)||/||b|| 8.190059360132e-01
  1789 KSP Residual norm 4.387837720097e-04
  1789 KSP preconditioned resid norm 4.387837720097e-04 true resid norm 1.755135088039e-03 ||r(i)||/||b|| 8.189474823517e-01
  1790 KSP Residual norm 4.387524606997e-04
  1790 KSP preconditioned resid norm 4.387524606997e-04 true resid norm 1.755009842799e-03 ||r(i)||/||b|| 8.188890428192e-01
  1791 KSP Residual norm 4.387211569543e-04
  1791 KSP preconditioned resid norm 4.387211569543e-04 true resid norm 1.754884627817e-03 ||r(i)||/||b|| 8.188306174053e-01
  1792 KSP Residual norm 4.386898607680e-04
  1792 KSP preconditioned resid norm 4.386898607680e-04 true resid norm 1.754759443072e-03 ||r(i)||/||b|| 8.187722060998e-01
  1793 KSP Residual norm 4.386585721352e-04
  1793 KSP preconditioned resid norm 4.386585721352e-04 true resid norm 1.754634288541e-03 ||r(i)||/||b|| 8.187138088921e-01
  1794 KSP Residual norm 4.386272910505e-04
  1794 KSP preconditioned resid norm 4.386272910505e-04 true resid norm 1.754509164202e-03 ||r(i)||/||b|| 8.186554257721e-01
  1795 KSP Residual norm 4.385960175082e-04
  1795 KSP preconditioned resid norm 4.385960175082e-04 true resid norm 1.754384070033e-03 ||r(i)||/||b|| 8.185970567294e-01
  1796 KSP Residual norm 4.385647515028e-04
  1796 KSP preconditioned resid norm 4.385647515028e-04 true resid norm 1.754259006011e-03 ||r(i)||/||b|| 8.185387017537e-01
  1797 KSP Residual norm 4.385334930289e-04
  1797 KSP preconditioned resid norm 4.385334930289e-04 true resid norm 1.754133972116e-03 ||r(i)||/||b|| 8.184803608347e-01
  1798 KSP Residual norm 4.385022420809e-04
  1798 KSP preconditioned resid norm 4.385022420809e-04 true resid norm 1.754008968324e-03 ||r(i)||/||b|| 8.184220339621e-01
  1799 KSP Residual norm 4.384709986534e-04
  1799 KSP preconditioned resid norm 4.384709986534e-04 true resid norm 1.753883994614e-03 ||r(i)||/||b|| 8.183637211256e-01
  1800 KSP Residual norm 4.384397627408e-04
  1800 KSP preconditioned resid norm 4.384397627408e-04 true resid norm 1.753759050963e-03 ||r(i)||/||b|| 8.183054223150e-01
  1801 KSP Residual norm 4.384085343376e-04
  1801 KSP preconditioned resid norm 4.384085343376e-04 true resid norm 1.753634137350e-03 ||r(i)||/||b|| 8.182471375202e-01
  1802 KSP Residual norm 4.383773134384e-04
  1802 KSP preconditioned resid norm 4.383773134384e-04 true resid norm 1.753509253754e-03 ||r(i)||/||b|| 8.181888667307e-01
  1803 KSP Residual norm 4.383461000377e-04
  1803 KSP preconditioned resid norm 4.383461000377e-04 true resid norm 1.753384400151e-03 ||r(i)||/||b|| 8.181306099365e-01
  1804 KSP Residual norm 4.383148941301e-04
  1804 KSP preconditioned resid norm 4.383148941301e-04 true resid norm 1.753259576520e-03 ||r(i)||/||b|| 8.180723671273e-01
  1805 KSP Residual norm 4.382836957100e-04
  1805 KSP preconditioned resid norm 4.382836957100e-04 true resid norm 1.753134782840e-03 ||r(i)||/||b|| 8.180141382930e-01
  1806 KSP Residual norm 4.382525047721e-04
  1806 KSP preconditioned resid norm 4.382525047721e-04 true resid norm 1.753010019088e-03 ||r(i)||/||b|| 8.179559234234e-01
  1807 KSP Residual norm 4.382213213108e-04
  1807 KSP preconditioned resid norm 4.382213213108e-04 true resid norm 1.752885285243e-03 ||r(i)||/||b|| 8.178977225083e-01
  1808 KSP Residual norm 4.381901453209e-04
  1808 KSP preconditioned resid norm 4.381901453209e-04 true resid norm 1.752760581283e-03 ||r(i)||/||b|| 8.178395355375e-01
  1809 KSP Residual norm 4.381589767967e-04
  1809 KSP preconditioned resid norm 4.381589767967e-04 true resid norm 1.752635907187e-03 ||r(i)||/||b|| 8.177813625011e-01
  1810 KSP Residual norm 4.381278157330e-04
  1810 KSP preconditioned resid norm 4.381278157330e-04 true resid norm 1.752511262932e-03 ||r(i)||/||b|| 8.177232033887e-01
  1811 KSP Residual norm 4.380966621243e-04
  1811 KSP preconditioned resid norm 4.380966621243e-04 true resid norm 1.752386648497e-03 ||r(i)||/||b|| 8.176650581905e-01
  1812 KSP Residual norm 4.380655159652e-04
  1812 KSP preconditioned resid norm 4.380655159652e-04 true resid norm 1.752262063861e-03 ||r(i)||/||b|| 8.176069268961e-01
  1813 KSP Residual norm 4.380343772503e-04
  1813 KSP preconditioned resid norm 4.380343772503e-04 true resid norm 1.752137509001e-03 ||r(i)||/||b|| 8.175488094957e-01
  1814 KSP Residual norm 4.380032459741e-04
  1814 KSP preconditioned resid norm 4.380032459741e-04 true resid norm 1.752012983897e-03 ||r(i)||/||b|| 8.174907059791e-01
  1815 KSP Residual norm 4.379721221315e-04
  1815 KSP preconditioned resid norm 4.379721221315e-04 true resid norm 1.751888488526e-03 ||r(i)||/||b|| 8.174326163362e-01
  1816 KSP Residual norm 4.379410057168e-04
  1816 KSP preconditioned resid norm 4.379410057168e-04 true resid norm 1.751764022867e-03 ||r(i)||/||b|| 8.173745405571e-01
  1817 KSP Residual norm 4.379098967249e-04
  1817 KSP preconditioned resid norm 4.379098967249e-04 true resid norm 1.751639586899e-03 ||r(i)||/||b|| 8.173164786317e-01
  1818 KSP Residual norm 4.378787951502e-04
  1818 KSP preconditioned resid norm 4.378787951502e-04 true resid norm 1.751515180601e-03 ||r(i)||/||b|| 8.172584305500e-01
  1819 KSP Residual norm 4.378477009875e-04
  1819 KSP preconditioned resid norm 4.378477009875e-04 true resid norm 1.751390803950e-03 ||r(i)||/||b|| 8.172003963020e-01
  1820 KSP Residual norm 4.378166142315e-04
  1820 KSP preconditioned resid norm 4.378166142315e-04 true resid norm 1.751266456926e-03 ||r(i)||/||b|| 8.171423758777e-01
  1821 KSP Residual norm 4.377855348767e-04
  1821 KSP preconditioned resid norm 4.377855348767e-04 true resid norm 1.751142139507e-03 ||r(i)||/||b|| 8.170843692672e-01
  1822 KSP Residual norm 4.377544629178e-04
  1822 KSP preconditioned resid norm 4.377544629178e-04 true resid norm 1.751017851671e-03 ||r(i)||/||b|| 8.170263764605e-01
  1823 KSP Residual norm 4.377233983496e-04
  1823 KSP preconditioned resid norm 4.377233983496e-04 true resid norm 1.750893593398e-03 ||r(i)||/||b|| 8.169683974476e-01
  1824 KSP Residual norm 4.376923411666e-04
  1824 KSP preconditioned resid norm 4.376923411666e-04 true resid norm 1.750769364666e-03 ||r(i)||/||b|| 8.169104322187e-01
  1825 KSP Residual norm 4.376612913636e-04
  1825 KSP preconditioned resid norm 4.376612913636e-04 true resid norm 1.750645165455e-03 ||r(i)||/||b|| 8.168524807638e-01
  1826 KSP Residual norm 4.376302489353e-04
  1826 KSP preconditioned resid norm 4.376302489353e-04 true resid norm 1.750520995741e-03 ||r(i)||/||b|| 8.167945430730e-01
  1827 KSP Residual norm 4.375992138764e-04
  1827 KSP preconditioned resid norm 4.375992138764e-04 true resid norm 1.750396855506e-03 ||r(i)||/||b|| 8.167366191364e-01
  1828 KSP Residual norm 4.375681861815e-04
  1828 KSP preconditioned resid norm 4.375681861815e-04 true resid norm 1.750272744726e-03 ||r(i)||/||b|| 8.166787089442e-01
  1829 KSP Residual norm 4.375371658455e-04
  1829 KSP preconditioned resid norm 4.375371658455e-04 true resid norm 1.750148663382e-03 ||r(i)||/||b|| 8.166208124864e-01
  1830 KSP Residual norm 4.375061528629e-04
  1830 KSP preconditioned resid norm 4.375061528629e-04 true resid norm 1.750024611452e-03 ||r(i)||/||b|| 8.165629297533e-01
  1831 KSP Residual norm 4.374751472287e-04
  1831 KSP preconditioned resid norm 4.374751472287e-04 true resid norm 1.749900588915e-03 ||r(i)||/||b|| 8.165050607350e-01
  1832 KSP Residual norm 4.374441489373e-04
  1832 KSP preconditioned resid norm 4.374441489373e-04 true resid norm 1.749776595749e-03 ||r(i)||/||b|| 8.164472054216e-01
  1833 KSP Residual norm 4.374131579838e-04
  1833 KSP preconditioned resid norm 4.374131579838e-04 true resid norm 1.749652631935e-03 ||r(i)||/||b|| 8.163893638034e-01
  1834 KSP Residual norm 4.373821743626e-04
  1834 KSP preconditioned resid norm 4.373821743626e-04 true resid norm 1.749528697451e-03 ||r(i)||/||b|| 8.163315358706e-01
  1835 KSP Residual norm 4.373511980688e-04
  1835 KSP preconditioned resid norm 4.373511980688e-04 true resid norm 1.749404792275e-03 ||r(i)||/||b|| 8.162737216133e-01
  1836 KSP Residual norm 4.373202290969e-04
  1836 KSP preconditioned resid norm 4.373202290969e-04 true resid norm 1.749280916387e-03 ||r(i)||/||b|| 8.162159210218e-01
  1837 KSP Residual norm 4.372892674417e-04
  1837 KSP preconditioned resid norm 4.372892674417e-04 true resid norm 1.749157069767e-03 ||r(i)||/||b|| 8.161581340863e-01
  1838 KSP Residual norm 4.372583130981e-04
  1838 KSP preconditioned resid norm 4.372583130981e-04 true resid norm 1.749033252393e-03 ||r(i)||/||b|| 8.161003607971e-01
  1839 KSP Residual norm 4.372273660609e-04
  1839 KSP preconditioned resid norm 4.372273660609e-04 true resid norm 1.748909464244e-03 ||r(i)||/||b|| 8.160426011445e-01
  1840 KSP Residual norm 4.371964263247e-04
  1840 KSP preconditioned resid norm 4.371964263247e-04 true resid norm 1.748785705299e-03 ||r(i)||/||b|| 8.159848551187e-01
  1841 KSP Residual norm 4.371654938845e-04
  1841 KSP preconditioned resid norm 4.371654938845e-04 true resid norm 1.748661975538e-03 ||r(i)||/||b|| 8.159271227100e-01
  1842 KSP Residual norm 4.371345687350e-04
  1842 KSP preconditioned resid norm 4.371345687350e-04 true resid norm 1.748538274940e-03 ||r(i)||/||b|| 8.158694039087e-01
  1843 KSP Residual norm 4.371036508710e-04
  1843 KSP preconditioned resid norm 4.371036508710e-04 true resid norm 1.748414603484e-03 ||r(i)||/||b|| 8.158116987052e-01
  1844 KSP Residual norm 4.370727402873e-04
  1844 KSP preconditioned resid norm 4.370727402873e-04 true resid norm 1.748290961149e-03 ||r(i)||/||b|| 8.157540070897e-01
  1845 KSP Residual norm 4.370418369788e-04
  1845 KSP preconditioned resid norm 4.370418369788e-04 true resid norm 1.748167347915e-03 ||r(i)||/||b|| 8.156963290526e-01
  1846 KSP Residual norm 4.370109409404e-04
  1846 KSP preconditioned resid norm 4.370109409404e-04 true resid norm 1.748043763761e-03 ||r(i)||/||b|| 8.156386645842e-01
  1847 KSP Residual norm 4.369800521667e-04
  1847 KSP preconditioned resid norm 4.369800521667e-04 true resid norm 1.747920208667e-03 ||r(i)||/||b|| 8.155810136750e-01
  1848 KSP Residual norm 4.369491706528e-04
  1848 KSP preconditioned resid norm 4.369491706528e-04 true resid norm 1.747796682611e-03 ||r(i)||/||b|| 8.155233763153e-01
  1849 KSP Residual norm 4.369182963933e-04
  1849 KSP preconditioned resid norm 4.369182963933e-04 true resid norm 1.747673185573e-03 ||r(i)||/||b|| 8.154657524954e-01
  1850 KSP Residual norm 4.368874293833e-04
  1850 KSP preconditioned resid norm 4.368874293833e-04 true resid norm 1.747549717533e-03 ||r(i)||/||b|| 8.154081422059e-01
  1851 KSP Residual norm 4.368565696175e-04
  1851 KSP preconditioned resid norm 4.368565696175e-04 true resid norm 1.747426278470e-03 ||r(i)||/||b|| 8.153505454370e-01
  1852 KSP Residual norm 4.368257170909e-04
  1852 KSP preconditioned resid norm 4.368257170909e-04 true resid norm 1.747302868363e-03 ||r(i)||/||b|| 8.152929621793e-01
  1853 KSP Residual norm 4.367948717982e-04
  1853 KSP preconditioned resid norm 4.367948717982e-04 true resid norm 1.747179487193e-03 ||r(i)||/||b|| 8.152353924232e-01
  1854 KSP Residual norm 4.367640337344e-04
  1854 KSP preconditioned resid norm 4.367640337344e-04 true resid norm 1.747056134938e-03 ||r(i)||/||b|| 8.151778361590e-01
  1855 KSP Residual norm 4.367332028945e-04
  1855 KSP preconditioned resid norm 4.367332028945e-04 true resid norm 1.746932811578e-03 ||r(i)||/||b|| 8.151202933774e-01
  1856 KSP Residual norm 4.367023792732e-04
  1856 KSP preconditioned resid norm 4.367023792732e-04 true resid norm 1.746809517093e-03 ||r(i)||/||b|| 8.150627640687e-01
  1857 KSP Residual norm 4.366715628655e-04
  1857 KSP preconditioned resid norm 4.366715628655e-04 true resid norm 1.746686251462e-03 ||r(i)||/||b|| 8.150052482235e-01
  1858 KSP Residual norm 4.366407536662e-04
  1858 KSP preconditioned resid norm 4.366407536662e-04 true resid norm 1.746563014665e-03 ||r(i)||/||b|| 8.149477458322e-01
  1859 KSP Residual norm 4.366099516704e-04
  1859 KSP preconditioned resid norm 4.366099516704e-04 true resid norm 1.746439806682e-03 ||r(i)||/||b|| 8.148902568855e-01
  1860 KSP Residual norm 4.365791568729e-04
  1860 KSP preconditioned resid norm 4.365791568729e-04 true resid norm 1.746316627492e-03 ||r(i)||/||b|| 8.148327813737e-01
  1861 KSP Residual norm 4.365483692687e-04
  1861 KSP preconditioned resid norm 4.365483692687e-04 true resid norm 1.746193477075e-03 ||r(i)||/||b|| 8.147753192874e-01
  1862 KSP Residual norm 4.365175888527e-04
  1862 KSP preconditioned resid norm 4.365175888527e-04 true resid norm 1.746070355411e-03 ||r(i)||/||b|| 8.147178706173e-01
  1863 KSP Residual norm 4.364868156199e-04
  1863 KSP preconditioned resid norm 4.364868156199e-04 true resid norm 1.745947262480e-03 ||r(i)||/||b|| 8.146604353537e-01
  1864 KSP Residual norm 4.364560495651e-04
  1864 KSP preconditioned resid norm 4.364560495651e-04 true resid norm 1.745824198260e-03 ||r(i)||/||b|| 8.146030134875e-01
  1865 KSP Residual norm 4.364252906834e-04
  1865 KSP preconditioned resid norm 4.364252906834e-04 true resid norm 1.745701162734e-03 ||r(i)||/||b|| 8.145456050090e-01
  1866 KSP Residual norm 4.363945389697e-04
  1866 KSP preconditioned resid norm 4.363945389697e-04 true resid norm 1.745578155879e-03 ||r(i)||/||b|| 8.144882099089e-01
  1867 KSP Residual norm 4.363637944190e-04
  1867 KSP preconditioned resid norm 4.363637944190e-04 true resid norm 1.745455177676e-03 ||r(i)||/||b|| 8.144308281779e-01
  1868 KSP Residual norm 4.363330570263e-04
  1868 KSP preconditioned resid norm 4.363330570263e-04 true resid norm 1.745332228105e-03 ||r(i)||/||b|| 8.143734598065e-01
  1869 KSP Residual norm 4.363023267865e-04
  1869 KSP preconditioned resid norm 4.363023267865e-04 true resid norm 1.745209307146e-03 ||r(i)||/||b|| 8.143161047854e-01
  1870 KSP Residual norm 4.362716036947e-04
  1870 KSP preconditioned resid norm 4.362716036947e-04 true resid norm 1.745086414779e-03 ||r(i)||/||b|| 8.142587631052e-01
  1871 KSP Residual norm 4.362408877457e-04
  1871 KSP preconditioned resid norm 4.362408877457e-04 true resid norm 1.744963550983e-03 ||r(i)||/||b|| 8.142014347566e-01
  1872 KSP Residual norm 4.362101789348e-04
  1872 KSP preconditioned resid norm 4.362101789348e-04 true resid norm 1.744840715739e-03 ||r(i)||/||b|| 8.141441197303e-01
  1873 KSP Residual norm 4.361794772567e-04
  1873 KSP preconditioned resid norm 4.361794772567e-04 true resid norm 1.744717909027e-03 ||r(i)||/||b|| 8.140868180169e-01
  1874 KSP Residual norm 4.361487827066e-04
  1874 KSP preconditioned resid norm 4.361487827066e-04 true resid norm 1.744595130826e-03 ||r(i)||/||b|| 8.140295296071e-01
  1875 KSP Residual norm 4.361180952795e-04
  1875 KSP preconditioned resid norm 4.361180952795e-04 true resid norm 1.744472381118e-03 ||r(i)||/||b|| 8.139722544918e-01
  1876 KSP Residual norm 4.360874149704e-04
  1876 KSP preconditioned resid norm 4.360874149704e-04 true resid norm 1.744349659882e-03 ||r(i)||/||b|| 8.139149926614e-01
  1877 KSP Residual norm 4.360567417743e-04
  1877 KSP preconditioned resid norm 4.360567417743e-04 true resid norm 1.744226967097e-03 ||r(i)||/||b|| 8.138577441069e-01
  1878 KSP Residual norm 4.360260756863e-04
  1878 KSP preconditioned resid norm 4.360260756863e-04 true resid norm 1.744104302745e-03 ||r(i)||/||b|| 8.138005088189e-01
  1879 KSP Residual norm 4.359954167015e-04
  1879 KSP preconditioned resid norm 4.359954167015e-04 true resid norm 1.743981666806e-03 ||r(i)||/||b|| 8.137432867882e-01
  1880 KSP Residual norm 4.359647648148e-04
  1880 KSP preconditioned resid norm 4.359647648148e-04 true resid norm 1.743859059259e-03 ||r(i)||/||b|| 8.136860780056e-01
  1881 KSP Residual norm 4.359341200213e-04
  1881 KSP preconditioned resid norm 4.359341200213e-04 true resid norm 1.743736480085e-03 ||r(i)||/||b|| 8.136288824618e-01
  1882 KSP Residual norm 4.359034823162e-04
  1882 KSP preconditioned resid norm 4.359034823162e-04 true resid norm 1.743613929265e-03 ||r(i)||/||b|| 8.135717001477e-01
  1883 KSP Residual norm 4.358728516944e-04
  1883 KSP preconditioned resid norm 4.358728516944e-04 true resid norm 1.743491406778e-03 ||r(i)||/||b|| 8.135145310539e-01
  1884 KSP Residual norm 4.358422281511e-04
  1884 KSP preconditioned resid norm 4.358422281511e-04 true resid norm 1.743368912604e-03 ||r(i)||/||b|| 8.134573751715e-01
  1885 KSP Residual norm 4.358116116813e-04
  1885 KSP preconditioned resid norm 4.358116116813e-04 true resid norm 1.743246446725e-03 ||r(i)||/||b|| 8.134002324911e-01
  1886 KSP Residual norm 4.357810022801e-04
  1886 KSP preconditioned resid norm 4.357810022801e-04 true resid norm 1.743124009121e-03 ||r(i)||/||b|| 8.133431030036e-01
  1887 KSP Residual norm 4.357503999427e-04
  1887 KSP preconditioned resid norm 4.357503999427e-04 true resid norm 1.743001599771e-03 ||r(i)||/||b|| 8.132859866999e-01
  1888 KSP Residual norm 4.357198046641e-04
  1888 KSP preconditioned resid norm 4.357198046641e-04 true resid norm 1.742879218656e-03 ||r(i)||/||b|| 8.132288835708e-01
  1889 KSP Residual norm 4.356892164394e-04
  1889 KSP preconditioned resid norm 4.356892164394e-04 true resid norm 1.742756865758e-03 ||r(i)||/||b|| 8.131717936071e-01
  1890 KSP Residual norm 4.356586352638e-04
  1890 KSP preconditioned resid norm 4.356586352638e-04 true resid norm 1.742634541055e-03 ||r(i)||/||b|| 8.131147167999e-01
  1891 KSP Residual norm 4.356280611324e-04
  1891 KSP preconditioned resid norm 4.356280611324e-04 true resid norm 1.742512244530e-03 ||r(i)||/||b|| 8.130576531399e-01
  1892 KSP Residual norm 4.355974940403e-04
  1892 KSP preconditioned resid norm 4.355974940403e-04 true resid norm 1.742389976161e-03 ||r(i)||/||b|| 8.130006026181e-01
  1893 KSP Residual norm 4.355669339826e-04
  1893 KSP preconditioned resid norm 4.355669339826e-04 true resid norm 1.742267735930e-03 ||r(i)||/||b|| 8.129435652254e-01
  1894 KSP Residual norm 4.355363809544e-04
  1894 KSP preconditioned resid norm 4.355363809544e-04 true resid norm 1.742145523818e-03 ||r(i)||/||b|| 8.128865409528e-01
  1895 KSP Residual norm 4.355058349510e-04
  1895 KSP preconditioned resid norm 4.355058349510e-04 true resid norm 1.742023339804e-03 ||r(i)||/||b|| 8.128295297910e-01
  1896 KSP Residual norm 4.354752959675e-04
  1896 KSP preconditioned resid norm 4.354752959675e-04 true resid norm 1.741901183870e-03 ||r(i)||/||b|| 8.127725317313e-01
  1897 KSP Residual norm 4.354447639990e-04
  1897 KSP preconditioned resid norm 4.354447639990e-04 true resid norm 1.741779055996e-03 ||r(i)||/||b|| 8.127155467643e-01
  1898 KSP Residual norm 4.354142390407e-04
  1898 KSP preconditioned resid norm 4.354142390407e-04 true resid norm 1.741656956163e-03 ||r(i)||/||b|| 8.126585748813e-01
  1899 KSP Residual norm 4.353837210878e-04
  1899 KSP preconditioned resid norm 4.353837210878e-04 true resid norm 1.741534884351e-03 ||r(i)||/||b|| 8.126016160731e-01
  1900 KSP Residual norm 4.353532101354e-04
  1900 KSP preconditioned resid norm 4.353532101354e-04 true resid norm 1.741412840542e-03 ||r(i)||/||b|| 8.125446703307e-01
  1901 KSP Residual norm 4.353227061788e-04
  1901 KSP preconditioned resid norm 4.353227061788e-04 true resid norm 1.741290824715e-03 ||r(i)||/||b|| 8.124877376452e-01
  1902 KSP Residual norm 4.352922092130e-04
  1902 KSP preconditioned resid norm 4.352922092130e-04 true resid norm 1.741168836852e-03 ||r(i)||/||b|| 8.124308180076e-01
  1903 KSP Residual norm 4.352617192334e-04
  1903 KSP preconditioned resid norm 4.352617192334e-04 true resid norm 1.741046876934e-03 ||r(i)||/||b|| 8.123739114088e-01
  1904 KSP Residual norm 4.352312362351e-04
  1904 KSP preconditioned resid norm 4.352312362351e-04 true resid norm 1.740924944940e-03 ||r(i)||/||b|| 8.123170178401e-01
  1905 KSP Residual norm 4.352007602133e-04
  1905 KSP preconditioned resid norm 4.352007602133e-04 true resid norm 1.740803040853e-03 ||r(i)||/||b|| 8.122601372923e-01
  1906 KSP Residual norm 4.351702911633e-04
  1906 KSP preconditioned resid norm 4.351702911633e-04 true resid norm 1.740681164653e-03 ||r(i)||/||b|| 8.122032697566e-01
  1907 KSP Residual norm 4.351398290802e-04
  1907 KSP preconditioned resid norm 4.351398290802e-04 true resid norm 1.740559316321e-03 ||r(i)||/||b|| 8.121464152240e-01
  1908 KSP Residual norm 4.351093739593e-04
  1908 KSP preconditioned resid norm 4.351093739593e-04 true resid norm 1.740437495837e-03 ||r(i)||/||b|| 8.120895736857e-01
  1909 KSP Residual norm 4.350789257958e-04
  1909 KSP preconditioned resid norm 4.350789257958e-04 true resid norm 1.740315703183e-03 ||r(i)||/||b|| 8.120327451327e-01
  1910 KSP Residual norm 4.350484845850e-04
  1910 KSP preconditioned resid norm 4.350484845850e-04 true resid norm 1.740193938340e-03 ||r(i)||/||b|| 8.119759295562e-01
  1911 KSP Residual norm 4.350180503220e-04
  1911 KSP preconditioned resid norm 4.350180503220e-04 true resid norm 1.740072201288e-03 ||r(i)||/||b|| 8.119191269473e-01
  1912 KSP Residual norm 4.349876230022e-04
  1912 KSP preconditioned resid norm 4.349876230022e-04 true resid norm 1.739950492009e-03 ||r(i)||/||b|| 8.118623372970e-01
  1913 KSP Residual norm 4.349572026208e-04
  1913 KSP preconditioned resid norm 4.349572026208e-04 true resid norm 1.739828810483e-03 ||r(i)||/||b|| 8.118055605966e-01
  1914 KSP Residual norm 4.349267891731e-04
  1914 KSP preconditioned resid norm 4.349267891731e-04 true resid norm 1.739707156692e-03 ||r(i)||/||b|| 8.117487968372e-01
  1915 KSP Residual norm 4.348963826542e-04
  1915 KSP preconditioned resid norm 4.348963826542e-04 true resid norm 1.739585530617e-03 ||r(i)||/||b|| 8.116920460100e-01
  1916 KSP Residual norm 4.348659830596e-04
  1916 KSP preconditioned resid norm 4.348659830596e-04 true resid norm 1.739463932238e-03 ||r(i)||/||b|| 8.116353081061e-01
  1917 KSP Residual norm 4.348355903845e-04
  1917 KSP preconditioned resid norm 4.348355903845e-04 true resid norm 1.739342361538e-03 ||r(i)||/||b|| 8.115785831167e-01
  1918 KSP Residual norm 4.348052046241e-04
  1918 KSP preconditioned resid norm 4.348052046241e-04 true resid norm 1.739220818496e-03 ||r(i)||/||b|| 8.115218710331e-01
  1919 KSP Residual norm 4.347748257738e-04
  1919 KSP preconditioned resid norm 4.347748257738e-04 true resid norm 1.739099303095e-03 ||r(i)||/||b|| 8.114651718465e-01
  1920 KSP Residual norm 4.347444538288e-04
  1920 KSP preconditioned resid norm 4.347444538288e-04 true resid norm 1.738977815315e-03 ||r(i)||/||b|| 8.114084855480e-01
  1921 KSP Residual norm 4.347140887845e-04
  1921 KSP preconditioned resid norm 4.347140887845e-04 true resid norm 1.738856355138e-03 ||r(i)||/||b|| 8.113518121289e-01
  1922 KSP Residual norm 4.346837306361e-04
  1922 KSP preconditioned resid norm 4.346837306361e-04 true resid norm 1.738734922544e-03 ||r(i)||/||b|| 8.112951515804e-01
  1923 KSP Residual norm 4.346533793790e-04
  1923 KSP preconditioned resid norm 4.346533793790e-04 true resid norm 1.738613517516e-03 ||r(i)||/||b|| 8.112385038939e-01
  1924 KSP Residual norm 4.346230350085e-04
  1924 KSP preconditioned resid norm 4.346230350085e-04 true resid norm 1.738492140034e-03 ||r(i)||/||b|| 8.111818690605e-01
  1925 KSP Residual norm 4.345926975199e-04
  1925 KSP preconditioned resid norm 4.345926975199e-04 true resid norm 1.738370790080e-03 ||r(i)||/||b|| 8.111252470716e-01
  1926 KSP Residual norm 4.345623669086e-04
  1926 KSP preconditioned resid norm 4.345623669086e-04 true resid norm 1.738249467635e-03 ||r(i)||/||b|| 8.110686379184e-01
  1927 KSP Residual norm 4.345320431699e-04
  1927 KSP preconditioned resid norm 4.345320431699e-04 true resid norm 1.738128172680e-03 ||r(i)||/||b|| 8.110120415922e-01
  1928 KSP Residual norm 4.345017262991e-04
  1928 KSP preconditioned resid norm 4.345017262991e-04 true resid norm 1.738006905196e-03 ||r(i)||/||b|| 8.109554580843e-01
  1929 KSP Residual norm 4.344714162916e-04
  1929 KSP preconditioned resid norm 4.344714162916e-04 true resid norm 1.737885665166e-03 ||r(i)||/||b|| 8.108988873862e-01
  1930 KSP Residual norm 4.344411131428e-04
  1930 KSP preconditioned resid norm 4.344411131428e-04 true resid norm 1.737764452571e-03 ||r(i)||/||b|| 8.108423294890e-01
  1931 KSP Residual norm 4.344108168479e-04
  1931 KSP preconditioned resid norm 4.344108168479e-04 true resid norm 1.737643267392e-03 ||r(i)||/||b|| 8.107857843841e-01
  1932 KSP Residual norm 4.343805274024e-04
  1932 KSP preconditioned resid norm 4.343805274024e-04 true resid norm 1.737522109610e-03 ||r(i)||/||b|| 8.107292520629e-01
  1933 KSP Residual norm 4.343502448016e-04
  1933 KSP preconditioned resid norm 4.343502448016e-04 true resid norm 1.737400979207e-03 ||r(i)||/||b|| 8.106727325167e-01
  1934 KSP Residual norm 4.343199690410e-04
  1934 KSP preconditioned resid norm 4.343199690410e-04 true resid norm 1.737279876164e-03 ||r(i)||/||b|| 8.106162257370e-01
  1935 KSP Residual norm 4.342897001158e-04
  1935 KSP preconditioned resid norm 4.342897001158e-04 true resid norm 1.737158800463e-03 ||r(i)||/||b|| 8.105597317151e-01
  1936 KSP Residual norm 4.342594380216e-04
  1936 KSP preconditioned resid norm 4.342594380216e-04 true resid norm 1.737037752086e-03 ||r(i)||/||b|| 8.105032504423e-01
  1937 KSP Residual norm 4.342291827536e-04
  1937 KSP preconditioned resid norm 4.342291827536e-04 true resid norm 1.736916731014e-03 ||r(i)||/||b|| 8.104467819102e-01
  1938 KSP Residual norm 4.341989343073e-04
  1938 KSP preconditioned resid norm 4.341989343073e-04 true resid norm 1.736795737229e-03 ||r(i)||/||b|| 8.103903261101e-01
  1939 KSP Residual norm 4.341686926781e-04
  1939 KSP preconditioned resid norm 4.341686926781e-04 true resid norm 1.736674770713e-03 ||r(i)||/||b|| 8.103338830334e-01
  1940 KSP Residual norm 4.341384578614e-04
  1940 KSP preconditioned resid norm 4.341384578614e-04 true resid norm 1.736553831446e-03 ||r(i)||/||b|| 8.102774526716e-01
  1941 KSP Residual norm 4.341082298527e-04
  1941 KSP preconditioned resid norm 4.341082298527e-04 true resid norm 1.736432919411e-03 ||r(i)||/||b|| 8.102210350161e-01
  1942 KSP Residual norm 4.340780086473e-04
  1942 KSP preconditioned resid norm 4.340780086473e-04 true resid norm 1.736312034589e-03 ||r(i)||/||b|| 8.101646300584e-01
  1943 KSP Residual norm 4.340477942406e-04
  1943 KSP preconditioned resid norm 4.340477942406e-04 true resid norm 1.736191176962e-03 ||r(i)||/||b|| 8.101082377900e-01
  1944 KSP Residual norm 4.340175866282e-04
  1944 KSP preconditioned resid norm 4.340175866282e-04 true resid norm 1.736070346513e-03 ||r(i)||/||b|| 8.100518582023e-01
  1945 KSP Residual norm 4.339873858054e-04
  1945 KSP preconditioned resid norm 4.339873858054e-04 true resid norm 1.735949543222e-03 ||r(i)||/||b|| 8.099954912868e-01
  1946 KSP Residual norm 4.339571917677e-04
  1946 KSP preconditioned resid norm 4.339571917677e-04 true resid norm 1.735828767071e-03 ||r(i)||/||b|| 8.099391370351e-01
  1947 KSP Residual norm 4.339270045105e-04
  1947 KSP preconditioned resid norm 4.339270045105e-04 true resid norm 1.735708018042e-03 ||r(i)||/||b|| 8.098827954386e-01
  1948 KSP Residual norm 4.338968240294e-04
  1948 KSP preconditioned resid norm 4.338968240294e-04 true resid norm 1.735587296118e-03 ||r(i)||/||b|| 8.098264664888e-01
  1949 KSP Residual norm 4.338666503197e-04
  1949 KSP preconditioned resid norm 4.338666503197e-04 true resid norm 1.735466601279e-03 ||r(i)||/||b|| 8.097701501773e-01
  1950 KSP Residual norm 4.338364833770e-04
  1950 KSP preconditioned resid norm 4.338364833770e-04 true resid norm 1.735345933508e-03 ||r(i)||/||b|| 8.097138464957e-01
  1951 KSP Residual norm 4.338063231967e-04
  1951 KSP preconditioned resid norm 4.338063231967e-04 true resid norm 1.735225292787e-03 ||r(i)||/||b|| 8.096575554355e-01
  1952 KSP Residual norm 4.337761697742e-04
  1952 KSP preconditioned resid norm 4.337761697742e-04 true resid norm 1.735104679097e-03 ||r(i)||/||b|| 8.096012769882e-01
  1953 KSP Residual norm 4.337460231052e-04
  1953 KSP preconditioned resid norm 4.337460231052e-04 true resid norm 1.734984092421e-03 ||r(i)||/||b|| 8.095450111454e-01
  1954 KSP Residual norm 4.337158831850e-04
  1954 KSP preconditioned resid norm 4.337158831850e-04 true resid norm 1.734863532740e-03 ||r(i)||/||b|| 8.094887578987e-01
  1955 KSP Residual norm 4.336857500091e-04
  1955 KSP preconditioned resid norm 4.336857500091e-04 true resid norm 1.734743000037e-03 ||r(i)||/||b|| 8.094325172397e-01
  1956 KSP Residual norm 4.336556235732e-04
  1956 KSP preconditioned resid norm 4.336556235732e-04 true resid norm 1.734622494293e-03 ||r(i)||/||b|| 8.093762891601e-01
  1957 KSP Residual norm 4.336255038726e-04
  1957 KSP preconditioned resid norm 4.336255038726e-04 true resid norm 1.734502015490e-03 ||r(i)||/||b|| 8.093200736513e-01
  1958 KSP Residual norm 4.335953909028e-04
  1958 KSP preconditioned resid norm 4.335953909028e-04 true resid norm 1.734381563611e-03 ||r(i)||/||b|| 8.092638707051e-01
  1959 KSP Residual norm 4.335652846595e-04
  1959 KSP preconditioned resid norm 4.335652846595e-04 true resid norm 1.734261138638e-03 ||r(i)||/||b|| 8.092076803131e-01
  1960 KSP Residual norm 4.335351851381e-04
  1960 KSP preconditioned resid norm 4.335351851381e-04 true resid norm 1.734140740553e-03 ||r(i)||/||b|| 8.091515024668e-01
  1961 KSP Residual norm 4.335050923342e-04
  1961 KSP preconditioned resid norm 4.335050923342e-04 true resid norm 1.734020369337e-03 ||r(i)||/||b|| 8.090953371581e-01
  1962 KSP Residual norm 4.334750062432e-04
  1962 KSP preconditioned resid norm 4.334750062432e-04 true resid norm 1.733900024973e-03 ||r(i)||/||b|| 8.090391843785e-01
  1963 KSP Residual norm 4.334449268608e-04
  1963 KSP preconditioned resid norm 4.334449268608e-04 true resid norm 1.733779707443e-03 ||r(i)||/||b|| 8.089830441197e-01
  1964 KSP Residual norm 4.334148541825e-04
  1964 KSP preconditioned resid norm 4.334148541825e-04 true resid norm 1.733659416730e-03 ||r(i)||/||b|| 8.089269163735e-01
  1965 KSP Residual norm 4.333847882037e-04
  1965 KSP preconditioned resid norm 4.333847882037e-04 true resid norm 1.733539152815e-03 ||r(i)||/||b|| 8.088708011314e-01
  1966 KSP Residual norm 4.333547289202e-04
  1966 KSP preconditioned resid norm 4.333547289202e-04 true resid norm 1.733418915681e-03 ||r(i)||/||b|| 8.088146983852e-01
  1967 KSP Residual norm 4.333246763274e-04
  1967 KSP preconditioned resid norm 4.333246763274e-04 true resid norm 1.733298705310e-03 ||r(i)||/||b|| 8.087586081267e-01
  1968 KSP Residual norm 4.332946304209e-04
  1968 KSP preconditioned resid norm 4.332946304209e-04 true resid norm 1.733178521684e-03 ||r(i)||/||b|| 8.087025303475e-01
  1969 KSP Residual norm 4.332645911963e-04
  1969 KSP preconditioned resid norm 4.332645911963e-04 true resid norm 1.733058364785e-03 ||r(i)||/||b|| 8.086464650394e-01
  1970 KSP Residual norm 4.332345586491e-04
  1970 KSP preconditioned resid norm 4.332345586491e-04 true resid norm 1.732938234597e-03 ||r(i)||/||b|| 8.085904121942e-01
  1971 KSP Residual norm 4.332045327750e-04
  1971 KSP preconditioned resid norm 4.332045327750e-04 true resid norm 1.732818131100e-03 ||r(i)||/||b|| 8.085343718035e-01
  1972 KSP Residual norm 4.331745135696e-04
  1972 KSP preconditioned resid norm 4.331745135696e-04 true resid norm 1.732698054278e-03 ||r(i)||/||b|| 8.084783438592e-01
  1973 KSP Residual norm 4.331445010283e-04
  1973 KSP preconditioned resid norm 4.331445010283e-04 true resid norm 1.732578004113e-03 ||r(i)||/||b|| 8.084223283530e-01
  1974 KSP Residual norm 4.331144951469e-04
  1974 KSP preconditioned resid norm 4.331144951469e-04 true resid norm 1.732457980588e-03 ||r(i)||/||b|| 8.083663252767e-01
  1975 KSP Residual norm 4.330844959209e-04
  1975 KSP preconditioned resid norm 4.330844959209e-04 true resid norm 1.732337983684e-03 ||r(i)||/||b|| 8.083103346222e-01
  1976 KSP Residual norm 4.330545033459e-04
  1976 KSP preconditioned resid norm 4.330545033459e-04 true resid norm 1.732218013384e-03 ||r(i)||/||b|| 8.082543563812e-01
  1977 KSP Residual norm 4.330245174177e-04
  1977 KSP preconditioned resid norm 4.330245174177e-04 true resid norm 1.732098069671e-03 ||r(i)||/||b|| 8.081983905455e-01
  1978 KSP Residual norm 4.329945381316e-04
  1978 KSP preconditioned resid norm 4.329945381316e-04 true resid norm 1.731978152527e-03 ||r(i)||/||b|| 8.081424371070e-01
  1979 KSP Residual norm 4.329645654835e-04
  1979 KSP preconditioned resid norm 4.329645654835e-04 true resid norm 1.731858261934e-03 ||r(i)||/||b|| 8.080864960574e-01
  1980 KSP Residual norm 4.329345994689e-04
  1980 KSP preconditioned resid norm 4.329345994689e-04 true resid norm 1.731738397876e-03 ||r(i)||/||b|| 8.080305673888e-01
  1981 KSP Residual norm 4.329046400835e-04
  1981 KSP preconditioned resid norm 4.329046400835e-04 true resid norm 1.731618560334e-03 ||r(i)||/||b|| 8.079746510928e-01
  1982 KSP Residual norm 4.328746873229e-04
  1982 KSP preconditioned resid norm 4.328746873229e-04 true resid norm 1.731498749292e-03 ||r(i)||/||b|| 8.079187471614e-01
  1983 KSP Residual norm 4.328447411828e-04
  1983 KSP preconditioned resid norm 4.328447411828e-04 true resid norm 1.731378964731e-03 ||r(i)||/||b|| 8.078628555865e-01
  1984 KSP Residual norm 4.328148016587e-04
  1984 KSP preconditioned resid norm 4.328148016587e-04 true resid norm 1.731259206635e-03 ||r(i)||/||b|| 8.078069763599e-01
  1985 KSP Residual norm 4.327848687465e-04
  1985 KSP preconditioned resid norm 4.327848687465e-04 true resid norm 1.731139474986e-03 ||r(i)||/||b|| 8.077511094735e-01
  1986 KSP Residual norm 4.327549424416e-04
  1986 KSP preconditioned resid norm 4.327549424416e-04 true resid norm 1.731019769767e-03 ||r(i)||/||b|| 8.076952549193e-01
  1987 KSP Residual norm 4.327250227399e-04
  1987 KSP preconditioned resid norm 4.327250227399e-04 true resid norm 1.730900090960e-03 ||r(i)||/||b|| 8.076394126891e-01
  1988 KSP Residual norm 4.326951096370e-04
  1988 KSP preconditioned resid norm 4.326951096370e-04 true resid norm 1.730780438548e-03 ||r(i)||/||b|| 8.075835827748e-01
  1989 KSP Residual norm 4.326652031284e-04
  1989 KSP preconditioned resid norm 4.326652031284e-04 true resid norm 1.730660812514e-03 ||r(i)||/||b|| 8.075277651685e-01
  1990 KSP Residual norm 4.326353032101e-04
  1990 KSP preconditioned resid norm 4.326353032101e-04 true resid norm 1.730541212840e-03 ||r(i)||/||b|| 8.074719598620e-01
  1991 KSP Residual norm 4.326054098775e-04
  1991 KSP preconditioned resid norm 4.326054098775e-04 true resid norm 1.730421639510e-03 ||r(i)||/||b|| 8.074161668473e-01
  1992 KSP Residual norm 4.325755231265e-04
  1992 KSP preconditioned resid norm 4.325755231265e-04 true resid norm 1.730302092506e-03 ||r(i)||/||b|| 8.073603861164e-01
  1993 KSP Residual norm 4.325456429527e-04
  1993 KSP preconditioned resid norm 4.325456429527e-04 true resid norm 1.730182571811e-03 ||r(i)||/||b|| 8.073046176613e-01
  1994 KSP Residual norm 4.325157693518e-04
  1994 KSP preconditioned resid norm 4.325157693518e-04 true resid norm 1.730063077407e-03 ||r(i)||/||b|| 8.072488614738e-01
  1995 KSP Residual norm 4.324859023195e-04
  1995 KSP preconditioned resid norm 4.324859023195e-04 true resid norm 1.729943609278e-03 ||r(i)||/||b|| 8.071931175461e-01
  1996 KSP Residual norm 4.324560418516e-04
  1996 KSP preconditioned resid norm 4.324560418516e-04 true resid norm 1.729824167406e-03 ||r(i)||/||b|| 8.071373858701e-01
  1997 KSP Residual norm 4.324261879438e-04
  1997 KSP preconditioned resid norm 4.324261879438e-04 true resid norm 1.729704751775e-03 ||r(i)||/||b|| 8.070816664378e-01
  1998 KSP Residual norm 4.323963405917e-04
  1998 KSP preconditioned resid norm 4.323963405917e-04 true resid norm 1.729585362367e-03 ||r(i)||/||b|| 8.070259592413e-01
  1999 KSP Residual norm 4.323664997912e-04
  1999 KSP preconditioned resid norm 4.323664997912e-04 true resid norm 1.729465999165e-03 ||r(i)||/||b|| 8.069702642725e-01
  2000 KSP Residual norm 4.323366655379e-04
  2000 KSP preconditioned resid norm 4.323366655379e-04 true resid norm 1.729346662151e-03 ||r(i)||/||b|| 8.069145815236e-01
    Linear solve did not converge due to DIVERGED_ITS iterations 2000
KSP Object: 1 MPI process
  type: richardson
    damping factor=1.
  maximum iterations=2000, initial guess is zero
  tolerances: relative=1e-05, absolute=1e-50, divergence=10000.
  left preconditioning
  using PRECONDITIONED norm type for convergence test
PC Object: 1 MPI process
  type: jacobi
    type DIAGONAL
  linear system matrix = precond matrix:
  Mat Object: 1 MPI process
    type: seqaij
    rows=262144, cols=262144
    total: nonzeros=1308672, allocated nonzeros=1308672
    total number of mallocs used during MatSetValues calls=0
      not using I-node routines
problem manupoly on 512 x 512 point 2D grid:
  error |u-uexact|_inf = 6.250e-02, |u-uexact|_h = 2.540e-02
****************************************************************************************************************************************************************
***                                WIDEN YOUR WINDOW TO 160 CHARACTERS.  Use 'enscript -r -fCourier9' to print this document                                 ***
****************************************************************************************************************************************************************

------------------------------------------------------------------ PETSc Performance Summary: ------------------------------------------------------------------

./fish on a arch-linux-c-opt named localhost.localdomain with 1 process, by luohao on Sat Nov  2 00:44:00 2024
Using Petsc Release Version 3.22.1, Oct 28, 2024 

                         Max       Max/Min     Avg       Total
Time (sec):           1.002e+01     1.000   1.002e+01
Objects:              0.000e+00     0.000   0.000e+00
Flops:                8.910e+09     1.000   8.910e+09  8.910e+09
Flops/sec:            8.895e+08     1.000   8.895e+08  8.895e+08
MPI Msg Count:        0.000e+00     0.000   0.000e+00  0.000e+00
MPI Msg Len (bytes):  0.000e+00     0.000   0.000e+00  0.000e+00
MPI Reductions:       0.000e+00     0.000

Flop counting convention: 1 flop = 1 real number operation of type (multiply/divide/add/subtract)
                            e.g., VecAXPY() for real vectors of length N --> 2N flops
                            and VecAXPY() for complex vectors of length N --> 8N flops

Summary of Stages:   ----- Time ------  ----- Flop ------  --- Messages ---  -- Message Lengths --  -- Reductions --
                        Avg     %Total     Avg     %Total    Count   %Total     Avg         %Total    Count   %Total
 0:      Main Stage: 1.0017e+01 100.0%  8.9105e+09 100.0%  0.000e+00   0.0%  0.000e+00        0.0%  0.000e+00   0.0%

------------------------------------------------------------------------------------------------------------------------
See the 'Profiling' chapter of the users' manual for details on interpreting output.
Phase summary info:
   Count: number of times phase was executed
   Time and Flop: Max - maximum over all processors
                  Ratio - ratio of maximum to minimum over all processors
   Mess: number of messages sent
   AvgLen: average message length (bytes)
   Reduct: number of global reductions
   Global: entire computation
   Stage: stages of a computation. Set stages with PetscLogStagePush() and PetscLogStagePop().
      %T - percent time in this phase         %F - percent flop in this phase
      %M - percent messages in this phase     %L - percent message lengths in this phase
      %R - percent reductions in this phase
   Total Mflop/s: 10e-6 * (sum of flop over all processors)/(max time over all processors)
------------------------------------------------------------------------------------------------------------------------
Event                Count      Time (sec)     Flop                              --- Global ---  --- Stage ----  Total
                   Max Ratio  Max     Ratio   Max  Ratio  Mess   AvgLen  Reduct  %T %F %M %L %R  %T %F %M %L %R Mflop/s
------------------------------------------------------------------------------------------------------------------------

--- Event Stage 0: Main Stage

BuildTwoSided          2 1.0 1.7850e-05 1.0 0.00e+00 0.0 0.0e+00 0.0e+00 0.0e+00  0  0  0  0  0   0  0  0  0  0     0
DMCreateMat            1 1.0 5.3268e-02 1.0 0.00e+00 0.0 0.0e+00 0.0e+00 0.0e+00  1  0  0  0  0   1  0  0  0  0     0
SFSetGraph             2 1.0 9.2438e-03 1.0 0.00e+00 0.0 0.0e+00 0.0e+00 0.0e+00  0  0  0  0  0   0  0  0  0  0     0
SFSetUp                2 1.0 8.4297e-03 1.0 0.00e+00 0.0 0.0e+00 0.0e+00 0.0e+00  0  0  0  0  0   0  0  0  0  0     0
SFPack                 3 1.0 5.2400e-07 1.0 0.00e+00 0.0 0.0e+00 0.0e+00 0.0e+00  0  0  0  0  0   0  0  0  0  0     0
SFUnpack               3 1.0 4.9600e-07 1.0 0.00e+00 0.0 0.0e+00 0.0e+00 0.0e+00  0  0  0  0  0   0  0  0  0  0     0
VecNorm             4005 1.0 5.6477e-01 1.0 2.10e+09 1.0 0.0e+00 0.0e+00 0.0e+00  6 24  0  0  0   6 24  0  0  0  3717
VecCopy             2002 1.0 6.5292e-01 1.0 0.00e+00 0.0 0.0e+00 0.0e+00 0.0e+00  7  0  0  0  0   7  0  0  0  0     0
VecSet                 1 1.0 2.5912e-04 1.0 0.00e+00 0.0 0.0e+00 0.0e+00 0.0e+00  0  0  0  0  0   0  0  0  0  0     0
VecAXPY             2001 1.0 3.5835e-01 1.0 1.05e+09 1.0 0.0e+00 0.0e+00 0.0e+00  4 12  0  0  0   4 12  0  0  0  2928
VecAYPX             2000 1.0 5.9348e-01 1.0 5.24e+08 1.0 0.0e+00 0.0e+00 0.0e+00  6  6  0  0  0   6  6  0  0  0   883
VecPointwiseMult    2001 1.0 6.8614e-01 1.0 5.25e+08 1.0 0.0e+00 0.0e+00 0.0e+00  7  6  0  0  0   7  6  0  0  0   764
VecScatterBegin        3 1.0 1.4541e-03 1.0 0.00e+00 0.0 0.0e+00 0.0e+00 0.0e+00  0  0  0  0  0   0  0  0  0  0     0
VecScatterEnd          3 1.0 1.1004e-05 1.0 0.00e+00 0.0 0.0e+00 0.0e+00 0.0e+00  0  0  0  0  0   0  0  0  0  0     0
MatMult             2000 1.0 3.2963e+00 1.0 4.71e+09 1.0 0.0e+00 0.0e+00 0.0e+00 33 53  0  0  0  33 53  0  0  0  1429
MatAssemblyBegin       2 1.0 9.4100e-07 1.0 0.00e+00 0.0 0.0e+00 0.0e+00 0.0e+00  0  0  0  0  0   0  0  0  0  0     0
MatAssemblyEnd         2 1.0 4.4061e-03 1.0 0.00e+00 0.0 0.0e+00 0.0e+00 0.0e+00  0  0  0  0  0   0  0  0  0  0     0
MatView                1 1.0 5.5995e-05 1.0 0.00e+00 0.0 0.0e+00 0.0e+00 0.0e+00  0  0  0  0  0   0  0  0  0  0     0
KSPSetUp               1 1.0 1.4497e-03 1.0 0.00e+00 0.0 0.0e+00 0.0e+00 0.0e+00  0  0  0  0  0   0  0  0  0  0     0
KSPSolve               1 1.0 9.8876e+00 1.0 8.91e+09 1.0 0.0e+00 0.0e+00 0.0e+00 99 100  0  0  0  99 100  0  0  0   901
SNESSolve              1 1.0 9.9221e+00 1.0 8.91e+09 1.0 0.0e+00 0.0e+00 0.0e+00 99 100  0  0  0  99 100  0  0  0   898
SNESSetUp              1 1.0 5.4227e-02 1.0 0.00e+00 0.0 0.0e+00 0.0e+00 0.0e+00  1  0  0  0  0   1  0  0  0  0     0
SNESFunctionEval       1 1.0 2.9723e-03 1.0 2.88e+06 1.0 0.0e+00 0.0e+00 0.0e+00  0  0  0  0  0   0  0  0  0  0   970
SNESJacobianEval       1 1.0 2.9929e-02 1.0 0.00e+00 0.0 0.0e+00 0.0e+00 0.0e+00  0  0  0  0  0   0  0  0  0  0     0
PCSetUp                1 1.0 7.2090e-06 1.0 0.00e+00 0.0 0.0e+00 0.0e+00 0.0e+00  0  0  0  0  0   0  0  0  0  0     0
PCApply             2001 1.0 6.9038e-01 1.0 5.25e+08 1.0 0.0e+00 0.0e+00 0.0e+00  7  6  0  0  0   7  6  0  0  0   760
------------------------------------------------------------------------------------------------------------------------

Object Type          Creations   Destructions. Reports information only for process 0.

--- Event Stage 0: Main Stage

           Container     3              3
    Distributed Mesh     2              2
           Index Set     6              6
   IS L to G Mapping     2              2
   Star Forest Graph     6              6
     Discrete System     2              2
           Weak Form     2              2
              Vector  4019           4019
                SNES     1              1
              DMSNES     1              1
       Krylov Solver     1              1
     DMKSP interface     1              1
              Matrix     1              1
      Preconditioner     1              1
              Viewer     1              1
========================================================================================================================
Average time to get PetscTime(): 2.72e-08
#PETSc Option Table entries:
-da_grid_x 512 # (source: command line)
-da_grid_y 512 # (source: command line)
-fsh_cx 1 # (source: command line)
-fsh_cy 1 # (source: command line)
-fsh_dim 2 # (source: command line)
-fsh_problem manupoly # (source: command line)
-ksp_converged_reason # (source: command line)
-ksp_max_it 2000 # (source: command line)
-ksp_monitor # (source: command line)
-ksp_monitor_true_residual # (source: command line)
-ksp_type richardson # (source: command line)
-ksp_view # (source: command line)
-log_view # (source: command line)
-mat_type aij # (source: command line)
-pc_type jacobi # (source: command line)
#End of PETSc Option Table entries
Compiled without FORTRAN kernels
Compiled with full precision matrices (default)
sizeof(short) 2 sizeof(int) 4 sizeof(long) 8 sizeof(void*) 8 sizeof(PetscScalar) 8 sizeof(PetscInt) 4
Configure options: --with-debugging=no
-----------------------------------------
Libraries compiled on 2024-11-01 07:27:25 on localhost.localdomain 
Machine characteristics: Linux-3.10.0-1160.95.1.el7.x86_64-x86_64-with-centos-7.9.2009-Core
Using PETSc directory: /share/userfile/luohao/petsc-3.22.1
Using PETSc arch: arch-linux-c-opt
-----------------------------------------

Using C compiler: mpicc  -fPIC -Wall -Wwrite-strings -Wno-unknown-pragmas -Wno-lto-type-mismatch -Wno-stringop-overflow -fstack-protector -fvisibility=hidden -Wall -Wwrite-strings -Wno-unknown-pragmas -Wno-lto-type-mismatch -Wno-stringop-overflow -fstack-protector -fvisibility=hidden -g -O  
Using Fortran compiler: mpif90  -fPIC -Wall -ffree-line-length-none -ffree-line-length-0 -Wno-lto-type-mismatch -Wno-unused-dummy-argument -Wall -ffree-line-length-none -ffree-line-length-0 -Wno-lto-type-mismatch -Wno-unused-dummy-argument -g -O    
-----------------------------------------

Using include paths: -I/share/userfile/luohao/petsc-3.22.1/include -I/share/userfile/luohao/petsc-3.22.1/arch-linux-c-opt/include
-----------------------------------------

Using C linker: mpicc
Using Fortran linker: mpif90
Using libraries: -Wl,-rpath,/share/userfile/luohao/petsc-3.22.1/arch-linux-c-opt/lib -L/share/userfile/luohao/petsc-3.22.1/arch-linux-c-opt/lib -lpetsc -Wl,-rpath,/share/software/intel/mkl/lib/intel64 -L/share/software/intel/mkl/lib/intel64 -Wl,-rpath,/share/software/mpich-4.0.3/lib -L/share/software/mpich-4.0.3/lib -Wl,-rpath,/share/software/gcc-13.2.0/lib64 -L/share/software/gcc-13.2.0/lib64 -Wl,-rpath,/home/luohao/.local/lib64 -L/home/luohao/.local/lib64 -Wl,-rpath,/share/software/gcc-13.2.0/lib/gcc/x86_64-pc-linux-gnu/13.2.0 -L/share/software/gcc-13.2.0/lib/gcc/x86_64-pc-linux-gnu/13.2.0 -Wl,-rpath,/share/software/gcc-13.2.0/lib -L/share/software/gcc-13.2.0/lib -Wl,-rpath,/share/software/gdb/gdb-11.1/lib -L/share/software/gdb/gdb-11.1/lib -Wl,-rpath,/share/software/binutils/binutils-2.37/lib -L/share/software/binutils/binutils-2.37/lib -Wl,-rpath,/home/luohao/.local/lib -L/home/luohao/.local/lib -Wl,-rpath,/share/userfile/luohao/petsc-3.22.1 -L/share/userfile/luohao/petsc-3.22.1 -lmkl_intel_lp64 -lmkl_core -lmkl_sequential -lpthread -lm -lX11 -ldl -lmpifort -lmpi -lgfortran -lm -lgfortran -lm -lgcc_s -lquadmath -lstdc++ -lquadmath -ldl
-----------------------------------------

